smiles,y,original_smiles,scaffold,n_heavy
BrC(Br)Br,1.0,C(Br)(Br)Br,,4
C#CC(C)(O)CC,1.0,CCC(C)(O)C#C,,7
C#CC(O)(/C=C/Cl)CC,1.0,CCC(O)(\C=C\Cl)C#C,,9
C#CC(OC(N)=O)c1ccccc1,1.0,C1=C(C(OC(N)=O)C#C)C=CC=C1,c1ccccc1,13
C#CC1(OC(N)=O)CCCCC1,1.0,NC(=O)OC1(CCCCC1)C#C,C1CCCCC1,12
C#CC1(OCC(O)CN2CCN(c3ccc(F)cc3)CC2)CCCCC1,1.0,C1=CC(=CC=C1N3CCN(CC(O)COC2(CCCCC2)C#C)CC3)F,c1ccc(N2CCN(CCCOC3CCCCC3)CC2)cc1,26
C#CCC1(OC(N)=O)CCCCC1,1.0,NC(=O)OC1(CCCCC1)CC#C,C1CCCCC1,13
C#CCN(C)CCCOc1ccc(Cl)cc1Cl,1.0,C1=C(C(=CC(=C1)Cl)Cl)OCCCN(CC#C)C,c1ccccc1,17
C#CCN(C)Cc1ccccc1,1.0,C1=CC=CC=C1CN(CC#C)C,c1ccccc1,12
C#CCN(C)[C@H](C)Cc1ccccc1,1.0,[C@@H](CC1=CC=CC=C1)(N(CC#C)C)C,c1ccccc1,14
C#CCN1C(=O)CN=C(c2ccccc2)c2cc(Cl)ccc21,1.0,C1=C(Cl)C=CC2=C1C(=NCC(N2CC#C)=O)C3=CC=CC=C3,O=C1CN=C(c2ccccc2)c2ccccc2N1,22
C#CCN[C@@H]1CCc2ccccc21,1.0,[C@@H]1(C2=C(CC1)C=CC=C2)NCC#C,c1ccc2c(c1)CCC2,13
C#C[C@]1(O)CC[C@H]2C3CCC4=Cc5c(cnn5-c5ccc(F)cc5)CC4(C)[C@H]3CCC21C,1.0,[C@H]12C([C@@](O)(CC1)C#C)(CC[C@H]3C2CCC4=CC5=C(CC34C)C=N[N]5C6=CC=C(F)C=C6)C,C1=C2CCC3C4CCCC4CCC3C2Cc2cnn(-c3ccccc3)c21,32
C#C[C@]1(O)CC[C@H]2[C@@H]3CCC4=CC(=O)CC[C@@H]4[C@H]3CC[C@@]21C,0.0,C[C@]12CC[C@H]3[C@@H](CCC4=CC(=O)CC[C@H]34)[C@@H]1CC[C@@]2(O)C#C,O=C1C=C2CCC3C4CCCC4CCC3C2CC1,22
C#C[C@]1(O)CC[C@H]2[C@@H]3CCc4cc(O)ccc4[C@H]3CC[C@@]21C,0.0,C[C@]12CC[C@H]3[C@@H](CCc4cc(O)ccc34)[C@@H]1CC[C@@]2(O)C#C,c1ccc2c(c1)CCC1C2CCC2CCCC21,22
C#C[C@]1(O)CC[C@H]2[C@@H]3CCc4cc(OC)ccc4[C@H]3CC[C@@]21C,0.0,COc1ccc2[C@H]3CC[C@@]4(C)[C@@H](CC[C@@]4(O)C#C)[C@@H]3CCc2c1,c1ccc2c(c1)CCC1C2CCC2CCCC21,23
C#C[C@]1(O)CC[C@H]2[C@@H]3[C@H](C)CC4=C(CCC(=O)C4)[C@H]3CC[C@@]21C,1.0,C[C@@H]1CC2=C(CCC(=O)C2)[C@H]3CC[C@@]4(C)[C@@H](CC[C@@]4(O)C#C)[C@H]13,O=C1CCC2=C(CCC3C2CCC2CCCC23)C1,23
C/C(=C(/CCO)SSCC1CCCO1)N(C=O)Cc1cnc(C)nc1N,1.0,C1=NC(=NC(=C1CN(C(=C(SSCC2CCCO2)\CCO)/C)C=O)N)C,C(=CSSCC1CCCO1)NCc1cncnc1,26
C/C(=C(/CCOC(=O)c1ccccc1)SS/C(CCOC(=O)c1ccccc1)=C(\C)N(C=O)Cc1cnc(C)nc1N)N(C=O)Cc1cnc(C)nc1N,1.0,C1=NC(=NC(=C1CN(C(=C(SSC(=C(\C)N(C=O)CC2=C(N)N=C(C)N=C2)/CCOC(=O)C3=CC=CC=C3)/CCOC(=O)C4=CC=CC=C4)\C)C=O)N)C,O=C(OCCC(=CNCc1cncnc1)SSC(=CNCc1cncnc1)CCOC(=O)c1ccccc1)c1ccccc1,54
C/C(=C(\CCOC(=O)c1ccccc1)SC(=O)c1ccccc1)N(C=O)Cc1cnc(C)nc1N,1.0,C3=C(C(SC(/CCOC(C1=CC=CC=C1)=O)=C(N(CC2=C(N=C(N=C2)C)N)C=O)/C)=O)C=CC=C3,O=C(OCCC(=CNCc1cncnc1)SC(=O)c1ccccc1)c1ccccc1,35
C/C(=C(\CCOP(=O)(O)O)SC(=O)c1ccccc1)N(C=O)Cc1cnc(C)nc1N,1.0,C2=C(CN(C(=C(SC(=O)C1=CC=CC=C1)/CCO[P](=O)(O)O)/C)C=O)C(=NC(=N2)C)N,O=C(SC=CNCc1cncnc1)c1ccccc1,31
C/C(=C/CCN1CCC2(CC1)C(=O)NCN2c1ccccc1)c1ccc(F)cc1,1.0,C1=CC=CC=C1N2C4(C(NC2)=O)CCN(CC\C=C(C3=CC=C(F)C=C3)\C)CC4,O=C1NCN(c2ccccc2)C12CCN(CCC=Cc1ccccc1)CC2,29
C/C(=C1/CCOC(=O)S1)N(C=O)Cc1cnc(C)nc1N,1.0,C1=NC(=NC(=C1CN(C(/C)=C2\CCOC(=O)S2)C=O)N)C,O=C1OCCC(=CNCc2cncnc2)S1,21
C/C=C(\CC)C(=O)NC(N)=O,1.0,CC\C(=C/C)C(=O)NC(N)=O,,11
C/C=C/C(=O)N(CC)C(CC)C(=O)N(C)C,1.0,C(C(N(C(\C=C\C)=O)CC)C(N(C)C)=O)C,,16
C/C=C/C(=O)N(CCC)C(CC)C(=O)N(C)C,1.0,C(C(N(C(\C=C\C)=O)CCC)C(N(C)C)=O)C,,17
C/C=C/C1=C(C(=O)O)N2C(=O)[C@@H](NC(=O)[C@H](N)c3ccc(O)cc3)[C@H]2SC1,0.0,O.C/C=C/C1=C(N2[C@H](SC1)[C@H](NC(=O)[C@H](N)c3ccc(O)cc3)C2=O)C(O)=O,O=C(Cc1ccccc1)NC1C(=O)N2C=CCSC12,27
C/C=C/C=C/C1OC(O)(C(CC)C(=O)NC/C=C/C=C(\C)C(OC)C(C)C2OC(/C=C/C=C/C=C(\C)C(=O)c3c(O)n(C)ccc3=O)C(O)C2O)C(O)C(OC2OC(C)C(OC3OC(C)C(OC)C(O)C3OC)C(OC)C2O)C1(C)C,0.0,CCC(C(=O)NC\C=C\C=C(/C)C(OC)C(C)C1OC(\C=C\C=C\C=C(/C)C(=O)C2=C(O)N(C)C=CC2=O)C(O)C1O)C3(O)OC(\C=C\C=C\C)C(C)(C)C(OC4OC(C)C(OC5OC(C)C(OC)C(O)C5OC)C(OC)C4O)C3O,O=C(CC1CC(OC2CCC(OC3CCCCO3)CO2)CCO1)NCC=CC=CCCC1CCC(C=CC=CC=CC(=O)c2c[nH]ccc2=O)O1,81
C/C=C\C1O[C@]2(C(=O)COC(=O)c3ccncc3)CC[C@@]3(O1)[C@@H]1CCC4=CC(=O)CC[C@]4(C)[C@H]1[C@@H](O)C[C@]23C,1.0,[C@]125OC(O[C@@]([C@]1(C[C@H](O)[C@H]3[C@H]2CCC4=CC(=O)CC[C@]34C)C)(CC5)C(=O)COC(=O)C6=CC=NC=C6)\C=C/C,O=C1C=C2CCC3C(CCC4C5(C(=O)COC(=O)c6ccncc6)CCC34OCO5)C2CC1,39
C1=C(CC2=NCNC2)CCc2ccccc21,1.0,C1=C2C(=CC=C1)CCC(=C2)CC3=NCNC3,C1=C(CC2=NCNC2)CCc2ccccc21,16
C1=Cc2cccc(OCC3CNCCO3)c2C1,1.0,C2=C(C1=C(C=CC1)C=C2)OCC3CNCCO3,C1=Cc2cccc(OCC3CNCCO3)c2C1,17
C1CC1,1.0,C1CC1,C1CC1,3
C1CCCCC1,1.0,C1CCCCC1,C1CCCCC1,6
C1CCc2nnnn2CC1,1.0,C2C1=NN=N[N]1CCCC2,C1CCc2nnnn2CC1,10
C=C,1.0,C=C,,2
C=C(C)CNCC(=O)N(C)c1ccc(Cl)cc1C(=O)c1ccccc1,1.0,C1=C(C(=CC=C1Cl)N(C(CNCC(C)=C)=O)C)C(C2=CC=CC=C2)=O,O=C(c1ccccc1)c1ccccc1,25
C=C(C)[C@@H]1CCC(C)=CC1c1c(O)cc(CCCCC)cc1O,1.0,CCCCCc1cc(O)c(C2C=C(C)CC[C@H]2C(C)=C)c(O)c1,C1=CC(c2ccccc2)CCC1,23
C=C(CC)C(=O)c1ccc(OCC(=O)O)c(Cl)c1Cl,0.0,CCC(=C)C(=O)c1ccc(OCC(O)=O)c(Cl)c1Cl,c1ccccc1,19
C=C1CC2C3C=CC4=CC(=O)CCC4(C)C3C(O)CC2(C)[C@@]1(O)C(=O)CO,1.0,[C@@]4(O)(C3(C(C2C(C1(C(=CC(=O)CC1)C=C2)C)C(O)C3)CC4=C)C)C(=O)CO,C=C1CC2CCC3C4CCC(=O)C=C4C=CC3C2C1,27
C=C1CC2C3CCC4=CC(=O)C=CC4(C)C3C(O)CC2(C)C1(O)C(=O)CO,1.0,C(C(C3(C(CC4C2CCC1=CC(C=CC1(C)C2C(CC34C)O)=O)=C)O)=O)O,C=C1CC2CCC3C4C=CC(=O)C=C4CCC3C2C1,27
C=C1CC[C@@]2(O)[C@H]3Cc4ccc(O)c5c4[C@@]2(CCN3CC2CC2)[C@H]1O5,1.0,[C@@]126C3=C4C[C@H]([C@@]1(CCC([C@@H]2OC3=C(C=C4)O)=C)O)N(CC5CC5)CC6,C=C1CCC2C3Cc4cccc5c4C2(CCN3CC2CC2)C1O5,25
C=C1C[C@H](C)[C@H]2[C@H]3Cc4ccc(O)cc4[C@@]2(CCN3CC2CCC2)C1,1.0,[C@]135[C@H]([C@H](N(CC1)CC2CCC2)CC4=C3C=C(O)C=C4)[C@H](CC(C5)=C)C,C=C1CCC2C3Cc4ccccc4C2(CCN3CC2CCC2)C1,25
C=C1C[C@H]2[C@@H]3CCC4=CC(=O)C=C[C@]4(C)[C@@]3(F)C(O)C[C@]2(C)[C@@]1(O)C(=O)CO,1.0,[C@]34([C@H]([C@H]2[C@@]([C@@]1(C(=CC(C=C1)=O)CC2)C)(C(C3)O)F)CC([C@@]4(C(=O)CO)O)=C)C,C=C1CC2CCC3C4C=CC(=O)C=C4CCC3C2C1,28
C=C1Cc2c(CCN(CCC)CCC)ccc(O)c2N1,1.0,CCCN(CCC)CCc1ccc(c2c1CC(N2)=C)O,C=C1Cc2ccccc2N1,20
C=C1c2c(Cl)ccc(O)c2C(O)=C2C(=O)C3(O)C(=O)/C(=C(/N)O)C(=O)C(N(C)C)C3C(O)C12,0.0,CN(C)C1C2C(O)C3C(=C)c4c(Cl)ccc(O)c4C(=C3C(=O)C2(O)C(=O)\C(=C(N)/O)C1=O)O,C=C1C(=O)CC2CC3C(=C)c4ccccc4C=C3C(=O)C2C1=O,33
C=C1c2cccc(O)c2C(O)=C2C(=O)[C@]3(O)C(=O)/C(=C(/N)O)C(=O)[C@@H](N(C)C)[C@@H]3[C@@H](O)[C@H]12,0.0,CN(C)[C@H]1[C@@H]2[C@@H](O)[C@@H]3C(=C)c4cccc(O)c4C(=C3C(=O)[C@]2(O)C(=O)\C(=C(N)/O)C1=O)O,C=C1C(=O)CC2CC3C(=C)c4ccccc4C=C3C(=O)C2C1=O,32
C=C1c2ccccc2CN(CCCN(C)C)c2ccccc21,1.0,C1=CC=CC2=C1N(CC3=C(C2=C)C=CC=C3)CCCN(C)C,C=C1c2ccccc2CNc2ccccc21,22
C=CC(N)CCC(=O)O,1.0,C(C(C=C)N)CC(O)=O,,9
C=CC1(C(C)CCC)C(=O)NC(=O)NC1=O,1.0,C(C(C1(C(NC(=O)NC1=O)=O)C=C)C)CC,O=C1CC(=O)NC(=O)N1,16
C=CC1=C(C(=O)O)N2C(=O)[C@@H](NC(=O)/C(=N\O)c3csc(N)n3)[C@H]2SC1,0.0,Nc1scc(n1)\C(=N\O)C(=O)N[C@H]2[C@H]3SCC(=C(N3C2=O)C(O)=O)C=C,N=C(C(=O)NC1C(=O)N2C=CCSC12)c1cscn1,26
C=CC1=C(C(=O)O)N2C(=O)[C@@H](NC(=O)/C(=N\OCC(=O)O)c3csc(N)n3)[C@H]2SC1,0.0,Nc1scc(n1)\C(=N\OCC(O)=O)C(=O)N[C@H]2[C@H]3SCC(=C(N3C2=O)C(O)=O)C=C,N=C(C(=O)NC1C(=O)N2C=CCSC12)c1cscn1,30
C=CC1CNCCC1CCCc1ccnc2ccc(OC)cc12,1.0,C1=C(OC)C=CC2=NC=CC(=C12)CCCC3C(CNCC3)C=C,c1ccc2c(CCCC3CCNCC3)ccnc2c1,23
C=CC1O[C@@H]2CC3C4CCC5=CC(=O)C=CC5(C)C4(F)C(O)CC3(C)[C@]2(C(=O)CO)O1,1.0,[C@]12(OC(O[C@@H]1CC3C2(CC(O)C4(F)C3CCC5=CC(=O)C=CC45C)C)C=C)C(=O)CO,O=C1C=CC2C(=C1)CCC1C2CCC2C1CC1OCOC12,31
C=CCC(CC)(CC)C(N)=O,1.0,C(C(C(N)=O)(CC)CC)C=C,,11
C=CCC(N)Cc1ccccc1,1.0,C1=C(CC(CC=C)N)C=CC=C1,c1ccccc1,12
C=CCC(N)c1ccccc1-c1noc2ccccc12,1.0,NC(CC=C)c1ccccc1c2noc3c2cccc3,c1ccc(-c2noc3ccccc23)cc1,20
C=CCC1(C(C)C#CCC)C(=O)NC(=O)N(C)C1=O,1.0,CCC#CC(C)C1(CC=C)C(=O)NC(=O)N(C)C1=O,O=C1CC(=O)NC(=O)N1,19
C=CCC1(C(C)C)C(=O)NC(=O)NC1=O,1.0,C(C1(C(NC(=O)NC1=O)=O)C(C)C)C=C,O=C1CC(=O)NC(=O)N1,15
C=CCC1(C(C)CC)C(=O)NC(=O)NC1=O,1.0,C(C(C)C1(CC=C)C(=O)NC(NC1=O)=O)C,O=C1CC(=O)NC(=O)N1,16
C=CCC1(C(C)CCC)C(=O)NC(=O)NC1=O,1.0,CCCC(C)C1(CC=C)C(=O)NC(=O)NC1=O,O=C1CC(=O)NC(=O)N1,17
C=CCC1(C(C)CCC)C(=O)NC(=S)NC1=O,1.0,C(C1(C(NC(=S)NC1=O)=O)C(CCC)C)C=C,O=C1CC(=O)NC(=S)N1,17
C=CCC1(C2C=CCCC2)C(=O)NC(=S)NC1=O,1.0,C(C2(C1CCCC=C1)C(NC(=S)NC2=O)=O)C=C,O=C1NC(=S)NC(=O)C1C1C=CCCC1,18
C=CCC1(CC(=C)Br)C(=O)NC(=O)NC1=O,1.0,C(C1(C(NC(=O)NC1=O)=O)CC=C)C(=C)Br,O=C1CC(=O)NC(=O)N1,16
C=CCC1(CC(C)(C)C)C(=O)NC(=O)NC1=O,1.0,C(C1(C(NC(=O)NC1=O)=O)CC=C)C(C)(C)C,O=C1CC(=O)NC(=O)N1,17
C=CCC1(CC(C)C)C(=O)NC(=O)NC1=O,1.0,C(C1(C(NC(=O)NC1=O)=O)CC=C)C(C)C,O=C1CC(=O)NC(=O)N1,16
C=CCC1(CC(C)O)C(=O)NC(=O)NC1=O,1.0,C(C1(C(NC(=O)NC1=O)=O)CC=C)C(C)O,O=C1CC(=O)NC(=O)N1,16
C=CCC1(CC=C)C(=O)NC(=O)NC1=O,1.0,C=CCC1(CC=C)C(=O)NC(=O)NC1=O,O=C1CC(=O)NC(=O)N1,15
C=CCN1C(=O)C(CC(C)C)NC1=S,1.0,C(N1C(C(CC(C)C)NC1=S)=O)C=C,O=C1CNC(=S)N1,14
C=CCN1C(=O)OC(C)C1=O,1.0,C(N1C(C(C)OC1=O)=O)C=C,O=C1COC(=O)N1,11
C=CCN1CCC23c4c5ccc(O)c4OC2C2(OC)C=CC3(CC2[C@](C)(O)CCC)C1C5,1.0,[C@@](O)(C5C6(OC)C2OC1=C(O)C=CC4=C1C23C(C(N(CC3)CC=C)C4)(C5)C=C6)(CCC)C,C1=CC23CCC1C1Oc4cccc5c4C12CCNC3C5,32
C=CCN1CCC23c4c5ccc(OC(C)=O)c4OC2C(OC(C)=O)C=CC3C1C5,1.0,C1=CC(=C3C2=C1CC5C4C2(C(O3)C(C=C4)OC(C)=O)CCN5CC=C)OC(C)=O,C1=CC2C3Cc4cccc5c4C2(CCN3)C(C1)O5,29
C=CCN1CCCC1CNC(=O)c1cc(S(=O)(=O)NC)c(N)cc1OC,1.0,C1=C(C(=CC(=C1[S](NC)(=O)=O)N)OC)C(NCC2N(CCC2)CC=C)=O,O=C(NCC1CCCN1)c1ccccc1,26
C=CCN1CCCC1CNC(=O)c1cc(S(N)(=O)=O)cc(OC)c1OC,1.0,C1=C([S](N)(=O)=O)C=C(C(=C1C(NCC2N(CCC2)CC=C)=O)OC)OC,O=C(NCC1CCCN1)c1ccccc1,26
C=CCN1CC[C@]23CCCC[C@H]2[C@H]1Cc1ccc(O)cc13,1.0,Oc1ccc2C[C@@H]3[C@@H]4CCCC[C@]4(CCN3CC=C)c2c1,c1ccc2c(c1)CC1NCCC23CCCCC13,21
C=CCN1CC[C@]23c4c5ccc(O)c4O[C@H]2C(=O)CC[C@@]3(O)[C@H]1C5,1.0,Oc1ccc2C[C@H]3N(CC[C@@]45[C@@H](Oc1c24)C(=O)CC[C@@]35O)CC=C,O=C1CCC2C3Cc4cccc5c4C2(CCN3)C1O5,24
C=CCN1CC[C@]23c4c5ccc(O)c4O[C@H]2[C@@H](O)C=C[C@H]3[C@H]1C5,1.0,O[C@H]1C=C[C@H]2[C@H]3Cc4ccc(O)c5O[C@@H]1[C@]2(CCN3CC=C)c45,C1=CC2C3Cc4cccc5c4C2(CCN3)C(C1)O5,23
C=CCN1C[C@H](C(=O)N(CCCN(C)C)C(=O)NCC)C[C@@H]2c3cccc4[nH]cc(c34)C[C@H]21,1.0,[C@@H]34C1=CC=CC2=C1C(=C[NH]2)C[C@H]3N(C[C@@H](C4)C(N(C(NCC)=O)CCCN(C)C)=O)CC=C,c1cc2c3c(c[nH]c3c1)CC1NCCCC21,33
C=CCONC1=Nc2ccc(Cl)cc2C(c2ccccc2Cl)=NC1,1.0,C1=C(Cl)C=CC2=C1C(=NCC(=N2)NOCC=C)C3=CC=CC=C3Cl,C1=Nc2ccccc2C(c2ccccc2)=NC1,24
C=CCSCC(=O)NC1C(=O)N2C1SC(C)(C)C2C(=O)[O-],0.0,[Na+].CC1(C)SC2C(NC(=O)CSCC=C)C(=O)N2C1C([O-])=O,O=C1CC2SCCN12,21
C=CC[C@@H]1/C=C(\C)C[C@H](C)C[C@H](OC)[C@H]2O[C@@](O)(C(=O)C(=O)N3CCCC[C@H]3C(=O)O[C@H](/C(C)=C/[C@@H]3CC[C@@H](O)[C@H](OC)C3)[C@H](C)[C@@H](O)CC1=O)[C@H](C)C[C@@H]2OC,0.0,CO[C@@H]1C[C@@H](CC[C@H]1O)/C=C(C)/[C@H]2OC(=O)[C@@H]3CCCCN3C(=O)C(=O)[C@]4(O)O[C@H]([C@H](C[C@@H](C)CC(=C/[C@@H](CC=C)C(=O)C[C@H](O)[C@H]2C)/C)OC)[C@H](C[C@H]4C)OC,O=C1CC=CCCCCC2CCCC(O2)C(=O)C(=O)N2CCCCC2C(=O)OC(C=CC2CCCCC2)CCC1,57
C=CC[C@H](N)c1ccccc1-c1noc2ccccc12,1.0,c1ccc(c(c1)[C@H](CC=C)N)c1c2c(on1)cccc2,c1ccc(-c2noc3ccccc23)cc1,20
C=COC=C,1.0,C=COC=C,,5
C=COCC(F)(F)F,1.0,FC(F)(F)COC=C,,8
C=C[C@@H]1CNCC[C@H]1CCCc1ccnc2ccc(OC)cc12,1.0,[C@H]3(CCCC1=C2C(=NC=C1)C=CC(=C2)OC)[C@@H](CNCC3)C=C,c1ccc2c(CCCC3CCNCC3)ccnc2c1,23
C=C[C@H]1CN2CC[C@@H]1C[C@H]2[C@H](O)c1ccnc2ccc(OC)cc12,0.0,COc1ccc2nccc([C@@H](O)[C@@H]3C[C@H]4CCN3C[C@@H]4C=C)c2c1,c1ccc2c(CC3CC4CCN3CC4)ccnc2c1,24
C=C[C@H]1CN2CC[C@H]1C[C@@H]2[C@@H](O)c1ccnc2ccc(OC)cc12,1.0,COc1ccc2nccc([C@H](O)[C@H]3C[C@@H]4CCN3C[C@@H]4C=C)c2c1,c1ccc2c(CC3CC4CCN3CC4)ccnc2c1,24
C=NC(C(=O)NC1C(=O)N2C1SC(C)(C)C2C(=O)O)c1ccccc1,0.0,CC1(C)SC2C(NC(=O)C(N=C)c3ccccc3)C(=O)N2C1C(O)=O,O=C(Cc1ccccc1)NC1C(=O)N2CCSC12,25
CC#C[C@]1(O)CC[C@H]2[C@@H]3CCC4=CC(=O)CCC4=C3[C@@H](c3ccc(N(C)C)cc3)C[C@@]21C,0.0,CC#C[C@]1(O)CC[C@H]2[C@@H]3CCC4=CC(=O)CCC4=C3[C@H](C[C@]12C)c5ccc(cc5)N(C)C,O=C1C=C2CCC3C(=C2CC1)C(c1ccccc1)CC1CCCC13,32
CC(=O)C1(O)CCC2C3CCC4=CC(=O)C=CC4(C)C3C(O)CC21C,1.0,CC(=O)C3(O)CCC4C2CCC1=CC(=O)C=CC1(C)C2C(O)CC34C,O=C1C=CC2C(=C1)CCC1C3CCCC3CCC21,25
CC(=O)C12OC(C)(C)OC1CC1C3CCC4=CC(=O)CCC4(C)C3CCC12C,1.0,CC14C5(C(CC1C3C(C2(C(=CC(=O)CC2)CC3)C)CC4)OC(O5)(C)C)C(C)=O,O=C1C=C2CCC3C(CCC4C3CC3OCOC34)C2CC1,28
CC(=O)C1=C(O)[C@@]2(O)C(=O)c3c(c(C)c4ccc(C)c(O)c4c3O)C[C@H]2[C@@H](N)C1=O,0.0,CC(=O)C1=C(O)[C@]2(O)[C@@H](Cc3c(C)c4ccc(C)c(O)c4c(O)c3C2=O)[C@@H](N)C1=O,O=C1C=CC2C(=O)c3cc4ccccc4cc3CC2C1,30
CC(=O)C1CCC2C3CC(C)C4=CC(=O)C=CC4(C)C3C(O)CC12C,1.0,CC3CC2C1CCC(C(C)=O)C1(C)CC(O)C2C4(C)C=CC(=O)C=C34,O=C1C=CC2C(=C1)CCC1C3CCCC3CCC21,25
CC(=O)C1CCC2C3CC=C4CC(OC(=O)CCC(=O)O)CCC4(C)C3CCC12C,1.0,C(C(OC4CC3=CCC2C1C(C(CC1)C(C)=O)(CCC2C3(CC4)C)C)=O)CC(O)=O,C1=C2CCCCC2C2CCC3CCCC3C2C1,30
CC(=O)CC(c1ccccc1)c1c(O)oc2ccccc2c1=O,0.0,CC(=O)CC(c1ccccc1)C2=C(O)Oc3ccccc3C2=O,O=c1c(Cc2ccccc2)coc2ccccc12,23
CC(=O)N1CCN(C(=O)Cc2cc(F)cc(F)c2)[C@@H](CN2CC[C@@H](O)C2)C1,0.0,c1(CC(N2[C@H](CN(CC2)C(=O)C)C[N@]2CC[C@H](C2)O)=O)cc(cc(c1)F)F,O=C(Cc1ccccc1)N1CCNCC1CN1CCCC1,27
CC(=O)N1CCN(C(=O)Cc2ccc(C(F)(F)F)cc2)[C@@H](CN2CC[C@@H](O)C2)C1,0.0,c1(CC(N2[C@H](CN(CC2)C(=O)C)C[N@]2CC[C@H](C2)O)=O)ccc(C(F)(F)F)cc1,O=C(Cc1ccccc1)N1CCNCC1CN1CCCC1,29
CC(=O)N1CCN(C(=O)Cc2ccc(Cl)c(Cl)c2)[C@@H](CN2CCCC2)C1,1.0,c1(cc(c(cc1)Cl)Cl)CC(N1[C@@H](CN2CCCC2)CN(CC1)C(=O)C)=O,O=C(Cc1ccccc1)N1CCNCC1CN1CCCC1,26
CC(=O)N1CCN(C(=O)Cc2ccc(Cl)c(Cl)c2)[C@@H](CN2CC[C@@H](O)C2)C1,0.0,c1(ccc(c(c1)Cl)Cl)CC(=O)N1[C@H](CN(C(=O)C)CC1)C[N@@]1C[C@H](O)CC1,O=C(Cc1ccccc1)N1CCNCC1CN1CCCC1,27
CC(=O)N1CCN(C(=O)Cc2ccc(S(C)(=O)=O)cc2)[C@@H](CN2CC[C@H](O)C2)C1,0.0,c1(CC(N2[C@H](CN(CC2)C(=O)C)C[N@]2CC[C@H](O)C2)=O)ccc(S(=O)(=O)C)cc1,O=C(Cc1ccccc1)N1CCNCC1CN1CCCC1,29
CC(=O)N1CCN(C(=O)Cc2ccc([N+](=O)[O-])cc2)[C@@H](CN2CC[C@H](O)C2)C1,0.0,c1(CC(N2[C@H](CN(CC2)C(=O)C)C[N@]2CC[C@H](O)C2)=O)ccc(N(=O)=O)cc1,O=C(Cc1ccccc1)N1CCNCC1CN1CCCC1,28
CC(=O)N1CCN(C(=O)Cc2ccc([S@@](C)=O)cc2)[C@@H](CN2CC[C@H](O)C2)C1,0.0,c1(CC(N2[C@H](CN(CC2)C(=O)C)C[N@]2CC[C@H](O)C2)=O)ccc([S@](=O)C)cc1,O=C(Cc1ccccc1)N1CCNCC1CN1CCCC1,28
CC(=O)N1CCN(C(=O)Cc2cccc([N+](=O)[O-])c2)[C@@H](CN2CC[C@H](O)C2)C1,0.0,c1(CC(N2[C@H](CN(CC2)C(=O)C)C[N@]2CC[C@H](O)C2)=O)cc(ccc1)N(=O)=O,O=C(Cc1ccccc1)N1CCNCC1CN1CCCC1,28
CC(=O)N1CCN(C(=O)Cc2ccccc2)[C@@H](CN2CC[C@@H](O)C2)C1,0.0,c1(ccccc1)CC(N1[C@H](CN(CC1)C(=O)C)C[N@]1CC[C@H](C1)O)=O,O=C(Cc1ccccc1)N1CCNCC1CN1CCCC1,25
CC(=O)N1CCN(c2ccc(OC[C@H]3CO[C@](Cn4ccnc4)(c4ccc(Cl)cc4Cl)O3)cc2)CC1,0.0,CC(=O)N1CCN(CC1)c2ccc(OC[C@H]3CO[C@@](Cn4ccnc4)(O3)c5ccc(Cl)cc5Cl)cc2,c1ccc(C2(Cn3ccnc3)OCC(COc3ccc(N4CCNCC4)cc3)O2)cc1,36
CC(=O)NC(CCC(N)=O)C(=O)O,1.0,C(C(NC(C)=O)C(O)=O)CC(N)=O,,13
CC(=O)NCC1(c2ccccc2)CCN(CCCC(=O)c2ccc(F)cc2)CC1,1.0,C1=CC=CC=C1C3(CCN(CCCC(C2=CC=C(F)C=C2)=O)CC3)CNC(C)=O,O=C(CCCN1CCC(c2ccccc2)CC1)c1ccccc1,29
CC(=O)NCCCN1CCN(c2cc(Cl)ccc2Cl)CC1,1.0,C1=C(Cl)C=CC(=C1N2CCN(CCCNC(C)=O)CC2)Cl,c1ccc(N2CCNCC2)cc1,21
CC(=O)NCCCOc1cccc(CN2CCCCC2)c1,1.0,C1CCN(CC1)Cc1cccc(c1)OCCCNC(=O)C,c1ccc(CN2CCCCC2)cc1,21
CC(=O)NCCC[C@H](NC(C)=O)C(=O)O,1.0,[C@H](CCCNC(C)=O)(C(O)=O)NC(C)=O,,15
CC(=O)NCCn1c(C)cc(C=O)c1C,1.0,C1=C([N](C(=C1C=O)C)CCNC(C)=O)C,c1cc[nH]c1,15
CC(=O)NNC(=O)CC(O)(c1ccccc1)c1ccccc1,1.0,C2=C(C(C1=CC=CC=C1)(CC(NNC(C)=O)=O)O)C=CC=C2,c1ccc(Cc2ccccc2)cc1,22
CC(=O)Nc1c(I)c(NC(C)=O)c(I)c(C(=O)[O-])c1I,0.0,[Na+].CC(=O)Nc1c(I)c(NC(C)=O)c(I)c(C([O-])=O)c1I,c1ccccc1,20
CC(=O)Nc1ccc(O)cc1,1.0,CC(=O)Nc1ccc(O)cc1,c1ccccc1,11
CC(=O)Nc1ccc(OC(=O)[C@@H]2CCC(=O)N2)cc1,1.0,[C@H]2(C(OC1=CC=C(NC(C)=O)C=C1)=O)NC(=O)CC2,O=C1CCC(C(=O)Oc2ccccc2)N1,19
CC(=O)Nc1ccc(OC(=O)c2ccccc2O)cc1,1.0,C2=C(C(OC1=CC=C(C=C1)NC(C)=O)=O)C(=CC=C2)O,O=C(Oc1ccccc1)c1ccccc1,20
CC(=O)Nc1ccc(OC(=O)c2ccccc2OC(C)=O)cc1,1.0,C1=CC=CC(=C1C(OC2=CC=C(NC(C)=O)C=C2)=O)OC(C)=O,O=C(Oc1ccccc1)c1ccccc1,23
CC(=O)Nc1ccc(OC(C)(C)C)cc1,1.0,C1=C(C=CC(=C1)NC(C)=O)OC(C)(C)C,c1ccccc1,15
CC(=O)Nc1cccc(-c2csc(N=C(N)N)n2)c1,0.0,O=C(C)Nc1cc(c2csc(N=C(N)N)n2)ccc1,c1ccc(-c2cscn2)cc1,19
CC(=O)Nc1cccc(O)c1,1.0,C1=C(C=CC=C1O)NC(C)=O,c1ccccc1,11
CC(=O)Nc1nnc(S(N)(=O)=O)s1,1.0,CC(=O)Nc1sc(nn1)[S](N)(=O)=O,c1nncs1,13
CC(=O)OC(c1ccccc1)C1CCCCN1,1.0,CC(=O)OC(C1CCCCN1)c2ccccc2,c1ccc(CC2CCCCN2)cc1,17
CC(=O)OC1/C=C/C(C)=C/CC(O)/C=C/C(C)=C/C(NC(=O)C(C)=O)C2(C)C(=O)OC(C1)C(C)C2=O,0.0,CC1C2CC(OC(C)=O)\C=C\C(=C\CC(O)/C=C/C(=C/C(NC(=O)C(C)=O)C(C)(C(=O)O2)C1=O)C)C,O=C1CC2CCC=CC=CCCC=CC=CCC1C(=O)O2,36
CC(=O)OC1CC[C@@]2(C)C([C@@H]1Br)[C@H](Br)C[C@H]1[C@@H]3CC[C@H]([C@H](C)CCCC(C)C)[C@@]3(C)CC[C@@H]12,1.0,[C@]34([C@H]([C@H]2[C@@H]([C@@]1(C([C@@H](C(CC1)OC(C)=O)Br)[C@@H](C2)Br)C)CC3)CC[C@@H]4[C@@H](CCCC(C)C)C)C,C1CCC2C(C1)CCC1C3CCCC3CCC21,33
CC(=O)OCC(=O)C1(O)C(C)CC2C3CC(F)(F)C4=CC(=O)C=CC4(C)C3(F)C(O)CC21C,1.0,CC4CC3C2CC(F)(F)C1=CC(=O)C=CC1(C)C2(F)C(O)CC3(C)C4(O)C(=O)COC(C)=O,O=C1C=CC2C(=C1)CCC1C3CCCC3CCC21,33
CC(=O)OCC(=O)C12N=C(C)OC1CC1C3CCC4=CC(=O)C=CC4(C)[C@@]3(F)C(O)CC12C,1.0,[C@@]34(F)C(C2C(C1(N=C(OC1C2)C)C(=O)COC(=O)C)(CC3O)C)CCC5=CC(=O)C=CC45C,O=C1C=CC2C(=C1)CCC1C2CCC2C1CC1OC=NC12,33
CC(=O)OCC(=O)OCC/C(SC(=O)c1ccco1)=C(/C)N(C=O)Cc1cnc(C)nc1N,1.0,C2=C(CN(C(=C(SC(=O)C1=CC=CO1)\CCOC(=O)COC(=O)C)/C)C=O)C(=NC(=N2)C)N,O=C(SC=CNCc1cncnc1)c1ccco1,33
CC(=O)OCC(=O)[C@@]1(O)CCC2C3CCC4=CC(=O)C=CC4(C)[C@@]3(Cl)C(Cl)CC21C,1.0,[C@@]23(Cl)C(C1C([C@](O)(CC1)C(=O)COC(=O)C)(CC2Cl)C)CCC4=CC(=O)C=CC34C,O=C1C=CC2C(=C1)CCC1C3CCCC3CCC21,30
CC(=O)OCC(=O)[C@@]1(O)CC[C@H]2[C@@H]3CCC4=CC(=O)C=C[C@]4(C)[C@@]3(F)[C@@H](O)C[C@@]21C,1.0,[C@H]23[C@@]([C@@]1(C(=CC(=O)C=C1)CC2)C)([C@H](C[C@]4([C@H]3CC[C@@]4(C(COC(C)=O)=O)O)C)O)F,O=C1C=CC2C(=C1)CCC1C3CCCC3CCC21,30
CC(=O)OCC(=O)[C@@]1(O)CC[C@H]2[C@@H]3CCC4=CC(=O)C=C[C@]4(C)[C@H]3[C@@H](O)C[C@@]21C,1.0,[C@]34([C@H]([C@H]2[C@@H]([C@@]1(C(=CC(=O)C=C1)CC2)C)[C@H](C3)O)CC[C@@]4(C(COC(C)=O)=O)O)C,O=C1C=CC2C(=C1)CCC1C3CCCC3CCC21,29
CC(=O)OCC(=O)[C@@]1(O)CC[C@H]2[C@@H]3CCC4=CC(=O)CC[C@]4(C)[C@@]3(F)[C@@H](O)C[C@@]21C,1.0,[C@H]23[C@@]([C@@]1(C(=CC(=O)CC1)CC2)C)([C@H](C[C@]4([C@H]3CC[C@@]4(C(COC(C)=O)=O)O)C)O)F,O=C1C=C2CCC3C4CCCC4CCC3C2CC1,30
CC(=O)OCC(=O)[C@@]1(O)CC[C@H]2[C@@H]3CCC4=CC(=O)CC[C@]4(C)[C@H]3C(=O)C[C@@]21C,1.0,[C@]34([C@H]([C@H]2[C@@H]([C@@]1(C(=CC(=O)CC1)CC2)C)C(C3)=O)CC[C@@]4(C(COC(C)=O)=O)O)C,O=C1C=C2CCC3C4CCCC4CC(=O)C3C2CC1,29
CC(=O)OCC(=O)[C@@]1(O)CC[C@H]2[C@@H]3CCC4=CC(=O)CC[C@]4(C)[C@H]3[C@@H](O)C[C@@]21C,1.0,[C@]34([C@H]([C@H]2[C@@H]([C@@]1(C(=CC(=O)CC1)CC2)C)[C@H](C3)O)CC[C@@]4(C(COC(C)=O)=O)O)C,O=C1C=C2CCC3C4CCCC4CCC3C2CC1,29
CC(=O)OCC(=O)[C@@]1(O)CC[C@H]2[C@@H]3C[C@H](C)C4=CC(=O)C=C[C@]4(C)[C@H]3[C@@H](O)C[C@@]21C,1.0,[C@H]24[C@H]1[C@@]([C@](C(COC(C)=O)=O)(O)CC1)(C[C@@H]([C@@H]2[C@@]3(C(=CC(=O)C=C3)[C@H](C4)C)C)O)C,O=C1C=CC2C(=C1)CCC1C3CCCC3CCC21,30
CC(=O)OCC(=O)[C@@]1(O)CC[C@H]2[C@@H]3C[C@H](Cl)C4=CC(=O)C=C[C@]4(C)[C@H]3C(=O)C[C@@]21C,1.0,[C@H]24[C@H]1[C@@]([C@](C(COC(C)=O)=O)(O)CC1)(CC([C@@H]2[C@@]3(C(=CC(=O)C=C3)[C@H](C4)Cl)C)=O)C,O=C1C=CC2C(=C1)CCC1C3CCCC3CC(=O)C21,30
CC(=O)OCC(=O)[C@@]1(O)[C@@H](C)C[C@H]2[C@@H]3CCC4=CC(=O)C=C[C@]4(C)[C@@]3(F)[C@@H](O)C[C@@]21C,1.0,[C@H]34[C@H]2[C@@]([C@@]1(C(=CC(=O)C=C1)CC2)C)([C@@H](O)C[C@@]3([C@](C(COC(C)=O)=O)(O)[C@H](C4)C)C)F,O=C1C=CC2C(=C1)CCC1C3CCCC3CCC21,31
CC(=O)OCC(=O)[C@@]1(O)[C@H](C)C[C@H]2[C@@H]3C=C(C)C4=Cc5c(cnn5-c5ccccc5)C[C@]4(C)[C@H]3[C@@H](O)C[C@@]21C,1.0,[C@H]26[C@H]1[C@@]([C@](C(COC(C)=O)=O)(O)[C@@H](C1)C)(C[C@@H]([C@@H]2[C@@]3(C(=CC4=C(C3)C=N[N]4C5=CC=CC=C5)C(=C6)C)C)O)C,C1=CC2C3CCCC3CCC2C2Cc3cnn(-c4ccccc4)c3C=C12,39
CC(=O)OCC(=O)[C@@]1(O)[C@H](C)C[C@H]2[C@@H]3C[C@H](F)C4=CC(=O)C=C[C@]4(C)[C@H]3[C@@H](O)C[C@@]21C,1.0,[C@]34([C@H]([C@H]2[C@@H]([C@@]1(C(=CC(=O)C=C1)[C@H](C2)F)C)[C@H](C3)O)C[C@H]([C@@]4(C(COC(C)=O)=O)O)C)C,O=C1C=CC2C(=C1)CCC1C3CCCC3CCC21,31
CC(=O)OCC(=O)[C@@]1(O)[C@H](OC(C)=O)C[C@H]2[C@@H]3CCC4=CC(=O)C=C[C@]4(C)[C@@]3(F)[C@@H](O)C[C@@]21C,1.0,[C@]34([C@H]([C@H]2[C@]([C@@]1(C(=CC(=O)C=C1)CC2)C)(F)[C@H](C3)O)C[C@H]([C@@]4(C(COC(C)=O)=O)O)OC(C)=O)C,O=C1C=CC2C(=C1)CCC1C3CCCC3CCC21,34
CC(=O)OCC(=O)[C@@]1(OC(=O)C(C)C)[C@@H](C)C[C@H]2[C@@H]3CCC4=CC(=O)C=C[C@]4(C)[C@@]3(F)[C@@H](O)C[C@@]21C,1.0,[C@@]4([C@@]3([C@H]([C@H]2[C@]([C@@]1(C(=CC(=O)C=C1)CC2)C)(F)[C@H](C3)O)C[C@@H]4C)C)(C(COC(C)=O)=O)OC(C(C)C)=O,O=C1C=CC2C(=C1)CCC1C3CCCC3CCC21,36
CC(=O)OCC(=O)[C@@]1(OC(=O)c2ccco2)[C@H](C)C[C@H]2[C@@H]3CCC4=CC(=O)C=C[C@]4(C)[C@@]3(F)[C@@H](O)C[C@@]21C,1.0,[C@]4([C@@]3([C@H]([C@H]2[C@]([C@@]1(C(=CC(=O)C=C1)CC2)C)(F)[C@H](C3)O)C[C@H]4C)C)(OC(C5=CC=CO5)=O)C(COC(C)=O)=O,O=C1C=CC2C(=C1)CCC1C2CCC2C(OC(=O)c3ccco3)CCC21,38
CC(=O)OCC(=O)[C@@]1(OC(C)=O)[C@@H](C)C[C@H]2[C@@H]3C[C@H](F)C4=CC(=O)C=C[C@]4(C)[C@@]3(F)[C@@H](O)C[C@@]21C,1.0,[C@@]4([C@@]3([C@H]([C@H]2[C@]([C@@]1(C(=CC(=O)C=C1)[C@H](C2)F)C)(F)[C@H](C3)O)C[C@@H]4C)C)(C(COC(C)=O)=O)OC(C)=O,O=C1C=CC2C(=C1)CCC1C3CCCC3CCC21,35
CC(=O)OCC(=O)[C@@]12N=C(C)O[C@@H]1C[C@H]1[C@@H]3CCC4=CC(=O)C=C[C@]4(C)[C@H]3[C@@H](O)C[C@@]12C,1.0,[C@@]45([C@@]3([C@H]([C@H]2[C@@H]([C@@]1(C(=CC(=O)C=C1)CC2)C)[C@H](C3)O)C[C@H]4OC(=N5)C)C)C(COC(C)=O)=O,O=C1C=CC2C(=C1)CCC1C2CCC2C1CC1OC=NC12,32
CC(=O)OCC(=O)[C@@]12OC(C)(C)O[C@@H]1CC1C3CC(C=O)=C4C=C(OCCCl)CCC4(C)[C@@]3(F)C(O)CC12C,1.0,[C@]12(OC(O[C@@H]1CC3C2(CC(O)[C@@]4(F)C3CC(=C5C4(CCC(=C5)OCCCl)C)C=O)C)(C)C)C(=O)COC(=O)C,C1=CC2=CCC3C(CCC4C3CC3OCOC34)C2CC1,39
CC(=O)OCC(=O)[C@@]12OC(C)(C)O[C@@H]1CC1C3C[C@H](F)C4=CC(=O)C=CC4(C)[C@H]3C(O)CC12C,1.0,[C@]12(OC(O[C@@H]1CC3C2(CC(O)[C@H]4C3C[C@H](F)C5=CC(=O)C=CC45C)C)(C)C)C(=O)COC(=O)C,O=C1C=CC2C(=C1)CCC1C2CCC2C1CC1OCOC12,34
CC(=O)OCC(=O)[C@@]12OC(C)(C)O[C@@H]1C[C@H]1C3CC(C#N)=C4C=C(OCCCl)CCC4(C)[C@@]3(F)C(O)CC12C,1.0,[C@H]23C([C@@]1(OC(O[C@@H]1C2)(C)C)C(=O)COC(=O)C)(CC(O)[C@@]4(F)C3CC(=C5C4(CCC(=C5)OCCCl)C)C#N)C,C1=CC2=CCC3C(CCC4C3CC3OCOC34)C2CC1,39
CC(=O)OCC(=O)[C@@]12OC(C)(C)O[C@@H]1C[C@H]1[C@@H]3C[C@H](F)C4=CC(=O)C=C[C@]4(C)[C@@]3(F)[C@@H](O)C[C@@]12C,1.0,[C@@]45([C@@]3([C@H]([C@H]2[C@]([C@@]1(C(=CC(=O)C=C1)[C@H](C2)F)C)(F)[C@H](C3)O)C[C@H]4OC(O5)(C)C)C)C(COC(C)=O)=O,O=C1C=CC2C(=C1)CCC1C2CCC2C1CC1OCOC12,35
CC(=O)OCC(=O)[C@@]12OC3(CCCC3)O[C@@H]1C[C@H]1[C@@H]3CCC4=CC(=O)C=C[C@]4(C)[C@@]3(F)[C@@H](O)C[C@@]12C,1.0,[C@@]45([C@@]3([C@H]([C@H]2[C@]([C@@]1(C(=CC(=O)C=C1)CC2)C)(F)[C@H](C3)O)C[C@H]4OC6(O5)CCCC6)C)C(COC(C)=O)=O,O=C1C=CC2C(=C1)CCC1C2CCC2C1CC1OC3(CCCC3)OC12,36
CC(=O)OCC(=O)[C@H]1[C@H](C)C[C@H]2[C@@H]3C[C@H](F)C4=CC(=O)C=C[C@]4(C)C3(Cl)[C@@H](O)C[C@@]21C,1.0,[C@H]2(C1=CC(C=C[C@@]1(C4([C@@H](C2)[C@@H]3C[C@H]([C@H](C(COC(=O)C)=O)[C@@]3(C)C[C@@H]4O)C)Cl)C)=O)F,O=C1C=CC2C(=C1)CCC1C3CCCC3CCC21,31
CC(=O)OCC(CCn1cnc2cnc(N)nc21)COC(C)=O,1.0,C1=NC2=C([N]1CCC(COC(C)=O)COC(C)=O)N=C(N)N=C2,c1ncc2nc[nH]c2n1,23
CC(=O)OCC/C(SC(C)=O)=C(/C)N(C=O)Cc1cnc(C)nc1N,1.0,C1=NC(=NC(=C1CN(C(=C(\CCOC(C)=O)SC(C)=O)/C)C=O)N)C,c1cncnc1,25
CC(=O)OCC1=C(C(=O)O)N2C(=O)[C@@H](NC(=O)CCC[C@@H](N)C(=O)O)[C@H]2SC1,0.0,CC(=O)OCC1=C(N2[C@H](SC1)[C@H](NC(=O)CCC[C@@H](N)C(O)=O)C2=O)C(O)=O,O=C1CC2SCC=CN12,28
CC(=O)OCC1=C(C(=O)O)N2C(=O)[C@@H](NC(=O)CSc3ccncc3)[C@H]2SC1,0.0,CC(=O)OCC1=C(N2[C@H](SC1)[C@H](NC(=O)CSc3ccncc3)C2=O)C(O)=O,O=C(CSc1ccncc1)NC1C(=O)N2C=CCSC12,28
CC(=O)OCC1=C(C(=O)O)N2C(=O)[C@@H](NC(=O)Cc3ccccc3)[C@H]2SC1,0.0,CC(=O)OCC1=C(N2[C@H](SC1)[C@H](NC(=O)Cc3ccccc3)C2=O)C(O)=O,O=C(Cc1ccccc1)NC1C(=O)N2C=CCSC12,27
CC(=O)OCC1=C(C(=O)O)N2C(=O)[C@@H](NC(=O)Cc3cccs3)[C@H]2SC1,0.0,CC(=O)OCC1=C(N2[C@H](SC1)[C@H](NC(=O)Cc3sccc3)C2=O)C(O)=O,O=C(Cc1cccs1)NC1C(=O)N2C=CCSC12,26
CC(=O)OCC1=C(C(=O)O)N2C(=O)[C@@H](NC(=O)[C@H](N)c3ccccc3)[C@H]2SC1,0.0,O.O.CC(=O)OCC1=C(N2[C@H](SC1)[C@H](NC(=O)[C@H](N)c3ccccc3)C2=O)C(O)=O,O=C(Cc1ccccc1)NC1C(=O)N2C=CCSC12,28
CC(=O)OCC1=C(C(=O)O)N2C(=O)[C@@H](NC(=O)c3c(-c4ccccc4Cl)noc3C)[C@H]2SC1,0.0,CC(=O)OCC1=C(N2[C@H](SC1)[C@H](NC(=O)c3c(C)onc3c4ccccc4Cl)C2=O)C(O)=O,O=C(NC1C(=O)N2C=CCSC12)c1conc1-c1ccccc1,33
CC(=O)OCC1=C(C(=O)[O-])N2C(=O)[C@H](NC(=O)CC#N)[C@@H]2SC1,0.0,[Na+].CC(=O)OCC1=C(N2[C@@H](SC1)[C@@H](NC(=O)CC#N)C2=O)C([O-])=O,O=C1CC2SCC=CN12,23
CC(=O)OCC1=CO[C@@H](OC(=O)CC(C)C)[C@H]2C1=C[C@H](OC(=O)CC(C)(C)OC(C)=O)[C@]21CO1,1.0,[C@]12(OC1)[C@@H]3C(=C[C@@H]2OC(=O)CC(OC(=O)C)(C)C)C(=CO[C@H]3OC(=O)CC(C)C)COC(=O)C,C1=CC2=CCC3(CO3)C2CO1,34
CC(=O)OCC1=CO[C@@H](OC(=O)CC(C)C)[C@H]2C1=C[C@H](OC(=O)CC(C)C)[C@]21CO1,1.0,[C@@]13([C@@H]2C(=C[C@@H]1OC(CC(C)C)=O)C(=CO[C@H]2OC(CC(C)C)=O)COC(C)=O)CO3,C1=CC2=CCC3(CO3)C2CO1,30
CC(=O)OCCN1CCN(CCCN2c3ccccc3Sc3ccc(Cl)cc32)CC1,1.0,C1=C(Cl)C=CC3=C1N(C2=C(C=CC=C2)S3)CCCN4CCN(CCOC(C)=O)CC4,c1ccc2c(c1)Sc1ccccc1N2CCCN1CCNCC1,30
CC(=O)OCOC(=O)C1N2C(=O)C(NC(=O)Cc3ccccc3)C2SC1(C)C,0.0,CC(=O)OCOC(=O)C1N2C(SC1(C)C)C(NC(=O)Cc3ccccc3)C2=O,O=C(Cc1ccccc1)NC1C(=O)N2CCSC12,28
CC(=O)O[C@@H](C)C(=O)[C@@]1(O)CC[C@H]2[C@@H]3CCC4=CC(=O)C=C[C@]4(C)[C@@]3(F)[C@@H](O)C[C@@]21C,1.0,[C@H]23[C@@]([C@@]1(C(=CC(=O)C=C1)CC2)C)([C@H](C[C@]4([C@H]3CC[C@@]4(C([C@@H](OC(C)=O)C)=O)O)C)O)F,O=C1C=CC2C(=C1)CCC1C3CCCC3CCC21,31
CC(=O)O[C@@]12CO[C@@H]1C[C@H](O)[C@@]1(C)C(=O)[C@H](O)C3=C(C)[C@@H](OC(=O)[C@H](O)[C@@H](NC(=O)OC(C)(C)C)c4ccccc4)C[C@@](O)([C@@H](OC(=O)c4ccccc4)[C@H]21)C3(C)C,0.0,CC(=O)O[C@@]12CO[C@@H]1C[C@H](O)[C@]3(C)[C@@H]2[C@H](OC(=O)c4ccccc4)[C@]5(O)C[C@H](OC(=O)[C@H](O)[C@@H](NC(=O)OC(C)(C)C)c6ccccc6)C(=C([C@@H](O)C3=O)C5(C)C)C,O=C(CCc1ccccc1)OC1C=C2CC(=O)C3CCC4OCC4C3C(OC(=O)c3ccccc3)C(C2)C1,58
CC(=O)O[C@H]1C(=O)[C@@]2(C)C([C@H](OC(=O)c3ccccc3)[C@]3(O)C[C@H](OC(=O)[C@H](O)[C@@H](NC(=O)c4ccccc4)c4ccccc4)C(C)=C1C3(C)C)[C@]1(OC(C)=O)CO[C@@H]1C[C@@H]2O,0.0,CC(=O)O[C@H]1C(=O)[C@]2(C)[C@@H](O)C[C@H]3OC[C@@]3(OC(C)=O)C2[C@H](OC(=O)c4ccccc4)[C@]5(O)C[C@H](OC(=O)[C@H](O)[C@@H](NC(=O)c6ccccc6)c7ccccc7)C(=C1C5(C)C)C,O=C(CC(NC(=O)c1ccccc1)c1ccccc1)OC1C=C2CC(=O)C3CCC4OCC4C3C(OC(=O)c3ccccc3)C(C2)C1,62
CC(=O)O[C@H]1C[C@@H]2C(COC(=O)CC(C)C)=CO[C@@H](OC(=O)CC(C)C)[C@@H]2[C@@]12CO2,1.0,[C@]23([C@@H]1[C@@H](C(=CO[C@H]1OC(=O)CC(C)C)COC(=O)CC(C)C)C[C@@H]2OC(=O)C)OC3,C1=CC2CCC3(CO3)C2CO1,30
CC(=O)O[C@H]1C[C@@]2(C)[C@@H](C[C@@H](O)[C@H]3[C@@]4(C)CC[C@@H](O)[C@@H](C)[C@@H]4CC[C@@]32C)/C1=C(\CCC=C(C)C)C(=O)O,0.0,C[C@@H]1[C@H](O)CC[C@@]2(C)[C@H]1CC[C@@]3(C)[C@H]2[C@H](O)C[C@H]4\C([C@H](C[C@]34C)OC(C)=O)=C(/CCC=C(C)C)C(O)=O,C=C1CCC2C1CCC1C3CCCCC3CCC21,37
CC(=O)O[C@]1(C(C)=O)CC[C@H]2[C@@H]3C[C@H](C)C4=CC(=O)C=C[C@]4(C)[C@@]3(F)[C@@H](O)C[C@@]21C,1.0,[C@]23([C@H]([C@H]1[C@]([C@@](OC(C)=O)(C(C)=O)CC1)(C)C[C@@H]2O)C[C@H](C)C4=CC(=O)C=C[C@]34C)F,O=C1C=CC2C(=C1)CCC1C3CCCC3CCC21,30
CC(=O)Oc1ccc2c3c1O[C@H]1[C@@H](OC(C)=O)C=C[C@H]4[C@@H](C2)N(C)CC[C@@]341,1.0,CN1CC[C@]23[C@H]4Oc5c(OC(C)=O)ccc(C[C@@H]1[C@@H]2C=C[C@@H]4OC(C)=O)c35,C1=CC2C3Cc4cccc5c4C2(CCN3)C(C1)O5,27
CC(=O)SCC(Cc1ccccc1)C(=O)NCC(=O)OCc1ccccc1,1.0,C2=C(CC(C(NCC(OCC1=CC=CC=C1)=O)=O)CSC(C)=O)C=CC=C2,O=C(CCc1ccccc1)NCC(=O)OCc1ccccc1,27
CC(=O)S[C@@H]1CC2=CC(=O)CC[C@]2(C)[C@H]2CC[C@@]3(C)[C@@H](CC[C@@]34CCC(=O)O4)[C@H]12,0.0,CC(=O)S[C@@H]1CC2=CC(=O)CC[C@]2(C)[C@H]3CC[C@@]4(C)[C@@H](CC[C@@]45CCC(=O)O5)[C@H]13,O=C1C=C2CCC3C(CCC4C3CCC43CCC(=O)O3)C2CC1,29
CC(=O)[C@@]1(O)CC[C@H]2[C@@H]3C[C@H](C)C4=CC(=O)C=C[C@]4(C)[C@@]3(F)[C@@H](O)C[C@@]21C,1.0,[C@]23([C@H]([C@H]1[C@]([C@](C(C)=O)(O)CC1)(C)C[C@@H]2O)C[C@H](C)C4=CC(=O)C=C[C@]34C)F,O=C1C=CC2C(=C1)CCC1C3CCCC3CCC21,27
CC(=O)[C@@]1(O)[C@@H](C)C[C@H]2[C@@H]3CCC4=CC(=O)C=C[C@]4(C)[C@@]3(F)[C@@H](O)C[C@@]21C,1.0,[C@H]34[C@H]2[C@@](F)([C@@]1(C(=CC(=O)C=C1)CC2)C)[C@@H](O)C[C@@]3([C@](O)([C@H](C4)C)C(=O)C)C,O=C1C=CC2C(=C1)CCC1C3CCCC3CCC21,27
CC(=O)[C@@]1(O)[C@H](O)C[C@H]2[C@@H]3CCC4=CC(=O)C=C[C@]4(C)[C@@]3(F)[C@@H](O)C[C@@]21C,1.0,[C@H]34[C@H]2[C@@](F)([C@@]1(C(=CC(=O)C=C1)CC2)C)[C@@H](O)C[C@@]3([C@](O)([C@H](O)C4)C(=O)C)C,O=C1C=CC2C(=C1)CCC1C3CCCC3CCC21,27
CC(=O)[C@@]1(O)[C@H](O)C[C@H]2[C@@H]3CCC4=CC(=O)CC[C@]4(C)[C@H]3CC[C@@]21C,1.0,[C@H]34[C@H]2[C@@H]([C@@]1(C(=CC(=O)CC1)CC2)C)CC[C@@]3([C@](O)([C@H](O)C4)C(=O)C)C,O=C1C=C2CCC3C4CCCC4CCC3C2CC1,25
CC(=O)[C@H]1CC[C@H]2[C@@H]3CCC4=CC(=O)CC[C@]4(C)[C@H]3CC[C@]12C,0.0,CC(=O)[C@H]1CC[C@H]2[C@@H]3CCC4=CC(=O)CC[C@]4(C)[C@H]3CC[C@]12C,O=C1C=C2CCC3C4CCCC4CCC3C2CC1,23
CC(=O)[C@H]1CC[C@H]2[C@@H]3CC[C@@H]4C[C@H](O)CC[C@]4(C)[C@H]3CC[C@]12C,1.0,CC(=O)[C@H]1CC[C@H]2[C@@H]3CC[C@@H]4C[C@H](O)CC[C@]4(C)[C@H]3CC[C@]12C,C1CCC2C(C1)CCC1C3CCCC3CCC21,23
CC(=O)[C@H]1CC[C@H]2[C@@H]3CC[C@H]4C[C@H](O)CC[C@]4(C)[C@H]3C(=O)C[C@]12C,1.0,[C@@H]23[C@H]([C@H]1[C@]([C@@H](C(C)=O)CC1)(C)CC2=O)CC[C@@H]4[C@@]3(CC[C@H](C4)O)C,O=C1CC2CCCC2C2CCC3CCCCC3C12,24
CC(=O)[C@H]1CC[C@H]2[C@@H]3CC[C@H]4C[C@](C)(O)CC[C@]4(C)[C@H]3CC[C@]12C,1.0,[C@H]13[C@@H]([C@@]2([C@@H](CC1)C[C@](O)(CC2)C)C)CC[C@]4([C@H]3CC[C@@H]4C(=O)C)C,C1CCC2C(C1)CCC1C3CCCC3CCC21,24
CC(=O)[C@H]1CC[C@H]2[C@@H]3C[C@@H](O)C45CC4CC[C@]5(C)[C@H]3CC[C@]12C,1.0,[C@]23(C1(C(C1)CC2)[C@H](O)C[C@@H]4[C@@H]3CC[C@]5([C@H]4CC[C@@H]5C(=O)C)C)C,C1CC2CCC3C(CCC45CC4CCC35)C2C1,23
CC(=O)[C@H]1CC[C@H]2[C@@H]3C[C@H](C)C4=CC(=O)CC[C@]4(C)[C@H]3[C@@H](O)C[C@]12C,1.0,[C@@H]23[C@H]([C@H]1[C@]([C@@H](C(C)=O)CC1)(C)C[C@@H]2O)C[C@H](C)C4=CC(=O)CC[C@]34C,O=C1C=C2CCC3C4CCCC4CCC3C2CC1,25
CC(=O)[C@]1(N)Cc2c(O)c3c(c(O)c2[C@@H](O[C@H]2C[C@H](O)[C@H](O)CO2)C1)C(=O)c1ccccc1C3=O,0.0,[Cl-].CC(=O)[C@@]1(N)C[C@H](O[C@H]2C[C@H](O)[C@H](O)CO2)c3c(O)c4C(=O)c5ccccc5C(=O)c4c(O)c3C1.[H+],O=C1c2ccccc2C(=O)c2cc3c(cc21)CCCC3OC1CCCCO1,35
CC(=O)[C@]1(O)Cc2c(O)c3c(c(O)c2C(OC2CC(N)C(O)C(C)O2)C1)C(=O)c1c(O)cccc1C3=O,0.0,CC1OC(CC(N)C1O)OC2C[C@@](O)(Cc3c(O)c4C(=O)c5cccc(O)c5C(=O)c4c(O)c23)C(C)=O,O=C1c2ccccc2C(=O)c2cc3c(cc21)CCCC3OC1CCCCO1,37
CC(=O)[C@]1(O)Cc2c(O)c3c(c(O)c2[C@@H](O[C@H]2C[C@H](N)[C@H](O)[C@H](C)O2)C1)C(=O)c1ccccc1C3=O,0.0,C[C@@H]1O[C@H](C[C@H](N)[C@@H]1O)O[C@H]2C[C@@](O)(Cc3c(O)c4C(=O)c5ccccc5C(=O)c4c(O)c23)C(C)=O,O=C1c2ccccc2C(=O)c2cc3c(cc21)CCCC3OC1CCCCO1,36
CC(=O)c1ccc(C(O)C(CO)NC(=O)C(Cl)Cl)cc1,1.0,C1=C(C(O)C(CO)NC(C(Cl)Cl)=O)C=CC(=C1)C(=O)C,c1ccccc1,20
CC(=O)c1ccc2c(c1)N(CC(C)N(C)C)c1ccccc1S2,1.0,C1=CC2=C(C=C1)SC3=C(N2CC(C)N(C)C)C=C(C=C3)C(=O)C,c1ccc2c(c1)Nc1ccccc1S2,23
CC(=O)c1ccc2c(c1)N(CCCN(C)C)c1ccccc1S2,1.0,CN(C)CCCN1c2ccccc2Sc3ccc(cc13)C(C)=O,c1ccc2c(c1)Nc1ccccc1S2,23
CC(=O)c1ccc2c(c1)N(CCCN1CCC(CCO)CC1)c1ccccc1S2,1.0,C1=C(C(C)=O)C=CC3=C1N(C2=C(C=CC=C2)S3)CCCN4CCC(CCO)CC4,c1ccc2c(c1)Sc1ccccc1N2CCCN1CCCCC1,29
CC(=O)c1ccc2c(c1)N(CCCN1CCN(CCO)CC1)c1ccccc1S2,1.0,CC(=O)c1ccc2Sc3ccccc3N(CCCN4CCN(CCO)CC4)c2c1,c1ccc2c(c1)Sc1ccccc1N2CCCN1CCNCC1,29
CC(C(=O)O)c1cccc(C(=O)c2ccccc2)c1,1.0,CC(C(O)=O)c1cccc(c1)C(=O)c2ccccc2,O=C(c1ccccc1)c1ccccc1,19
CC(C(=O)c1ccccc1)N(C)C,1.0,C1=CC=CC(=C1)C(=O)C(C)N(C)C,c1ccccc1,13
CC(C)(C(=O)O)c1ccc(C(=O)CCCN2CCC(OC(c3ccccc3)c3ccccc3)CC2)cc1,0.0,CC(C)(C(O)=O)c1ccc(cc1)C(=O)CCCN2CCC(CC2)OC(c3ccccc3)c4ccccc4,O=C(CCCN1CCC(OC(c2ccccc2)c2ccccc2)CC1)c1ccccc1,37
CC(C)(C(=O)O)c1ccc(C(O)CCCN2CCC(C(O)(c3ccccc3)c3ccccc3)CC2)cc1,0.0,CC(C)(C(O)=O)c1ccc(cc1)C(O)CCCN2CCC(CC2)C(O)(c3ccccc3)c4ccccc4,c1ccc(CCCCN2CCC(C(c3ccccc3)c3ccccc3)CC2)cc1,37
CC(C)(C)C(=O)NCCCC(=O)O,1.0,C(NC(C(C)(C)C)=O)CCC(O)=O,,13
CC(C)(C)C(=O)OC1N=C(c2ccccc2)c2cc(Cl)ccc2NC1=O,1.0,C1=C(Cl)C=CC2=C1C(=NC(C(=O)N2)OC(C(C)(C)C)=O)C3=CC=CC=C3,O=C1CN=C(c2ccccc2)c2ccccc2N1,26
CC(C)(C)C(=O)OCOC(=O)C1N2C(=O)[C@@H](N=CN3CCCCCC3)[C@H]2SC1(C)C,0.0,CC(C)(C)C(=O)OCOC(=O)C1N2[C@H](SC1(C)C)[C@H](N=CN3CCCCCC3)C2=O,O=C1C(N=CN2CCCCCC2)C2SCCN12,30
CC(C)(C)C(=O)OCOC(=O)[C@@H]1N2C(=O)[C@@H](NC(=O)[C@H](N)c3ccccc3)[C@H]2SC1(C)C,0.0,CC(C)(C)C(=O)OCOC(=O)[C@@H]1N2[C@H](SC1(C)C)[C@H](NC(=O)[C@H](N)c3ccccc3)C2=O,O=C(Cc1ccccc1)NC1C(=O)N2CCSC12,32
CC(C)(C)C(=O)SCC(=O)[C@@]1(O)CC[C@H]2[C@@H]3CCC4=CC(=O)CC[C@]4(C)[C@H]3[C@@H](O)C[C@@]21C,1.0,[C@@H]23[C@H]([C@H]1[C@]([C@](C(CSC(C(C)(C)C)=O)=O)(O)CC1)(C)C[C@@H]2O)CCC4=CC(=O)CC[C@]34C,O=C1C=C2CCC3C4CCCC4CCC3C2CC1,32
CC(C)(C)C(O)/C=C/c1ccc2c(c1)OCO2,1.0,C1=C2C(=CC=C1\C=C\C(C(C)(C)C)O)OCO2,c1ccc2c(c1)OCO2,17
CC(C)(C)CC(=O)OCC(=O)[C@@]1(O)CC[C@H]2[C@@H]3CCC4=CC(=O)C=C[C@]4(C)[C@H]3[C@@H](O)C[C@@]21C,1.0,[C@]34([C@H]([C@H]2[C@@H]([C@@]1(C(=CC(=O)C=C1)CC2)C)[C@H](C3)O)CC[C@@]4(C(COC(CC(C)(C)C)=O)=O)O)C,O=C1C=CC2C(=C1)CCC1C3CCCC3CCC21,33
CC(C)(C)CC(=O)OCC(=O)[C@@]12OC(C)(C)O[C@@H]1C[C@H]1[C@@H]3CCC4=CC(=O)C=C[C@]4(C)[C@@]3(F)[C@@H](O)C[C@@]12C,1.0,[C@@]45([C@@]3([C@H]([C@H]2[C@]([C@@]1(C(=CC(=O)C=C1)CC2)C)(F)[C@H](C3)O)C[C@H]4OC(O5)(C)C)C)C(COC(CC(C)(C)C)=O)=O,O=C1C=CC2C(=C1)CCC1C2CCC2C1CC1OCOC12,38
CC(C)(C)N1CCC(c2ccccc2)(c2ccccc2)CC1,1.0,C1=CC=CC=C1C3(C2=CC=CC=C2)CCN(C(C)(C)C)CC3,c1ccc(C2(c3ccccc3)CCNCC2)cc1,22
CC(C)(C)NC(=O)C1CC2CCCCC2CN1CC(O)C(Cc1ccccc1)NC(=O)C(CC(N)=O)NC(=O)c1ccc2ccccc2n1,1.0,C1N(C(CC2CCCCC12)C(NC(C)(C)C)=O)CC(C(Cc1ccccc1)NC(C(NC(c1nc2c(cccc2)cc1)=O)CC(N)=O)=O)O,O=C(CNC(=O)c1ccc2ccccc2n1)NC(CCN1CCC2CCCCC2C1)Cc1ccccc1,49
CC(C)(C)NC(=O)[C@@H]1CN(Cc2cccnc2)CCN1C[C@@H](O)C[C@@H](Cc1ccccc1)C(=O)N[C@H]1c2ccccc2C[C@H]1O,1.0,CC(C)(C)NC(=O)[C@@H]1CN(CCN1C[C@@H](O)C[C@@H](Cc2ccccc2)C(=O)N[C@@H]3[C@H](O)Cc4ccccc34)Cc5cccnc5,O=C(NC1CCc2ccccc21)C(CCCN1CCN(Cc2cccnc2)CC1)Cc1ccccc1,45
CC(C)(C)NC(=O)[C@@H]1C[C@@H]2CCCC[C@@H]2CN1C[C@@H](O)[C@H](Cc1ccccc1)NC(=O)[C@H](CC(N)=O)NC(=O)c1ccc2ccccc2n1,0.0,CC(C)(C)NC(=O)[C@@H]1C[C@@H]2CCCC[C@@H]2CN1C[C@@H](O)[C@H](Cc3ccccc3)NC(=O)[C@H](CC(N)=O)NC(=O)c4ccc5ccccc5n4,O=C(CNC(=O)c1ccc2ccccc2n1)NC(CCN1CCC2CCCCC2C1)Cc1ccccc1,49
CC(C)(C)NCC(O)COc1cccc2c1CCC(=O)N2,0.0,CC(C)(C)NCC(O)COc1cccc2NC(=O)CCc12,O=C1CCc2ccccc2N1,21
CC(C)(C)NCC(O)COc1cccc2c1C[C@H](O)[C@H](O)C2,1.0,CC(C)(C)NCC(O)COc1cccc2C[C@@H](O)[C@@H](O)Cc12,c1ccc2c(c1)CCCC2,22
CC(C)(C)NCC(O)c1ccc(O)c(CO)c1,0.0,CC(C)(C)NCC(O)c1ccc(O)c(CO)c1,c1ccccc1,17
CC(C)(C)NCC(O)c1ccc(O)c(CO)n1,0.0,CC(C)(C)NCC(O)c1ccc(O)c(CO)n1,c1ccncc1,17
CC(C)(C)NCC(O)c1ccc(O)c(NC(N)=O)c1,0.0,CC(C)(C)NCC(O)c1ccc(O)c(NC(N)=O)c1,c1ccccc1,19
CC(C)(C)NCC(O)c1ccccc1F,1.0,C1=C(C(CNC(C)(C)C)O)C(=CC=C1)F,c1ccccc1,15
CC(C)(C)OC(=O)CCCc1ccc(N(CCCl)CCCl)cc1,1.0,C(=O)(OC(C)(C)C)CCCc1ccc(cc1)N(CCCl)CCCl,c1ccccc1,23
CC(C)(C)OC(=O)c1ncn2c1[C@@H]1CCCN1C(=O)c1c(Br)cccc1-2,1.0,CC(C)(C)OC(=O)c1ncn2c3cccc(Br)c3C(=O)N4CCC[C@H]4c12,O=C1c2ccccc2-n2cncc2C2CCCN12,26
CC(C)(C)[C@]1(O)CCN2C[C@H]3c4ccccc4CCc4cccc(c43)[C@@H]2C1,1.0,[C@]1(O)(C[C@@H]4N(CC1)C[C@@H]2C5=C(CCC3=CC=CC=C23)C=CC=C45)C(C)(C)C.[H+].[Cl-],c1ccc2c(c1)CCc1cccc3c1C2CN1CCCCC31,27
CC(C)(C)c1ccc(C(=O)CCCN2CCC(OC(c3ccccc3)c3ccccc3)CC2)cc1,0.0,CC(C)(C)c1ccc(cc1)C(=O)CCCN2CCC(CC2)OC(c3ccccc3)c4ccccc4,O=C(CCCN1CCC(OC(c2ccccc2)c2ccccc2)CC1)c1ccccc1,35
CC(C)(C)c1ccc(C(O)CCCN2CCC(C(O)(c3ccccc3)c3ccccc3)CC2)cc1,0.0,CC(C)(C)c1ccc(cc1)C(O)CCCN2CCC(CC2)C(O)(c3ccccc3)c4ccccc4,c1ccc(CCCCN2CCC(C(c3ccccc3)c3ccccc3)CC2)cc1,35
CC(C)(C)c1ccc(CN2CCN(C(c3ccccc3)c3ccc(Cl)cc3)CC2)cc1,1.0,CC(C)(C)c1ccc(CN2CCN(CC2)C(c3ccccc3)c4ccc(Cl)cc4)cc1,c1ccc(CN2CCN(C(c3ccccc3)c3ccccc3)CC2)cc1,31
CC(C)(CO)[C@@H](O)C(=O)NCCCC(=O)O,1.0,[C@H](C(NCCCC(O)=O)=O)(C(CO)(C)C)O,,16
CC(C)(O)C(C)(O)c1ccc(Cl)cc1,1.0,C1=C(C(C(C)(C)O)(C)O)C=CC(=C1)Cl,c1ccccc1,14
CC(C)(O)C(C)(O)c1cccc(Cl)c1,1.0,C1=C(C(C(C)(C)O)(C)O)C=CC=C1Cl,c1ccccc1,14
CC(C)(O)CC(C)(O)c1ccc(Cl)cc1,1.0,C1=CC(=CC=C1C(CC(C)(C)O)(C)O)Cl,c1ccccc1,15
CC(C)(O/N=C(\C(=O)N[C@@H]1C(=O)N2C(C(=O)[O-])=C(C[n+]3ccccc3)CS[C@H]12)c1csc(N)n1)C(=O)O,1.0,CC(C)(O/N=C(C(=O)N[C@H]1[C@H]2SCC(=C(N2C1=O)C([O-])=O)C[n+]3ccccc3)/c4csc(N)n4)C(O)=O,N=C(C(=O)NC1C(=O)N2C=C(C[n+]3ccccc3)CSC12)c1cscn1,37
CC(C)(Oc1ccc(Cl)cc1)C(=O)N[C@@H](C(=O)N[C@@H]1C(=O)N2[C@@H]1SC(C)(C)[C@@H]2C(=O)O)c1ccccc1,0.0,CC1(C)S[C@@H]2[C@H](NC(=O)[C@H](NC(=O)C(C)(C)Oc3ccc(Cl)cc3)c4ccccc4)C(=O)N2[C@H]1C(O)=O,O=C(COc1ccccc1)NC(C(=O)NC1C(=O)N2CCSC12)c1ccccc1,37
CC(C)(Oc1ccc(Cl)cc1)C(=O)O,0.0,CC(C)(Oc1ccc(Cl)cc1)C(O)=O,c1ccccc1,14
CC(C)(Oc1ccccc1)C(=O)N[C@@H]1C(=O)N2[C@@H]1SC(C)(C)[C@@H]2C(=O)O,0.0,CC1(C)S[C@@H]2[C@H](NC(=O)C(C)(C)Oc3ccccc3)C(=O)N2[C@H]1C(O)=O,O=C(COc1ccccc1)NC1C(=O)N2CCSC12,26
CC(C)=CCN1CC[C@@]2(C)c3cc(O)ccc3C[C@@H]1[C@H]2C,1.0,C[C@@H]1[C@H]2Cc3ccc(O)cc3[C@]1(C)CCN2CC=C(C)C,c1ccc2c(c1)CC1CC2CCN1,21
CC(C)=CCN1CC[C@]23c4c5ccc(O)c4O[C@H]2C(=O)CC[C@@]3(O)[C@H]1C5,1.0,[C@@]125C3=C4C[C@H]([C@@]1(CCC([C@@H]2OC3=C(C=C4)O)=O)O)N(CC=C(C)C)CC5,O=C1CCC2C3Cc4cccc5c4C2(CCN3)C1O5,26
CC(C)=O,1.0,CC(C)=O,,4
CC(C)C(=O)OCC(=O)[C@@]12O[C@H](C3CCCCC3)O[C@@H]1C[C@H]1[C@@H]3CCC4=CC(=O)C=C[C@]4(C)[C@H]3[C@@H](O)C[C@@]12C,1.0,[C@@]45([C@@]3([C@H]([C@H]2[C@@H]([C@@]1(C(=CC(=O)C=C1)CC2)C)[C@H](C3)O)C[C@H]4O[C@H](O5)C6CCCCC6)C)C(COC(C(C)C)=O)=O,O=C1C=CC2C(=C1)CCC1C2CCC2C1CC1OC(C3CCCCC3)OC12,39
CC(C)C(=O)OCc1cccc(OC(=O)[C@@H]2N3C(=O)[C@@H](NC(=O)Cc4ccccc4)[C@H]3SC2(C)C)c1,0.0,CC(C)C(=O)OCc1cccc(OC(=O)[C@@H]2N3[C@H](SC2(C)C)[C@H](NC(=O)Cc4ccccc4)C3=O)c1,O=C(Cc1ccccc1)NC1C(=O)N2C(C(=O)Oc3ccccc3)CSC12,36
CC(C)C(Br)C(=O)NC(N)=O,1.0,CC(C(C(NC(N)=O)=O)Br)C,,11
CC(C)C(CCCCCC(=O)O)NCc1ccc(F)cc1,1.0,C1=CC(=CC=C1CNC(C(C)C)CCCCCC(O)=O)F,c1ccccc1,21
CC(C)C(O)C1CCCCC1,1.0,CC(C(C1CCCCC1)O)C,C1CCCCC1,11
CC(C)C1(C(C)C)OCC(CO)O1,1.0,C(C1OC(C(C)C)(C(C)C)OC1)O,C1COCO1,13
CC(C)C1NC(=O)[C@@H](C(C)C)OC(=O)[C@H](C(C)C)NC(=O)[C@H](C)OC(=O)[C@@H](C(C)C)NC(=O)[C@@H](C(C)C)OC(=O)[C@H](C(C)C)NC(=O)[C@H](C)OC(=O)[C@@H](C(C)C)NC(=O)[C@@H](C(C)C)OC(=O)[C@H](C(C)C)NC(=O)[C@H](C)OC1=O,0.0,CC(C)[C@@H]1NC(=O)[C@H](C)OC(=O)C(NC(=O)[C@H](OC(=O)[C@@H](NC(=O)[C@H](C)OC(=O)[C@H](NC(=O)[C@H](OC(=O)[C@@H](NC(=O)[C@H](C)OC(=O)[C@H](NC(=O)[C@H](OC1=O)C(C)C)C(C)C)C(C)C)C(C)C)C(C)C)C(C)C)C(C)C)C(C)C,O=C1COC(=O)CNC(=O)COC(=O)CNC(=O)COC(=O)CNC(=O)COC(=O)CNC(=O)COC(=O)CNC(=O)COC(=O)CN1,78
CC(C)CC(N(C)C)C1(c2ccc(Cl)cc2)CCC1,1.0,C1=CC(=CC=C1C2(C(CC(C)C)N(C)C)CCC2)Cl,c1ccc(C2CCC2)cc1,19
CC(C)CC(OC(=O)c1ccco1)C(=O)N[C@@H]1C(=O)N2[C@@H]1SC(C)(C)[C@@H]2C(=O)O,0.0,CC(C)CC(OC(=O)c1occc1)C(=O)N[C@H]2[C@H]3SC(C)(C)[C@@H](N3C2=O)C(O)=O,O=C(COC(=O)c1ccco1)NC1C(=O)N2CCSC12,29
CC(C)CC1NC(=O)C(CCCN)NC(=O)C(C(C)C)NC(=O)C2CCCN2C(=O)C(Cc2ccccc2)NC(=O)C(CC(C)C)NC(=O)C(CCCN)NC(=O)C(C(C)C)NC(=O)C2CCCN2C(=O)C(Cc2ccccc2)NC1=O,0.0,CC(C)CC1C(=O)NC(C(=O)N2CCCC2C(=O)NC(C(=O)NC(C(=O)NC(C(=O)NC(C(=O)N3CCCC3C(=O)NC(C(=O)NC(C(=O)N1)CCCN)C(C)C)CC4=CC=CC=C4)CC(C)C)CCCN)C(C)C)CC5=CC=CC=C5,O=C1CNC(=O)CNC(=O)C2CCCN2C(=O)C(Cc2ccccc2)NC(=O)CNC(=O)CNC(=O)CNC(=O)C2CCCN2C(=O)C(Cc2ccccc2)NC(=O)CN1,82
CC(C)CCC(=O)CC1c2ccccc2C(=O)N1c1ccc2ccc(Cl)nc2n1,1.0,C4=C3C(N(C1=CC=C2C(=N1)N=C(Cl)C=C2)C(=O)C3=CC=C4)CC(CCC(C)C)=O,O=C1c2ccccc2CN1c1ccc2cccnc2n1,29
CC(C)CCNCC1COc2ccccc2O1,1.0,CC(C)CCNCC2COc1ccccc1O2,c1ccc2c(c1)OCCO2,17
CC(C)CCOC(CN1CCCC1)c1ccccc1,1.0,C1=CC=CC=C1C(CN2CCCC2)OCCC(C)C,c1ccc(CCN2CCCC2)cc1,19
CC(C)CO,1.0,CC(C)CO,,5
CC(C)COCC(CN(Cc1ccccc1)c1ccccc1)N1CCCC1,0.0,CC(C)COCC(CN(Cc1ccccc1)c2ccccc2)N3CCCC3,c1ccc(CN(CCN2CCCC2)c2ccccc2)cc1,27
CC(C)C[C@H](CN)CC(=O)O,1.0,[C@@H](CC(=O)O)(CC(C)C)CN,,11
CC(C)C[C@H]1C(=O)N2CCC[C@H]2[C@]2(O)O[C@](NC(=O)[C@@H]3C=C4c5cccc6[nH]c(Br)c(c56)C[C@H]4N(C)C3)(C(C)C)C(=O)N12,0.0,CC(C)C[C@@H]1N2C(=O)[C@](NC(=O)[C@H]3CN(C)[C@@H]4Cc5c(Br)[nH]c6cccc(C4=C3)c56)(O[C@@]2(O)[C@@H]7CCCN7C1=O)C(C)C,O=C(NC1OC2C3CCCN3C(=O)CN2C1=O)C1C=C2c3cccc4[nH]cc(c34)CC2NC1,43
CC(C)Cc1ccc(C(C)C(=O)O)cc1,0.0,CC(C)Cc1ccc(cc1)C(C)C(O)=O,c1ccccc1,15
CC(C)N(CCNC(=O)CN1CCCC1=O)C(C)C,1.0,C(N1C(CCC1)=O)C(NCCN(C(C)C)C(C)C)=O,O=C1CCCN1,19
CC(C)N1CCC(N(C(=O)Cc2ccccc2)c2ccc(Cl)cc2)CC1,1.0,CC(C)N1CCC(CC1)N(C(=O)Cc2ccccc2)c3ccc(Cl)cc3,O=C(Cc1ccccc1)N(c1ccccc1)C1CCNCC1,26
CC(C)N1CCN(c2ccc(OC[C@H]3CO[C@](Cn4cncn4)(c4ccc(Cl)cc4Cl)O3)cc2)CC1,0.0,CC(C)N1CCN(CC1)c2ccc(OC[C@H]3CO[C@@](Cn4cncn4)(O3)c5ccc(Cl)cc5Cl)cc2,c1ccc(C2(Cn3cncn3)OCC(COc3ccc(N4CCNCC4)cc3)O2)cc1,36
CC(C)N1CCOC(c2ccc(C(F)(F)F)cc2)C1,1.0,C2=C(C1CN(CCO1)C(C)C)C=CC(=C2)C(F)(F)F,c1ccc(C2CNCCO2)cc1,19
CC(C)N=c1cc2n(-c3ccc(Cl)cc3)c3ccccc3nc-2cc1Nc1ccc(Cl)cc1,0.0,CC(C)N=C1C=C2N(c3ccc(Cl)cc3)c4ccccc4N=C2C=C1Nc5ccc(Cl)cc5,N=c1cc2n(-c3ccccc3)c3ccccc3nc-2cc1Nc1ccccc1,33
CC(C)NC(=O)OC1CCN(CCCC(=O)c2ccc(F)cc2)CC1,1.0,C2=C(C(CCCN1CCC(OC(NC(C)C)=O)CC1)=O)C=CC(=C2)F,O=C(CCCN1CCCCC1)c1ccccc1,25
CC(C)NCC(O)COc1ccc(CC(N)=O)cc1,0.0,CC(C)NCC(O)COc1ccc(CC(N)=O)cc1,c1ccccc1,19
CC(C)NCC(O)COc1cccc2[nH]ccc12,1.0,CC(C)NCC(O)COc1cccc2[nH]ccc12,c1ccc2[nH]ccc2c1,18
CC(C)NCC(O)c1ccc(NS(C)(=O)=O)cc1,1.0,CC(C)NCC(O)c1ccc(N[S](C)(=O)=O)cc1,c1ccccc1,18
CC(C)NCC(O)c1ccc(O)c(O)c1,0.0,CC(C)NCC(O)c1ccc(O)c(O)c1,c1ccccc1,15
CC(C)NNC(=O)COc1ccc(Cl)cc1,1.0,C1=CC(=CC=C1OCC(NNC(C)C)=O)Cl,c1ccccc1,16
CC(C)NNC(=O)c1ccncc1,1.0,C1=CN=CC=C1C(NNC(C)C)=O,c1ccncc1,13
CC(C)NS(=O)(=O)CCN1C(=O)c2ccccc2C1=O,1.0,C1=CC=CC2=C1C(N(CC[S](NC(C)C)(=O)=O)C2=O)=O,O=C1NC(=O)c2ccccc21,20
CC(C)N[C@H]1C2CCC(CC2)[C@]1(O)c1ccc(Cl)c(Cl)c1,1.0,[C@@]1([C@H](C2CCC1CC2)NC(C)C)(C3=CC(=C(C=C3)Cl)Cl)O,c1ccc(C2CC3CCC2CC3)cc1,21
CC(C)Nc1cccnc1N1CCN(C(=O)c2cc3cc(NS(C)(=O)=O)ccc3[nH]2)CC1,0.0,CC(C)Nc1cccnc1N2CCN(CC2)C(=O)c3[nH]c4ccc(N[S](C)(=O)=O)cc4c3,O=C(c1cc2ccccc2[nH]1)N1CCN(c2ccccn2)CC1,32
CC(C)O,1.0,CC(C)O,,4
CC(C)OCC(COC(C)C)OCn1cnc2cnc(N)nc21,1.0,C1=NC2=C([N]1COC(COC(C)C)COC(C)C)N=C(N)N=C2,c1ncc2nc[nH]c2n1,23
CC(C)Oc1ccccc1N1CCN(Cc2cccc(C(=O)N3CCCCC3)c2)CC1,1.0,C3=C(CN2CCN(C1=C(OC(C)C)C=CC=C1)CC2)C=CC=C3C(=O)N4CCCCC4.C(C(=O)O)CC(=O)O,O=C(c1cccc(CN2CCN(c3ccccc3)CC2)c1)N1CCCCC1,31
CC(C)[C@@H](CN1CCCC1)N(C)C(=O)Cc1ccc(Cl)c(Cl)c1,1.0,CC(C)[C@@H](CN1CCCC1)N(C)C(=O)Cc2ccc(Cl)c(Cl)c2,O=C(Cc1ccccc1)NCCN1CCCC1,23
CC(C)[C@@]1(O)CCN2C[C@@H]3c4ccccc4CCc4cccc(c43)[C@H]2C1,1.0,[C@H]15C3=C(CCC2=C1C=CC=C2)C=CC=C3[C@H]4C[C@](C(C)C)(O)CCN4C5,c1ccc2c(c1)CCc1cccc3c1C2CN1CCCCC31,26
CC(C)[C@H](N)C(=O)OCC(CO)OCn1cnc2c(=O)nc(N)[nH]c21,1.0,[C@@H](N)(C(OCC(OC[N]1C2=C(N=C1)C(=O)N=C(N2)N)CO)=O)C(C)C,O=c1nc[nH]c2[nH]cnc12,25
CC(C)[C@H](N)C(=O)OCCOCn1cnc2c(=O)nc(N)[nH]c21,1.0,[C@@H](N)(C(OCCOC[N]1C2=C(N=C1)C(=O)N=C(N2)N)=O)C(C)C,O=c1nc[nH]c2[nH]cnc12,23
CC(C)[C@H](NC(=O)[C@H](Cc1ccccc1)NC(=O)CNC(=O)[C@@H](C)NC(=O)[C@@H](N)Cc1ccc(O)cc1)C(N)=O,0.0,CC(C)[C@H](NC(=O)[C@H](Cc1ccccc1)NC(=O)CNC(=O)[C@@H](C)NC(=O)[C@@H](N)Cc2ccc(O)cc2)C(N)=O,O=C(CCc1ccccc1)NCC(=O)NCC(=O)NCCc1ccccc1,40
CC(C)[N+](C)(CCOC(=O)C1c2ccccc2Oc2ccccc21)C(C)C,0.0,[Br-].CC(C)[N+](C)(CCOC(=O)C1c2ccccc2Oc3ccccc13)C(C)C,c1ccc2c(c1)Cc1ccccc1O2,27
CC(C)[N+]1(C)C2CCC1CC(OC(=O)C(CO)c1ccccc1)C2,0.0,[Br-].CC(C)[N+]1(C)C2CCC1CC(C2)OC(=O)C(CO)c3ccccc3,O=C(Cc1ccccc1)OC1CC2CCC(C1)[NH2+]2,24
CC(C)c1cccc(C(C)C)c1O,1.0,CC(C)c1cccc(C(C)C)c1O,c1ccccc1,13
CC(C)c1ccccc1OCC1=NCCN1,0.0,CC(C)c1ccccc1OCC2=NCCN2,c1ccc(OCC2=NCCN2)cc1,16
CC(C)c1nc(-c2ncn3c2CN(C)C(=O)c2c(Cl)cccc2-3)no1,1.0,CN1C(=O)c2c(cccc2Cl)n2cnc(c2C1)c1noc(n1)C(C)C,O=C1NCc2c(-c3ncon3)ncn2-c2ccccc21,25
CC(C)c1nc(CN(C)C(=O)N[C@H](C(=O)N[C@@H](Cc2ccccc2)C[C@H](O)[C@H](Cc2ccccc2)NC(=O)OCc2cncs2)C(C)C)cs1,0.0,CC(C)[C@H](NC(=O)N(C)Cc1csc(n1)C(C)C)C(=O)N[C@H](C[C@H](O)[C@H](Cc2ccccc2)NC(=O)OCc3scnc3)Cc4ccccc4,O=C(CNC(=O)NCc1cscn1)NC(CCC(Cc1ccccc1)NC(=O)OCc1cncs1)Cc1ccccc1,50
CC(C)n1c(/C=C/[C@@H](O)C[C@H](O)CC(=O)O)c(-c2ccc(F)cc2)c2ccccc21,1.0,[C@@H](O)(/C=C/C1=C(C2=C([N]1C(C)C)C=CC=C2)C3=CC=C(F)C=C3)C[C@H](O)CC(=O)O,c1ccc(-c2c[nH]c3ccccc23)cc1,30
CC(C)n1c(=O)c2c(-c3noc(C4CC4)n3)ncn2c2ccccc21,1.0,C1=NC(=C3[N]1C2=C(C=CC=C2)N(C3=O)C(C)C)C4=NOC(=N4)C5CC5,O=c1[nH]c2ccccc2n2cnc(-c3noc(C4CC4)n3)c12,25
CC(C)n1cc2c3c(cccc31)C1C[C@@H](C(=O)NC3CCCCC3)CN(C)C1C2,1.0,[C@H]4(CC3C2=C1C(=C[N](C1=CC=C2)C(C)C)CC3N(C4)C)C(NC5CCCCC5)=O,O=C(NC1CCCCC1)C1CNC2Cc3c[nH]c4cccc(c34)C2C1,29
CC(CC#N)N(C)CC(=O)N(C)c1ccc(Cl)cc1C(=O)c1ccccc1F,1.0,C1=C(C(=CC=C1Cl)N(C(CN(C(CC#N)C)C)=O)C)C(C2=C(C=CC=C2)F)=O,O=C(c1ccccc1)c1ccccc1,28
CC(CC(C)(C)O)OC(O)C(Cl)(Cl)Cl,1.0,C(C(OC(C(Cl)(Cl)Cl)O)C)C(C)(C)O,,14
CC(CC1c2ccccc2CCc2ccccc21)CN(C)C,1.0,C1=CC=CC3=C1C(C2=CC=CC=C2CC3)CC(CN(C)C)C,c1ccc2c(c1)CCc1ccccc1C2,22
CC(CCN1CCN(c2ccc(F)cc2)CC1)NC(=O)c1cccnc1,1.0,C1=CC(=CC=C1N3CCN(CCC(NC(C2=CC=CN=C2)=O)C)CC3)F,O=C(NCCCN1CCN(c2ccccc2)CC1)c1cccnc1,26
CC(CCc1ccccc1)NC(C)C(O)c1ccc(O)cc1,0.0,CC(CCc1ccccc1)NC(C)C(O)c2ccc(O)cc2,c1ccc(CCCNCCc2ccccc2)cc1,22
CC(CCc1ccccc1)NCC(O)c1ccc(O)c(C(N)=O)c1,0.0,CC(CCc1ccccc1)NCC(O)c2ccc(O)c(c2)C(N)=O,c1ccc(CCCNCCc2ccccc2)cc1,24
CC(CN(C)C)CN1c2ccccc2CCc2ccccc21,1.0,CC(CN(C)C)CN1c2ccccc2CCc3ccccc13,c1ccc2c(c1)CCc1ccccc1N2,22
CC(CN(C)C)CN1c2ccccc2S(=O)(=O)c2ccccc21,1.0,C1=CC=CC3=C1N(C2=C(C=CC=C2)[S]3(=O)=O)CC(CN(C)C)C,O=S1(=O)c2ccccc2Nc2ccccc21,23
CC(CN(C)C)CN1c2ccccc2Sc2ccc(C#N)cc21,1.0,C1=C(C#N)C=CC3=C1N(C2=C(C=CC=C2)S3)CC(CN(C)C)C,c1ccc2c(c1)Nc1ccccc1S2,23
CC(CN(C)C)CN1c2ccccc2Sc2ccc(C(F)(F)F)cc21,1.0,C1=CC=C2C(=C1)SC3=C(N2CC(C)CN(C)C)C=C(C=C3)C(F)(F)F,c1ccc2c(c1)Nc1ccccc1S2,25
CC(CN(C)C)CN1c2ccccc2Sc2ccccc21,1.0,C1=CC=CC3=C1N(C2=C(C=CC=C2)S3)CC(CN(C)C)C,c1ccc2c(c1)Nc1ccccc1S2,21
CC(CN(C)C)OC(C)(c1ccccc1)c1ccc(Cl)cc1,0.0,CC(CN(C)C)OC(C)(c1ccccc1)c2ccc(Cl)cc2,c1ccc(Cc2ccccc2)cc1,22
CC(CN1C(=O)c2cccnc2Nc2ccccc21)N(C)C,1.0,C1=CC=CC2=C1N(C(C3=C(N2)N=CC=C3)=O)CC(N(C)C)C,O=C1Nc2ccccc2Nc2ncccc21,22
CC(CN1CCN(CCOCCO)CC1)CN1c2ccccc2Sc2ccccc21,1.0,CC(CN1CCN(CCOCCO)CC1)CN2c3ccccc3Sc4ccccc24,c1ccc2c(c1)Sc1ccccc1N2CCCN1CCNCC1,30
CC(CN1CCOCC1)C(C(=O)N1CCCC1)(c1ccccc1)c1ccccc1,1.0,C4=C(C(C(=O)N1CCCC1)(C2=CC=CC=C2)C(CN3CCOCC3)C)C=CC=C4,O=C(N1CCCC1)C(CCN1CCOCC1)(c1ccccc1)c1ccccc1,29
CC(CN1c2ccccc2Sc2ccccc21)N(C)C,1.0,CC(CN1c2ccccc2Sc3ccccc13)N(C)C,c1ccc2c(c1)Nc1ccccc1S2,20
CC(CNC(=O)c1ccccc1)C(=O)OCC(=O)[C@@]12OC(C)(C)O[C@@H]1C[C@H]1[C@@H]3CCC4=CC(=O)C=C[C@]4(C)[C@@]3(F)[C@@H](O)C[C@@]12C,1.0,[C@@]45([C@@]3([C@H]([C@H]2[C@]([C@@]1(C(=CC(=O)C=C1)CC2)C)(F)[C@H](C3)O)C[C@H]4OC(O5)(C)C)C)C(COC(C(CNC(C6=CC=CC=C6)=O)C)=O)=O,O=C1C=CC2C(=C1)CCC1C2CCC2C1CC1OCOC12C(=O)COC(=O)CCNC(=O)c1ccccc1,45
CC(COc1ccccc1)N(CCCl)Cc1ccccc1,0.0,CC(COc1ccccc1)N(CCCl)Cc2ccccc2,c1ccc(CNCCOc2ccccc2)cc1,21
CC(COc1ccccc1)NN,1.0,C1=C(OCC(NN)C)C=CC=C1,c1ccccc1,12
CC(C[N+](C)(C)C)OC(N)=O,0.0,[Cl-].CC(C[N+](C)(C)C)OC(N)=O,,11
CC(Cc1ccc(O)cc1)NCC(O)c1cc(O)cc(O)c1,0.0,CC(Cc1ccc(O)cc1)NCC(O)c2cc(O)cc(O)c2,c1ccc(CCNCCc2ccccc2)cc1,22
CC(Cc1ccccc1)(NC(=O)CN)c1ccccc1,1.0,C1=CC=CC=C1C(CC2=CC=CC=C2)(NC(CN)=O)C,c1ccc(CCc2ccccc2)cc1,20
CC(Cc1ccccc1)N(C)C,1.0,CN(C(C)CC1=CC=CC=C1)C,c1ccccc1,12
CC(Cc1ccccc1)N(C)Cc1ccccc1,1.0,C1=CC(=CC=C1)CC(N(C)CC2=CC=CC=C2)C,c1ccc(CCNCc2ccccc2)cc1,18
CC(Cc1ccccc1)N(C)Cc1ccco1,1.0,C1=CC=CC=C1CC(N(CC2=CC=CO2)C)C,c1ccc(CCNCc2ccco2)cc1,17
CC(Cc1ccccc1)NC(C#N)c1ccccc1,1.0,C2=C(C(NC(CC1=CC=CC=C1)C)C#N)C=CC=C2,c1ccc(CCNCc2ccccc2)cc1,19
CC(Cc1ccccc1)NCCC1c2ccccc2Sc2ccccc21,1.0,C1=CC=CC=C1CC(C)NCCC3C2=C(C=CC=C2)SC4=C3C=CC=C4,c1ccc(CCNCCC2c3ccccc3Sc3ccccc32)cc1,26
CC(Cc1ccccc1)NCCn1cnc2c1c(=O)n(C)c(=O)n2C,1.0,[H+].C1=NC3=C([N]1CCNC(CC2=CC=CC=C2)C)C(=O)N(C(=O)N3C)C.[Cl-],O=c1[nH]c(=O)c2c(ncn2CCNCCc2ccccc2)[nH]1,25
CC(Cc1ccccc1)NN,1.0,C1=CC=CC=C1CC(NN)C,c1ccccc1,11
CC(Cc1ccccc1)NO,0.0,CC(Cc1ccccc1)NO,c1ccccc1,11
CC(Cc1ccccc1)[N+](C)([O-])Cc1ccccc1,1.0,C1=CC=CC=C1C[N+](C(CC2=CC=CC=C2)C)(C)[O-],c1ccc(CC[NH2+]Cc2ccccc2)cc1,19
CC(Cc1ccccc1)n1cc([N-]C(=O)Nc2ccccc2)[o+]n1,1.0,[O+]1=N[N](C=C1[N-]C(NC2=CC=CC=C2)=O)C(CC3=CC=CC=C3)C,O=C([N-]c1cn(CCc2ccccc2)n[o+]1)Nc1ccccc1,24
CC(Cl)(Cl)Cl,1.0,CC(Cl)(Cl)Cl,,5
CC(N)C(=O)OC(C)(C)Cc1ccc(Cl)cc1,1.0,C1=CC(=CC=C1CC(OC(C(C)N)=O)(C)C)Cl,c1ccccc1,17
CC(N)Cc1ccccc1,1.0,CC(N)Cc1ccccc1,c1ccccc1,10
CC(NC(C)(C)C)C(=O)c1cccc(Cl)c1,1.0,CC(NC(C)(C)C)C(=O)c1cccc(Cl)c1,c1ccccc1,16
CC(NCCn1cnc2c1c(=O)n(C)c(=O)n2C)C(O)c1ccccc1,1.0,C1=NC3=C([N]1CCNC(C(C2=CC=CC=C2)O)C)C(N(C)C(N3C)=O)=O,O=c1[nH]c(=O)c2c(ncn2CCNCCc2ccccc2)[nH]1,26
CC(NN)c1ccccc1,1.0,C1=CC=CC=C1C(NN)C,c1ccccc1,10
CC(NNC(=O)c1ccccc1)c1ccccc1,1.0,C2=C(C(NNC(C1=CC=CC=C1)=O)C)C=CC=C2,O=C(NNCc1ccccc1)c1ccccc1,18
CC(O)Cn1cnc2c1c(=O)n(C)c(=O)n2C,1.0,C1=NC2=C([N]1CC(C)O)C(N(C)C(N2C)=O)=O,O=c1[nH]c(=O)c2[nH]cnc2[nH]1,17
CC(OC(N)=O)C(C)C(C)OC(N)=O,1.0,CC(C(C(OC(N)=O)C)C)OC(N)=O,,14
CC(Oc1cccc2ccccc12)/C(N)=N/O,1.0,C2=C1C(=CC=CC1=CC=C2)OC(\C(=N\O)N)C,c1ccc2ccccc2c1,17
CC(Oc1ccccc1)C(=O)NC1C(=O)N2C1SC(C)(C)C2C(=O)O,0.0,CC(Oc1ccccc1)C(=O)NC2C3SC(C)(C)C(N3C2=O)C(O)=O,O=C(COc1ccccc1)NC1C(=O)N2CCSC12,25
CC(c1noc2ccc(Cl)cc12)n1ccnc1,1.0,C1=C(Cl)C=CC2=C1C(=NO2)C([N]3C=CN=C3)C,c1ccc2c(Cn3ccnc3)noc2c1,17
CC/C(=C(/CC)c1ccc(O)cc1)c1ccc(O)cc1,0.0,CC\C(c1ccc(O)cc1)=C(\CC)c2ccc(O)cc2,C(=Cc1ccccc1)c1ccccc1,20
CC/C(=C(\c1ccccc1)c1ccc(OCCN(C)C)cc1)c1ccccc1,1.0,CC/C(c1ccccc1)=C(c2ccccc2)/c3ccc(OCCN(C)C)cc3,C(=C(c1ccccc1)c1ccccc1)c1ccccc1,28
CC/C=C(\C(=O)N[C@@H]1C(=O)N2C(C(=O)O)=C(COC(N)=O)CS[C@H]12)c1csc(N)n1,0.0,CC/C=C(C(=O)N[C@H]1[C@H]2SCC(=C(N2C1=O)C(O)=O)COC(N)=O)/c3csc(N)n3,C=C(C(=O)NC1C(=O)N2C=CCSC12)c1cscn1,30
CC/C=C(\C)C1(CC)C(=O)NC(=O)NC1=O,1.0,C(C1(C(NC(=O)NC1=O)=O)C(=C/CC)/C)C,O=C1CC(=O)NC(=O)N1,16
CC1(C)CC(=O)N(CCCCN2CCN(c3ncccn3)CC2)C(=O)C1,1.0,[H+].C1=CC=NC(=N1)N2CCN(CC2)CCCCN3C(=O)CC(CC3=O)(C)C.[Cl-],O=C1CCCC(=O)N1CCCCN1CCN(c2ncccn2)CC1,26
CC1(C)CCN(C(=O)Cc2ccc(Cl)c(Cl)c2)[C@@H](CN2CCCC2)C1,1.0,c1(ccc(c(c1)Cl)Cl)CC(N1[C@@H](CN2CCCC2)CC(CC1)(C)C)=O,O=C(Cc1ccccc1)N1CCCCC1CN1CCCC1,25
CC1(C)CN(CCN2CCN(c3cccc(Cl)c3)C2=O)C1,1.0,C1=C(C=CC=C1N3C(N(CCN2CC(C)(C)C2)CC3)=O)Cl,O=C1N(CCN2CCC2)CCN1c1ccccc1,21
CC1(C)NC(=O)C(/C=C/c2ccccc2)O1,1.0,C1=CC=CC=C1/C=C/C2C(NC(O2)(C)C)=O,O=C1NCOC1C=Cc1ccccc1,16
CC1(C)OC(=O)NC1=O,1.0,CC1(C(NC(O1)=O)=O)C,O=C1COC(=O)N1,9
CC1(C)OC(=O)Nc2ccc(Br)cc21,1.0,C1=CC(=CC2=C1NC(=O)OC2(C)C)Br,O=C1Nc2ccccc2CO1,14
CC1(C)O[C@@H]2CC3C4C[C@H](F)C5=CC(=O)C=CC5(C)[C@@]4(Cl)C(Cl)CC3(C)[C@]2(C(=O)CO)O1,1.0,[C@@]23(Cl)C1(C(=CC(=O)C=C1)[C@@H](F)CC2C5C(CC3Cl)([C@]4(C(=O)CO)OC(O[C@@H]4C5)(C)C)C)C,O=C1C=CC2C(=C1)CCC1C2CCC2C1CC1OCOC12,32
CC1(C)O[C@@H]2CC3C4C[C@H](F)C5=CC(=O)C=CC5(C)[C@@]4(Cl)[C@@H](Cl)CC3(C)[C@]2(C(=O)CF)O1,1.0,[C@]12(OC(O[C@@H]1CC3C2(C[C@H](Cl)[C@@]4(Cl)C3C[C@H](F)C5=CC(=O)C=CC45C)C)(C)C)C(=O)CF,O=C1C=CC2C(=C1)CCC1C2CCC2C1CC1OCOC12,32
CC1(C)O[C@@H]2CC3[C@@H]4C[C@H](F)C5=CC(=O)C=CC5(C)[C@H]4[C@@H](O)C[C@]3(C)[C@]2(C(=O)CO)O1,1.0,[C@]14(C([C@H]3[C@H]([C@@H](O)C1)C2(C(=CC(=O)C=C2)[C@@H](F)C3)C)C[C@H]5OC(O[C@@]45C(=O)CO)(C)C)C.[C@]69(C([C@H]8[C@H]([C@@H](O)C6)C7(C(=CC(=O)C=C7)[C@@H](F)C8)C)C[C@H]%10OC(O[C@@]9%10C(=O)CO)(C)C)C.O,O=C1C=CC2C(=C1)CCC1C2CCC2C1CC1OCOC12,31
CC1(C)O[C@@H]2C[C@H]3C4CCC5=CC(=O)C=CC5(C)[C@H]4C(O)CC3(C)[C@]2(C(=O)CO)O1,1.0,[C@]12(OC(O[C@@H]1C[C@@H]3C2(CC(O)[C@H]4C3CCC5=CC(=O)C=CC45C)C)(C)C)C(=O)CO,O=C1C=CC2C(=C1)CCC1C2CCC2C1CC1OCOC12,30
CC1(C)O[C@@H]2C[C@H]3C4CCC5CC(=O)CCC5(C)[C@@]4(F)[C@@H](O)CC3(C)[C@]2(C(=O)CO)O1,1.0,[C@H]23C([C@@]1(OC(O[C@@H]1C2)(C)C)C(=O)CO)(C[C@H](O)[C@@]4(F)C3CCC5C4(CCC(=O)C5)C)C,O=C1CCC2C(CCC3C2CCC2C3CC3OCOC32)C1,31
CC1(C)O[C@@H]2C[C@H]3C4C[C@H](F)C5=CC(=O)C=CC5(C)[C@@]4(Cl)[C@@H](Cl)CC3(C)[C@]2(C(=O)CCl)O1,1.0,[C@H]23C([C@@]1(OC(O[C@@H]1C2)(C)C)C(=O)CCl)(C[C@H](Cl)[C@@]4(Cl)C3C[C@H](F)C5=CC(=O)C=CC45C)C,O=C1C=CC2C(=C1)CCC1C2CCC2C1CC1OCOC12,32
CC1(C)O[C@@H]2C[C@H]3C4C[C@H](F)C5=CC(=O)C=C[C@]5(C)[C@@]4(F)[C@@H](O)C[C@]3(C)[C@]2(C(=O)COC(=O)C2CC2)O1,1.0,[C@]34([C@H](C2[C@@](F)([C@@]1(C(=CC(=O)C=C1)[C@@H](F)C2)C)[C@@H](O)C3)C[C@H]5OC(O[C@@]45C(=O)COC(=O)C6CC6)(C)C)C,O=C1C=CC2C(=C1)CCC1C2CCC2C1CC1OCOC12C(=O)COC(=O)C1CC1,37
CC1(C)O[C@@H]2C[C@H]3[C@@H]4CCC5=CC(=O)C=C[C@]5(C)[C@@]4(F)[C@@H](O)C[C@]3(C)[C@]2(C(=O)CO)O1,1.0,[C@@]45([C@@]3([C@H]([C@H]2[C@]([C@@]1(C(=CC(=O)C=C1)CC2)C)(F)[C@H](C3)O)C[C@H]4OC(O5)(C)C)C)C(CO)=O,O=C1C=CC2C(=C1)CCC1C2CCC2C1CC1OCOC12,31
CC1(C)O[C@@H]2C[C@H]3[C@@H]4CCC5=CC(=O)C=C[C@]5(C)[C@@]4(F)[C@@H](O)C[C@]3(C)[C@]2(C(=O)COC(=O)c2cc3ccccc3o2)O1,1.0,[C@@]45([C@@]3([C@H]([C@H]2[C@]([C@@]1(C(=CC(=O)C=C1)CC2)C)(F)[C@H](C3)O)C[C@H]4OC(O5)(C)C)C)C(COC(C6=CC7=C(O6)C=CC=C7)=O)=O,O=C1C=CC2C(=C1)CCC1C2CCC2C1CC1OCOC12C(=O)COC(=O)c1cc2ccccc2o1,42
CC1(C)O[C@@H]2C[C@H]3[C@@H]4CCC5=CC(=O)CC[C@]5(C)[C@@]4(F)[C@@H](O)C[C@]3(C)[C@]2(C(=O)CCl)O1,1.0,[C@@]45([C@@]3([C@H]([C@H]2[C@]([C@@]1(C(=CC(=O)CC1)CC2)C)(F)[C@H](C3)O)C[C@H]4OC(O5)(C)C)C)C(CCl)=O,O=C1C=C2CCC3C(CCC4C3CC3OCOC34)C2CC1,31
CC1(C)O[C@@H]2C[C@H]3[C@@H]4C[C@H](F)C5=CC(=O)C=C[C@]5(C)[C@@]4(F)[C@@H](O)C[C@]3(C)[C@]2(C(=O)CO)O1,1.0,[C@@]45([C@@]3([C@H]([C@H]2[C@]([C@@]1(C(=CC(=O)C=C1)[C@H](C2)F)C)(F)[C@H](C3)O)C[C@H]4OC(O5)(C)C)C)C(CO)=O,O=C1C=CC2C(=C1)CCC1C2CCC2C1CC1OCOC12,32
CC1(C)O[C@@H]2C[C@H]3[C@@H]4C[C@H](F)C5=CC(=O)CC[C@]5(C)[C@H]4[C@@H](O)C[C@]3(C)[C@]2(C(=O)CO)O1,1.0,[C@@]45([C@@]3([C@H]([C@H]2[C@@H]([C@@]1(C(=CC(=O)CC1)[C@H](C2)F)C)[C@H](C3)O)C[C@H]4OC(O5)(C)C)C)C(CO)=O,O=C1C=C2CCC3C(CCC4C3CC3OCOC34)C2CC1,31
CC1(C)O[C@@H]2[C@@H](CO[C@@]3(COS(N)(=O)=O)OC(C)(C)O[C@@H]23)O1,1.0,[C@@]23([C@H]([C@H]1[C@H](OC(O1)(C)C)CO2)OC(O3)(C)C)CO[S](N)(=O)=O,C1OC2COC3OCOC3C2O1,22
CC1(C)SC2C(N(C(=N)c3ccncc3)[C@H](C(=O)NC(=O)CN)c3ccccc3)C(=O)N2C1C(=O)O,0.0,CC1(C)SC2C(N([C@H](C(=O)NC(=O)CN)c3ccccc3)C(=N)c4ccncc4)C(=O)N2C1C(O)=O,N=C(c1ccncc1)N(Cc1ccccc1)C1C(=O)N2CCSC12,36
CC1(C)SC2C(NC(=O)CSc3ccccc3)C(=O)N2C1C(=O)O,0.0,CC1(C)SC2C(NC(=O)CSc3ccccc3)C(=O)N2C1C(O)=O,O=C(CSc1ccccc1)NC1C(=O)N2CCSC12,24
CC1(C)SC2C(NC(=O)Cc3ccccc3)C(=O)N2C1C(=O)O,0.0,[Na].CC1(C)SC2C(NC(=O)Cc3ccccc3)C(=O)N2C1C(O)=O,O=C(Cc1ccccc1)NC1C(=O)N2CCSC12,23
CC1(C)S[C@@H]2C(NC(=O)[C@H](NC(=O)c3c[nH]c4cccnc4c3=O)c3ccccc3)C(=O)N2[C@H]1C(=O)O,0.0,CC1(C)S[C@@H]2C(NC(=O)[C@H](NC(=O)C3=CNc4cccnc4C3=O)c5ccccc5)C(=O)N2[C@H]1C(O)=O,O=C(NC(C(=O)NC1C(=O)N2CCSC12)c1ccccc1)c1c[nH]c2cccnc2c1=O,37
CC1(C)S[C@@H]2[C@H](N3C(=O)[C@@H](c4ccccc4)NC3(C)C)C(=O)N2[C@H]1C(=O)O,0.0,CC1(C)N[C@@H](C(=O)N1[C@H]2[C@H]3SC(C)(C)[C@@H](N3C2=O)C(O)=O)c4ccccc4,O=C1C(N2CNC(c3ccccc3)C2=O)C2SCCN12,27
CC1(C)S[C@@H]2[C@H](N=CN3CCCCCC3)C(=O)N2[C@H]1C(=O)O,0.0,CC1(C)S[C@@H]2[C@H](N=CN3CCCCCC3)C(=O)N2[C@H]1C(O)=O,O=C1C(N=CN2CCCCCC2)C2SCCN12,22
CC1(C)S[C@@H]2[C@H](NC(=O)C(C(=O)O)c3ccccc3)C(=O)N2[C@H]1C(=O)O,0.0,CC1(C)S[C@@H]2[C@H](NC(=O)C(C(O)=O)c3ccccc3)C(=O)N2[C@H]1C(O)=O,O=C(Cc1ccccc1)NC1C(=O)N2CCSC12,26
CC1(C)S[C@@H]2[C@H](NC(=O)C(C(=O)Oc3ccc4c(c3)CCC4)c3ccccc3)C(=O)N2[C@H]1C(=O)O,0.0,CC1(C)S[C@@H]2[C@H](NC(=O)C(C(=O)Oc3ccc4CCCc4c3)c5ccccc5)C(=O)N2[C@H]1C(O)=O,O=C(NC1C(=O)N2CCSC12)C(C(=O)Oc1ccc2c(c1)CCC2)c1ccccc1,35
CC1(C)S[C@@H]2[C@H](NC(=O)C(C(=O)Oc3ccccc3)c3ccccc3)C(=O)N2[C@H]1C(=O)O,0.0,CC1(C)S[C@@H]2[C@H](NC(=O)C(C(=O)Oc3ccccc3)c4ccccc4)C(=O)N2[C@H]1C(O)=O,O=C(NC1C(=O)N2CCSC12)C(C(=O)Oc1ccccc1)c1ccccc1,32
CC1(C)S[C@@H]2[C@H](NC(=O)C(Oc3ccccc3)c3ccccc3)C(=O)N2[C@H]1C(=O)O,0.0,CC1(C)S[C@@H]2[C@H](NC(=O)C(Oc3ccccc3)c4ccccc4)C(=O)N2[C@H]1C(O)=O,O=C(NC1C(=O)N2CCSC12)C(Oc1ccccc1)c1ccccc1,30
CC1(C)S[C@@H]2[C@H](NC(=O)C(c3ccccc3)S(=O)(=O)O)C(=O)N2[C@H]1C(=O)O,0.0,CC1(C)S[C@@H]2[C@H](NC(=O)C(c3ccccc3)[S](O)(=O)=O)C(=O)N2[C@H]1C(O)=O,O=C(Cc1ccccc1)NC1C(=O)N2CCSC12,27
CC1(C)S[C@@H]2[C@H](NC(=O)C3(N)CCCCC3)C(=O)N2[C@H]1C(=O)O,0.0,CC1(C)S[C@@H]2[C@H](NC(=O)C3(N)CCCCC3)C(=O)N2[C@H]1C(O)=O,O=C(NC1C(=O)N2CCSC12)C1CCCCC1,23
CC1(C)S[C@@H]2[C@H](NC(=O)C34C[C@@H]5C[C@@H](CC(N)(C5)C3)C4)C(=O)N2[C@H]1C(=O)O,0.0,CC1(C)S[C@@H]2[C@H](NC(=O)C34C[C@H]5C[C@H](CC(N)(C5)C3)C4)C(=O)N2[C@H]1C(O)=O,O=C1C(NC(=O)C23CC4CC(CC(C4)C2)C3)C2SCCN12,27
CC1(C)S[C@@H]2[C@H](NC(=O)CCC[C@@H](N)C(=O)O)C(=O)N2[C@H]1C(=O)O,0.0,CC1(C)S[C@@H]2[C@H](NC(=O)CCC[C@@H](N)C(O)=O)C(=O)N2[C@H]1C(O)=O,O=C1CC2SCCN12,24
CC1(C)S[C@@H]2[C@H](NC(=O)COc3ccccc3)C(=O)N2[C@H]1C(=O)[O-],0.0,CC1(C)S[C@@H]2[C@H](NC(=O)COc3ccccc3)C(=O)N2[C@H]1C([O-])=O,O=C(COc1ccccc1)NC1C(=O)N2CCSC12,24
CC1(C)S[C@@H]2[C@H](NC(=O)Cc3ccccc3)C(=O)N2[C@H]1C(=O)O,0.0,CC1(C)S[C@@H]2[C@H](NC(=O)Cc3ccccc3)C(=O)N2[C@H]1C(O)=O,O=C(Cc1ccccc1)NC1C(=O)N2CCSC12,23
CC1(C)S[C@@H]2[C@H](NC(=O)[C@@H](N=Cc3ccco3)c3ccc(O)cc3)C(=O)N2[C@H]1C(=O)O,0.0,CC1(C)S[C@@H]2[C@H](NC(=O)[C@@H](N=Cc3occc3)c4ccc(O)cc4)C(=O)N2[C@H]1C(O)=O,O=C(NC1C(=O)N2CCSC12)C(N=Cc1ccco1)c1ccccc1,31
CC1(C)S[C@@H]2[C@H](NC(=O)[C@H](C(=O)[O-])c3ccsc3)C(=O)N2[C@H]1C(=O)[O-],1.0,[Na+].[Na+].CC1(C)S[C@@H]2[C@H](NC(=O)[C@H](C([O-])=O)c3cscc3)C(=O)N2[C@H]1C([O-])=O,O=C(Cc1ccsc1)NC1C(=O)N2CCSC12,25
CC1(C)S[C@@H]2[C@H](NC(=O)[C@H](N)C3=CCC=CC3)C(=O)N2[C@H]1C(=O)O,0.0,CC1(C)S[C@@H]2[C@H](NC(=O)[C@H](N)C3=CCC=CC3)C(=O)N2[C@H]1C(O)=O,O=C(CC1=CCC=CC1)NC1C(=O)N2CCSC12,24
CC1(C)S[C@@H]2[C@H](NC(=O)[C@H](N)c3ccc(O)cc3)C(=O)N2[C@H]1C(=O)O,0.0,O.O.O.CC1(C)S[C@@H]2[C@H](NC(=O)[C@H](N)c3ccc(O)cc3)C(=O)N2[C@H]1C(O)=O,O=C(Cc1ccccc1)NC1C(=O)N2CCSC12,25
CC1(C)S[C@@H]2[C@H](NC(=O)[C@H](N)c3ccccc3)C(=O)N2[C@H]1C(=O)O,0.0,CC1(C)S[C@@H]2[C@H](NC(=O)[C@H](N)c3ccccc3)C(=O)N2[C@H]1C(O)=O,O=C(Cc1ccccc1)NC1C(=O)N2CCSC12,24
CC1(C)S[C@@H]2[C@H](NC(=O)[C@H](N)c3ccccc3)C(=O)N2[C@H]1C(=O)OC1OC(=O)c2ccccc21,0.0,CC1(C)S[C@@H]2[C@H](NC(=O)[C@H](N)c3ccccc3)C(=O)N2[C@H]1C(=O)OC4OC(=O)c5ccccc45,O=C(Cc1ccccc1)NC1C(=O)N2C(C(=O)OC3OC(=O)c4ccccc43)CSC12,34
CC1(C)S[C@@H]2[C@H](NC(=O)[C@H](NC(=O)Cc3ccc(C4=NCCCN4)cc3)c3ccccc3)C(=O)N2[C@H]1C(=O)O,0.0,CC1(C)S[C@@H]2[C@H](NC(=O)[C@H](NC(=O)Cc3ccc(cc3)C4=NCCCN4)c5ccccc5)C(=O)N2[C@H]1C(O)=O,O=C(Cc1ccc(C2=NCCCN2)cc1)NC(C(=O)NC1C(=O)N2CCSC12)c1ccccc1,39
CC1(C)S[C@@H]2[C@H](NC(=O)[C@H](NC(=O)N3CCN(S(C)(=O)=O)C3=O)c3ccccc3)C(=O)N2[C@H]1C(=O)O,0.0,CC1(C)S[C@@H]2[C@H](NC(=O)[C@H](NC(=O)N3CCN(C3=O)[S](C)(=O)=O)c4ccccc4)C(=O)N2[C@H]1C(O)=O,O=C(NC1C(=O)N2CCSC12)C(NC(=O)N1CCNC1=O)c1ccccc1,36
CC1(C)S[C@@H]2[C@H](NC(=O)[C@H](NC(=O)Nc3cnc(Nc4ccc(S(N)(=O)=O)cc4)[nH]c3=O)c3ccc(O)cc3)C(=O)N2[C@H]1C(=O)O,0.0,CC1(C)S[C@@H]2[C@H](NC(=O)[C@H](NC(=O)NC3=CN=C(NC3=O)Nc4ccc(cc4)[S](N)(=O)=O)c5ccc(O)cc5)C(=O)N2[C@H]1C(O)=O,O=C(Nc1cnc(Nc2ccccc2)[nH]c1=O)NC(C(=O)NC1C(=O)N2CCSC12)c1ccccc1,46
CC1(C)S[C@@H]2[C@H](NC(=O)[C@H](NC(=O)c3ccc(-c4ccc(S(=O)(=O)N(CCO)CCO)cc4)[nH]c3=O)c3ccc(O)cc3)C(=O)N2[C@H]1C(=O)[O-],0.0,[Na+].CC1(C)S[C@@H]2[C@H](NC(=O)[C@H](NC(=O)C3=CC=C(NC3=O)c4ccc(cc4)[S](=O)(=O)N(CCO)CCO)c5ccc(O)cc5)C(=O)N2[C@H]1C([O-])=O,O=C(NC(C(=O)NC1C(=O)N2CCSC12)c1ccccc1)c1ccc(-c2ccccc2)[nH]c1=O,50
CC1(C)S[C@@H]2[C@H](NC(=O)[C@H](NS(=O)(=O)[O-])c3ccccc3)C(=O)N2[C@H]1C(=O)[O-],0.0,[Na+].[Na+].CC1(C)S[C@@H]2[C@H](NC(=O)[C@H](N[S]([O-])(=O)=O)c3ccccc3)C(=O)N2[C@H]1C([O-])=O,O=C(Cc1ccccc1)NC1C(=O)N2CCSC12,28
CC1(C)S[C@@H]2[C@H](NC(=O)c3nc4ccccc4nc3C(=O)O)C(=O)N2[C@H]1C(=O)O,0.0,CC1(C)S[C@@H]2[C@H](NC(=O)c3nc4ccccc4nc3C(O)=O)C(=O)N2[C@H]1C(O)=O,O=C(NC1C(=O)N2CCSC12)c1cnc2ccccc2n1,29
CC1(C)S[C@@H]2[C@H]([NH+]3C(=O)C(c4ccc(O)cc4)NC3(C)C)C(=O)N2[C@H]1C(=O)O,0.0,CC1(C)NC(C(=O)[NH+]1[C@H]2[C@H]3SC(C)(C)[C@@H](N3C2=O)C(O)=O)c4ccc(O)cc4,O=C1C([NH+]2CNC(c3ccccc3)C2=O)C2SCCN12,28
CC1(C)[C@H](NC(=O)/C(=N\OCC(=O)O)c2csc(N)n2)C(=O)N1OS(=O)(=O)O,0.0,CC1(C)[C@H](NC(=O)C(=N\OCC(O)=O)/c2csc(N)n2)C(=O)N1O[S](O)(=O)=O,N=C(C(=O)NC1CNC1=O)c1cscn1,28
CC1(c2ccccc2)CC(=O)N(CN2CCOCC2)C1=O,1.0,C3=C(C2(C(N(CN1CCOCC1)C(C2)=O)=O)C)C=CC=C3,O=C1CC(c2ccccc2)C(=O)N1CN1CCOCC1,21
CC12C=CC(=O)C=C1CCC1C3CCC(O)(C(=O)CO)C3(C)CC(O)C12F,1.0,C(C(C1(CCC2C4C(C(CC12C)O)(F)C3(C=CC(C=C3CC4)=O)C)O)=O)O,O=C1C=CC2C(=C1)CCC1C3CCCC3CCC21,27
CC12C=CC(=O)C=C1CCC1C3CC[C@](O)(C(=O)CO)C3(C)CC(Cl)[C@@]12Cl,1.0,[C@@]23(Cl)C(C1C([C@](O)(CC1)C(=O)CO)(CC2Cl)C)CCC4=CC(=O)C=CC34C,O=C1C=CC2C(=C1)CCC1C3CCCC3CCC21,27
CC12CC(=O)[C@H]3C(CC[C@H]4C[C@H](O)CCC43C)[C@@H]1CCC2C(=O)CO,1.0,[C@@H]12C4([C@@H](CCC1[C@H]3C(CC2=O)(C(CC3)C(=O)CO)C)C[C@H](O)CC4)C,O=C1CC2CCCC2C2CCC3CCCCC3C12,25
CC12CC3CC(C)(C1)CC(N)(C3)C2,1.0,CC12CC3(CC(C1)(CC(C2)C3)N)C,C1C2CC3CC1CC(C2)C3,13
CC12CCC(=O)C=C1CCC1C2C(O)CC2(C)C1CCC2(O)C(=O)COC(=O)CCC1CCCC1,1.0,CC14CCC(=O)C=C1CCC5C3CCC(O)(C(=O)COC(=O)CCC2CCCC2)C3(C)CC(O)C45,O=C1C=C2CCC3C(CCC4C(C(=O)COC(=O)CCC5CCCC5)CCC43)C2CC1,35
CC12CCC(=O)C=C1CCC1C2CCC2(C)C1CCC2(O)C(=O)CO,1.0,C(O)C(=O)C4(O)C3(C(C2C(C1(C(=CC(=O)CC1)CC2)C)CC3)CC4)C,O=C1C=C2CCC3C4CCCC4CCC3C2CC1,25
CC12CCC(CC1=O)C2(C)C,1.0,CC12C(C(CC1=O)CC2)(C)C,O=C1CC2CCC1C2,11
CC12CCCCCC(Cc3ccc(O)cc31)C2N,1.0,CC13CCCCCC(Cc2ccc(O)cc12)C3N,c1ccc2c(c1)CC1CCCCCC2C1,18
CC12C[C@H](O)[C@@]3(F)C(CCC4=CC(=O)C=CC43C)[C@@H]1C[C@H]1O[C@@](C)(c3ccccc3)O[C@]12C(=O)CO,1.0,[C@H]24C([C@@]1(O[C@@](O[C@@H]1C2)(C3=CC=CC=C3)C)C(=O)CO)(C[C@H](O)[C@@]5(F)C4CCC6=CC(=O)C=CC56C)C,O=C1C=CC2C(=C1)CCC1C2CCC2C1CC1OC(c3ccccc3)OC12,36
CC12NC(Cc3ccccc31)c1ccccc12,1.0,C1=CC=CC2=C1C3(C4=C(CC2N3)C=CC=C4)C,c1ccc2c(c1)CC1NC2c2ccccc21,17
CC1=C(C(=O)O)N2C(=O)[C@@H](NC(=O)Cc3ccc(C4=NCCCN4)cc3)[C@H]2SC1,0.0,CC1=C(N2[C@H](SC1)[C@H](NC(=O)Cc3ccc(cc3)C4=NCCCN4)C2=O)C(O)=O,O=C(Cc1ccc(C2=NCCCN2)cc1)NC1C(=O)N2C=CCSC12,29
CC1=C(C(=O)O)N2C(=O)[C@@H](NC(=O)[C@H](N)C3=CCC=CC3)[C@H]2SC1,0.0,CC1=C(N2[C@H](SC1)[C@H](NC(=O)[C@H](N)C3=CCC=CC3)C2=O)C(O)=O,O=C(CC1=CCC=CC1)NC1C(=O)N2C=CCSC12,24
CC1=C(C(=O)O)N2C(=O)[C@@H](NC(=O)[C@H](N)c3ccc(O)c(Cl)c3)[C@H]2SC1,0.0,CC1=C(N2[C@H](SC1)[C@H](NC(=O)[C@H](N)c3ccc(O)c(Cl)c3)C2=O)C(O)=O,O=C(Cc1ccccc1)NC1C(=O)N2C=CCSC12,26
CC1=C(C(=O)O)N2C(=O)[C@@H](NC(=O)[C@H](N)c3ccc(O)cc3)[C@H]2SC1,0.0,CC1=C(N2[C@H](SC1)[C@H](NC(=O)[C@H](N)c3ccc(O)cc3)C2=O)C(O)=O,O=C(Cc1ccccc1)NC1C(=O)N2C=CCSC12,25
CC1=C(C(=O)O)N2C(=O)[C@@H](NC(=O)[C@H](N)c3cccc(NS(C)(=O)=O)c3)[C@H]2SC1,0.0,CC1=C(N2[C@H](SC1)[C@H](NC(=O)[C@H](N)c3cccc(N[S](C)(=O)=O)c3)C2=O)C(O)=O,O=C(Cc1ccccc1)NC1C(=O)N2C=CCSC12,29
CC1=C(C(=O)O)N2C(=O)[C@@H](NC(=O)[C@H](N)c3ccccc3)[C@H]2SC1,0.0,CC1=C(N2[C@H](SC1)[C@H](NC(=O)[C@H](N)c3ccccc3)C2=O)C(O)=O,O=C(Cc1ccccc1)NC1C(=O)N2C=CCSC12,24
CC1=C/C(O)CC(=O)Cc2nc(co2)C(=O)N2CCC=C2C(=O)OC(C(C)C)C(C)/C=C\C(=O)NC/C=C\1,0.0,CC(C)C1OC(=O)C2=CCCN2C(=O)c3coc(CC(=O)CC(O)\C=C(C)/C=C\CNC(=O)\C=C/C1C)n3,O=C1CCC=CC=CCNC(=O)C=CCCOC(=O)C2=CCCN2C(=O)c2coc(n2)C1,38
CC1=C2C(c3cccc(Cl)c3)=NCCN=C2N(C)N1,1.0,C3=C(C1=NCCN=C2N(NC(=C12)C)C)C=CC=C3Cl,C1=C2C(=NCCN=C2c2ccccc2)NN1,19
CC1=CC(=C2C=CC(=O)C=C2)NN=C1NCCN1CCOCC1,1.0,C(N1CCOCC1)CNC2=NNC(C=C2C)=C3C=CC(=O)C=C3,O=C1C=CC(=C2C=CC(NCCN3CCOCC3)=NN2)C=C1,23
CC1=CC(=O)N2CC(=O)N(C)c3ccc(Cl)cc3C2(c2ccccc2)O1,1.0,C1=C(Cl)C=CC2=C1C3(N(CC(=O)N2C)C(C=C(O3)C)=O)C4=CC=CC=C4,O=C1CN2C(=O)C=COC2(c2ccccc2)c2ccccc2N1,26
CC1=CCC2C3Cc4ccc(O)c5c4C2(CCN3C)C1O5,1.0,C5=C3C1=C(OC4C12C(C(N(CC2)C)C3)CC=C4C)C(=C5)O,C1=CC2Oc3cccc4c3C23CCNC(C4)C3C1,21
CC1=C[C@@H]2[C@H]([C@@H](O)C[C@@]3(C)[C@H]2C[C@@H](C)[C@]3(O)C(=O)COC(=O)c2cccc(S(=O)(=O)O)c2)[C@@]2(C)Cc3cnn(-c4ccccc4)c3C=C12,1.0,[C@H]37[C@H]2[C@@]([C@](C(COC(C1=CC(=CC=C1)[S](O)(=O)=O)=O)=O)(O)[C@@H](C2)C)(C[C@@H]([C@@H]3[C@@]4(C(=CC5=C(C4)C=N[N]5C6=CC=CC=C6)C(=C7)C)C)O)C,O=C(OCC(=O)C1CCC2C3C=CC4=Cc5c(cnn5-c5ccccc5)CC4C3CCC12)c1ccccc1,48
CC1=NN(c2ccccc2)C(=O)C1,1.0,C2=C(N1N=C(C)CC1=O)C=CC=C2,O=C1CC=NN1c1ccccc1,13
CC1=Nc2ccccc2CC(c2ccccc2)N1C,1.0,CN2C(Cc1ccccc1N=C2C)c3ccccc3,C1=Nc2ccccc2CC(c2ccccc2)N1,19
CC1C2Cc3ccc(O)cc3C1(C)CCN2C,1.0,C1=CC(=CC2=C1CC3C(C2(CCN3C)C)C)O,c1ccc2c(c1)CC1CC2CCN1,17
CC1C2Cc3ccc(O)cc3C1(C)CCN2CC1CC1,1.0,CC1C2Cc3ccc(O)cc3C1(C)CCN2CC4CC4,c1ccc2c(c1)CC1CC2CCN1CC1CC1,20
CC1C2Cc3ccc(O)cc3C1(C)CCN2CCc1ccccc1,1.0,C1=C(C=CC2=C1C3(C)C(C)C(C2)N(CC3)CCC4=CC=CC=C4)O,c1ccc(CCN2CCC3CC2Cc2ccccc23)cc1,24
CC1CC(OC(=O)C2CCC(=O)N2)CC(C)(C)C1,1.0,CC2(CC(OC(C1NC(=O)CC1)=O)CC(C2)C)C,O=C1CCC(C(=O)OC2CCCCC2)N1,18
CC1CC2C3CC(F)(F)C4=CC(=O)C=C[C@]4(C)C3(F)C(O)CC2(C)C1(O)C(=O)CO,1.0,CC1CC2C3CC(F)(F)C4=CC(=O)C=C[C@]4(C)C3(F)C(O)CC2(C)C1(O)C(=O)CO,O=C1C=CC2C(=C1)CCC1C3CCCC3CCC21,30
CC1CC2C3CC(F)C4=CC(=O)C=CC4(C)C3(F)C(O)CC2(C)C1(O)C(=O)CCl,1.0,CC4CC3C2CC(F)C1=CC(=O)C=CC1(C)C2(F)C(O)CC3(C)C4(O)C(=O)CCl,O=C1C=CC2C(=C1)CCC1C3CCCC3CCC21,29
CC1CC2C3CC(F)C4=CC(=O)C=CC4(C)C3(F)C(O)CC2(C)C1(O)C(=O)SCF,1.0,CC4CC3C2CC(F)C1=CC(=O)C=CC1(C)C2(F)C(O)CC3(C)C4(O)C(=O)SCF,O=C1C=CC2C(=C1)CCC1C3CCCC3CCC21,30
CC1CC2C3CCC4=CC(=O)C=CC4(C)[C@@]3(F)C(O)CC2(C)[C@@]1(O)C(=O)CCl,1.0,[C@@]23(F)C(C1C([C@](O)(C(C1)C)C(=O)CCl)(CC2O)C)CCC4=CC(=O)C=CC34C,O=C1C=CC2C(=C1)CCC1C3CCCC3CCC21,28
CC1CCCC1,1.0,CC1CCCC1,C1CCCC1,6
CC1CCN(CCCC(=O)c2ccc(F)cc2)CC1,1.0,C1=CC(=CC=C1C(CCCN2CCC(C)CC2)=O)F,O=C(CCCN1CCCCC1)c1ccccc1,19
CC1CN(C)CC2Cc3c(ccc4ccccc34)OC12O,1.0,C1=C4C(=C2C(=C1)C=CC=C2)CC3CN(C)CC(C3(O4)O)C,c1ccc2c3c(ccc2c1)OC1CCNCC1C3,21
CC1CN(CCCn2c3ccccc3c3ccccc32)CC(C)N1,1.0,CC4CN(CCCn2c1ccccc1c3ccccc23)CC(C)N4,c1ccc2c(c1)c1ccccc1n2CCCN1CCNCC1,24
CC1COC2(c3ccccc3Cl)c3cc(Cl)ccc3NC(=O)CN12,1.0,C1=C(Cl)C=CC3=C1C2(N(C(C)CO2)CC(=O)N3)C4=CC=CC=C4Cl,O=C1CN2CCOC2(c2ccccc2)c2ccccc2N1,24
CC1COc2c(N3CCN(C)CC3)c(F)cc3c(=O)c(C(=O)O)cn1c23,1.0,c12c3c(N4CCN(C)CC4)c(F)cc1c(c(C(O)=O)cn2C(C)CO3)=O,O=c1ccn2c3c(c(N4CCNCC4)ccc13)OCC2,26
CC1NC(=O)C(NC(=O)c2ncccc2O)C(C)OC(=O)C(c2ccccc2)NC(=O)C2CC(=O)CCN2C(=O)C(Cc2ccc(N(C)C)cc2)N(C)C(=O)C2CCCN2C1=O,0.0,CC1OC(=O)C(NC(=O)C2CC(=O)CCN2C(=O)C(Cc3ccc(cc3)N(C)C)N(C)C(=O)C4CCCN4C(=O)C(C)NC(=O)C1NC(=O)c5ncccc5O)c6ccccc6,O=C1CCN2C(=O)C(Cc3ccccc3)NC(=O)C3CCCN3C(=O)CNC(=O)C(NC(=O)c3ccccn3)COC(=O)C(c3ccccc3)NC(=O)C2C1,62
CC1NC(=O)COC1c1ccccc1,1.0,C1=CC=CC=C1C2C(NC(=O)CO2)C,O=C1COC(c2ccccc2)CN1,14
CC1NCCOC1c1ccccc1,1.0,C2=C(C1C(C)NCCO1)C=CC=C2,c1ccc(C2CNCCO2)cc1,13
CC1OC(C)OC(C)O1,1.0,CC1OC(C)OC(O1)C,C1OCOCO1,9
CC1OC(OC2CC(O)(C(=O)CO)Cc3c(O)c4c(c(O)c32)C(=O)c2ccccc2C4=O)CC(N)C1O,0.0,CC1OC(CC(N)C1O)OC2CC(O)(Cc3c(O)c4C(=O)c5ccccc5C(=O)c4c(O)c23)C(=O)CO,O=C1c2ccccc2C(=O)c2cc3c(cc21)CCCC3OC1CCCCO1,37
CC1OC(O[C@@H]2C=C3CC[C@@H]4[C@H](CC[C@]5(C)[C@@H](c6ccc(=O)oc6)CC[C@]45O)[C@@]3(C)CC2)C(O)C(O)C1O,0.0,CC1OC(O[C@H]2CC[C@]3(C)[C@H]4CC[C@]5(C)[C@H](CC[C@]5(O)[C@@H]4CCC3=C2)C6=COC(=O)C=C6)C(O)C(O)C1O,O=c1ccc(C2CCC3C2CCC2C4CCC(OC5CCCCO5)C=C4CCC23)co1,38
CC1OC2(CCCCC2Oc2cccc(Cl)c2)NC1=O,1.0,C3=C(OC2C1(NC(=O)C(O1)C)CCCC2)C=CC=C3Cl,O=C1COC2(CCCCC2Oc2ccccc2)N1,20
CC1Oc2ccccc2CC1N(C)C,1.0,C1=CC=CC2=C1CC(N(C)C)C(O2)C,c1ccc2c(c1)CCCO2,14
CC1[C@H]2C(=O)c3ccc(O)cc3[C@]1(C)CCN2CC1CC1,1.0,[C@H]12N(CC[C@](C1C)(C3=C(C2=O)C=CC(=C3)O)C)CC4CC4,O=C1c2ccccc2C2CCN(CC3CC3)C1C2,21
CC=CCC(C)C(O)C1C(=O)NC(CC)C(=O)N(C)CC(=O)N(C)C(CC(C)C)C(=O)NC(C(C)C)C(=O)N(C)C(CC(C)C)C(=O)NC(C)C(=O)NC(C)C(=O)N(C)C(CC(C)C)C(=O)N(C)C(CC(C)C)C(=O)N(C)C(C(C)C)C(=O)N1C,0.0,CCC1C(=O)N(CC(=O)N(C(C(=O)NC(C(=O)N(C(C(=O)NC(C(=O)NC(C(=O)N(C(C(=O)N(C(C(=O)N(C(C(=O)N(C(C(=O)N1)C(C(C)CC=CC)O)C)C(C)C)C)CC(C)C)C)CC(C)C)C)C)C)CC(C)C)C)C(C)C)CC(C)C)C)C,O=C1CNC(=O)CNC(=O)CNC(=O)CNC(=O)CNC(=O)CNC(=O)CNC(=O)CNC(=O)CNC(=O)CNC(=O)CN1,85
CCC(=O)C(CC(C)N(C)C)(c1ccccc1)c1ccccc1,1.0,CCC(=O)C(CC(C)N(C)C)(c1ccccc1)c2ccccc2,c1ccc(Cc2ccccc2)cc1,23
CCC(=O)C(CCN(C)C)(c1ccccc1)c1ccccc1,1.0,C2=C(C(C1=CC=CC=C1)(CCN(C)C)C(CC)=O)C=CC=C2,c1ccc(Cc2ccccc2)cc1,22
CCC(=O)C(c1ccccc1)(c1ccccc1)C(C)CN(C)C,1.0,C1=CC=CC=C1C(C2=CC=CC=C2)(C(CN(C)C)C)C(CC)=O,c1ccc(Cc2ccccc2)cc1,23
CCC(=O)C1(N2CCCCC2)CCN(CCCC(=O)c2ccc(F)cc2)CC1,1.0,C1=CC(=CC=C1C(CCCN3CCC(N2CCCCC2)(CC3)C(CC)=O)=O)F,O=C(CCCN1CCC(N2CCCCC2)CC1)c1ccccc1,28
CCC(=O)C1(O)CCC2C3CCC4=CC(=O)CCC4(C)C3C(O)CC21C,1.0,CCC(=O)C1(O)CCC2C3CCC4=CC(=O)CCC4(C)C3C(O)CC21C,O=C1C=C2CCC3C4CCCC4CCC3C2CC1,26
CCC(=O)C1(c2cccc(O)c2)CCN(C)CC1,1.0,C1=C(C=CC=C1C2(CCN(C)CC2)C(CC)=O)O,c1ccc(C2CCNCC2)cc1,18
CCC(=O)N(c1ccc(Cl)c(Cl)c1)[C@@H]1CCC[C@H]1N(C)C,1.0,[C@H]2(N(C1=CC=C(C(=C1)Cl)Cl)C(CC)=O)[C@@H](CCC2)N(C)C,c1ccc(NC2CCCC2)cc1,21
CCC(=O)N(c1ccccc1)C1(C(=O)OC)CCN(CCC(=O)OC)CC1,1.0,C1=CC=CC=C1N(C2(CCN(CCC(OC)=O)CC2)C(OC)=O)C(CC)=O,c1ccc(NC2CCNCC2)cc1,27
CCC(=O)N(c1ccccc1)C1(C(=O)OC)CCN(CCc2ccccc2)CC1,1.0,C1=CC=CC=C1N(C3(CCN(CCC2=CC=CC=C2)CC3)C(OC)=O)C(CC)=O,c1ccc(CCN2CCC(Nc3ccccc3)CC2)cc1,29
CCC(=O)N(c1ccccc1)C1(COC)CCN(CCc2cccs2)CC1,1.0,CCC(=O)N(c1ccccc1)C2(CCN(CCc3sccc3)CC2)COC,c1ccc(NC2CCN(CCc3cccs3)CC2)cc1,27
CCC(=O)N(c1ccccc1)C1(COC)CCN(CCn2nnn(CC)c2=O)CC1,1.0,CCN1N=NN(CCN2CCC(CC2)(COC)N(C(=O)CC)c3ccccc3)C1=O,O=c1[nH]nnn1CCN1CCC(Nc2ccccc2)CC1,30
CCC(=O)N(c1ccccc1)C1CCN(CCc2ccccc2)CC1,1.0,CCC(=O)N(C1CCN(CC1)CCc2ccccc2)c3ccccc3,c1ccc(CCN2CCC(Nc3ccccc3)CC2)cc1,25
CCC(=O)N(c1ccccc1)[C@]1(C(=O)OC)CCN(CCc2ccccc2)C[C@@H]1C,1.0,[C@]3(N(C1=CC=CC=C1)C(=O)CC)(C(=O)OC)[C@H](CN(CCC2=CC=CC=C2)CC3)C,c1ccc(CCN2CCC(Nc3ccccc3)CC2)cc1,30
CCC(=O)N(c1ccccc1F)C1(c2ccccc2)CCN(CCn2nnn(CC)c2=O)CC1,1.0,[H+].C4=C(C2(N(C1=C(F)C=CC=C1)C(=O)CC)CCN(CC2)CCN3N=NN(C3=O)CC)C=CC=C4.[Cl-],O=c1[nH]nnn1CCN1CCC(Nc2ccccc2)(c2ccccc2)CC1,34
CCC(=O)N1CCN(C(=O)OC2C3=C(SCCS3)C(=O)N2c2ccc3ccc(Cl)nc3n2)CC1,1.0,C4=C(N2C(C1=C(SCCS1)C2=O)OC(N3CCN(C(CC)=O)CC3)=O)N=C5C(=C4)C=CC(=N5)Cl,O=C(OC1C2=C(SCCS2)C(=O)N1c1ccc2cccnc2n1)N1CCNCC1,34
CCC(=O)Nc1ccc(O)cc1,1.0,C1=C(NC(CC)=O)C=CC(=C1)O,c1ccccc1,12
CCC(=O)OC1(c2ccccc2)CCN(C)CC1C,1.0,C2=C(C1(C(CN(C)CC1)C)OC(CC)=O)C=CC=C2,c1ccc(C2CCNCC2)cc1,19
CCC(=O)OC1CC(=O)OC(C)C/C=C/C=C\C(O)C(C)CC(CC=O)C(O[C@@H]2O[C@H](C)[C@@H](O[C@H]3C[C@@](C)(O)[C@H](OC(=O)CC)[C@@H](C)O3)[C@H](N(C)C)[C@H]2O)C1OC,0.0,CCC(=O)OC1CC(=O)OC(C)C\C=C\C=C/C(O)C(C)CC(CC=O)C(O[C@@H]2O[C@H](C)[C@@H](O[C@H]3C[C@@](C)(O)[C@H](OC(=O)CC)[C@@H](C)O3)[C@@H]([C@H]2O)N(C)C)C1OC,O=C1CCCC(OC2CCC(OC3CCCCO3)CO2)CCCCC=CC=CCCO1,57
CCC(=O)OCC(=O)[C@@]1(OC(=O)CC)[C@@H](C)C[C@H]2[C@@H]3CCC4=CC(=O)C=C[C@]4(C)[C@@]3(Cl)[C@@H](O)C[C@@]21C,1.0,[C@@]4([C@@]3([C@H]([C@H]2[C@]([C@@]1(C(=CC(=O)C=C1)CC2)C)(Cl)[C@H](C3)O)C[C@@H]4C)C)(C(COC(CC)=O)=O)OC(CC)=O,O=C1C=CC2C(=C1)CCC1C3CCCC3CCC21,36
CCC(=O)OCC(=O)[C@@]1(OC(=O)CC)[C@@H](C)C[C@H]2[C@@H]3CCC4=CC(=O)C=C[C@]4(C)[C@@]3(F)[C@@H](O)C[C@@]21C,1.0,[C@@]4([C@@]3([C@H]([C@H]2[C@]([C@@]1(C(=CC(=O)C=C1)CC2)C)(F)[C@H](C3)O)C[C@@H]4C)C)(C(COC(CC)=O)=O)OC(CC)=O,O=C1C=CC2C(=C1)CCC1C3CCCC3CCC21,36
CCC(=O)OCC(=O)[C@@]1(OC(=O)CC)[C@H](C)C[C@H]2[C@H]3[C@H]([C@@H](O)C[C@@]21C)[C@@]1(C)C=CC(=O)C=C1C[C@H]3Cl,1.0,[C@@]4([C@@]3([C@H]([C@H]2[C@@H]([C@@]1(C(=CC(=O)C=C1)C[C@H]2Cl)C)[C@H](C3)O)C[C@H]4C)C)(C(COC(CC)=O)=O)OC(CC)=O,O=C1C=CC2C(=C1)CCC1C3CCCC3CCC21,36
CCC(=O)OCC(=O)[C@@]12OC(C)(C)O[C@@H]1CC1C3C[C@H](F)C4=CC(=O)C=CC4(C)[C@@]3(F)C(O)CC12C,1.0,[C@@]23(F)C1(C(=CC(=O)C=C1)[C@@H](F)CC2C5C(CC3O)([C@]4(C(=O)COC(=O)CC)OC(O[C@@H]4C5)(C)C)C)C,O=C1C=CC2C(=C1)CCC1C2CCC2C1CC1OCOC12,36
CCC(=O)O[C@H]1[C@H](C)O[C@@H](O[C@@H]2C(C)C(=O)O[C@H](C)[C@H](C)[C@H](OC(=O)CC)[C@@H](C)C(=O)[C@]3(CO3)CC(C)[C@H](O[C@@H]3O[C@H](C)C[C@H](N(C)C)[C@H]3O)[C@H]2C)C[C@@H]1OC,0.0,CCC(=O)O[C@H]1[C@@H](C)[C@@H](C)OC(=O)C(C)[C@@H](O[C@H]2C[C@H](OC)[C@@H](OC(=O)CC)[C@H](C)O2)[C@H](C)[C@@H](O[C@@H]3O[C@H](C)C[C@@H]([C@H]3O)N(C)C)C(C)C[C@@]4(CO4)C(=O)[C@@H]1C,O=C1CC(OC2CCCCO2)CC(OC2CCCCO2)CCC2(CO2)C(=O)CCCCO1,56
CCC(=O)O[C@](Cc1ccccc1)(c1ccccc1)[C@H](C)CN(C)C,1.0,CCC(=O)O[C@@](Cc1ccccc1)([C@H](C)CN(C)C)c2ccccc2,c1ccc(CCc2ccccc2)cc1,25
CCC(=O)O[C@]1(C(=O)CCl)[C@@H](C)C[C@H]2[C@@H]3CCC4=CC(=O)C=C[C@]4(C)[C@@]3(F)[C@@H](O)C[C@@]21C,1.0,[C@]4([C@@]3([C@H]([C@H]2[C@]([C@@]1(C(=CC(=O)C=C1)CC2)C)(F)[C@H](C3)O)C[C@@H]4C)C)(OC(CC)=O)C(CCl)=O,O=C1C=CC2C(=C1)CCC1C3CCCC3CCC21,32
CCC(=O)O[C@]1(C(=O)COC(C)=O)CC[C@H]2[C@@H]3CCC4=CC(=O)CC[C@]4(C)[C@H]3[C@@H](O)C[C@@]21C,1.0,[C@@]4([C@@]3([C@H]([C@H]2[C@@H]([C@@]1(C(=CC(=O)CC1)CC2)C)[C@H](C3)O)CC4)C)(C(COC(C)=O)=O)OC(CC)=O,O=C1C=C2CCC3C4CCCC4CCC3C2CC1,33
CCC(=O)O[C@]1(C(=O)COC(C)=O)CC[C@H]2[C@@H]3C[C@H](C)C4=CC(=O)C=C[C@]4(C)[C@H]3[C@@H](O)C[C@@]21C,1.0,[C@@]4([C@@]3([C@H]([C@H]2[C@@H]([C@@]1(C(=CC(=O)C=C1)[C@H](C2)C)C)[C@H](C3)O)CC4)C)(C(COC(C)=O)=O)OC(CC)=O,O=C1C=CC2C(=C1)CCC1C3CCCC3CCC21,34
CCC(=O)O[C@]1(C(=O)COC)[C@@H](C)C[C@H]2[C@@H]3CCC4=CC(=O)C=C[C@]4(C)[C@@]3(F)[C@@H](O)C[C@@]21C,1.0,[C@H]12[C@@]([C@](OC(=O)CC)([C@H](C1)C)C(=O)COC)(C[C@H](O)[C@@]3(F)[C@H]2CCC4=CC(=O)C=C[C@]34C)C,O=C1C=CC2C(=C1)CCC1C3CCCC3CCC21,33
CCC(=O)O[C@]1(C(=O)SC)[C@H](C)CC2C3C[C@H](F)C4=CC(=O)C=CC4(C)[C@@]3(F)[C@@H](O)C[C@@]21C,1.0,[C@]14([C@](OC(=O)CC)([C@@H](CC1C3[C@@](F)(C2(C(=CC(=O)C=C2)[C@@H](F)C3)C)[C@@H](O)C4)C)C(SC)=O)C,O=C1C=CC2C(=C1)CCC1C3CCCC3CCC21,33
CCC(=O)O[C@]1(C(=O)SCCl)[C@H](C)C[C@H]2C3C[C@H](F)C4=CC(=O)C=C[C@]4(C)[C@@]3(F)[C@@H](O)C[C@@]21C,1.0,[C@]34([C@H](C2[C@@](F)([C@@]1(C(=CC(=O)C=C1)[C@@H](F)C2)C)[C@@H](O)C3)C[C@H]([C@]4(OC(=O)CC)C(SCCl)=O)C)C,O=C1C=CC2C(=C1)CCC1C3CCCC3CCC21,34
CCC(=O)O[C@]1(C(=O)SCF)[C@H](C)C[C@H]2[C@@H]3C[C@H](F)C4=CC(=O)C=C[C@]4(C)[C@@]3(F)[C@@H](O)C[C@@]21C,1.0,[C@]4([C@@]3([C@H]([C@H]2[C@]([C@@]1(C(=CC(=O)C=C1)[C@H](C2)F)C)(F)[C@H](C3)O)C[C@H]4C)C)(OC(CC)=O)C(SCF)=O,O=C1C=CC2C(=C1)CCC1C3CCCC3CCC21,34
CCC(=O)O[C@]1(c2ccccc2)CCN(C)C[C@@H]1CC,1.0,[C@]2(C1=CC=CC=C1)([C@H](CN(C)CC2)CC)OC(CC)=O,c1ccc(C2CCNCC2)cc1,20
CCC(=O)[C@@]1(C)[C@H](C)C[C@H]2[C@@H]3CCC4=CC(=O)C=C[C@]4(C)[C@H]3[C@@H](O)C[C@@]21C,1.0,[C@H]12[C@@]([C@](C(CC)=O)(C)[C@@H](C1)C)(C[C@H](O)[C@H]3[C@H]2CCC4=CC(=O)C=C[C@]34C)C,O=C1C=CC2C(=C1)CCC1C3CCCC3CCC21,27
CCC(=O)c1ccc2c(c1)N(CC(C)N(C)C)c1ccccc1S2,1.0,CCC(=O)c1ccc2Sc3ccccc3N(CC(C)N(C)C)c2c1,c1ccc2c(c1)Nc1ccccc1S2,24
CCC(=O)c1ccc2c(c1)N(CCCN1CCN(CCO)CC1)c1ccccc1S2,1.0,CCC(=O)c1ccc2Sc3ccccc3N(CCCN4CCN(CCO)CC4)c2c1,c1ccc2c(c1)Sc1ccccc1N2CCCN1CCNCC1,30
CCC(Br)(C(N)=O)C(C)C,1.0,C(C(C(C)C)(C(N)=O)Br)C,,10
CCC(Br)(CC)C(=O)NC(=O)NC(C)=O,1.0,C(C(C(NC(NC(C)=O)=O)=O)(CC)Br)C,,15
CCC(Br)(CC)C(=O)NC(N)=O,1.0,C(C(C(NC(N)=O)=O)(CC)Br)C,,12
CCC(C(=O)NC(N)=O)c1ccccc1,1.0,C1=CC=CC=C1C(C(NC(N)=O)=O)CC,c1ccccc1,15
CCC(C(=O)OCCN1CCOC(c2ccccc2)C1C)c1ccccc1,1.0,C3=C(C1C(N(CCO1)CCOC(C(C2=CC=CC=C2)CC)=O)C)C=CC=C3,O=C(Cc1ccccc1)OCCN1CCOC(c2ccccc2)C1,27
CCC(C(N)=O)N1CCCC1=O,1.0,C(C(N1C(CCC1)=O)C(N)=O)C,O=C1CCCN1,12
CCC(C)(C)C,1.0,CCC(C)(C)C,,6
CCC(C)(C)C(=O)O[C@H]1C[C@@H](C)C=C2C=C[C@H](C)[C@H](CC[C@@H]3C[C@@H](O)CC(=O)O3)[C@H]21,1.0,[C@H]12[C@@H](OC(C(CC)(C)C)=O)C[C@@H](C)C=C1C=C[C@@H]([C@@H]2CC[C@@H]3C[C@H](CC(O3)=O)O)C,O=C1CCCC(CCC2CC=CC3=CCCCC32)O1,30
CCC(C)(C)O,1.0,C(C(C)(C)O)C,,6
CCC(C)(CC)OC(N)=O,1.0,CCC(C)(CC)OC(N)=O,,10
CCC(C)(O)C1CC23C=CC1(OC)C1Oc4c(OC)ccc5c4C12CCN(CC1CC1)C3C5,1.0,C1=CC(=C5C2=C1CC6C34C2(C(C(OC)(C(C3)C(CC)(C)O)C=C4)O5)CCN6CC7CC7)OC,C1=CC23CCC1C1Oc4cccc5c4C12CCN(CC1CC1)C3C5,33
CCC(C)(S(=O)(=O)CC)S(=O)(=O)CC,1.0,C(C([S](CC)(=O)=O)([S](CC)(=O)=O)C)C,,14
CCC(C)=O,1.0,CCC(C)=O,,5
CCC(C)C(C)(COC(N)=O)COC(=O)NC(C)C,1.0,C(C(COC(N)=O)(C(CC)C)C)OC(NC(C)C)=O,,19
CCC(C)C(C)(COC(N)=O)COC(N)=O,1.0,C(C(C(CC)C)(COC(N)=O)C)OC(N)=O,,16
CCC(C)C(CC)C(=O)NC(N)=O,1.0,CCC(C)C(CC)C(=O)NC(N)=O,,13
CCC(C)C(CC)C(N)=O,1.0,C(C(C(CC)C)C(N)=O)C,,10
CCC(C)C(N)C1=NC(C(=O)N[C@@H](CC(C)C)C(=O)N[C@H](CCC(=O)O)C(=O)N[C@H](C(=O)NCCCC[C@@H]2NC(=O)[C@H](CC(N)=O)NC(=O)[C@@H](CC(=O)O)NC(=O)[C@H](Cc3cnc[nH]3)NC(=O)[C@@H](Cc3ccccc3)NC(=O)[C@H]([C@@H](C)CC)NC(=O)[C@@H](CCCN)NC2=O)[C@@H](C)CC)CS1,0.0,CCC(C)C(N)C1=NC(CS1)C(=O)N[C@@H](CC(C)C)C(=O)N[C@H](CCC(O)=O)C(=O)N[C@@H]([C@@H](C)CC)C(=O)NCCCC[C@@H]2NC(=O)[C@H](CC(N)=O)NC(=O)[C@@H](CC(O)=O)NC(=O)[C@H](Cc3[nH]cnc3)NC(=O)[C@@H](Cc4ccccc4)NC(=O)[C@@H](NC(=O)[C@@H](CCCN)NC2=O)[C@@H](C)CC,O=C(CNC(=O)CNC(=O)CNC(=O)C1CSC=N1)NCCCCC1NC(=O)CNC(=O)CNC(=O)C(Cc2cnc[nH]2)NC(=O)C(Cc2ccccc2)NC(=O)CNC(=O)CNC1=O,100
CCC(C)C1(CC)C(=O)NC(=O)NC1=O,1.0,CCC(C)C1(CC)C(=O)NC(=O)NC1=O,O=C1CC(=O)NC(=O)N1,15
CCC(C)CC,1.0,CCC(C)CC,,6
CCC(C)[C@H]1O[C@]2(CC[C@@H]1C)CC1C[C@@H](C/C=C(\C)[C@@H](O[C@H]3C[C@H](OC)[C@@H](OC4C[C@H](OC)[C@@H](O)[C@H](C)O4)[C@H](C)O3)[C@@H](C)/C=C/C=C3\CO[C@@H]4[C@H](O)C(C)=C[C@@H](C(=O)O1)[C@]34O)O2,0.0,CCC(C)[C@H]1O[C@]2(CC[C@@H]1C)CC3C[C@@H](C\C=C(C)\[C@@H](O[C@H]4C[C@H](OC)[C@@H](OC5C[C@H](OC)[C@@H](O)[C@H](C)O5)[C@H](C)O4)[C@@H](C)/C=C/C=C/6CO[C@@H]7[C@H](O)C(=C[C@@H](C(=O)O3)[C@]67O)C)O2.CO[C@H]8CC(O[C@@H](C)[C@@H]8O)O[C@H]9[C@H](C)O[C@H](C[C@@H]9OC)O[C@H]/%10[C@@H](C)/C=C/C=C/%11CO[C@@H]%12[C@H](O)C(=C[C@@H](C(=O)OC%13C[C@@H](C\C=C%10C)O[C@@]%14(CC[C@H](C)[C@H](O%14)C(C)C)C%13)[C@]%11%12O)C,O=C1OC2CC(CC=CC(OC3CCC(OC4CCCCO4)CO3)CC=CC=C3COC4CC=CC1C34)OC1(CCCCO1)C2,62
CCC(C)n1ncn(-c2ccc(N3CCN(c4ccc(OC[C@H]5CO[C@](Cn6cncn6)(c6ccc(Cl)cc6Cl)O5)cc4)CC3)cc2)c1=O,0.0,CCC(C)N1N=CN(C1=O)c2ccc(cc2)N3CCN(CC3)c4ccc(OC[C@H]5CO[C@@](Cn6cncn6)(O5)c7ccc(Cl)cc7Cl)cc4,O=c1[nH]ncn1-c1ccc(N2CCN(c3ccc(OCC4COC(Cn5cncn5)(c5ccccc5)O4)cc3)CC2)cc1,49
CCC(CC)(CNC(=O)CCCO)c1cccc(OC)c1,1.0,C1=C(C=CC=C1C(CNC(CCCO)=O)(CC)CC)OC,c1ccccc1,21
CCC(N)Cc1c[nH]c2ccccc12,1.0,C1=CC=CC2=C1C(=C[NH]2)CC(CC)N,c1ccc2[nH]ccc2c1,14
CCC(NC(=O)c1c(C)c(-c2ccccc2)nc2ccccc12)c1ccccc1,1.0,CCC(NC(=O)c1c(c(nc2c1cccc2)c1ccccc1)C)c1ccccc1,O=C(NCc1ccccc1)c1cc(-c2ccccc2)nc2ccccc12,29
CCC(O)(COC(N)=O)c1ccccc1,1.0,CCC(O)(COC(N)=O)c1ccccc1,c1ccccc1,15
CCC(O)C(CC(C)N(C)C)(c1ccccc1)c1ccccc1,1.0,C2=C(C(CC(N(C)C)C)(C(CC)O)C1=CC=CC=C1)C=CC=C2,c1ccc(Cc2ccccc2)cc1,23
CCC(OC(C)=O)C(CC(C)N(C)C)(c1ccccc1)c1ccccc1,1.0,C2=C(C(C1=CC=CC=C1)(C(OC(=O)C)CC)CC(N(C)C)C)C=CC=C2,c1ccc(Cc2ccccc2)cc1,26
CCC(OC(N)=O)C1CCCCC1,1.0,C(C(C1CCCCC1)OC(N)=O)C,C1CCCCC1,13
CCC(Oc1ccccc1)C(=O)NC1C(=O)N2C1SC(C)(C)C2C(=O)O,0.0,CCC(Oc1ccccc1)C(=O)NC2C3SC(C)(C)C(N3C2=O)C(O)=O,O=C(COc1ccccc1)NC1C(=O)N2CCSC12,26
CCC1(C)CC(=O)NC(=O)C1,1.0,C(C1(CC(NC(C1)=O)=O)C)C,O=C1CCCC(=O)N1,11
CCC1(C)CC(=O)NC1=O,1.0,CCC1(C)CC(=O)NC1=O,O=C1CCC(=O)N1,10
CCC1(C)OC(=O)N(C)C1=O,1.0,C(C)C1(C)C(=O)N(C(O1)=O)C,O=C1COC(=O)N1,11
CCC1(C2=CCCCC2)C(=O)NC(=O)NC1=O,1.0,C(C2(C1=CCCCC1)C(NC(=O)NC2=O)=O)C,O=C1NC(=O)C(C2=CCCCC2)C(=O)N1,17
CCC1(C2=CCCCCC2)C(=O)NC(=O)NC1=O,1.0,C(C2(C1=CCCCCC1)C(NC(=O)NC2=O)=O)C,O=C1NC(=O)C(C2=CCCCCC2)C(=O)N1,18
CCC1(CC)C(=O)C=CNC1=O,1.0,C(C1(C(C=CNC1=O)=O)CC)C,O=C1C=CNC(=O)C1,12
CCC1(CC)C(=O)NC(=O)N(C)C1=O,1.0,C(C1(C(NC(N(C1=O)C)=O)=O)CC)C,O=C1CC(=O)NC(=O)N1,14
CCC1(CC)C(=O)NC(=O)N(c2ccccc2)C1=O,1.0,C1=CC=CC=C1N2C(C(C(NC2=O)=O)(CC)CC)=O,O=C1CC(=O)N(c2ccccc2)C(=O)N1,19
CCC1(CC)C(=O)NC(=O)NC1=O,1.0,C(C1(C(NC(=O)NC1=O)=O)CC)C,O=C1CC(=O)NC(=O)N1,13
CCC1(CC)C(=O)NC=C(C)C1=O,1.0,C(C1(C(C(=CNC1=O)C)=O)CC)C,O=C1C=CNC(=O)C1,13
CCC1(CC)C(=O)NCC(C)C1=O,1.0,CCC1(CC)C(=O)NCC(C)C1=O,O=C1CCNC(=O)C1,13
CCC1(CC)O[C@@H]2C[C@H]3C4CCC5=CC(=O)C=CC5(C)[C@@]4(F)[C@@H](O)CC3(C)[C@]2(C(=O)CO)O1,1.0,[C@H]23C([C@@]1(OC(O[C@@H]1C2)(CC)CC)C(=O)CO)(C[C@H](O)[C@@]4(F)C3CCC5=CC(=O)C=CC45C)C,O=C1C=CC2C(=C1)CCC1C2CCC2C1CC1OCOC12,33
CCC1(CCC(C)C)C(=O)NC(=O)NC1=O,1.0,CCC1(CCC(C)C)C(=O)NC(=O)NC1=O,O=C1CC(=O)NC(=O)N1,16
CCC1(O)CCN2CCc3ccc(C)cc3C2C1,1.0,C1=C(C)C=CC2=C1C3N(CC2)CCC(C3)(CC)O,c1ccc2c(c1)CCN1CCCCC21,18
CCC1(c2ccc(N)cc2)CCC(=O)NC1=O,1.0,C1=CC(=CC=C1C2(C(NC(=O)CC2)=O)CC)N,O=C1CCC(c2ccccc2)C(=O)N1,17
CCC1(c2ccccc2)C(=O)N(COC)C(=O)N(COC)C1=O,1.0,C2=C(C1(C(N(C(=O)N(C1=O)COC)COC)=O)CC)C=CC=C2,O=C1NC(=O)C(c2ccccc2)C(=O)N1,23
CCC1(c2ccccc2)C(=O)NC(=O)N(C(=O)c2ccccc2)C1=O,1.0,C1=CC=CC=C1C3(C(N(C(C2=CC=CC=C2)=O)C(=O)NC3=O)=O)CC,O=C1NC(=O)N(C(=O)c2ccccc2)C(=O)C1c1ccccc1,25
CCC1(c2ccccc2)C(=O)NC(=O)N(C)C1=O,1.0,C2=C(C1(C(N(C(NC1=O)=O)C)=O)CC)C=CC=C2,O=C1NC(=O)C(c2ccccc2)C(=O)N1,18
CCC1(c2ccccc2)C(=O)NC(=O)N1C,1.0,C1=CC=CC=C1C2(N(C(=O)NC2=O)C)CC,O=C1NC(=O)C(c2ccccc2)N1,16
CCC1(c2ccccc2)C(=O)NC(=O)NC1=O,1.0,CCC1(C(=O)NC(=O)NC1=O)c2ccccc2,O=C1NC(=O)C(c2ccccc2)C(=O)N1,17
CCC1(c2ccccc2)C(=O)NCNC1=O,1.0,CCC1(C(=O)NCNC1=O)c2ccccc2,O=C1NCNC(=O)C1c1ccccc1,16
CCC1(c2ccccc2)CCC(=O)NC1=O,1.0,CCC1(CCC(=O)NC1=O)c2ccccc2,O=C1CCC(c2ccccc2)C(=O)N1,16
CCC1(c2ccccc2)NC(=O)N(C)C1=O,1.0,C2=C(C1(C(N(C)C(N1)=O)=O)CC)C=CC=C2,O=C1NC(=O)C(c2ccccc2)N1,16
CCC1(c2ccccc2)NCC(=O)NC1=O,1.0,C2=C(C1(C(NC(=O)CN1)=O)CC)C=CC=C2,O=C1CNC(c2ccccc2)C(=O)N1,16
CCC1(c2ccccc2)OCC(C2CCCCN2)O1,1.0,C3=C(C2(OC(C1CCCCN1)CO2)CC)C=CC=C3,c1ccc(C2OCC(C3CCCCN3)O2)cc1,19
CCC12CCN(CC3CC3)C(Cc3ccc(O)cc31)C2(C)C,1.0,C1=C(O)C=CC4=C1C3(C(C(N(CC2CC2)CC3)C4)(C)C)CC,c1ccc2c(c1)CC1CC2CCN1CC1CC1,22
CCC12CCN(CC3CCC3)C(Cc3ccc(O)cc31)C2(C)C,1.0,C1=C(O)C=CC4=C1C3(C(C(N(CC2CCC2)CC3)C4)(C)C)CC,c1ccc2c(c1)CC1CC2CCN1CC1CCC1,23
CCC1C(=O)NC(=O)C1(C)c1ccccc1,1.0,C2=C(C1(C(C(=O)NC1=O)CC)C)C=CC=C2,O=C1CC(c2ccccc2)C(=O)N1,16
CCC1C(C)=NN=C(c2ccc(OC)c(OC)c2)c2cc(OC)c(OC)cc21,1.0,C1=C(OC)C(=CC2=C1C(=NN=C(C2CC)C)C3=CC=C(C(=C3)OC)OC)OC,C1=NN=C(c2ccccc2)c2ccccc2C1,28
CCC1NC(=O)C(NC(=O)c2ncccc2O)C(C)OC(=O)C(c2ccccc2)NC(=O)C2CC(=O)CCN2C(=O)C(Cc2ccc(N(C)C)cc2)N(C)C(=O)C2CCCN2C1=O,0.0,CCC1NC(=O)C(NC(=O)c2ncccc2O)C(C)OC(=O)C(NC(=O)C3CC(=O)CCN3C(=O)C(Cc4ccc(cc4)N(C)C)N(C)C(=O)C5CCCN5C1=O)c6ccccc6,O=C1CCN2C(=O)C(Cc3ccccc3)NC(=O)C3CCCN3C(=O)CNC(=O)C(NC(=O)c3ccccn3)COC(=O)C(c3ccccc3)NC(=O)C2C1,63
CCCC(=O)N(C)Cc1c(-c2ccc(Cl)cc2)nc2ccccn12,1.0,C3=C(C1=C([N]2C(=N1)C=CC=C2)CN(C(CCC)=O)C)C=CC(=C3)Cl,c1ccc(-c2cn3ccccc3n2)cc1,24
CCCC(=O)Nc1ccc(OCC(O)CNC(C)C)c(C(C)=O)c1,1.0,c1(c(cc(NC(CCC)=O)cc1)C(C)=O)OCC(CNC(C)C)O,c1ccccc1,24
CCCC(=O)O[C@]1(C(=O)CCl)[C@@H](C)C[C@H]2[C@@H]3CCC4=CC(=O)C=C[C@]4(C)[C@@]3(F)C(=O)C[C@@]21C,1.0,[C@]4([C@@]3([C@H]([C@H]2[C@]([C@@]1(C(=CC(=O)C=C1)CC2)C)(F)C(C3)=O)C[C@@H]4C)C)(OC(CCC)=O)C(CCl)=O,O=C1C=CC2C(=C1)CCC1C3CCCC3CC(=O)C21,33
CCCC(=O)O[C@]1(C(=O)CO)CC[C@H]2[C@@H]3CCC4=CC(=O)CC[C@]4(C)[C@H]3[C@@H](O)C[C@@]21C,1.0,[C@]4([C@@]3([C@H]([C@H]2[C@@H]([C@@]1(C(=CC(=O)CC1)CC2)C)[C@H](C3)O)CC4)C)(OC(CCC)=O)C(CO)=O,O=C1C=C2CCC3C4CCCC4CCC3C2CC1,31
CCCC(=O)O[C@]1(C(=O)COC(=O)CC)CC[C@H]2[C@@H]3CCC4=CC(=O)CC[C@]4(C)[C@H]3[C@@H](O)C[C@@]21C,1.0,[C@@]4([C@@]3([C@H]([C@H]2[C@@H]([C@@]1(C(=CC(=O)CC1)CC2)C)[C@H](C3)O)CC4)C)(C(COC(CC)=O)=O)OC(CCC)=O,O=C1C=C2CCC3C4CCCC4CCC3C2CC1,35
CCCC(=O)O[C@]1(C(=O)COC(C)=O)CC[C@H]2[C@@H]3C[C@H](C)C4=CC(=O)CC[C@]4(C)[C@H]3[C@@H](O)C[C@@]21C,1.0,[C@@]4([C@@]3([C@H]([C@H]2[C@@H]([C@@]1(C(=CC(=O)CC1)[C@H](C2)C)C)[C@H](C3)O)CC4)C)(C(COC(C)=O)=O)OC(CCC)=O,O=C1C=C2CCC3C4CCCC4CCC3C2CC1,35
CCCC(=O)O[C@]1(C(=O)COC(C)=O)CC[C@H]2[C@@H]3C[C@H](F)C4=CC(=O)C=C[C@]4(C)[C@@]3(F)[C@@H](O)C[C@@]21C,1.0,[C@@]4([C@@]3([C@H]([C@H]2[C@]([C@@]1(C(=CC(=O)C=C1)[C@H](C2)F)C)(F)[C@H](C3)O)CC4)C)(C(COC(C)=O)=O)OC(CCC)=O,O=C1C=CC2C(=C1)CCC1C3CCCC3CCC21,36
CCCC(=O)O[C@]1(C(=O)COC(C)=O)[C@H](C)C[C@H]2[C@@H]3CCC4=CC(=O)C=C[C@]4(C)[C@@]3(Cl)[C@@H](O)C[C@@]21C,1.0,[C@@]4([C@@]3([C@H]([C@H]2[C@]([C@@]1(C(=CC(=O)C=C1)CC2)C)(Cl)[C@H](C3)O)C[C@H]4C)C)(C(COC(C)=O)=O)OC(CCC)=O,O=C1C=CC2C(=C1)CCC1C3CCCC3CCC21,36
CCCC(=O)O[C@]1(C(C)=O)CCC[C@H]2[C@@H]3CCC4=CC(=O)C=C[C@]4(C)[C@H]3[C@@H](O)C[C@@]21C,1.0,[C@]4([C@@]3([C@H]([C@H]2[C@@H]([C@@]1(C(=CC(=O)C=C1)CC2)C)[C@H](C3)O)CCC4)C)(OC(CCC)=O)C(C)=O,O=C1C=CC2C(=C1)CCC1C3CCCCC3CCC21,31
CCCC(=O)c1ccc2c(c1)N(CCCN1CCN(C)CC1)c1ccccc1S2,1.0,C1=C(C(CCC)=O)C=CC3=C1N(C2=C(C=CC=C2)S3)CCCN4CCN(C)CC4,c1ccc2c(c1)Sc1ccccc1N2CCCN1CCNCC1,29
CCCC(C(=O)c1ccc(C)cc1)N1CCCC1,1.0,C2=C(C(C(N1CCCC1)CCC)=O)C=CC(=C2)C,O=C(CN1CCCC1)c1ccccc1,18
CCCC(C)(COC(N)=O)COC(N)=O,1.0,CCCC(C)(COC(N)=O)COC(N)=O,,15
CCCC(C)(O)C1CC23C=CC1(OC)C1Oc4c(O)ccc5c4C12CCN(C)C3C5,1.0,C2=CC(=C3OC5C14C6(C(N(CC1)C)CC2=C34)CC(C5(OC)C=C6)C(O)(CCC)C)O,C1=CC23CCC1C1Oc4cccc5c4C12CCNC3C5,30
CCCC(C)C,1.0,CCCC(C)C,,6
CCCC(C)C1(CC)C(=O)NC(=O)NC1=O,1.0,CCCC(C)C1(CC)C(=O)NC(=O)NC1=O,O=C1CC(=O)NC(=O)N1,16
CCCC(C)C1(CC)C(=O)NC(=S)NC1=O,0.0,CCCC(C)C1(CC)C(=O)NC(=S)NC1=O,O=C1CC(=O)NC(=S)N1,16
CCCC(C)C1(CCSC)C(=O)NC(=S)NC1=O,1.0,C(C1(C(NC(=S)NC1=O)=O)C(CCC)C)CSC,O=C1CC(=O)NC(=S)N1,18
CCCC(C)CC,1.0,CCCC(C)CC,,7
CCCC(CC)C1(CC)C(=O)NC(=O)NC1=O,1.0,C(C1(C(CCC)CC)C(NC(=O)NC1=O)=O)C,O=C1CC(=O)NC(=O)N1,17
CCCC(CC)C1(CC)C(=O)NC(=S)NC1=O,1.0,C(C1(C(CCC)CC)C(NC(=S)NC1=O)=O)C,O=C1CC(=O)NC(=S)N1,17
CCCC(CCC)(CCC)C(N)=O,1.0,C(C(C(N)=O)(CCC)CCC)CC,,13
CCCC(CCC)C(=O)O,1.0,CCCC(CCC)C(O)=O,,10
CCCC(CCC)C(=O)OCOC(=O)C(C)(C)C,1.0,C(C(C(OCOC(C(C)(C)C)=O)=O)CCC)CC,,18
CCCC(CCC)C(N)=O,1.0,C(C(CCC)C(N)=O)CC,,10
CCCC(Cc1ccccc1)N1CCCC1,1.0,C1=CC=CC=C1CC(N2CCCC2)CCC,c1ccc(CCN2CCCC2)cc1,16
CCCC(O)Cl,1.0,ClC(CCC)O,,6
CCCC1(C)COB(c2ccc(C)cc2)OC1,1.0,C1=CC(=CC=C1B2OCC(CCC)(C)CO2)C,c1ccc(B2OCCCO2)cc1,17
CCCC1CC(C(=O)NC(C(C)O)C2OC(SC)C(O)C(O)C2O)N(C)C1,0.0,CCCC1CC(N(C)C1)C(=O)NC(C(C)O)C2OC(SC)C(O)C(O)C2O,O=C(NCC1CCCCO1)C1CCCN1,27
CCCC1O[C@@H]2C[C@H]3[C@@H]4CCC5=CC(=O)C=C[C@]5(C)[C@H]4[C@@H](O)C[C@]3(C)[C@]2(C(=O)CO)O1,1.0,[C@@]45([C@@]3([C@H]([C@H]2[C@@H]([C@@]1(C(=CC(=O)C=C1)CC2)C)[C@H](C3)O)C[C@H]4OC(O5)CCC)C)C(CO)=O,O=C1C=CC2C(=C1)CCC1C2CCC2C1CC1OCOC12,31
CCCCC,1.0,CCCCC,,5
CCCCC(=O)OC1(C(=O)CO)CCC2C3CCC4=CC(=O)C=CC4(C)C3C(O)CC21C,1.0,C(C)CCC(=O)OC3(CCC4C2CCC1=CC(=O)C=CC1(C)C2C(O)CC34C)C(=O)CO,O=C1C=CC2C(=C1)CCC1C3CCCC3CCC21,32
CCCCC(=O)O[C@]1(C(=O)CO)CCC2C3CC(F)C4=CC(=O)C=CC4(C)C3C(O)CC21C,1.0,[C@@]4(OC(=O)CCCC)(C3(C(C2C(C1(C(=CC(=O)C=C1)C(F)C2)C)C(O)C3)CC4)C)C(=O)CO,O=C1C=CC2C(=C1)CCC1C3CCCC3CCC21,33
CCCCC(=O)O[C@]1(C(=O)CO)CCC2C3CCC4=CC(=O)CCC4(C)C3C(O)CC21C,1.0,[C@@]4(OC(=O)CCCC)(C3(C(C2C(C1(C(=CC(=O)CC1)CC2)C)C(O)C3)CC4)C)C(=O)CO,O=C1C=C2CCC3C4CCCC4CCC3C2CC1,32
CCCCC(=O)O[C@]1(C(=O)CO)[C@@H](C)C[C@H]2[C@@H]3CCC4=CC(=O)C=C[C@]4(C)[C@@]3(F)[C@@H](O)C[C@@]21C,1.0,[C@]14([C@@]([C@@H](C)C[C@H]1[C@H]3[C@]([C@@]2(C(=CC(=O)C=C2)CC3)C)(F)[C@H](C4)O)(OC(CCCC)=O)C(CO)=O)C,O=C1C=CC2C(=C1)CCC1C3CCCC3CCC21,34
CCCCC(CC)CNC(=O)CC(C)O,1.0,C(C(CCCC)CC)NC(CC(C)O)=O,,15
CCCCC/C(=N/OCCN)c1ccc(C)c(N)c1,1.0,C1=C(C(=CC=C1C(/CCCCC)=N\OCCN)C)N,c1ccccc1,19
CCCCC1(CCOC(N)=O)C(=O)NC(=O)NC1=O,1.0,C(C1(C(NC(=O)NC1=O)=O)CCCC)COC(N)=O,O=C1CC(=O)NC(=O)N1,19
CCCCC1C(=O)N(c2ccccc2)N(c2ccccc2)C1=O,0.0,CCCCC1C(=O)N(N(C1=O)c2ccccc2)c3ccccc3,O=C1CC(=O)N(c2ccccc2)N1c1ccccc1,23
CCCCCC,1.0,CCCCCC,,6
CCCCCC(=O)CC[C@]1(C)[C@@H]2Cc3ccc(O)cc3[C@@]1(C)CCN2C,1.0,[C@]1([C@]2(C3=C(C[C@@H]1N(CC2)C)C=CC(=C3)O)C)(CCC(=O)CCCCC)C,c1ccc2c(c1)CC1CC2CCN1,26
CCCCCC(=O)OCC(=O)C1C(C)CC2C3CC(F)C4=CC(=O)C=CC4(C)C3C(O)CC21C,1.0,CCCCCC(=O)OCC(=O)C3C(C)CC4C2CC(F)C1=CC(=O)C=CC1(C)C2C(O)CC34C,O=C1C=CC2C(=C1)CCC1C3CCCC3CCC21,34
CCCCCC(C)C(C)c1cc(OC(=O)CCCN2CCCCCC2)c2c(c1)OC(C)(C)C1=C2CC(C)CC1,1.0,C1=C(C(C(CCCCC)C)C)C=C(C2=C1OC(C3=C2CC(C)CC3)(C)C)OC(CCCN4CCCCCC4)=O,O=C(CCCN1CCCCCC1)Oc1cccc2c1C1=C(CCCC1)CO2,39
CCCCCC(N)C(O)(c1ccccc1)c1ccccc1,1.0,C2=C(C(C1=CC=CC=C1)(C(CCCCC)N)O)C=CC=C2,c1ccc(Cc2ccccc2)cc1,21
CCCCCC1CNC(C(=O)NC(C(C)Cl)C2OC(SC)C(O)C(O)C2O)C1,0.0,CCCCCC1CNC(C1)C(=O)NC(C(C)Cl)C2OC(SC)C(O)C(O)C2O,O=C(NCC1CCCCO1)C1CCCN1,28
CCCCCCC,1.0,CCCCCCC,,7
CCCCCCC(=O)OCCN1CCN(CCCN2c3ccccc3Sc3ccc(C(F)(F)F)cc32)CC1,1.0,C1=C(C(F)(F)F)C=CC3=C1N(C2=C(C=CC=C2)S3)CCCN4CCN(CCOC(CCCCCC)=O)CC4,c1ccc2c(c1)Sc1ccccc1N2CCCN1CCNCC1,38
CCCCCCC(C)(C)c1cc(O)c2c(c1)OC(C)(C)[C@@H]1CCC(=O)C[C@@H]21,1.0,[C@H]23C1=C(C=C(C(CCCCCC)(C)C)C=C1O)OC([C@@H]2CCC(C3)=O)(C)C,O=C1CCC2COc3ccccc3C2C1,27
CCCCCCC(C)NN,1.0,C(C(NN)C)CCCCC,,10
CCCCCCCCCC(=O)OC1(c2ccc(Br)cc2)CCN(CCCC(=O)c2ccc(F)cc2)CC1,1.0,C1=CC(=CC=C1C3(CCN(CCCC(C2=CC=C(C=C2)F)=O)CC3)OC(CCCCCCCCC)=O)Br,O=C(CCCN1CCC(c2ccccc2)CC1)c1ccccc1,37
CCCCCCCCCC(=O)OC1(c2ccc(Cl)cc2)CCN(CCCC(=O)c2ccc(F)cc2)CC1,1.0,C1=CC(=CC=C1C3(CCN(CCCC(C2=CC=C(C=C2)F)=O)CC3)OC(CCCCCCCCC)=O)Cl,O=C(CCCN1CCC(c2ccccc2)CC1)c1ccccc1,37
CCCCCCCCCC1(C)OCC(COC(N)=O)O1,1.0,C(C1(OC(COC(N)=O)CO1)C)CCCCCCCC,C1COCO1,20
CCCCCCCCCCCCCC(=O)O[C@H]1C=C[C@H]2[C@H]3Cc4ccc(OCc5ccccc5)c5c4[C@@]2(CCN3C)[C@H]1O5,1.0,[C@@]126C3=C4C[C@H]([C@@H]1C=C[C@@H]([C@@H]2OC3=C(C=C4)OCC5=CC=CC=C5)OC(CCCCCCCCCCCCC)=O)N(CC6)C,C1=CC2C3Cc4ccc(OCc5ccccc5)c5c4C2(CCN3)C(C1)O5,43
CCCCCCCCCCCCCCCC(=O)OCCC1CCN(CCCN2c3ccccc3Sc3ccc(S(=O)(=O)N(C)C)cc32)CC1,1.0,C1=C([S](N(C)C)(=O)=O)C=CC3=C1N(C2=C(C=CC=C2)S3)CCCN4CCC(CCOC(CCCCCCCCCCCCCCC)=O)CC4,c1ccc2c(c1)Sc1ccccc1N2CCCN1CCCCC1,49
CCCCCCCCCCCCCCCCCC(=O)OCC(=O)OCC(=O)[C@@]1(O)CC[C@H]2[C@@H]3CCC4=CC(=O)C=C[C@]4(C)[C@H]3[C@@H](O)C[C@@]21C,1.0,[C@H]34[C@H]2[C@@H]([C@@]1(C(=CC(=O)C=C1)CC2)C)[C@@H](O)C[C@@]3([C@](C(COC(COC(CCCCCCCCCCCCCCCCC)=O)=O)=O)(O)CC4)C,O=C1C=CC2C(=C1)CCC1C3CCCC3CCC21,49
CCCCCCCCCCOc1c(OC)cc(C(N)=O)cc1OC,1.0,C1=C(C(N)=O)C=C(C(=C1OC)OCCCCCCCCCC)OC,c1ccccc1,24
CCCCCCCCCNc1ncnc2[nH]ccc12,1.0,C1=C[NH]C2=C1C(=NC=N2)NCCCCCCCCC,c1ncc2cc[nH]c2n1,19
CCCCCCCNC(=O)Oc1ccc2c(c1)[C@]1(C)CCN(C)[C@@H]1N2C,1.0,[C@@]12(C3=C(N(C)[C@H]1N(C)CC2)C=CC(=C3)OC(NCCCCCCC)=O)C,c1ccc2c(c1)NC1NCCC21,26
CCCCCCN1CCC(C(=O)N(C)CC)(c2ccccc2)CC1,1.0,C1=CC=CC=C1C2(C(N(CC)C)=O)CCN(CCCCCC)CC2,c1ccc(C2CCNCC2)cc1,24
CCCCCCOc1nsnc1C1=CCCN(C)C1,1.0,C(OC1=NSN=C1C2=CCCN(C2)C)CCCCC,C1=C(c2cnsn2)CNCC1,19
CCCCCCSc1nsnc1C1=CCCN(C)C1,1.0,C(SC1=NSN=C1C2=CCCN(C2)C)CCCCC,C1=C(c2cnsn2)CNCC1,19
CCCCCNCC(N)=O,1.0,C(NCC(N)=O)CCCC,,10
CCCCCN[C@@]12C=CC(=O)[C@@H]3Oc4c(O)ccc5c4[C@@]31CCN(C)[C@@H]2C5,1.0,[C@]135[C@@]4([C@@H](CC2=C1C(=C(C=C2)O)O[C@H]3C(=O)C=C4)N(C)CC5)NCCCCC,O=C1C=CC2C3Cc4cccc5c4C2(CCN3)C1O5,27
CCCCC[C@H](O)/C=C/[C@H]1[C@H](O)CC(=O)[C@@H]1CCCCCCC(=O)O,0.0,CCCCC[C@H](O)/C=C/[C@H]1[C@H](O)CC(=O)[C@@H]1CCCCCCC(O)=O,O=C1CCCC1,25
CCCCCc1cc(O)c2c(c1)OC(C)(C)[C@@H]1CCC(C)=C[C@@H]21,1.0,CCCCCc1cc(O)c2[C@@H]3C=C(C)CC[C@H]3C(C)(C)Oc2c1,C1=CC2c3ccccc3OCC2CC1,23
CCCCCn1ccc(=O)c(O)c1C,1.0,CCCCCN1C=CC(=O)C(=C1C)O,O=c1cc[nH]cc1,14
CCCCN/C(=C1/C=C(Cl)C=CC1=O)c1ccccc1Cl,1.0,C2=C(\C(NCCCC)=C\1C=C(Cl)C=CC1=O)C(=CC=C2)Cl,O=C1C=CC=CC1=Cc1ccccc1,21
CCCCN1C(=O)C2C(=O)N(CCCCN3CCN(c4ccccc4OC)CC3)C(=O)C(C1=O)C2(C)C,1.0,C4=C(N3CCN(CCCCN1C(C2C(C(C1=O)C(=O)N(C2=O)CCCC)(C)C)=O)CC3)C(=CC=C4)OC,O=C1NC(=O)C2CC1C(=O)N(CCCCN1CCN(c3ccccc3)CC1)C2=O,37
CCCCNC(=O)NS(=O)(=O)c1ccc(C)cc1,0.0,CCCCNC(=O)N[S](=O)(=O)c1ccc(C)cc1,c1ccccc1,18
CCCCNC(=O)OCC(C)(CCC)COC(N)=O,1.0,CCCCNC(=O)OCC(C)(CCC)COC(N)=O,,19
CCCCNCC1COc2cccc(OCC)c2O1,1.0,[H+].C2=C1OCC(OC1=C(C=C2)OCC)CNCCCC.[Cl-],c1ccc2c(c1)OCCO2,19
CCCCNCC1COc2ccccc2O1,1.0,C1=CC=CC2=C1OC(CNCCCC)CO2,c1ccc2c(c1)OCCO2,16
CCCCNc1c(C(=O)OCC)c(C)nc2c1cnn2CC,1.0,C1=N[N](C2=C1C(=C(C(=N2)C)C(OCC)=O)NCCCC)CC,c1cnc2[nH]ncc2c1,22
CCCCNc1c(C(=O)OCC)cnc2c1cnn2CC,1.0,CCCCNc1c(cnc2n(CC)ncc12)C(=O)OCC,c1cnc2[nH]ncc2c1,21
CCCCOC(=O)C(=O)C1C(C)CC2C3CC(F)C4=CC(=O)C=CC4(C)C3C(O)CC21C,1.0,CCCCOC(=O)C(=O)C3C(C)CC4C2CC(F)C1=CC(=O)C=CC1(C)C2C(O)CC34C,O=C1C=CC2C(=C1)CCC1C3CCCC3CCC21,32
CCCCOC(=O)C(=O)[C@H]1[C@H](C)C[C@H]2[C@@H]3C[C@H](F)C4=CC(=O)C=C[C@]4(C)[C@H]3[C@@H](O)C[C@@]21C,1.0,[C@H]24[C@H]1[C@@]([C@@H](C(C(OCCCC)=O)=O)[C@@H](C1)C)(C[C@@H]([C@@H]2[C@@]3(C(=CC(=O)C=C3)[C@H](C4)F)C)O)C,O=C1C=CC2C(=C1)CCC1C3CCCC3CCC21,32
CCCCOCC(CN1C(=O)N(CC(COCCCC)OC(N)=O)C(=O)C(CC)(c2ccccc2)C1=O)OC(N)=O,1.0,C2=C(C1(C(N(C(=O)N(C1=O)CC(COCCCC)OC(N)=O)CC(COCCCC)OC(N)=O)=O)CC)C=CC=C2,O=C1NC(=O)C(c2ccccc2)C(=O)N1,41
CCCCOCC(CN1C(=O)NC(=O)C(CC)(c2ccccc2)C1=O)OC(N)=O,1.0,C2=C(C1(C(N(CC(COCCCC)OC(N)=O)C(=O)NC1=O)=O)CC)C=CC=C2,O=C1NC(=O)C(c2ccccc2)C(=O)N1,29
CCCCOc1ccc(C(=O)CCN2CCCCC2)cc1,0.0,[Cl].CCCCOc1ccc(cc1)C(=O)CCN2CCCCC2,O=C(CCN1CCCCC1)c1ccccc1,21
CCCCSc1ccc(C(SCCN(C)C)c2ccccc2)cc1,1.0,C1=CC(=CC=C1C(C2=CC=CC=C2)SCCN(C)C)SCCCC,c1ccc(Cc2ccccc2)cc1,24
CCCC[C@@H]1CC(=O)[C@]2(O)O[C@@H]3[C@@H](NC)[C@@H](O)[C@@H](NC)[C@H](O)[C@H]3O[C@@H]2O1,0.0,CCCC[C@@H]1CC(=O)[C@]2(O)O[C@@H]3[C@@H](NC)[C@@H](O)[C@@H](NC)[C@H](O)[C@H]3O[C@@H]2O1,O=C1CCOC2OC3CCCCC3OC12,26
CCCCc1nc(Cl)c(CO)n1Cc1ccc(-c2ccccc2-c2nn[nH]n2)cc1,0.0,CCCCc1nc(Cl)c(CO)n1Cc2ccc(cc2)c3ccccc3c4n[nH]nn4,c1ccc(-c2nn[nH]n2)c(-c2ccc(Cn3ccnc3)cc2)c1,30
CCCCc1oc2ccccc2c1C(=O)c1cc(I)c(OCCN(CC)CC)c(I)c1,0.0,CCCCc1oc2ccccc2c1C(=O)c3cc(I)c(OCCN(CC)CC)c(I)c3,O=C(c1ccccc1)c1coc2ccccc12,31
CCCCn1c(=O)c2c(ncn2CC(C)=O)n(CCCC)c1=O,1.0,C1=NC2=C([N]1CC(C)=O)C(N(CCCC)C(N2CCCC)=O)=O,O=c1[nH]c(=O)c2[nH]cnc2[nH]1,23
CCCCn1ccc(=O)c(O)c1C,1.0,CCCCN1C=CC(=O)C(=C1C)O,O=c1cc[nH]cc1,13
CCCN(CCC)C(=O)Cc1c(-c2ccc(Cl)cc2)nc2ccc(Cl)cn12,1.0,C3=C(C1=C([N]2C(=N1)C=CC(=C2)Cl)CC(N(CCC)CCC)=O)C=CC(=C3)Cl,c1ccc(-c2cn3ccccc3n2)cc1,27
CCCN(CCC)C1Cc2cccc3cc(O)cc(c23)C1,1.0,C1=C3C2=C(C=C1O)C=CC=C2CC(C3)N(CCC)CCC,c1cc2c3c(cccc3c1)CCC2,21
CCCN(CCC)CCc1ccc(O)c2c1CC(=O)N2,1.0,CCCN(CCc1c2c(c(cc1)O)NC(=O)C2)CCC,O=C1Cc2ccccc2N1,20
CCCN(CCC)CCc1cccc2c1CC(=O)N2,1.0,CCCN(CCc1c2c(ccc1)NC(=O)C2)CCC,O=C1Cc2ccccc2N1,19
CCCN(CCC)S(=O)(=O)c1ccc(C(=O)O)cc1,0.0,CCCN(CCC)[S](=O)(=O)c1ccc(cc1)C(O)=O,c1ccccc1,19
CCCN(CCCCN1C(=O)CC2(CCCC2)CC1=O)C1COc2cccc(OC)c2C1,1.0,[H+].C4=C3OCC(N(CCCCN1C(=O)CC2(CC1=O)CCCC2)CCC)CC3=C(OC)C=C4.[Cl-],O=C1CC2(CCCC2)CC(=O)N1CCCCNC1COc2ccccc2C1,32
CCCN(c1ccncc1)n1ccc2ccccc21,1.0,[H+].C1=CC3=C([N]1N(C2=CC=NC=C2)CCC)C=CC=C3.[Cl-],c1ccc2c(c1)ccn2Nc1ccncc1,19
CCCN1CC(NS(=O)(=O)N(CC)CC)CC2Cc3c(O)cccc3CC21,1.0,C1=CC=C(C2=C1CC3C(C2)CC(N[S](N(CC)CC)(=O)=O)CN3CCC)O,c1ccc2c(c1)CC1CCCNC1C2,27
CCCN1CC=C(c2c[nH]c3ccc(Cl)cc23)CC1,1.0,C3=C(C1=CCN(CCC)CC1)C2=CC(=CC=C2[NH]3)Cl,C1=C(c2c[nH]c3ccccc23)CCNC1,19
CCCN1CCCC1CNC(=O)c1cc(S(N)(=O)=O)ccc1OC,1.0,C1=C([S](N)(=O)=O)C=CC(=C1C(NCC2N(CCC2)CCC)=O)OC,O=C(NCC1CCCN1)c1ccccc1,24
CCCN1C[C@H](CSC)C[C@@H]2c3cccc4[nH]cc(c34)C[C@H]21,1.0,CCCN1C[C@H](CSC)C[C@H]2[C@H]1Cc3c[nH]c4cccc2c34,c1cc2c3c(c[nH]c3c1)CC1NCCCC21,22
CCCNC(=O)N1CC(c2ccccc2)OC1=O,1.0,C1=CC=CC=C1C2CN(C(NCCC)=O)C(O2)=O,O=C1NCC(c2ccccc2)O1,18
CCCNC(=O)NS(=O)(=O)c1ccc(Cl)cc1,0.0,CCCNC(=O)N[S](=O)(=O)c1ccc(Cl)cc1,c1ccccc1,17
CCCNC(=O)c1ccc2c(c1)N([C@@H](C)CN1CCCC1)c1ccccc1S2,1.0,c1ccc2N([C@H](CN3CCCC3)C)c3c(ccc(C(=O)NCCC)c3)Sc2c1,c1ccc2c(c1)Sc1ccccc1N2CCN1CCCC1,28
CCCNC(=O)c1ccc2c(c1)N([C@H](C)CN1CCCC1)c1ccccc1S2,1.0,[C@H](N1C3=C(SC2=C1C=CC=C2)C=CC(=C3)C(=O)NCCC)(CN4CCCC4)C,c1ccc2c(c1)Sc1ccccc1N2CCN1CCCC1,28
CCCNCC(O)COc1ccccc1C(=O)CCc1ccccc1,0.0,CCCNCC(O)COc1ccccc1C(=O)CCc2ccccc2,O=C(CCc1ccccc1)c1ccccc1,25
CCCO,1.0,CCCO,,4
CCCOC(=O)N1CCN(C(=O)Cc2ccc(Cl)c(Cl)c2)[C@@H](CN2CCCC2)C1,1.0,c1(CC(N2[C@H](CN(CC2)C(=O)OCCC)CN2CCCC2)=O)cc(c(cc1)Cl)Cl,O=C(Cc1ccccc1)N1CCNCC1CN1CCCC1,29
CCCOC(=O)c1cncn1C(C)c1ccccc1,1.0,C1=NC=C([N]1C(C2=CC=CC=C2)C)C(OCCC)=O,c1ccc(Cn2ccnc2)cc1,19
CCCSc1ccc2[nH]c(NC(=O)OC)nc2c1,1.0,c12c(nc([nH]1)NC(OC)=O)cc(SCCC)cc2,c1ccc2[nH]cnc2c1,18
CCCSc1ccc2nc(NC(=O)OC)[nH]c2c1,1.0,CCCSc1ccc2nc(NC(=O)OC)[nH]c2c1,c1ccc2[nH]cnc2c1,18
CCCSc1ccccc1N1CCN(CCCCn2c(=O)[nH]c3ccccc3c2=O)CC1,1.0,C4=C(N3CCN(CCCCN2C(C1=C(C=CC=C1)NC2=O)=O)CC3)C(=CC=C4)SCCC,O=c1[nH]c2ccccc2c(=O)n1CCCCN1CCN(c2ccccc2)CC1,32
CCC[C@@H]1C[C@@H](C(=O)NC(C(C)Cl)[C@H]2O[C@H](SC)[C@H](O)[C@@H](O)[C@H]2O)N(C)C1,0.0,CCC[C@@H]1C[C@H](N(C)C1)C(=O)NC(C(C)Cl)[C@H]2O[C@H](SC)[C@H](O)[C@@H](O)[C@H]2O,O=C(NCC1CCCCO1)C1CCCN1,27
CCC[C@@H]1C[C@@H](C(=O)NC(C(C)Cl)[C@H]2O[C@H](SC)[C@H](OP(=O)(O)O)[C@@H](O)[C@H]2O)N(C)C1,0.0,CCC[C@@H]1C[C@H](N(C)C1)C(=O)NC(C(C)Cl)[C@H]2O[C@H](SC)[C@H](O[P](O)(O)=O)[C@@H](O)[C@H]2O,O=C(NCC1CCCCO1)C1CCCN1,31
CCC[C@@H]1O[C@@H]2C[C@H]3[C@@H]4C[C@H](F)C5=CC(=O)C=C[C@]5(C)C4(F)[C@@H](O)C[C@]3(C)[C@]2(C(=O)O[C@H](C)OC(=O)OCC)O1,1.0,[C@]34([C@H]([C@H]2C(F)([C@@]1(C(=CC(=O)C=C1)[C@@H](F)C2)C)[C@@H](O)C3)C[C@H]5O[C@H](O[C@@]45C(O[C@@H](OC(OCC)=O)C)=O)CCC)C,O=C1C=CC2C(=C1)CCC1C2CCC2C1CC1OCOC12,40
CCC[C@@H]1O[C@@H]2C[C@H]3[C@@H]4C[C@H](F)C5=CC(=O)CC[C@]5(C)[C@@]4(F)[C@@H](O)C[C@]3(C)[C@]2(C(=O)CO)O1,1.0,[C@H]23[C@@]([C@@]1(O[C@@H](O[C@@H]1C2)CCC)C(=O)CO)(C[C@H](O)[C@@]4(F)[C@H]3C[C@H](F)C5=CC(=O)CC[C@]45C)C,O=C1C=C2CCC3C(CCC4C3CC3OCOC34)C2CC1,33
CCC[C@@](C)(O)[C@H]1CC23C=CC1(OC)[C@H]1Oc4c(OC(C)=O)ccc5c4C12CCN(C)C3C5,1.0,[C@H]23OC1=C(OC(=O)C)C=CC6=C1C25C4(C[C@@H](C3(OC)C=C4)[C@](O)(CCC)C)C(N(CC5)C)C6,C1=CC23CCC1C1Oc4cccc5c4C12CCNC3C5,33
CCC[C@]1(c2cccc(O)c2)CCN(C)C[C@@H]1C,1.0,[C@]2(C1=CC(=CC=C1)O)([C@H](CN(C)CC2)C)CCC,c1ccc(C2CCNCC2)cc1,18
CCCl,1.0,C(C)Cl,,3
CCN(C(C)=O)c1cccc(-c2ccnc3c(C#N)cnn23)c1,1.0,C2=N[N]1C(=CC=NC1=C2C#N)C3=CC(=CC=C3)N(C(C)=O)CC,c1ccc(-c2ccnc3ccnn23)cc1,23
CCN(C)C(=O)Oc1cccc([C@H](C)N(C)C)c1,1.0,[C@H](C1=CC(=CC=C1)OC(N(CC)C)=O)(N(C)C)C,c1ccccc1,18
CCN(CC)C(=O)C1CN2CCc3cc(OC)c(OC)cc3C2CC1OC(C)=O,1.0,CCN(CC)C(=O)C1CN2CCc3cc(OC)c(OC)cc3C2CC1OC(C)=O,c1ccc2c(c1)CCN1CCCCC21,29
CCN(CC)C(=O)CNC(=O)c1cc(OC)c(OC)c(OC)c1,1.0,C1=C(C(=C(C=C1C(NCC(N(CC)CC)=O)=O)OC)OC)OC,c1ccccc1,23
CCN(CC)C(=O)COc1cc2c(O)c3c(O)c(C)c4c(c13)C(=O)[C@@](C)(O/C=C/[C@H](OC)[C@@H](C)[C@@H](OC(C)=O)[C@H](C)[C@H](O)[C@H](C)[C@@H](O)[C@@H](C)/C=C/C=C(/C)C(=O)N2)O4,0.0,CCN(CC)C(=O)COc1cc2NC(=O)C(=C\C=C\[C@H](C)[C@H](O)[C@@H](C)[C@@H](O)[C@@H](C)[C@H](OC(C)=O)[C@H](C)[C@@H](OC)/C=C/O[C@@]3(C)Oc4c(C)c(O)c(c2O)c1c4C3=O)/C,O=C1C=CC=CCCCCCCCCC=COC2Oc3ccc4cc(ccc4c3C2=O)N1,58
CCN(CC)C(=O)N1CCN(CCCc2nc3c(c(=O)n(C)c(=O)n3C)n2C)CC1,1.0,C(C1=NC2=C([N]1C)C(N(C)C(N2C)=O)=O)CCN3CCN(C(N(CC)CC)=O)CC3,O=c1[nH]c(=O)c2[nH]c(CCCN3CCNCC3)nc2[nH]1,30
CCN(CC)C(=O)N[C@H]1C=C2c3cccc4[nH]cc(c34)C[C@H]2N(C)C1,1.0,[C@@H]14C(=C[C@H](NC(N(CC)CC)=O)CN1C)C2=CC=CC3=C2C(=C[NH]3)C4,C1=C2c3cccc4[nH]cc(c34)CC2NCC1,25
CCN(CC)C(=O)N[C@H]1C[C@@H]2c3cccc4[nH]cc(c34)C[C@H]2N(C)C1,1.0,[C@@H]34C1=CC=CC2=C1C(=C[NH]2)C[C@H]3N(C[C@H](C4)NC(N(CC)CC)=O)C,c1cc2c3c(c[nH]c3c1)CC1NCCCC21,25
CCN(CC)C(=O)Nc1ccc(OCC(O)CNC(C)(C)C)c(C(C)=O)c1,1.0,CCN(CC)C(=O)Nc1ccc(OCC(O)CNC(C)(C)C)c(c1)C(C)=O,c1ccccc1,27
CCN(CC)C(=O)[C@H]1[C@H](C(=O)N(CC)CC)[C@H]2C=C[C@@H]1C2,1.0,[C@@H]1([C@@H]([C@H]2C=C[C@@H]1C2)C(N(CC)CC)=O)C(N(CC)CC)=O,C1=CC2CCC1C2,21
CCN(CC)C(=O)[C@]1(c2ccccc2)C[C@@H]1CN,1.0,[C@]1([C@H](C1)CN)(C(=O)N(CC)CC)C2=CC=CC=C2.[H+].[Cl-],c1ccc(C2CC2)cc1,18
CCN(CC)C(=O)c1cccnc1,1.0,C1=CC=NC=C1C(N(CC)CC)=O,c1ccncc1,13
CCN(CC)C(=S)SSC(=S)N(CC)CC,1.0,CCN(CC)C(=S)SSC(=S)N(CC)CC,,16
CCN(CC)C(C)=NN=Cc1c2c(O)c3c(O)c(C)c4c(c3c1O)C(=O)C(C)(OC=CC(OC)C(C)C(OC(C)=O)C(C)C(O)C(C)C(O)C(C)C=CC=C(C)C(=O)N2)O4,0.0,CCN(CC)C(C)=NN=Cc1c(O)c2c3C(=O)C4(C)OC=CC(OC)C(C)C(OC(C)=O)C(C)C(O)C(C)C(O)C(C)C=CC=C(C)C(=O)Nc1c(O)c2c(O)c(C)c3O4,O=C1C=CC=CCCCCCCCCC=COC2Oc3ccc4cc(ccc4c3C2=O)N1,60
CCN(CC)C(C)CN1c2ccccc2Sc2ccccc21,1.0,C1=CC=CC3=C1N(C2=C(C=CC=C2)S3)CC(N(CC)CC)C,c1ccc2c(c1)Nc1ccccc1S2,22
CCN(CC)C/C=C1/c2ccccc2Nc2cc(Cl)ccc21,1.0,C1=CC(=CC3=C1\C(C2=CC=CC=C2N3)=C/CN(CC)CC)Cl,C=C1c2ccccc2Nc2ccccc21,22
CCN(CC)CC(=O)Nc1c(C)cccc1C,1.0,CCN(CC)CC(=O)Nc1c(C)cccc1C,c1ccccc1,17
CCN(CC)CC(=O)OCC(=O)C1(O)CCC2C3CCC4=CC(=O)C=CC4(C)C3C(O)CC21C,1.0,C(C(C4(C3(C(C2C(C1(C(=CC(=O)C=C1)CC2)C)C(C3)O)CC4)C)O)=O)OC(CN(CC)CC)=O,O=C1C=CC2C(=C1)CCC1C3CCCC3CCC21,34
CCN(CC)CC(=O)OCC(=O)[C@@]1(O)CC[C@H]2[C@@H]3CCC4=CC(=O)CC[C@]4(C)[C@H]3[C@@H](O)C[C@@]21C,1.0,[C@]34([C@H]([C@H]2[C@@H]([C@@]1(C(=CC(=O)CC1)CC2)C)[C@H](C3)O)CC[C@@]4(C(COC(CN(CC)CC)=O)=O)O)C,O=C1C=C2CCC3C4CCCC4CCC3C2CC1,34
CCN(CC)CC(=O)Oc1ccc(NC(C)=O)cc1,1.0,C1=CC(=CC=C1OC(CN(CC)CC)=O)NC(C)=O,c1ccccc1,19
CCN(CC)CCC(=O)N1c2ccccc2Sc2ccc(C(F)(F)F)cc21,1.0,C1=C(C(F)(F)F)C=CC3=C1N(C2=C(C=CC=C2)S3)C(CCN(CC)CC)=O,c1ccc2c(c1)Nc1ccccc1S2,27
CCN(CC)CCCC(C)Nc1ccnc2cc(Cl)ccc12,1.0,CCN(CC)CCCC(C)Nc1ccnc2cc(Cl)ccc12,c1ccc2ncccc2c1,22
CCN(CC)CCN1C(=O)CN=C(c2ccccc2F)c2cc(Cl)ccc21,1.0,CCN(CC)CCN1C(=O)CN=C(c2ccccc2F)c3cc(Cl)ccc13,O=C1CN=C(c2ccccc2)c2ccccc2N1,27
CCN(CC)CCN1c2ccccc2Sc2ccccc21,1.0,C1=CC=CC3=C1N(C2=C(C=CC=C2)S3)CCN(CC)CC,c1ccc2c(c1)Nc1ccccc1S2,21
CCN(CC)CCNC(=O)COc1ccc(Cl)cc1,1.0,C1=CC(=CC=C1OCC(NCCN(CC)CC)=O)Cl,c1ccccc1,19
CCN(CC)CCNC(=O)COc1ccc(OC)cc1,1.0,[H+].C1=C(OCC(=O)NCCN(CC)CC)C=CC(=C1)OC.[Cl-],c1ccccc1,20
CCN(CC)CCNC(=O)c1cc(Br)c(N)cc1OC,1.0,C1=C(Br)C(=CC(=C1C(NCCN(CC)CC)=O)OC)N,c1ccccc1,20
CCN(CC)CCNC(=O)c1cc(Cl)cc(Cl)c1OC,1.0,C1=C(Cl)C=C(C(=C1C(NCCN(CC)CC)=O)OC)Cl,c1ccccc1,20
CCN(CC)CCNC(=O)c1cc(S(C)(=O)=O)ccc1OC,1.0,C1=C([S](C)(=O)=O)C=CC(=C1C(NCCN(CC)CC)=O)OC,c1ccccc1,22
CCN(CC)CCOC(=O)C(O)(c1ccccc1)c1ccccc1,1.0,[H+].[Cl-].CCN(CC)CCOC(=O)C(O)(c1ccccc1)c2ccccc2,c1ccc(Cc2ccccc2)cc1,24
CCN(CC)CCOC(=O)C1(C2CCCCC2)CCCCC1,0.0,CCN(CC)CCOC(=O)C1(CCCCC1)C2CCCCC2,C1CCC(C2CCCCC2)CC1,22
CCN(CC)CCOC(=O)c1ccc(N)cc1,1.0,CCN(CC)CCOC(=O)c1ccc(N)cc1,c1ccccc1,17
CCN(CC)CCOC1(c2ccc(Cl)cc2)CCCCC1,1.0,C2=C(C1(OCCN(CC)CC)CCCCC1)C=CC(=C2)Cl,c1ccc(C2CCCCC2)cc1,21
CCN(CC)CCn1cnc2c1c(=O)n(C)c(=O)n2C,1.0,C1=NC2=C([N]1CCN(CC)CC)C(N(C)C(N2C)=O)=O,O=c1[nH]c(=O)c2[nH]cnc2[nH]1,20
CCN(CC)S(=O)(=O)N[C@H]1C[C@@H]2c3cccc4[nH]cc(c34)C[C@H]2N(C)C1,1.0,[C@@H]34C1=CC=CC2=C1C(=C[NH]2)C[C@H]3N(C[C@H](C4)N[S](N(CC)CC)(=O)=O)C,c1cc2c3c(c[nH]c3c1)CC1NCCCC21,26
CCN(CC)c1ccc(NC(=O)c2ccccc2N)c(C)c1,1.0,C1=CC=CC(=C1C(NC2=C(C=C(N(CC)CC)C=C2)C)=O)N,O=C(Nc1ccccc1)c1ccccc1,22
CCN(CC)c1nc2c(s1)c1c(O)c3c(O)c(C)c4c(c32)C(=O)[C@@](C)(O/C=C/[C@H](OC)[C@@H](C)[C@@H](OC(C)=O)[C@H](C)[C@H](O)[C@H](C)[C@@H](O)[C@@H](C)/C=C/C=C(/C)C(=O)N1)O4,0.0,CCN(CC)c1sc2c3NC(=O)C(=C\C=C\[C@H](C)[C@H](O)[C@@H](C)[C@@H](O)[C@@H](C)[C@H](OC(C)=O)[C@H](C)[C@@H](OC)/C=C/O[C@@]4(C)Oc5c(C)c(O)c(c3O)c(c2n1)c5C4=O)/C,O=C1C=CC=CCCCCCCCCC=COC2Oc3ccc4cc(c5scnc5c4c3C2=O)N1,57
CCN(CCO)CCn1c(Cc2ccccc2)nc2c1c(=O)n(C)c(=O)n2C,1.0,C1=CC=CC=C1CC2=NC3=C([N]2CCN(CCO)CC)C(N(C)C(N3C)=O)=O,O=c1[nH]c(=O)c2[nH]c(Cc3ccccc3)nc2[nH]1,28
CCN1C(=O)NC(c2ccccc2)C1=O,1.0,C1=CC=CC=C1C2C(N(CC)C(N2)=O)=O,O=C1NC(=O)C(c2ccccc2)N1,15
CCN1CC(CCN2CCOCC2)C(c2ccccc2)(c2ccccc2)C1=O,1.0,C1=CC=CC=C1C2(C(CN(C2=O)CC)CCN3CCOCC3)C4=CC=CC=C4,O=C1NCC(CCN2CCOCC2)C1(c1ccccc1)c1ccccc1,28
CCN1CCC(=C(c2ccccc2)c2ccccc2)C1,1.0,[H+].C3=C(C(=C1CCN(C1)CC)C2=CC=CC=C2)C=CC=C3.[Cl-],c1ccc(C(=C2CCNC2)c2ccccc2)cc1,20
CCN1CCCC1CNC(=O)c1cc(C(C)=O)ccc1OC,1.0,C1=C(C(C)=O)C=CC(=C1C(NCC2N(CCC2)CC)=O)OC,O=C(NCC1CCCN1)c1ccccc1,22
CCN1CCCC1CNC(=O)c1cc(S(=O)(=O)CC)c(N)cc1OC,1.0,C1=C([S](CC)(=O)=O)C(=CC(=C1C(NCC2N(CCC2)CC)=O)OC)N,O=C(NCC1CCCN1)c1ccccc1,25
CCN1CCCC1CNC(=O)c1cc(S(=O)(=O)CC)ccc1OC,1.0,C1=C([S](CC)(=O)=O)C=CC(=C1C(NCC2N(CCC2)CC)=O)OC,O=C(NCC1CCCN1)c1ccccc1,24
CCN1CCCC1CNC(=O)c1cc(S(N)(=O)=O)ccc1OC,1.0,C1=C([S](=O)(=O)N)C=CC(=C1C(NCC2N(CC)CCC2)=O)OC,O=C(NCC1CCCN1)c1ccccc1,23
CCN1CCC[C@H]1CNC(=O)c1c(OC)ccc(Br)c1OC,1.0,[C@H]2(CNC(C1=C(C=CC(=C1OC)Br)OC)=O)N(CCC2)CC,O=C(NCC1CCCN1)c1ccccc1,22
CCN1CCN(C(=O)N[C@@H](C(=O)N[C@@H]2C(=O)N3C(C(=O)O)=C(CSc4nnnn4C)CS[C@H]23)c2ccc(O)cc2)C(=O)C1=O,1.0,CCN1CCN(C(=O)N[C@@H](C(=O)N[C@H]2[C@H]3SCC(=C(N3C2=O)C(O)=O)CSc4nnnn4C)c5ccc(O)cc5)C(=O)C1=O,O=C1NCCN(C(=O)NC(C(=O)NC2C(=O)N3C=C(CSc4nnn[nH]4)CSC23)c2ccccc2)C1=O,44
CCN1CCN(C(=O)N[C@@H](C(=O)N[C@@H]2C(=O)N3[C@@H]2SC(C)(C)[C@@H]3C(=O)O)c2ccccc2)C(=O)C1=O,1.0,O.CCN1CCN(C(=O)N[C@@H](C(=O)N[C@H]2[C@H]3SC(C)(C)[C@@H](N3C2=O)C(O)=O)c4ccccc4)C(=O)C1=O,O=C1NCCN(C(=O)NC(C(=O)NC2C(=O)N3CCSC23)c2ccccc2)C1=O,36
CCN1CCN(c2cc(-c3ccc(F)cc3)c3c(n2)CCCCCC3)CC1,1.0,C1=C(C3=C(N=C1N2CCN(CC)CC2)CCCCCC3)C4=CC=C(F)C=C4,c1ccc(-c2cc(N3CCNCC3)nc3c2CCCCCC3)cc1,27
CCN1CCc2[nH]c3cc(F)c4scc(C)c4c3c2C1,1.0,C1=C4C(=C2C(=C1F)SC=C2C)C3=C(CCN(C3)CC)[NH]4,c1cc2c(ccc3[nH]c4c(c32)CNCC4)s1,20
CCNC(=NC#N)NCCSCc1ncccc1Br,0.0,CCNC(=NC#N)NCCSCc1c(cccn1)Br,c1ccncc1,19
CCNC(=O)/C=C/c1cccc(Br)c1,1.0,C1=C(C=CC=C1Br)\C=C\C(NCC)=O,c1ccccc1,14
CCNC(=O)N1CCN(CCCC(c2ccc(F)cc2)c2ccc(F)cc2)CC1,1.0,C3=C(C(C1=CC=C(C=C1)F)CCCN2CCN(C(NCC)=O)CC2)C=CC(=C3)F,c1ccc(C(CCCN2CCNCC2)c2ccccc2)cc1,29
CCNC1(c2ccccc2)CCCCC1,1.0,C2=C(C1(CCCCC1)NCC)C=CC=C2,c1ccc(C2CCCCC2)cc1,15
CCNC1(c2cccs2)CCCCC1=O,1.0,C1=C(SC=C1)C2(C(CCCC2)=O)NCC,O=C1CCCCC1c1cccs1,15
CCNC1=NC(=O)C(c2ccccc2)O1,1.0,C1=CC=CC=C1C2C(N=C(O2)NCC)=O,O=C1N=COC1c1ccccc1,15
CCNC1=Nc2ccc(Cl)cc2C(C)(c2ccccc2)O1,1.0,[H+].C2=C1C(OC(=NC1=CC=C2Cl)NCC)(C3=CC=CC=C3)C.[Cl-],C1=Nc2ccccc2C(c2ccccc2)O1,21
CCNC1=Nc2ccc(Cl)cc2C(c2ccccc2)S1,1.0,C1=C(Cl)C=CC3=C1C(C2=CC=CC=C2)SC(=N3)NCC,C1=Nc2ccccc2C(c2ccccc2)S1,20
CCNC1C2CCC(C2)C1c1ccccc1,1.0,C3=C(C1C(NCC)C2CC1CC2)C=CC=C3,c1ccc(C2CC3CCC2C3)cc1,16
CCNCC(O)c1cccc(O)c1,0.0,CCNCC(O)c1cccc(O)c1,c1ccccc1,13
CCNCc1c(CSC)cnc(C)c1O,1.0,CCNCc1c(O)c(C)ncc1CSC,c1ccncc1,15
CCN[C@@H]1C[C@H](N)[C@@H](O[C@H]2OC(CN)=CC[C@H]2N)[C@H](O)[C@H]1O[C@H]1OC[C@](C)(O)[C@H](NC)[C@H]1O,0.0,CCN[C@@H]1C[C@H](N)[C@@H](O[C@H]2OC(=CC[C@H]2N)CN)[C@H](O)[C@H]1O[C@H]3OC[C@](C)(O)[C@H](NC)[C@H]3O,C1=COC(OC2CCCC(OC3CCCCO3)C2)CC1,33
CCN[C@H](Cc1ccccc1)[C@H]1CCCO1,1.0,[C@@H]1(CCCO1)[C@@H](CC2=CC=CC=C2)NCC,c1ccc(CCC2CCCO2)cc1,16
CCO,1.0,CCO,,3
CCOC(=O)C(C)(C)Oc1ccc(Cl)cc1,0.0,CCOC(=O)C(C)(C)Oc1ccc(Cl)cc1,c1ccccc1,16
CCOC(=O)C(c1c(O)oc2ccccc2c1=O)c1c(O)oc2ccccc2c1=O,0.0,CCOC(=O)C(C1=C(O)Oc2ccccc2C1=O)C3=C(O)Oc4ccccc4C3=O,O=c1c(Cc2coc3ccccc3c2=O)coc2ccccc12,30
CCOC(=O)C1(c2cccc(O)c2)CCN(C)CC1,1.0,C2=C(C1(C(OCC)=O)CCN(C)CC1)C=CC=C2O,c1ccc(C2CCNCC2)cc1,19
CCOC(=O)C1(c2ccccc2)CCC=CC1N(C)C,1.0,[H+].C2=C(C1(C(N(C)C)C=CCC1)C(OCC)=O)C=CC=C2.[Cl-],C1=CCC(c2ccccc2)CC1,20
CCOC(=O)C1(c2ccccc2)CCN(C)CC1,1.0,CCOC(=O)C1(CCN(C)CC1)c2ccccc2,c1ccc(C2CCNCC2)cc1,18
CCOC(=O)C1(c2ccccc2)CCN(CCCNc2ccccc2)CC1,1.0,C3=C(C1(C(OCC)=O)CCN(CC1)CCCNC2=CC=CC=C2)C=CC=C3,c1ccc(NCCCN2CCC(c3ccccc3)CC2)cc1,27
CCOC(=O)C1(c2ccccc2)CCN(CCc2ccc(N)cc2)CC1,1.0,C3=C(CCN1CCC(CC1)(C2=CC=CC=C2)C(OCC)=O)C=CC(=C3)N,c1ccc(CCN2CCC(c3ccccc3)CC2)cc1,26
CCOC(=O)C1=C(C)NC(C)=C(C(=O)OC)C1c1cccc(Cl)c1Cl,0.0,CCOC(=O)C1=C(C)NC(=C(C1c2cccc(Cl)c2Cl)C(=O)OC)C,C1=CC(c2ccccc2)C=CN1,25
CCOC(=O)C1=C(C)NC(C)=C(C(=O)OC)C1c1cccc([N+](=O)[O-])c1,0.0,CCOC(=O)C1=C(C)NC(=C(C1c2cccc(c2)[N+]([O-])=O)C(=O)OC)C,C1=CC(c2ccccc2)C=CN1,26
CCOC(=O)C1N=C(c2ccccc2F)c2cc(Cl)ccc2NC1=O,1.0,C1=C(Cl)C=CC2=C1C(=NC(C(=O)N2)C(OCC)=O)C3=CC=CC=C3F,O=C1CN=C(c2ccccc2)c2ccccc2N1,25
CCOC(=O)C[C@@H](O)C[C@@H](O)/C=C/C1=C(c2ccc(F)cc2)c2ccccc2OC12CCCC2,1.0,[C@H](O)(/C=C/C1=C(C3=C(OC12CCCC2)C=CC=C3)C4=CC=C(F)C=C4)C[C@H](O)CC(OCC)=O,C1=C(c2ccccc2)c2ccccc2OC12CCCC2,34
CCOC(=O)N(CCN(C)C)c1cccc(C(F)(F)F)c1,1.0,CCOC(=O)N(CCN(C)C)c1cccc(c1)C(F)(F)F,c1ccccc1,21
CCOC(=O)N(Cc1ccccc1)C1CC1,1.0,C1=CC=CC=C1CN(C2CC2)C(OCC)=O,c1ccc(CNC2CC2)cc1,16
CCOC(=O)N1CCC(=O)N(c2ccccc2)c2cc(Cl)ccc21,1.0,C1=C(Cl)C=CC3=C1N(C2=CC=CC=C2)C(CCN3C(OCC)=O)=O,O=C1CCNc2ccccc2N1c1ccccc1,24
CCOC(=O)N1CCN(C(=O)Cc2ccc(Cl)c(Cl)c2)[C@@H](CN2CCCC2)C1,1.0,c1(ccc(c(c1)Cl)Cl)CC(N1[C@H](CN(CC1)C(=O)OCC)CN1CCCC1)=O,O=C(Cc1ccccc1)N1CCNCC1CN1CCCC1,28
CCOC(=O)NC(O)C(Cl)(Cl)Cl,1.0,C(OC(NC(C(Cl)(Cl)Cl)O)=O)C,,12
CCOC(=O)NNC(C)c1ccccc1,1.0,C1=CC=CC=C1C(NNC(OCC)=O)C,c1ccccc1,15
CCOC(=O)Nc1ccc(NCc2ccc(F)cc2)cc1N,1.0,C1=CC(=CC(=C1NC(OCC)=O)N)NCC2=CC=C(C=C2)F,c1ccc(CNc2ccccc2)cc1,22
CCOC(=O)OC(C)OC(=O)[C@@H]1N2C(=O)[C@@H](N=CN3CCCCCC3)[C@H]2SC1(C)C,0.0,CCOC(=O)OC(C)OC(=O)[C@@H]1N2[C@H](SC1(C)C)[C@H](N=CN3CCCCCC3)C2=O,O=C1C(N=CN2CCCCCC2)C2SCCN12,30
CCOC(=O)OC1(C(=O)OCCl)CCC2C3CCC4=CC(=O)C=CC4(C)C3C(O)CC21C,1.0,CCOC(=O)OC3(CCC4C2CCC1=CC(=O)C=CC1(C)C2C(O)CC34C)C(=O)OCCl,O=C1C=CC2C(=C1)CCC1C3CCCC3CCC21,32
CCOC(=O)OCC/C(SC(=O)OCC)=C(\C)N(C=O)Cc1cnc(C)nc1N,1.0,C1=C(CN(C(=C(SC(OCC)=O)/CCOC(OCC)=O)/C)C=O)C(=NC(=N1)C)N,c1cncnc1,29
CCOC(=O)O[C@]1(C(=O)COC(=O)CC)CC[C@H]2[C@@H]3CCC4=CC(=O)C=C[C@]4(C)[C@H]3[C@@H](O)C[C@@]21C,1.0,[C@@]4([C@@]3([C@H]([C@H]2[C@@H]([C@@]1(C(=CC(=O)C=C1)CC2)C)[C@H](C3)O)CC4)C)(C(COC(CC)=O)=O)OC(OCC)=O,O=C1C=CC2C(=C1)CCC1C3CCCC3CCC21,35
CCOC(=O)[C@H](CCc1ccccc1)N[C@@H](C)C(=O)N1CCC[C@H]1C(=O)O,0.0,CCOC(=O)[C@H](CCc1ccccc1)N[C@@H](C)C(=O)N2CCC[C@H]2C(O)=O,O=C(CNCCCc1ccccc1)N1CCCC1,27
CCOC(=O)c1[nH]c2cc(OC)c(OC)cc2c1CCN1CCN(c2ccccc2)CC1,1.0,C1=C(OC)C(=CC2=C1C(=C(C(OCC)=O)[NH]2)CCN4CCN(C3=CC=CC=C3)CC4)OC,c1ccc(N2CCN(CCc3c[nH]c4ccccc34)CC2)cc1,32
CCOC(=O)c1ccc(N)cc1,1.0,CCOC(=O)c1ccc(N)cc1,c1ccccc1,12
CCOC(=O)c1cnc2c(cnn2CC)c1NN=C(C)C,1.0,CCOC(=O)c1cnc2n(CC)ncc2c1NN=C(C)C,c1cnc2[nH]ncc2c1,21
CCOC(=O)c1cncn1C(C)c1ccc(F)cc1,1.0,C1=C(C(OCC)=O)[N](C=N1)C(C)C2=CC=C(C=C2)F,c1ccc(Cn2ccnc2)cc1,19
CCOC(=O)c1cncn1C(C)c1ccccc1,1.0,CCOC(=O)c1cncn1C(C)c2ccccc2,c1ccc(Cn2ccnc2)cc1,18
CCOC(=O)c1ncn2c1CN(C)C(=O)c1cc(F)ccc1-2,1.0,CCOC(=O)c1ncn2c1CN(C)C(=O)c3cc(F)ccc23,O=C1NCc2cncn2-c2ccccc21,22
CCOC(N)=O,1.0,NC(=O)OCC,,6
CCOC(OCC)C(=O)OCC(=O)C1(O)Cc2c(O)c3c(c(O)c2C(OC2CC(N)C(O)C(C)O2)C1)C(=O)c1c(OC)cccc1C3=O,0.0,CCOC(OCC)C(=O)OCC(=O)C1(O)CC(OC2CC(N)C(O)C(C)O2)c3c(O)c4C(=O)c5c(OC)cccc5C(=O)c4c(O)c3C1,O=C1c2ccccc2C(=O)c2cc3c(cc21)CCCC3OC1CCCCO1,48
CCOC1c2ccccc2C(=O)N(C)c2ccccc21,1.0,C1=CC=CC2=C1C(C3=C(N(C)C2=O)C=CC=C3)OCC,O=C1Nc2ccccc2Cc2ccccc21,20
CCOCC,1.0,CCOCC,,5
CCO[C@H]1CCN(C(=O)c2cc(-c3ccccc3)c(=O)n3c2-c2cc(Cl)ccc2CC3)C1,1.0,[C@H]5(CN(C(C3=C2C1=CC(=CC=C1CCN2C(=O)C(=C3)C4=CC=CC=C4)Cl)=O)CC5)OCC,O=C(c1cc(-c2ccccc2)c(=O)n2c1-c1ccccc1CC2)N1CCCC1,32
CCO[C@H]1C[C@@]2(C)[C@@H](CC[C@@H]3[C@@H]2[C@H](N(C)C)C[C@]2(C)[C@@H](C(C)=O)CC[C@@H]32)C[C@@H]1O,1.0,[C@@H]23[C@H]([C@H]1[C@]([C@@H](C(C)=O)CC1)(C)C[C@H]2N(C)C)CC[C@@H]4[C@@]3(C[C@H](OCC)[C@H](C4)O)C,C1CCC2C(C1)CCC1C3CCCC3CCC21,29
CCOc1cc(N)c([N+](=O)[O-])cc1C(=O)NC1CCN(CC2CC=CCC2)CC1,1.0,C1=C(C(=CC(=C1[N+](=O)[O-])N)OCC)C(NC3CCN(CC2CCC=CC2)CC3)=O,O=C(NC1CCN(CC2CC=CCC2)CC1)c1ccccc1,29
CCOc1ccc(NC(C)=O)cc1,0.0,CCOc1ccc(NC(C)=O)cc1,c1ccccc1,13
CCOc1ccc2ccccc2c1C(=O)N[C@@H]1C(=O)N2[C@@H]1SC(C)(C)[C@@H]2C(=O)[O-],0.0,[Na+].CCOc1ccc2ccccc2c1C(=O)N[C@H]3[C@H]4SC(C)(C)[C@@H](N4C3=O)C([O-])=O,O=C(NC1C(=O)N2CCSC12)c1cccc2ccccc12,29
CCOc1ccccc1OCC1CNCCO1,1.0,C1=CC=CC(=C1OCC2CNCCO2)OCC,c1ccc(OCC2CNCCO2)cc1,17
CCOc1ccccc1O[C@@H](c1ccccc1)[C@@H]1CNCCO1,1.0,[C@H](C1=CC=CC=C1)([C@@H]2CNCCO2)OC3=CC=CC=C3OCC,c1ccc(OC(c2ccccc2)C2CNCCO2)cc1,23
CCS(=O)(=O)C(C)(C)S(=O)(=O)CC,1.0,C([S](C(C)(C)[S](=O)(=O)CC)(=O)=O)C,,13
CCS(=O)(=O)CCN1C(=O)CN=C(c2ccccc2F)c2cc(Cl)ccc21,1.0,C1=C(Cl)C=CC2=C1C(=NCC(N2CC[S](CC)(=O)=O)=O)C3=CC=CC=C3F,O=C1CN=C(c2ccccc2)c2ccccc2N1,27
CCS(=O)(=O)CCn1c([N+](=O)[O-])cnc1C,1.0,C1=C([N](CC[S](CC)(=O)=O)C(=N1)C)[N+](=O)[O-],c1c[nH]cn1,16
CCS(=O)(=O)c1ccc(F)cc1,1.0,C1=CC(=CC=C1[S](CC)(=O)=O)F,c1ccccc1,12
CCS[C@]1(SC)CC[C@H]2[C@@H]3CCC4=CC(=O)C=C[C@]4(C)[C@@]3(F)[C@@H](O)C[C@@]21C,1.0,[C@]23([C@H]([C@H]1[C@]([C@@](SCC)(SC)CC1)(C)C[C@@H]2O)CCC4=CC(=O)C=C[C@]34C)F,O=C1C=CC2C(=C1)CCC1C3CCCC3CCC21,27
CCSc1ccc2c(c1)N(CCCN1CCN(C)CC1)c1ccccc1S2,1.0,CCSc1ccc2Sc3ccccc3N(CCCN4CCN(C)CC4)c2c1,c1ccc2c(c1)Sc1ccccc1N2CCCN1CCNCC1,27
CC[C@@H](CO)NCCN[C@@H](CC)CO,0.0,CC[C@@H](CO)NCCN[C@@H](CC)CO,,14
CC[C@@H](O)C(C[C@@H](C)N(C)C)(c1ccccc1)c1ccccc1,1.0,[C@H](C(C1=CC=CC=C1)(C2=CC=CC=C2)C[C@H](N(C)C)C)(CC)O,c1ccc(Cc2ccccc2)cc1,23
CC[C@@]1(O)C(=O)OCc2c1cc1n(c2=O)Cc2cc3c(CN(C)C)c(O)ccc3nc2-1,1.0,CC[C@@]1(O)C(=O)OCC2=C1C=C3N(Cc4cc5c(CN(C)C)c(O)ccc5nc34)C2=O,O=C1Cc2cc3n(c(=O)c2CO1)Cc1cc2ccccc2nc1-3,31
CC[C@@]1(O)C[C@H](OC2CC(N(C)C)C(OC3CC(O)C(OC4CCC(=O)C(C)O4)C(C)O3)C(C)O2)c2c(cc3c(c2O)C(=O)c2c(O)cccc2C3=O)[C@H]1C(=O)OC,0.0,CC[C@@]1(O)C[C@H](OC2CC(C(OC3CC(O)C(OC4CCC(=O)C(C)O4)C(C)O3)C(C)O2)N(C)C)c5c(O)c6C(=O)c7c(O)cccc7C(=O)c6cc5[C@H]1C(=O)OC,O=C1CCC(OC2CCC(OC3CCC(OC4CCCc5cc6c(cc54)C(=O)c4ccccc4C6=O)OC3)OC2)OC1,58
CC[C@@]1(O)C[C@H](O[C@H]2C[C@H](N(C)C)[C@H](O[C@H]3C[C@@H]4O[C@H]5CC(=O)[C@H](C)O[C@H]5O[C@@H]4[C@H](C)O3)[C@H](C)O2)c2c(O)c3c(c(O)c2[C@H]1O[C@H]1C[C@H](N(C)C)[C@H](O)[C@H](C)O1)C(=O)c1cccc(O)c1C3=O,0.0,CC[C@@]1(O)C[C@H](O[C@H]2C[C@@H]([C@H](O[C@H]3C[C@@H]4O[C@H]5CC(=O)[C@H](C)O[C@H]5O[C@@H]4[C@H](C)O3)[C@H](C)O2)N(C)C)c6c(O)c7C(=O)c8c(O)cccc8C(=O)c7c(O)c6[C@H]1O[C@H]9C[C@@H]([C@H](O)[C@H](C)O9)N(C)C,O=C1COC2OC3COC(OC4CCC(OC5CCC(OC6CCCCO6)c6cc7c(cc65)C(=O)c5ccccc5C7=O)OC4)CC3OC2C1,67
CC[C@H](C)C(=O)O[C@H]1CCC=C2C=C[C@H](C)[C@H](CC[C@@H]3C[C@@H](O)CC(=O)O3)[C@H]21,1.0,[C@@H]23[C@@H](CC[C@@H]1C[C@H](CC(O1)=O)O)[C@H](C=CC2=CCC[C@@H]3OC([C@H](CC)C)=O)C,O=C1CCCC(CCC2CC=CC3=CCCCC32)O1,28
CC[C@H](C)C(=O)O[C@H]1C[C@H](O)C=C2C=C[C@H](C)[C@H](CC[C@@H](O)C[C@@H](O)CC(=O)O)[C@H]21,0.0,CC[C@H](C)C(=O)O[C@H]1C[C@H](O)C=C2C=C[C@H](C)[C@H](CC[C@@H](O)C[C@@H](O)CC(O)=O)[C@@H]12,C1=CC2=CCCCC2CC1,30
CC[C@H](NC(=O)c1c(C)c(-c2ccccc2)nc2ccccc12)c1ccccc1,1.0,c12c(nc(c(c1C(N[C@@H](CC)c1ccccc1)=O)C)c1ccccc1)cccc2,O=C(NCc1ccccc1)c1cc(-c2ccccc2)nc2ccccc12,29
CC[C@H](NC(=O)c1c(Cn2ccnc2)c(-c2ccccc2)nc2ccccc12)c1ccccc1,0.0,c1cc2c(C(N[C@@H](CC)c3ccccc3)=O)c(c(nc2cc1)c1ccccc1)Cn1cncc1,O=C(NCc1ccccc1)c1c(Cn2ccnc2)c(-c2ccccc2)nc2ccccc12,34
CC[C@H](NC(=O)c1c(O)c(-c2ccccc2)nc2ccccc12)c1ccccc1,1.0,c1ccc2nc(c(c(C(N[C@@H](CC)c3ccccc3)=O)c2c1)O)c1ccccc1,O=C(NCc1ccccc1)c1cc(-c2ccccc2)nc2ccccc12,29
CC[C@H](NC(=O)c1c(OCC(=O)O)c(-c2ccccc2)nc2ccccc12)c1ccccc1,0.0,c1cc2c(C(N[C@@H](CC)c3ccccc3)=O)c(c(nc2cc1)c1ccccc1)OCC(O)=O,O=C(NCc1ccccc1)c1cc(-c2ccccc2)nc2ccccc12,33
CC[C@H](NC(=O)c1c(OCCCC(=O)O)c(-c2ccccc2)nc2ccccc12)c1ccccc1,0.0,c1cc2c(C(N[C@@H](CC)c3ccccc3)=O)c(c(c3ccccc3)nc2cc1)OCCCC(O)=O,O=C(NCc1ccccc1)c1cc(-c2ccccc2)nc2ccccc12,35
CC[C@H](NC(=O)c1c(OCCCN(C)C)c(-c2ccccc2)nc2ccccc12)c1ccccc1,1.0,c1cc2c(C(N[C@@H](CC)c3ccccc3)=O)c(c(nc2cc1)c1ccccc1)OCCCN(C)C,O=C(NCc1ccccc1)c1cc(-c2ccccc2)nc2ccccc12,35
CC[C@H](NC(=O)c1c(OCCNC(=O)Cc2ccccc2C(=O)O)c(-c2ccccc2)nc2ccccc12)c1ccccc1,0.0,c1ccc2c(c(C(N[C@@H](CC)c3ccccc3)=O)c(OCCNC(Cc3c(cccc3)C(=O)O)=O)c(c3ccccc3)n2)c1,O=C(Cc1ccccc1)NCCOc1c(-c2ccccc2)nc2ccccc2c1C(=O)NCc1ccccc1,44
CC[C@H](NC(=O)c1c(OCCNC(=O)Cc2ccccn2)c(-c2ccccc2)nc2ccccc12)c1ccccc1,0.0,c1cc2c(c(OCCNC(Cc3ncccc3)=O)c(c3ccccc3)nc2cc1)C(N[C@@H](CC)c1ccccc1)=O,O=C(Cc1ccccn1)NCCOc1c(-c2ccccc2)nc2ccccc2c1C(=O)NCc1ccccc1,41
CC[C@H](NC(=O)c1c(OCCNC(=O)[C@@H]2CCCN2)c(-c2ccccc2)nc2ccccc12)c1ccccc1,0.0,c1cc2c(c(c(c3ccccc3)nc2cc1)OCCNC([C@@H]1CCCN1)=O)C(=O)N[C@@H](CC)c1ccccc1,O=C(NCc1ccccc1)c1c(OCCNC(=O)C2CCCN2)c(-c2ccccc2)nc2ccccc12,39
CC[C@H]1CC(=O)[C@@H]2Oc3c(OC)ccc4c3[C@@]23CCN(CC2CC2)C(C4)[C@H]13,1.0,[C@H]12C5CC4=C3[C@]1([C@H](C(C[C@@H]2CC)=O)OC3=C(C=C4)OC)CCN5CC6CC6,O=C1CCC2C3Cc4cccc5c4C2(CCN3CC2CC2)C1O5,27
CC[C@H]1CN2CCc3cc(OC)c(OC)cc3[C@@H]2C[C@@H]1C[C@H]1NCCc2cc(OC)c(OC)cc21,0.0,[Cl].CC[C@H]1CN2CCc3cc(OC)c(OC)cc3[C@@H]2C[C@@H]1C[C@H]4NCCc5cc(OC)c(OC)cc45,c1ccc2c(c1)CCNC2CC1CCN2CCc3ccccc3C2C1,35
CC[C@H]1OC(=O)[C@H](C)[C@@H](OC2CC(C)(OC)C(O)C(C)O2)C(C)[C@@H](OC2OC(C)CC(N(C)C)C2O)[C@](C)(O)C[C@@H](C)/C(=N\OC)[C@H](C)[C@@H](O)[C@]1(C)O,0.0,CC[C@H]1OC(=O)[C@H](C)[C@@H](OC2CC(C)(OC)C(O)C(C)O2)C(C)[C@@H](OC3OC(C)CC(C3O)N(C)C)[C@](C)(O)C[C@@H](C)\C(=N/OC)[C@H](C)[C@@H](O)[C@]1(C)O,N=C1CCCCOC(=O)CC(OC2CCCCO2)CC(OC2CCCCO2)CCC1,53
CC[C@H]1OC(=O)[C@H](C)[C@@H](OC2CC(C)(OC)C(O)C(C)O2)C(C)[C@@H](OC2OC(C)CC(N(C)C)C2O)[C@](C)(O)C[C@@H](C)C(=O)[C@H](C)[C@@H](O)[C@H]1C,0.0,CC[C@H]1OC(=O)[C@H](C)[C@@H](OC2CC(C)(OC)C(O)C(C)O2)C(C)[C@@H](OC3OC(C)CC(C3O)N(C)C)[C@](C)(O)C[C@@H](C)C(=O)[C@H](C)[C@@H](O)[C@H]1C,O=C1CCCCOC(=O)CC(OC2CCCCO2)CC(OC2CCCCO2)CCC1,50
CC[C@H]1OC(=O)[C@H](C)[C@@H](O[C@H]2C[C@@](C)(OC)[C@@H](O)[C@H](C)O2)C(C)[C@@H](O[C@@H]2O[C@H](C)C[C@H](N(C)C)[C@H]2O)[C@](C)(O)C[C@@H](C)CN(C)[C@H](C)[C@@H](O)[C@]1(C)O,0.0,CC[C@H]1OC(=O)[C@H](C)[C@@H](O[C@H]2C[C@@](C)(OC)[C@@H](O)[C@H](C)O2)C(C)[C@@H](O[C@@H]3O[C@H](C)C[C@@H]([C@H]3O)N(C)C)[C@](C)(O)C[C@@H](C)CN(C)[C@H](C)[C@@H](O)[C@]1(C)O,O=C1CC(OC2CCCCO2)CC(OC2CCCCO2)CCCCNCCCCO1,52
CC[C@H]1OC(=O)[C@H](C)[C@@H](O[C@H]2C[C@@](C)(OC)[C@@H](O)[C@H](C)O2)[C@H](C)[C@@H](O[C@@H]2O[C@H](C)C[C@H](N(C)C)[C@H]2O)[C@](C)(O)C[C@@H](C)/C(=N/OCOCCOC)[C@H](C)[C@@H](O)[C@]1(C)O,0.0,CC[C@H]1OC(=O)[C@H](C)[C@@H](O[C@H]2C[C@@](C)(OC)[C@@H](O)[C@H](C)O2)[C@H](C)[C@@H](O[C@@H]3O[C@H](C)C[C@@H]([C@H]3O)N(C)C)[C@](C)(O)C[C@@H](C)\C(=N\OCOCCOC)[C@H](C)[C@@H](O)[C@]1(C)O,N=C1CCCCOC(=O)CC(OC2CCCCO2)CC(OC2CCCCO2)CCC1,58
CC[C@H]1OC(=O)[C@H](C)[C@@H](O[C@H]2C[C@@](C)(OC)[C@@H](O)[C@H](C)O2)[C@H](C)[C@@H](O[C@@H]2O[C@H](C)C[C@H](N(C)C)[C@H]2O)[C@](C)(O)C[C@@H](C)C(=O)[C@H](C)[C@@H](O)[C@]1(C)O,0.0,CC[C@H]1OC(=O)[C@H](C)[C@@H](O[C@H]2C[C@@](C)(OC)[C@@H](O)[C@H](C)O2)[C@H](C)[C@@H](O[C@@H]3O[C@H](C)C[C@@H]([C@H]3O)N(C)C)[C@](C)(O)C[C@@H](C)C(=O)[C@H](C)[C@@H](O)[C@]1(C)O,O=C1CCCCOC(=O)CC(OC2CCCCO2)CC(OC2CCCCO2)CCC1,51
CC[C@H]1OC(=O)[C@H](C)[C@@H](O[C@H]2C[C@@](C)(OC)[C@@H](O)[C@H](C)O2)[C@H](C)[C@@H](O[C@@H]2O[C@H](C)C[C@H](N(C)C)[C@H]2O)[C@](C)(O)C[C@@H](C)[C@@H]2N[C@@H](COCCOC)O[C@H]([C@H]2C)[C@]1(C)O,0.0,CC[C@H]1OC(=O)[C@H](C)[C@@H](O[C@H]2C[C@@](C)(OC)[C@@H](O)[C@H](C)O2)[C@H](C)[C@@H](O[C@@H]3O[C@H](C)C[C@@H]([C@H]3O)N(C)C)[C@](C)(O)C[C@@H](C)[C@@H]4N[C@@H](COCCOC)O[C@H]([C@H]4C)[C@]1(C)O,O=C1CC(OC2CCCCO2)CC(OC2CCCCO2)CCCC2CC(CCO1)OCN2,58
CC[C@H]1OC(=O)[C@H](C)[C@@H](O[C@H]2C[C@@](C)(OC)[C@@H](O)[C@H](C)O2)[C@H](C)[C@@H](O[C@@H]2O[C@H](C)C[C@H](N(C)C)[C@H]2O)[C@](C)(O)C[C@](C)(F)C(=O)[C@H](C)[C@@H](O)[C@]1(C)O,0.0,CC[C@H]1OC(=O)[C@H](C)[C@@H](O[C@H]2C[C@@](C)(OC)[C@@H](O)[C@H](C)O2)[C@H](C)[C@@H](O[C@@H]3O[C@H](C)C[C@@H]([C@H]3O)N(C)C)[C@](C)(O)C[C@](C)(F)C(=O)[C@H](C)[C@@H](O)[C@]1(C)O,O=C1CCCCOC(=O)CC(OC2CCCCO2)CC(OC2CCCCO2)CCC1,52
CC[C@H]1OC(=O)[C@H](C)[C@@H](O[C@H]2C[C@@](C)(OC)[C@@H](O)[C@H](C)O2)[C@H](C)[C@@H](O[C@@H]2O[C@H](C)C[C@H](N(C)C)[C@H]2O)[C@](C)(OC)C[C@@H](C)C(=O)[C@H](C)[C@@H](O)[C@]1(C)O,0.0,CC[C@H]1OC(=O)[C@H](C)[C@@H](O[C@H]2C[C@@](C)(OC)[C@@H](O)[C@H](C)O2)[C@H](C)[C@@H](O[C@@H]3O[C@H](C)C[C@@H]([C@H]3O)N(C)C)[C@@](C)(C[C@@H](C)C(=O)[C@H](C)[C@@H](O)[C@]1(C)O)OC,O=C1CCCCOC(=O)CC(OC2CCCCO2)CC(OC2CCCCO2)CCC1,52
CC[C@]1(O)C[C@H]2CN(CCc3c([nH]c4ccccc34)[C@@](C(=O)OC)(c3cc4c(cc3OC)N(C)[C@H]3[C@@](O)(C(=O)OC)[C@H](OC(C)=O)[C@]5(CC)C=CCN6CC[C@]43[C@@H]65)C2)C1,1.0,CC[C@]1(O)C[C@H]2CN(CCc3c([nH]c4ccccc34)[C@@](C2)(C(=O)OC)c5cc6c(cc5OC)N(C)[C@H]7[C@](O)([C@H](OC(C)=O)[C@]8(CC)C=CCN9CC[C@]67[C@H]89)C(=O)OC)C1,C1=CC2CCC3Nc4ccc(C5CC6CCCN(CCc7c5[nH]c5ccccc75)C6)cc4C34CCN(C1)C24,59
CC[C@]1(O)C[C@H]2CN(CCc3c([nH]c4ccccc34)[C@@](C(=O)OC)(c3cc4c(cc3OC)N(C)[C@H]3[C@@](O)(C(N)=O)[C@H](O)[C@]5(CC)C=CCN6CC[C@]43[C@@H]65)C2)C1,0.0,CC[C@]1(O)C[C@H]2CN(CCc3c([nH]c4ccccc34)[C@@](C2)(C(=O)OC)c5cc6c(cc5OC)N(C)[C@H]7[C@](O)([C@H](O)[C@]8(CC)C=CCN9CC[C@]67[C@H]89)C(N)=O)C1,C1=CC2CCC3Nc4ccc(C5CC6CCCN(CCc7c5[nH]c5ccccc75)C6)cc4C34CCN(C1)C24,55
CC[C@]1(O)C[C@H]2CN(CCc3c([nH]c4ccccc34)[C@@](C(=O)OC)(c3cc4c(cc3OC)N(C=O)[C@H]3[C@@](O)(C(=O)OC)[C@H](OC(C)=O)[C@]5(CC)C=CCN6CC[C@]43[C@@H]65)C2)C1,1.0,CC[C@]1(O)C[C@H]2CN(CCc3c([nH]c4ccccc34)[C@@](C2)(C(=O)OC)c5cc6c(cc5OC)N(C=O)[C@H]7[C@](O)([C@H](OC(C)=O)[C@]8(CC)C=CCN9CC[C@]67[C@H]89)C(=O)OC)C1,C1=CC2CCC3Nc4ccc(C5CC6CCCN(CCc7c5[nH]c5ccccc75)C6)cc4C34CCN(C1)C24,60
CC[C@]12CCN(CC3(O)CC3)[C@H](Cc3ccc(O)cc31)C2(C)C,1.0,[C@@]23(C([C@H](N(CC1(CC1)O)CC2)CC4=C3C=C(C=C4)O)(C)C)CC,c1ccc2c(c1)CC1CC2CCN1CC1CC1,23
CC[N+](C)(C)Cc1ccccc1Br,0.0,CC[N+](C)(C)Cc1ccccc1Br.Cc2ccc(cc2)[S]([O-])(=O)=O,c1ccccc1,13
CC[N+](C)(CC)CCOC(=O)C1c2ccccc2Oc2ccccc21,0.0,CC[N+](C)(CC)CCOC(=O)C1c2ccccc2Oc3ccccc13,c1ccc2c(c1)Cc1ccccc1O2,25
CCc1c(C)[n+]([NH-])c(-c2ccc(OC)c(OC)c2)c2cc(OC)c(OC)cc12,1.0,C1=C(OC)C(=CC2=C1C(=[N+](C(=C2CC)C)[NH-])C3=CC=C(C(=C3)OC)OC)OC,c1ccc(-c2[nH+]ccc3ccccc23)cc1,28
CCc1c(C)[nH]c2c1C(=O)C(CN1CCOCC1)CC2,1.0,C(C1=C(C)[NH]C3=C1C(C(CN2CCOCC2)CC3)=O)C,O=C1c2cc[nH]c2CCC1CN1CCOCC1,20
CCc1c(C)[nH]c2c1C(=O)[C@@H]1CN(C)CC[C@H]1C2,1.0,[C@H]12C(C3=C(C[C@@H]1CCN(C2)C)[NH]C(=C3CC)C)=O,O=C1c2cc[nH]c2CC2CCNCC12,18
CCc1c(O)c(=O)ccn1CC,1.0,CCN1C=CC(=O)C(=C1CC)O,O=c1cc[nH]cc1,12
CCc1c(O)c(=O)ccn1CCCCO,0.0,c1cn(CCCCO)c(CC)c(O)c1=O,O=c1cc[nH]cc1,15
CCc1c(O)c(=O)ccn1CCO,0.0,c1cn(CCO)c(CC)c(O)c1=O,O=c1cc[nH]cc1,13
CCc1c(OC)nc2nc(-c3noc(C)n3)cn2c1C,1.0,C1=C(N=C2[N]1C(=C(CC)C(=N2)OC)C)C3=NOC(=N3)C,c1cnc2nc(-c3ncon3)cn2c1,20
CCc1c(OC)nc2nc(C(=O)c3ccccc3)cn2c1C,1.0,C1=C(N=C2[N]1C(=C(CC)C(=N2)OC)C)C(C3=CC=CC=C3)=O,O=C(c1ccccc1)c1cn2cccnc2n1,22
CCc1cc(C(N)=S)ccn1,1.0,CCc1cc(ccn1)C(N)=S,c1ccncc1,11
CCc1cc2c(s1)-n1c(C)nnc1CN=C2c1ccccc1Cl,1.0,C1=C(SC2=C1C(=NCC3=NN=C([N]23)C)C4=CC=CC=C4Cl)CC,c1ccc(C2=NCc3nncn3-c3sccc32)cc1,23
CCc1cc2c(s1)N(C)C(=O)CN=C2c1ccccc1Cl,1.0,C1=C(CC)SC2=C1C(=NCC(N2C)=O)C3=CC=CC=C3Cl,O=C1CN=C(c2ccccc2)c2ccsc2N1,21
CCc1ccc2c(c1)N(CC(C)CN(C)C)c1ccccc1S2,1.0,CCc1ccc2Sc3ccccc3N(CC(C)CN(C)C)c2c1,c1ccc2c(c1)Nc1ccccc1S2,23
CCc1ccccc1,1.0,c1(ccccc1)CC,c1ccccc1,8
CCc1ccccc1-n1c(C)nc2ccccc2c1=O,1.0,CCc1ccccc1N2C(=Nc3ccccc3C2=O)C,O=c1c2ccccc2ncn1-c1ccccc1,20
CCc1nc(N)nc(N)c1-c1ccc(Cl)cc1,1.0,CCc1nc(N)nc(N)c1c2ccc(Cl)cc2,c1ccc(-c2cncnc2)cc1,17
CCc1nn(CCCN2CCN(c3cccc(Cl)c3)CC2)c(=O)n1CC,1.0,C1=C(C=CC=C1N3CCN(CCCN2C(N(C(=N2)CC)CC)=O)CC3)Cl,O=c1[nH]cnn1CCCN1CCN(c2ccccc2)CC1,26
CCc1nn(CCCN2CCN(c3cccc(Cl)c3)CC2)c(=O)n1CCOc1ccccc1,1.0,[H+].C4=C(N3CCN(CCCN1N=C(N(C1=O)CCOC2=CC=CC=C2)CC)CC3)C=CC=C4Cl.[Cl-],O=c1n(CCOc2ccccc2)cnn1CCCN1CCN(c2ccccc2)CC1,33
CCn1c2c(c3ccccc31)CCSC2(C)CCN(C)C,1.0,C1=CC=CC2=C1C3=C([N]2CC)C(SCC3)(CCN(C)C)C,c1ccc2c3c([nH]c2c1)CSCC3,21
CCn1cc(C(=O)O)c(=O)c2cc(F)c(N3CCN(C)CC3)cc21,0.0,CCN1C=C(C(O)=O)C(=O)c2cc(F)c(cc12)N3CCN(C)CC3,O=c1cc[nH]c2cc(N3CCNCC3)ccc12,24
CCn1cc(C(=O)O)c(=O)c2cc(F)c(N3CCNC(C)C3)c(F)c21,0.0,CCN1C=C(C(O)=O)C(=O)c2cc(F)c(N3CCNC(C)C3)c(F)c12,O=c1cc[nH]c2cc(N3CCNCC3)ccc12,25
CCn1cc(C(=O)O)c(=O)c2cc(F)c(N3CCNCC3)cc21,0.0,CCN1C=C(C(O)=O)C(=O)c2cc(F)c(cc12)N3CCNCC3,O=c1cc[nH]c2cc(N3CCNCC3)ccc12,23
CCn1cc(C(=O)O)c(=O)c2cc(F)c(N3CCNCC3)nc21,0.0,CCN1C=C(C(O)=O)C(=O)c2cc(F)c(nc12)N3CCNCC3,O=c1cc[nH]c2nc(N3CCNCC3)ccc12,23
CCn1cc(C(=O)O)c(=O)c2ccc(C)nc21,0.0,CCN1C=C(C(O)=O)C(=O)c2ccc(C)nc12,O=c1cc[nH]c2ncccc12,17
CCn1cc(C(=O)O)c(=O)c2ccc(Cc3ccccc3)nc21,1.0,C1=CC(=NC2=C1C(C(=CN2CC)C(O)=O)=O)CC3=CC=CC=C3,O=c1cc[nH]c2nc(Cc3ccccc3)ccc12,23
CCn1ccc(=O)c(O)c1C,1.0,CCN1C=CC(=O)C(=C1C)O,O=c1cc[nH]cc1,11
CCn1nc(C)c2c1C(c1ccccc1)=NCC(=O)N2,1.0,C1=CC=CC=C1C2=NCC(NC3=C2[N](N=C3C)CC)=O,O=C1CN=C(c2ccccc2)c2[nH]ncc2N1,20
CCn1nnn(CCN2CC[C@H](N(C(=O)COC)c3ccccc3F)[C@H](C)C2)c1=O,1.0,[C@@H]3(N(C1=C(C=CC=C1)F)C(COC)=O)[C@@H](CN(CCN2C(N(CC)N=N2)=O)CC3)C,O=c1[nH]nnn1CCN1CCC(Nc2ccccc2)CC1,30
CN(C(=O)C(c1ccccc1)c1ccccc1)[C@H](CN1CC[C@H](O)C1)c1ccccc1,1.0,[C@H](N(C(C(C1=CC=CC=C1)C2=CC=CC=C2)=O)C)(C3=CC=CC=C3)CN4CC[C@@H](C4)O,O=C(NC(CN1CCCC1)c1ccccc1)C(c1ccccc1)c1ccccc1,31
CN(C(=O)CN(CCO)CCO)c1ccc(Cl)cc1C(=O)c1ccccc1Cl,1.0,C1=C(C(=CC=C1Cl)N(C(CN(CCO)CCO)=O)C)C(C2=C(C=CC=C2)Cl)=O,O=C(c1ccccc1)c1ccccc1,28
CN(C(=O)CNC(=O)CN)c1ccc(Cl)cc1C(=O)c1ccccc1Cl,1.0,C1=CC(=CC(=C1N(C(=O)CNC(=O)CN)C)C(=O)C2=CC=CC=C2Cl)Cl.O,O=C(c1ccccc1)c1ccccc1,26
CN(C(=O)CNC(=O)[C@@H](N)CCCCN)c1ccc(Cl)cc1C(=O)c1ccccc1,1.0,[C@@H](C(NCC(N(C1=CC=C(C=C1C(C2=CC=CC=C2)=O)Cl)C)=O)=O)(CCCCN)N,O=C(c1ccccc1)c1ccccc1,30
CN(C(=O)CNC1CC1)c1ccc(Cl)cc1C(=O)c1ccccc1Cl,1.0,C1=C(Cl)C=CC(=C1C(C2=C(C=CC=C2)Cl)=O)N(C(CNC3CC3)=O)C,O=C(CNC1CC1)Nc1ccccc1C(=O)c1ccccc1,25
CN(C(=O)Cc1ccc(Cl)c(Cl)c1)C1CCCC[C@H]1N1CCCC1,1.0,CN(C1CCCC[C@H]1N2CCCC2)C(=O)Cc3ccc(Cl)c(Cl)c3,O=C(Cc1ccccc1)NC1CCCCC1N1CCCC1,24
CN(C(=O)Cc1ccc(Cl)c(Cl)c1)[C@@H](CN1CCCC1)c1ccccc1,1.0,c1(ccccc1)[C@H](CN1CCCC1)N(C(=O)Cc1ccc(c(c1)Cl)Cl)C,O=C(Cc1ccccc1)NC(CN1CCCC1)c1ccccc1,26
CN(C(=O)Cc1ccc(Cl)c(Cl)c1)[C@H]1CC[C@@]2(CCCO2)C[C@@H]1N1CCCC1,1.0,[C@]24(C[C@@H]([C@@H](N(C(CC1=CC(=C(Cl)C=C1)Cl)=O)C)CC2)N3CCCC3)CCCO4,O=C(Cc1ccccc1)NC1CCC2(CCCO2)CC1N1CCCC1,28
CN(C(=O)Cc1ccccc1N)[C@@H](CN1CC[C@@H](O)C1)c1ccccc1,0.0,c1ccc([C@H](C[N@]2CC[C@H](C2)O)N(C(Cc2ccccc2N)=O)C)cc1,O=C(Cc1ccccc1)NC(CN1CCCC1)c1ccccc1,26
CN(C)C(=O)C1(c2ccc(Cl)cc2)CCN(CCCC(=O)c2ccc(F)cc2)CC1,1.0,C1=CC(=CC=C1C3(CCN(CCCC(C2=CC=C(F)C=C2)=O)CC3)C(N(C)C)=O)Cl,O=C(CCCN1CCC(c2ccccc2)CC1)c1ccccc1,30
CN(C)C(=O)CCNc1ccc(Br)cc1,1.0,C1=CC(=CC=C1NCCC(N(C)C)=O)Br,c1ccccc1,15
CN(C)C(=O)COC1c2ccccc2CCc2ccccc21,1.0,CN(C)C(=O)COC2c1ccccc1CCc3ccccc23,c1ccc2c(c1)CCc1ccccc1C2,22
CN(C)C(=O)OC1N=C(c2ccccc2)c2cc(Cl)ccc2N(C)C1=O,1.0,C1=C(Cl)C=CC2=C1C(=NC(OC(N(C)C)=O)C(N2C)=O)C3=CC=CC=C3,O=C1CN=C(c2ccccc2)c2ccccc2N1,26
CN(C)C(=O)Oc1ccc[n+](C)c1,1.0,[Br-].CN(C)C(=O)Oc1ccc[n+](C)c1,c1cc[nH+]cc1,13
CN(C)C(=O)c1nc(CNC(=O)CN)n(-c2ccc(Cl)cc2C(=O)c2ccccc2Cl)n1,1.0,C2=C([N]1C(=NC(=N1)C(N(C)C)=O)CNC(CN)=O)C(=CC(=C2)Cl)C(C3=C(C=CC=C3)Cl)=O,O=C(c1ccccc1)c1ccccc1-n1cncn1,32
CN(C)C(C)(CO)Cc1ccc(Cl)c(Cl)c1,1.0,[H+].C1=C(CC(N(C)C)(CO)C)C=CC(=C1Cl)Cl.[Cl-],c1ccccc1,16
CN(C)C/C=C(/c1ccc(Br)cc1)c1cccnc1,1.0,CN(C)C/C=C(/c1ccc(Br)cc1)c2cccnc2,C=C(c1ccccc1)c1cccnc1,19
CN(C)C1=NC(=O)C(c2ccccc2)O1,1.0,C1=CC=CC=C1C2OC(=NC2=O)N(C)C,O=C1N=COC1c1ccccc1,15
CN(C)C1C(=O)/C(=C(/O)NCN2CCN(C(=N)N=C(N)N)CC2)C(=O)C2(O)C(=O)C3=C(O)c4c(O)cccc4C(C)(O)C3CC12,0.0,CN(C)C1C2CC3C(=C(O)c4c(O)cccc4C3(C)O)C(=O)C2(O)C(=O)\C(=C(/O)NCN5CCN(CC5)C(=N)N=C(N)N)C1=O,O=C1CC2CC3Cc4ccccc4C=C3C(=O)C2C(=O)C1=CNCN1CCNCC1,45
CN(C)C1C(=O)/C(=C(/O)NCN2CCN(CCO)CC2)C(=O)C2(O)C(=O)C3=C(O)c4c(O)cccc4C(C)(O)C3CC12,0.0,CN(C)C1C2CC3C(=C(O)c4c(O)cccc4C3(C)O)C(=O)C2(O)C(=O)\C(=C(/O)NCN5CCN(CCO)CC5)C1=O,O=C1CC2CC3Cc4ccccc4C=C3C(=O)C2C(=O)C1=CNCN1CCNCC1,42
CN(C)C1CCc2[nH]c3c(F)cc(F)cc3c2C1,1.0,CN(C)C3CCc2[nH]c1c(F)cc(F)cc1c2C3,c1ccc2c3c([nH]c2c1)CCCC3,18
CN(C)C1CCc2[nH]c3ccccc3c2C1,1.0,C1=CC=CC2=C1C3=C([NH]2)CCC(C3)N(C)C,c1ccc2c3c([nH]c2c1)CCCC3,16
CN(C)CC#CC=C1c2ccccc2C=Cc2ccccc21,1.0,CN(C)CC#CC=C2c1ccccc1C=Cc3ccccc23,C=C1c2ccccc2C=Cc2ccccc21,22
CN(C)CC(=O)C=C1c2ccccc2CCc2ccccc21,1.0,C1=CC=CC2=C1C(C3=C(CC2)C=CC=C3)=CC(CN(C)C)=O,C=C1c2ccccc2CCc2ccccc21,22
CN(C)CC(=O)N1c2ccccc2Sc2ccccc21,1.0,C1=CC=CC3=C1N(C2=C(C=CC=C2)S3)C(CN(C)C)=O,c1ccc2c(c1)Nc1ccccc1S2,20
CN(C)CC(CN1c2ccccc2Sc2ccccc21)N(C)C,1.0,C1=CC=CC3=C1N(C2=C(C=CC=C2)S3)CC(CN(C)C)N(C)C,c1ccc2c(c1)Nc1ccccc1S2,23
CN(C)CC(O)C(c1ccccc1)c1ccc(Cl)cc1,1.0,C1=CC=CC(=C1)C(C(CN(C)C)O)C2=CC=C(C=C2)Cl,c1ccc(Cc2ccccc2)cc1,20
CN(C)CC(Oc1ccccc1)Oc1ccccc1,1.0,C2=C(OC(OC1=CC=CC=C1)CN(C)C)C=CC=C2,c1ccc(OCOc2ccccc2)cc1,19
CN(C)CC/C=C1/c2ccccc2COc2ccccc21,1.0,[H+].[Cl-].CN(C)CC\C=C/1c2ccccc2COc3ccccc13,C=C1c2ccccc2COc2ccccc21,21
CN(C)CC/C=C1/c2ccccc2CSc2ccccc21,1.0,[H+].C3=C2\C(C1=CC=CC=C1SCC2=CC=C3)=C\CCN(C)C.[Cl-],C=C1c2ccccc2CSc2ccccc21,21
CN(C)CC/C=C1/c2ccccc2Sc2ccc(Cl)cc21,1.0,CN(C)CC\C=C/1c2ccccc2Sc3ccc(Cl)cc13,C=C1c2ccccc2Sc2ccccc21,21
CN(C)CC1=Cc2ccccc2Sc2ccccc21,1.0,C1=CC=CC3=C1SC2=C(C=CC=C2)C=C3CN(C)C,C1=Cc2ccccc2Sc2ccccc21,19
CN(C)CC1COC2(O1)c1ccccc1COc1ccccc12,1.0,C1=CC=CC2=C1C4(C3=C(OC2)C=CC=C3)OC(CN(C)C)CO4,c1ccc2c(c1)COc1ccccc1C21OCCO1,23
CN(C)CCC(c1ccccc1)C1CCCCC1,1.0,C2=C(C(C1CCCCC1)CCN(C)C)C=CC=C2,c1ccc(CC2CCCCC2)cc1,18
CN(C)CCC(c1ccccc1)c1ccccn1,0.0,CN(C)CCC(c1ccccc1)c2ccccn2,c1ccc(Cc2ccccn2)cc1,18
CN(C)CCC1(C)OCCC2=C1c1ccccc1C2,1.0,C1=CC=CC2=C1C3=C(C2)CCOC3(CCN(C)C)C,c1ccc2c(c1)CC1=C2COCC1,19
CN(C)CCC1(c2ccccc2)C=Cc2ccccc21,1.0,C1=CC=CC3=C1C(C2=CC=CC=C2)(C=C3)CCN(C)C,C1=CC(c2ccccc2)c2ccccc21,20
CN(C)CCC=C1c2ccccc2C(C)(C)c2ccccc21,1.0,C1=CC=CC3=C1C(C2=C(C=CC=C2)C3(C)C)=CCCN(C)C,C=C1c2ccccc2Cc2ccccc21,22
CN(C)CCC=C1c2ccccc2C=Cc2ccccc21,1.0,C1=CC=CC2=C1C(C3=C(C=C2)C=CC=C3)=CCCN(C)C,C=C1c2ccccc2C=Cc2ccccc21,21
CN(C)CCC=C1c2ccccc2CCc2ccccc21,1.0,CN(CCC=C1c2ccccc2CCc2ccccc12)C,C=C1c2ccccc2CCc2ccccc21,21
CN(C)CCC=C1c2ccccc2COc2ccccc21,1.0,CN(C)CCC=C2c1ccccc1COc3ccccc23,C=C1c2ccccc2COc2ccccc21,21
CN(C)CCC=C1c2ccccc2Sc2ccccc21,1.0,C1=CC=CC3=C1C(C2=C(C=CC=C2)S3)=CCCN(C)C,C=C1c2ccccc2Sc2ccccc21,20
CN(C)CCCC1(c2ccc(F)cc2)OCc2cc(C#N)ccc21,1.0,C1=CC(=CC3=C1C(C2=CC=C(F)C=C2)(OC3)CCCN(C)C)C#N,c1ccc(C2OCc3ccccc32)cc1,24
CN(C)CCCC1c2ccccc2Nc2ccc(Cl)cc21,1.0,C1=C(Cl)C=CC3=C1C(C2=C(C=CC=C2)N3)CCCN(C)C,c1ccc2c(c1)Cc1ccccc1N2,21
CN(C)CCCN1c2ccccc2C(C)(C)c2ccccc21,1.0,C1=CC=CC3=C1N(C2=C(C=CC=C2)C3(C)C)CCCN(C)C,c1ccc2c(c1)Cc1ccccc1N2,22
CN(C)CCCN1c2ccccc2C(c2ccccc2)=Nc2cccnc21,1.0,CN(C)CCCN2c1ccccc1C(=Nc3cccnc23)c4ccccc4,c1ccc(C2=Nc3cccnc3Nc3ccccc32)cc1,27
CN(C)CCCN1c2ccccc2C=Cc2ccccc21,1.0,C1=CC=CC2=C1N(C3=C(C=C2)C=CC=C3)CCCN(C)C,C1=Cc2ccccc2Nc2ccccc21,21
CN(C)CCCN1c2ccccc2C=Cc2sccc21,1.0,C1=CSC2=C1N(C3=C(C=C2)C=CC=C3)CCCN(C)C,C1=Cc2sccc2Nc2ccccc21,20
CN(C)CCCN1c2ccccc2CC(=O)c2ccccc21,1.0,C1=CC=CC2=C1N(C3=C(CC2=O)C=CC=C3)CCCN(C)C,O=C1Cc2ccccc2Nc2ccccc21,22
CN(C)CCCN1c2ccccc2CCc2ccc(C#N)cc21,1.0,C1=C(C#N)C=CC3=C1N(C2=C(C=CC=C2)CC3)CCCN(C)C,c1ccc2c(c1)CCc1ccccc1N2,23
CN(C)CCCN1c2ccccc2CCc2ccc(Cl)cc21,1.0,CN(C)CCCN1c2ccccc2CCc3ccc(Cl)cc13,c1ccc2c(c1)CCc1ccccc1N2,22
CN(C)CCCN1c2ccccc2CCc2ccccc21,1.0,CN(C)CCCN1c2ccccc2CCc3ccccc13,c1ccc2c(c1)CCc1ccccc1N2,21
CN(C)CCCN1c2ccccc2Sc2ccc(C(F)(F)F)cc21,1.0,CN(C)CCCN1c2ccccc2Sc3ccc(cc13)C(F)(F)F,c1ccc2c(c1)Nc1ccccc1S2,24
CN(C)CCCN1c2ccccc2Sc2ccc(Cl)cc21,1.0,CN(C)CCCN1c2ccccc2Sc3ccc(Cl)cc13,c1ccc2c(c1)Nc1ccccc1S2,21
CN(C)CCCN1c2ccccc2Sc2ccccc21,1.0,CN(C)CCCN1c2ccccc2Sc3ccccc13,c1ccc2c(c1)Nc1ccccc1S2,20
CN(C)CCCN1c2ccccc2Sc2cccnc21,1.0,C1=CC=CC2=C1N(C3=C(S2)C=CC=N3)CCCN(C)C,c1ccc2c(c1)Nc1ncccc1S2,20
CN(C)CCCn1c(=O)c2ccccc2c2ccccc21,1.0,C1=CC=CC2=C1C3=C(C(=O)N2CCCN(C)C)C=CC=C3,O=c1[nH]c2ccccc2c2ccccc12,21
CN(C)CCCn1c(=O)n(-c2ccccc2)c2cc(Cl)ccc21,1.0,C1=C(Cl)C=CC3=C1N(C2=CC=CC=C2)C(=O)N3CCCN(C)C,O=c1[nH]c2ccccc2n1-c1ccccc1,23
CN(C)CCCn1c2c(c3ccccc31)CCCCCC2,1.0,C1=CC=CC3=C1C2=C(CCCCCC2)[N]3CCCN(C)C,c1ccc2c3c([nH]c2c1)CCCCCC3,21
CN(C)CCCn1cc(-c2ccccc2)c(-c2ccccc2)n1,1.0,C1=C(C(=N[N]1CCCN(C)C)C2=CC=CC=C2)C3=CC=CC=C3,c1ccc(-c2c[nH]nc2-c2ccccc2)cc1,23
CN(C)CCN(C)n1cc(-c2ccccc2)c2ccccc21,1.0,C2=C(C1=C(C=CC=C1)[N]2N(CCN(C)C)C)C3=CC=CC=C3,c1ccc(-c2c[nH]c3ccccc23)cc1,22
CN(C)CCN(Cc1cccs1)c1ccccn1,1.0,C2=C(N(CC1=CC=CS1)CCN(C)C)N=CC=C2,c1ccc(NCc2cccs2)nc1,18
CN(C)CCN1C(=O)CC(c2ccccc2)Sc2ccccc21,1.0,C1=CC=CC2=C1N(C(CC(S2)C3=CC=CC=C3)=O)CCN(C)C,O=C1CC(c2ccccc2)Sc2ccccc2N1,23
CN(C)CCN1C(=O)c2ccccc2N(C)c2ccccc21,1.0,C1=CC=CC2=C1N(C(C3=C(N2C)C=CC=C3)=O)CCN(C)C,O=C1Nc2ccccc2Nc2ccccc21,22
CN(C)CCN1CCN(c2cccc(Cl)c2)C1=O,1.0,C2=C(N1C(N(CCN(C)C)CC1)=O)C=CC=C2Cl,O=C1NCCN1c1ccccc1,18
CN(C)CCO,1.0,CN(C)CCO,,6
CN(C)CCOC(=O)CCC1CCCCC1,1.0,C(C1CCCCC1)CC(OCCN(C)C)=O,C1CCCCC1,16
CN(C)CCOC(=O)COc1ccc(Cl)cc1,1.0,CN(C)CCOC(=O)COc1ccc(Cl)cc1,c1ccccc1,17
CN(C)CCOC(C)(c1ccccc1)c1ccc(Cl)cc1,1.0,C2=C(C(C1=CC=CC=C1)(OCCN(C)C)C)C=CC(=C2)Cl,c1ccc(Cc2ccccc2)cc1,21
CN(C)CCOC(C)(c1ccccc1)c1ccccn1,1.0,CN(C)CCOC(C)(c1ccccc1)c2ccccn2,c1ccc(Cc2ccccn2)cc1,20
CN(C)CCOC(c1ccccc1)c1ccc(Br)cc1,1.0,C2=C(C(OCCN(C)C)C1=CC=CC=C1)C=CC(=C2)Br,c1ccc(Cc2ccccc2)cc1,20
CN(C)CCOC(c1ccccc1)c1ccccc1,1.0,CN(C)CCOC(c1ccccc1)c2ccccc2,c1ccc(Cc2ccccc2)cc1,19
CN(C)CCOC(c1ccccc1)c1ccccc1C(C)(C)C,1.0,C2=C(C(C1=CC=CC=C1)OCCN(C)C)C(=CC=C2)C(C)(C)C,c1ccc(Cc2ccccc2)cc1,23
CN(C)CCOC1(Cc2ccccc2)CC2CCC1(C)C2(C)C,1.0,C1=CC=CC=C1CC2(C3(C(C)(C)C(C2)CC3)C)OCCN(C)C,c1ccc(CC2CC3CCC2C3)cc1,23
CN(C)CCOC1=Cc2ccccc2Sc2ccc(Cl)cc21,1.0,C1=C(Cl)C=CC2=C1C(=CC3=C(S2)C=CC=C3)OCCN(C)C,C1=Cc2ccccc2Sc2ccccc21,22
CN(C)CCON=C1c2ccccc2CCc2ccccc21,1.0,C1=CC=CC2=C1C(C3=C(CC2)C=CC=C3)=NOCCN(C)C,N=C1c2ccccc2CCc2ccccc21,22
CN(C)CC[C@]1(c2ccccc2)CCc2ccccc2C1=O,1.0,[C@]3(C1=CC=CC=C1)(C(C2=C(C=CC=C2)CC3)=O)CCN(C)C,O=C1c2ccccc2CCC1c1ccccc1,22
CN(C)CCc1c[nH]c2ccc(O)cc12,1.0,CN(C)CCc1c[nH]c2ccc(O)cc12,c1ccc2[nH]ccc2c1,15
CN(C)CCc1c[nH]c2cccc(OP(=O)(O)O)c12,1.0,C1=CC=C(C2=C1[NH]C=C2CCN(C)C)O[P](O)(O)=O,c1ccc2[nH]ccc2c1,19
CN(C)CCc1ccccn1,1.0,n(ccc1)c(c1)CCN(C)C,c1ccncc1,11
CN(C)CCn1cnc2c1c(=O)n(C)c(=O)n2C,1.0,C1=NC2=C([N]1CCN(C)C)C(N(C)C(N2C)=O)=O,O=c1[nH]c(=O)c2[nH]cnc2[nH]1,18
CN(C)CCn1nnnc1SCC1=C(C(=O)O)N2C(=O)[C@@H](NC(=O)Cc3csc(N)n3)[C@H]2SC1,0.0,CN(C)CCn1nnnc1SCC2=C(N3[C@H](SC2)[C@H](NC(=O)Cc4csc(N)n4)C3=O)C(O)=O,O=C(Cc1cscn1)NC1C(=O)N2C=C(CSc3nnn[nH]3)CSC12,34
CN(C)Cc1ccc(-c2cccc(NC3N=CC=C3[N+](=O)[O-])c2)o1,1.0,CN(C)Cc1ccc(c2cccc(NC3C([N+]([O-])=O)=CC=N3)c2)o1,C1=CC(Nc2cccc(-c3ccco3)c2)N=C1,24
CN(C)Cc1ccc(CSCCNC2N=CC=C2[N+](=O)[O-])o1,0.0,CN(C)Cc1oc(CSCCNC2C([N+]([O-])=O)=CC=N2)cc1,C1=CC(NCCSCc2ccco2)N=C1,22
CN(C)Cc1ccc(CSCCNc2[nH]cc(Cc3ccccc3)c2[N+](=O)[O-])o1,1.0,CN(C)Cc1ccc(CSCCNC2=C([N+]([O-])=O)C(Cc3ccccc3)=CN2)o1,c1ccc(Cc2c[nH]c(NCCSCc3ccco3)c2)cc1,29
CN(C)Cc1ccc(CSCCNc2nc(=O)c(Cc3ccc4ccccc4c3)c[nH]2)o1,0.0,c1cc2c(cc(CC3=CNC(=NC3=O)NCCSCc3oc(cc3)CN(C)C)cc2)cc1,O=c1nc(NCCSCc2ccco2)[nH]cc1Cc1ccc2ccccc2c1,32
CN(C)Cc1ccnc(-c2cccc(NC3N=CC=C3[N+](=O)[O-])c2)c1,1.0,CN(C)Cc1ccnc(c2cccc(NC3C([N+]([O-])=O)=CC=N3)c2)c1,C1=CC(Nc2cccc(-c3ccccn3)c2)N=C1,25
CN(C)Cc1nnc2n1-c1ccc(Cl)cc1C(c1ccccc1)=NC2,1.0,C1=CC(=CC3=C1[N]2C(=NN=C2CN(C)C)CN=C3C4=CC=CC=C4)Cl,c1ccc(C2=NCc3nncn3-c3ccccc32)cc1,25
CN(C)N/N=C1/N=CN=C1C(N)=O,1.0,CN(C)N\N=C/1N=CN=C1C(N)=O,N=C1C=NC=N1,13
CN(C)S(=O)(=O)c1ccc2c(c1)N(CCCN1CCC(CCO)CC1)c1ccccc1S2,1.0,C1=C([S](N(C)C)(=O)=O)C=CC3=C1N(C2=C(C=CC=C2)S3)CCCN4CCC(CCO)CC4,c1ccc2c(c1)Sc1ccccc1N2CCCN1CCCCC1,32
CN(C)[C@@H](CCOc1cccc2ccccc12)c1ccccc1,1.0,[C@H](CCOC1=CC=CC2=CC=CC=C12)(C3=CC=CC=C3)N(C)C,c1ccc(CCCOc2cccc3ccccc23)cc1,23
CN(C)[C@@H]1C(=O)/C(=C(/N)O)C(=O)[C@@]2(O)C(=O)C3=C(O)c4c(O)ccc(Cl)c4[C@@](C)(O)[C@H]3C[C@@H]12,0.0,[Cl-].CN(C)[C@H]1[C@@H]2C[C@H]3C(=C(O)c4c(O)ccc(Cl)c4[C@@]3(C)O)C(=O)[C@]2(O)C(=O)\C(=C(N)\O)C1=O.[H+],C=C1C(=O)CC2CC3Cc4ccccc4C=C3C(=O)C2C1=O,33
CN(C)[C@@H]1C(=O)/C(=C(/O)NC(C(=O)O)N2CCN(CCO)CC2)C(=O)[C@@]2(O)C(=O)C3=C(O)c4c(O)cccc4[C@@](C)(O)[C@H]3C[C@@H]12,0.0,CN(C)[C@H]1[C@@H]2C[C@H]3C(=C(O)c4c(O)cccc4[C@@]3(C)O)C(=O)[C@]2(O)C(=O)\C(=C(/O)NC(N5CCN(CCO)CC5)C(O)=O)C1=O,O=C1CC2CC3Cc4ccccc4C=C3C(=O)C2C(=O)C1=CNCN1CCNCC1,45
CN(C)[C@@H]1C(=O)/C(=C(/O)NCN2CCCC(C(=O)O)C2)C(=O)[C@@]2(O)C(=O)C3=C(O)c4c(O)cccc4[C@@](C)(O)[C@H]3C[C@@H]12,0.0,CN(C)[C@H]1[C@@H]2C[C@H]3C(=C(O)c4c(O)cccc4[C@@]3(C)O)C(=O)[C@]2(O)C(=O)\C(=C(/O)NCN5CCCC(C5)C(O)=O)C1=O,O=C1CC2CC3Cc4ccccc4C=C3C(=O)C2C(=O)C1=CNCN1CCCCC1,42
CN(C)[C@@H]1C(=O)/C(=C(/O)NCN2CCCC2)C(=O)[C@@]2(O)C(=O)C3=C(O)c4c(O)cccc4[C@@](C)(O)[C@H]3C[C@@H]12,1.0,CN(C)[C@H]1[C@@H]2C[C@H]3C(=C(O)c4c(O)cccc4[C@@]3(C)O)C(=O)[C@]2(O)C(=O)\C(=C(/O)NCN5CCCC5)C1=O,O=C1CC2CC3Cc4ccccc4C=C3C(=O)C2C(=O)C1=CNCN1CCCC1,38
CN(C)[C@@H]1C(=O)/C(=C(/O)NCNC(C(=O)NC2C(=O)N3C2SC(C)(C)C3C(=O)O)c2ccccc2)C(=O)[C@@]2(O)C(=O)C3=C(O)c4c(O)cccc4[C@@](C)(O)[C@H]3C[C@@H]12,0.0,CN(C)[C@H]1[C@@H]2C[C@H]3C(=C(O)c4c(O)cccc4[C@@]3(C)O)C(=O)[C@]2(O)C(=O)\C(=C(/O)NCNC(C(=O)NC5C6SC(C)(C)C(N6C5=O)C(O)=O)c7ccccc7)C1=O,O=C1CC2CC3Cc4ccccc4C=C3C(=O)C2C(=O)C1=CNCNC(C(=O)NC1C(=O)N2CCSC12)c1ccccc1,57
CN(C)[C@@H]1C(=O)/C(=C(/O)NCO)C(=O)[C@@]2(O)C(=O)C3=C(O)c4c(O)ccc(Cl)c4[C@@](C)(O)[C@H]3C[C@@H]12,0.0,CN(C)[C@H]1[C@@H]2C[C@H]3C(=C(O)c4c(O)ccc(Cl)c4[C@@]3(C)O)C(=O)[C@]2(O)C(=O)\C(=C(/O)NCO)C1=O,C=C1C(=O)CC2CC3Cc4ccccc4C=C3C(=O)C2C1=O,35
CN(C)[C@@H]1C(=O)/C(=C(\N)O)C(=O)[C@@]2(O)C(=O)C3=C(O)c4c(O)ccc(Cl)c4[C@@H](O)[C@H]3C[C@@H]12,0.0,CN(C)[C@H]1[C@@H]2C[C@@H]3[C@H](O)c4c(Cl)ccc(O)c4C(=C3C(=O)[C@]2(O)C(=O)\C(=C(N)/O)C1=O)O,C=C1C(=O)CC2CC3Cc4ccccc4C=C3C(=O)C2C1=O,32
CN(C)[C@@H]1C(=O)/C(=C(\N)O)C(=O)[C@@]2(O)C(=O)C3=C(O)c4c(O)ccc(Cl)c4[C@@](C)(O)[C@H]3C[C@@H]12,0.0,[Cl-].CN(C)[C@H]1[C@@H]2C[C@H]3C(=C(O)c4c(O)ccc(Cl)c4[C@@]3(C)O)C(=O)[C@]2(O)C(=O)\C(=C(N)/O)C1=O.[H+],C=C1C(=O)CC2CC3Cc4ccccc4C=C3C(=O)C2C1=O,33
CN(C)[C@@H]1C(=O)/C(=C(\N)O)C(=O)[C@@]2(O)C(=O)C3=C(O)c4c(O)ccc([N+](=O)[O-])c4C[C@H]3C[C@@H]12,0.0,CN(C)[C@H]1[C@@H]2C[C@@H]3Cc4c(ccc(O)c4C(=C3C(=O)[C@]2(O)C(=O)\C(=C(N)/O)C1=O)O)[N+]([O-])=O,C=C1C(=O)CC2CC3Cc4ccccc4C=C3C(=O)C2C1=O,33
CN(C)[C@@H]1C(=O)/C(=C(\N)O)C(=O)[C@@]2(O)C(=O)C3=C(O)c4c(O)cccc4[C@@H](O)[C@H]3C[C@@H]12,0.0,CN(C)[C@H]1[C@@H]2C[C@@H]3[C@H](O)c4cccc(O)c4C(=C3C(=O)[C@]2(O)C(=O)\C(=C(N)/O)C1=O)O,C=C1C(=O)CC2CC3Cc4ccccc4C=C3C(=O)C2C1=O,31
CN(C)[C@@H]1C(=O)/C(=C(\N)O)C(=O)[C@@]2(O)C(=O)C3=C(O)c4c(O)cccc4[C@@](C)(O)[C@H]3C[C@@H]12,0.0,CN(C)[C@H]1[C@@H]2C[C@H]3C(=C(O)c4c(O)cccc4[C@@]3(C)O)C(=O)[C@]2(O)C(=O)\C(=C(N)/O)C1=O,C=C1C(=O)CC2CC3Cc4ccccc4C=C3C(=O)C2C1=O,32
CN(C)[C@@H]1C(=O)/C(=C(\N)O)C(=O)[C@@]2(O)C(=O)C3=C(O)c4c(O)cccc4[C@@](C)(O)[C@H]3[C@H](O)[C@@H]12,0.0,O.O.CN(C)[C@H]1[C@@H]2[C@@H](O)[C@H]3C(=C(O)c4c(O)cccc4[C@@]3(C)O)C(=O)[C@]2(O)C(=O)\C(=C(N)/O)C1=O,C=C1C(=O)CC2CC3Cc4ccccc4C=C3C(=O)C2C1=O,33
CN(C)[C@@H]1C(=O)/C(=C(\N)O)C(=O)[C@@]2(O)C(=O)C3=C(O)c4c(ccc(N)c4O)C[C@H]3C[C@@H]12,0.0,CN(C)[C@H]1[C@@H]2C[C@@H]3Cc4ccc(N)c(O)c4C(=C3C(=O)[C@]2(O)C(=O)\C(=C(N)/O)C1=O)O,C=C1C(=O)CC2CC3Cc4ccccc4C=C3C(=O)C2C1=O,31
CN(C)c1cc(-c2n[nH]c(N)n2)ccn1,0.0,c1(nccc(c1)c1nc([nH]n1)N)N(C)C,c1cc(-c2nc[nH]n2)ccn1,15
CN(C)c1cc(-c2nc(N)n[nH]2)ccn1,0.0,CN(C)c1cc(C2=NC(N)=NN2)ccn1,c1cc(-c2ncn[nH]2)ccn1,15
CN(C)c1ccc(O)c2c1C[C@H]1C[C@H]3[C@H](N(C)C)C(O)=C(C(N)=O)C(=O)[C@@]3(O)C(O)=C1C2=O,1.0,C1[C@@H]2[C@](C(=C3C(c4c(ccc(c4C[C@@H]13)N(C)C)O)=O)O)(C(C(C(N)=O)=C([C@H]2N(C)C)O)=O)O,O=C1C2=CC3C(=O)C=CCC3CC2Cc2ccccc21,33
CN(C)c1cnccn1,1.0,CN(C)c1cnccn1,c1cnccn1,9
CN(C/C=C/c1ccccc1)CCOC(c1ccccc1)c1ccccc1,1.0,C1=CC=CC=C1C(C2=CC=CC=C2)OCCN(C\C=C\C3=CC=CC=C3)C,C(=Cc1ccccc1)CNCCOC(c1ccccc1)c1ccccc1,27
CN(CCCN1c2ccccc2CCc2ccccc21)CC(=O)c1ccc(Cl)cc1,1.0,[H+].C1=CC=CC2=C1N(C3=C(CC2)C=CC=C3)CCCN(CC(=O)C4=CC=C(Cl)C=C4)C.[Cl-],O=C(CNCCCN1c2ccccc2CCc2ccccc21)c1ccccc1,30
CN(CCN(C)CN/C(O)=C1\C(=O)[C@@H](N(C)C)[C@@H]2C[C@H]3C(=C(O)c4c(O)cccc4[C@@]3(C)O)C(=O)[C@]2(O)C1=O)CN/C(O)=C1\C(=O)[C@@H](N(C)C)[C@@H]2C[C@H]3C(=C(O)c4c(O)cccc4[C@@]3(C)O)C(=O)[C@]2(O)C1=O,0.0,CN(C)[C@H]1[C@@H]2C[C@H]3C(=C(O)c4c(O)cccc4[C@@]3(C)O)C(=O)[C@]2(O)C(=O)\C(=C(/O)NCN(C)CCN(C)CNC(/O)=C/5C(=O)[C@H]([C@@H]6C[C@H]7C(=C(O)c8c(O)cccc8[C@@]7(C)O)C(=O)[C@]6(O)C5=O)N(C)C)C1=O,O=C1CC2CC3Cc4ccccc4C=C3C(=O)C2C(=O)C1=CNCNCCNCNC=C1C(=O)CC2CC3Cc4ccccc4C=C3C(=O)C2C1=O,72
CN(CCc1cc2cccc3c2n1-c1ccccc1CC3)Cc1ccccc1,1.0,CN(CCc2cc3cccc4CCc1ccccc1n2c34)Cc5ccccc5,c1ccc(CNCCc2cc3cccc4c3n2-c2ccccc2CC4)cc1,28
CN(Cc1cnc2nc(N)nc(N)c2n1)c1ccc(C(=O)N[C@@H](CCC(=O)O)C(=O)O)cc1,0.0,CN(Cc1cnc2nc(N)nc(N)c2n1)c3ccc(cc3)C(=O)N[C@@H](CCC(O)=O)C(O)=O,c1ccc(NCc2cnc3ncncc3n2)cc1,33
CN(N=O)C(=O)N[C@@H]1[C@@H](O)[C@H](O)[C@@H](CO)O[C@@H]1O,0.0,CN(N=O)C(=O)N[C@H]1[C@@H](O)O[C@H](CO)[C@@H](O)[C@@H]1O,C1CCOCC1,18
CN(c1nc2ccccc2s1)C1CCN(CC(O)COc2ccc(F)cc2)CC1,1.0,C1=CC=CC2=C1N=C(S2)N(C4CCN(CC(COC3=CC=C(C=C3)F)O)CC4)C,c1ccc(OCCCN2CCC(Nc3nc4ccccc4s3)CC2)cc1,29
CN/C(=C\[N+](=O)[O-])NCCSCc1ccc(CN(C)C)o1,0.0,CNC(/NCCSCc1oc(CN(C)C)cc1)=C\[N+]([O-])=O,c1ccoc1,21
CN1/C(=C(/O)Nc2ccccn2)C(=O)c2ccccc2S1(=O)=O,0.0,CN1C(=C(/O)Nc2ccccn2)/C(=O)c3ccccc3[S]1(=O)=O,O=C1C(=CNc2ccccn2)NS(=O)(=O)c2ccccc21,23
CN1/C(=C(\O)Nc2ccccn2)C(=O)c2sccc2S1(=O)=O,0.0,CN1C(=C(\O)Nc2ccccn2)/C(=O)c3sccc3[S]1(=O)=O,O=C1C(=CNc2ccccn2)NS(=O)(=O)c2ccsc21,22
CN1C(=O)C(O)N=C(c2ccccc2)c2cc(Cl)ccc21,1.0,CN1C(=O)C(O)N=C(c2ccccc2)c3cc(Cl)ccc13,O=C1CN=C(c2ccccc2)c2ccccc2N1,21
CN1C(=O)C(O)N=C(c2ccccc2Cl)c2cc(Cl)ccc21,1.0,C1=C(Cl)C=CC2=C1C(=NC(O)C(N2C)=O)C3=CC=CC=C3Cl,O=C1CN=C(c2ccccc2)c2ccccc2N1,22
CN1C(=O)C(O)N=C(c2ccccc2F)c2cc(Cl)ccc21,1.0,CN2C(=O)C(O)N=C(c1ccccc1F)c3cc(Cl)ccc23,O=C1CN=C(c2ccccc2)c2ccccc2N1,22
CN1C(=O)CC(=O)N(c2ccccc2)c2cc(C(F)(F)F)ccc21,1.0,C1=C(C(F)(F)F)C=CC3=C1N(C2=CC=CC=C2)C(CC(N3C)=O)=O,O=C1CC(=O)N(c2ccccc2)c2ccccc2N1,24
CN1C(=O)CC(=O)N(c2ccccc2)c2cc(Cl)ccc21,1.0,CN1C(=O)CC(=O)N(c2ccccc2)c3cc(Cl)ccc13,O=C1CC(=O)N(c2ccccc2)c2ccccc2N1,21
CN1C(=O)CC(C)(c2ccccc2)C1=O,1.0,C2=C(C1(C(N(C)C(C1)=O)=O)C)C=CC=C2,O=C1CC(c2ccccc2)C(=O)N1,15
CN1C(=O)CC(c2ccccc2)C1=O,1.0,C1=CC=CC=C1C2C(N(C)C(C2)=O)=O,O=C1CC(c2ccccc2)C(=O)N1,14
CN1C(=O)CC2(CCN(CCCC(=O)c3ccc(F)cc3)CC2)C1=O,1.0,C1=CC(=CC=C1C(CCCN3CCC2(C(N(C)C(C2)=O)=O)CC3)=O)F,O=C1CC2(CCN(CCCC(=O)c3ccccc3)CC2)C(=O)N1,25
CN1C(=O)CCC1c1cccnc1,1.0,C1=CC=NC=C1C2N(C(=O)CC2)C,O=C1CCC(c2cccnc2)N1,13
CN1C(=O)CCS(=O)(=O)C1c1ccc(Cl)c(Cl)c1,1.0,C2=C(C1[S](CCC(N1C)=O)(=O)=O)C=CC(=C2Cl)Cl,O=C1CCS(=O)(=O)C(c2ccccc2)N1,18
CN1C(=O)CCS(=O)(=O)C1c1ccc(Cl)cc1,1.0,C1=CC(=CC=C1C2[S](CCC(N2C)=O)(=O)=O)Cl,O=C1CCS(=O)(=O)C(c2ccccc2)N1,17
CN1C(=O)CN(C(N)=O)C(c2ccccc2)c2cc(Cl)ccc21,1.0,C1=C(Cl)C=CC2=C1C(N(CC(=O)N2C)C(N)=O)C3=CC=CC=C3,O=C1CNC(c2ccccc2)c2ccccc2N1,23
CN1C(=O)CN2CCc3ccccc3C2c2cc(Cl)ccc21,1.0,C1=C(Cl)C=CC4=C1C3C2=CC=CC=C2CCN3CC(=O)N4C,O=C1CN2CCc3ccccc3C2c2ccccc2N1,22
CN1C(=O)CN=C(C2=CCCCC2)c2cc(Cl)ccc21,1.0,C1=C(Cl)C=CC2=C1C(=NCC(=O)N2C)C3=CCCCC3,O=C1CN=C(C2=CCCCC2)c2ccccc2N1,20
CN1C(=O)CN=C(C2=CCCCC2)c2cc([N+](=O)[O-])ccc21,1.0,C1=C([N+](=O)[O-])C=CC2=C1C(=NCC(N2C)=O)C3=CCCCC3,O=C1CN=C(C2=CCCCC2)c2ccccc2N1,22
CN1C(=O)CN=C(c2ccccc2)c2cc(Cl)ccc21,1.0,CN1C(=O)CN=C(c2ccccc2)c3cc(Cl)ccc13,O=C1CN=C(c2ccccc2)c2ccccc2N1,20
CN1C(=O)CN=C(c2ccccc2)c2cc([N+](=O)[O-])ccc21,1.0,C1=C([N+]([O-])=O)C=CC2=C1C(=NCC(=O)N2C)C3=CC=CC=C3,O=C1CN=C(c2ccccc2)c2ccccc2N1,22
CN1C(=O)CN=C(c2ccccc2F)c2cc(Cl)ccc21,1.0,C1=C(Cl)C=CC2=C1C(=NCC(=O)N2C)C3=CC=CC=C3F,O=C1CN=C(c2ccccc2)c2ccccc2N1,21
CN1C(=O)CN=C(c2ccccc2F)c2cc([N+](=O)[O-])ccc21,1.0,CN1C(=O)CN=C(c2ccccc2F)c3cc(ccc13)[N+]([O-])=O,O=C1CN=C(c2ccccc2)c2ccccc2N1,23
CN1C(=O)NC(=O)C(C)(C2=CCCCC2)C1=O,1.0,CN1C(=O)NC(=O)C(C)(C1=O)C2=CCCCC2,O=C1NC(=O)C(C2=CCCCC2)C(=O)N1,17
CN1C(=O)OC(C)(C)C1=O,1.0,CC1(C(N(C(O1)=O)C)=O)C,O=C1COC(=O)N1,10
CN1C(=S)CN=C(c2ccccc2)c2cc(Cl)ccc21,1.0,C1=C(Cl)C=CC2=C1C(=NCC(=S)N2C)C3=CC=CC=C3,S=C1CN=C(c2ccccc2)c2ccccc2N1,20
CN1C(CC(=O)c2ccccc2)CCCC1CC(O)c1ccccc1,1.0,C3=C(C(CC2N(C(CC(C1=CC=CC=C1)=O)CCC2)C)O)C=CC=C3,O=C(CC1CCCC(CCc2ccccc2)N1)c1ccccc1,25
CN1C(CCl)Nc2cc(Cl)c(S(N)(=O)=O)cc2S1(=O)=O,0.0,CN1C(CCl)Nc2cc(Cl)c(cc2[S]1(=O)=O)[S](N)(=O)=O,O=S1(=O)NCNc2ccccc21,20
CN1C(CSCC(F)(F)F)Nc2cc(Cl)c(S(N)(=O)=O)cc2S1(=O)=O,0.0,CN1C(CSCC(F)(F)F)Nc2cc(Cl)c(cc2[S]1(=O)=O)[S](N)(=O)=O,O=S1(=O)NCNc2ccccc21,25
CN1C2CCC1CC(OC(=O)C(C)(CO)c1ccccc1)C2,1.0,C1=CC=CC=C1C(C(OC2CC3N(C)C(C2)CC3)=O)(CO)C,O=C(Cc1ccccc1)OC1CC2CCC(C1)N2,22
CN1C2CCC1CC(OC(=O)C(O)c1ccccc1)C2,0.0,CN1C2CCC1CC(C2)OC(=O)C(O)c3ccccc3,O=C(Cc1ccccc1)OC1CC2CCC(C1)N2,20
CN1C2CCC1CC(OC(=O)[C@H](CO)c1ccccc1)C2,1.0,CN1C2CCC1CC(C2)OC(=O)[C@H](CO)c3ccccc3,O=C(Cc1ccccc1)OC1CC2CCC(C1)N2,21
CN1C2CCC1CC(OC(c1ccccc1)c1ccccc1)C2,1.0,CN1C2CCC1CC(C2)OC(c3ccccc3)c4ccccc4.O[S](O)(=O)=O,c1ccc(C(OC2CC3CCC(C2)N3)c2ccccc2)cc1,23
CN1CC(=O)N=C1NC(=O)Nc1cccc(Cl)c1,1.0,C1=C(C=CC=C1NC(NC2=NC(=O)CN2C)=O)Cl,O=C1CNC(NC(=O)Nc2ccccc2)=N1,18
CN1CC(CSc2ccccn2)C=C2c3cccc4[nH]cc(c34)CC21,1.0,C5=C2C1=C([NH]C=C1CC4C2=CC(CSC3=NC=CC=C3)CN4C)C=C5,C1=C2c3cccc4[nH]cc(c34)CC2NCC1CSc1ccccn1,25
CN1CC2c3ccccc3Oc3ccc(Cl)cc3C2C1,1.0,Clc1cc2c(Oc3ccccc3C3CN(CC32)C)cc1,c1ccc2c(c1)Oc1ccccc1C1CNCC21,20
CN1CC=C(c2ccccc2)CC1,1.0,CN1CCC(=CC1)c2ccccc2,C1=C(c2ccccc2)CCNC1,13
CN1CCC(=C2c3ccccc3C(O)c3ccccc32)CC1,1.0,C1=CC=CC3=C1C(C2=C(C=CC=C2)C3O)=C4CCN(C)CC4,c1ccc2c(c1)Cc1ccccc1C2=C1CCNCC1,22
CN1CCC(=C2c3ccccc3CCc3sccc32)CC1,1.0,C1=CSC2=C1C(C3=C(CC2)C=CC=C3)=C4CCN(CC4)C,c1ccc2c(c1)CCc1sccc1C2=C1CCNCC1,21
CN1CCC(=C2c3ccccc3Oc3ccc(Cl)cc32)CC1,1.0,CN1CCC(CC1)=C3c2ccccc2Oc4ccc(Cl)cc34,c1ccc2c(c1)Oc1ccccc1C2=C1CCNCC1,22
CN1CCC(=C2c3ccccc3Sc3ccccc32)CC1,1.0,C1=CC=CC3=C1C(C2=C(C=CC=C2)S3)=C4CCN(C)CC4,c1ccc2c(c1)Sc1ccccc1C2=C1CCNCC1,21
CN1CCC(C)(CN2c3ccccc3Sc3ccccc32)C1,1.0,C1=CC=CC3=C1N(C2=C(C=CC=C2)S3)CC4(CN(C)CC4)C,c1ccc2c(c1)Sc1ccccc1N2CC1CCNC1,22
CN1CCC(OC2c3ccccc3CCc3ccccc32)CC1,1.0,C1=CC=CC2=C1C(C3=C(CC2)C=CC=C3)OC4CCN(C)CC4,c1ccc2c(c1)CCc1ccccc1C2OC1CCNCC1,23
CN1CCC2(C)CC(Cc3ccc(O)cc32)C1,1.0,C1=C(O)C=CC3=C1C2(CC(CN(CC2)C)C3)C,c1ccc2c(c1)CC1CNCCC2C1,17
CN1CCC23c4c5ccc(O)c4OC2C(O)CCC3C1C5,1.0,CN1CCC23C4CCC(O)C2Oc5c(O)ccc(CC14)c35,c1cc2c3c(c1)OC1CCCC4C(C2)NCCC314,21
CN1CCC23c4c5ccc(O)c4OC2CCCC3C1C5,1.0,C1=CC(=C3C2=C1CC5C4C2(C(O3)CCC4)CCN5C)O,c1cc2c3c(c1)OC1CCCC4C(C2)NCCC314,20
CN1CCC2=C(C1)c1ccccc1Cc1ccccc12,1.0,C1=CC=CC3=C1C4=C(C2=C(C=CC=C2)C3)CN(C)CC4,c1ccc2c(c1)Cc1ccccc1C1=C2CCNC1,20
CN1CCC2=C(CC1)c1cc(C#N)ccc1Sc1ccccc12,1.0,C1=C(C#N)C=CC3=C1C4=C(C2=C(C=CC=C2)S3)CCN(CC4)C,c1ccc2c(c1)Sc1ccccc1C1=C2CCNCC1,23
CN1CCC2=C(CC1)c1ccccc1N(C)c1ccccc12,1.0,C1=CC=CC3=C1C4=C(C2=C(C=CC=C2)N3C)CCN(CC4)C,c1ccc2c(c1)Nc1ccccc1C1=C2CCNCC1,22
CN1CCC2=C(CC1)c1ccccc1Oc1ccccc12,1.0,C1=CC=CC3=C1C4=C(C2=C(C=CC=C2)O3)CCN(CC4)C,c1ccc2c(c1)Oc1ccccc1C1=C2CCNCC1,21
CN1CCCC(CN2c3ccccc3Sc3ccccc32)C1,1.0,CN1CCCC(C1)CN2c3ccccc3Sc4ccccc24,c1ccc2c(c1)Sc1ccccc1N2CC1CCCNC1,22
CN1CCCCC1CCN1c2ccccc2Sc2ccc(S(C)(=O)=O)cc21,1.0,CN1CCCCC1CCN2c3ccccc3Sc4ccc(cc24)[S](C)(=O)=O,c1ccc2c(c1)Sc1ccccc1N2CCC1CCCCN1,27
CN1CCCCC1CCN1c2ccccc2Sc2ccc(S(C)=O)cc21,1.0,CN1CCCCC1CCN2c3ccccc3Sc4ccc(cc24)[S](C)=O,c1ccc2c(c1)Sc1ccccc1N2CCC1CCCCN1,26
CN1CCCN(C(c2ccccc2)c2ccc(Cl)cc2)CC1,1.0,C1=CC(=CC=C1C(N2CCN(C)CCC2)C3=CC=CC=C3)Cl,c1ccc(C(c2ccccc2)N2CCCNCC2)cc1,22
CN1CCC[C@H]1c1cccnc1,1.0,CN1CCC[C@H]1c2cccnc2,c1cncc(C2CCCN2)c1,12
CN1CCCc2cccc(OCC3CNCCO3)c21,1.0,C1=CC=C3C(=C1OCC2CNCCO2)N(CCC3)C,c1cc2c(c(OCC3CNCCO3)c1)NCCC2,19
CN1CCN(/C=C2\N=C3CN=C(c4ccccc4Cl)c4cc([N+](=O)[O-])ccc4N3C2=O)CC1,1.0,C1=CC(=CC4=C1N2C(=NC(/C2=O)=C\N3CCN(C)CC3)CN=C4C5=C(C=CC=C5)Cl)[N+](=O)[O-],O=C1C(=CN2CCNCC2)N=C2CN=C(c3ccccc3)c3ccccc3N12,33
CN1CCN(C(=O)Cc2ccc(Cl)c(Cl)c2)[C@@H](CN2CCCC2)C1,1.0,c1(ccc(c(c1)Cl)Cl)CC(=O)N1[C@H](C[N@@](C)CC1)CN1CCCC1,O=C(Cc1ccccc1)N1CCNCC1CN1CCCC1,24
CN1CCN(C(=O)OC2C3=C(SCCS3)C(=O)N2c2ccc3ccc(Cl)nc3n2)CC1,1.0,C4=C(N2C(C1=C(SCCS1)C2=O)OC(N3CCN(C)CC3)=O)N=C5C(=C4)C=CC(=N5)Cl,O=C(OC1C2=C(SCCS2)C(=O)N1c1ccc2cccnc2n1)N1CCNCC1,31
CN1CCN(C(=O)OC2c3nccnc3C(=O)N2c2ccc(Cl)cn2)CC1,1.0,C1=CC(=CN=C1N2C(C3=C(C2=O)N=CC=N3)OC(N4CCN(C)CC4)=O)Cl,O=C(OC1c2nccnc2C(=O)N1c1ccccn1)N1CCNCC1,27
CN1CCN(C(c2ccccc2)c2ccc(Cl)cc2)CC1,1.0,C3=C(C(N1CCN(C)CC1)C2=CC=CC=C2)C=CC(=C3)Cl,c1ccc(C(c2ccccc2)N2CCNCC2)cc1,21
CN1CCN(C2=Cc3cc(Cl)ccc3/C(=C\C#N)c3ccccc32)CC1,1.0,C1=C(Cl)C=CC\3=C1C=C(N2CCN(C)CC2)C4=C(C3=C/C#N)C=CC=C4,C=C1c2ccccc2C=C(N2CCNCC2)c2ccccc21,26
CN1CCN(C2=Nc3cc(F)ccc3Cc3ccccc32)CC1,1.0,C1=CC=CC3=C1C(=NC2=C(C=CC(=C2)F)C3)N4CCN(C)CC4,c1ccc2c(c1)Cc1ccccc1C(N1CCNCC1)=N2,23
CN1CCN(C2=Nc3ccccc3Cc3ccccc32)CC1,1.0,CN1CCN(CC1)C2=Nc3ccccc3Cc4ccccc24,c1ccc2c(c1)Cc1ccccc1C(N1CCNCC1)=N2,22
CN1CCN(C2=Nc3ccccc3Oc3ccc(Cl)cc32)CC1,1.0,C1=C(Cl)C=CC2=C1C(=NC3=C(O2)C=CC=C3)N4CCN(CC4)C,c1ccc2c(c1)N=C(N1CCNCC1)c1ccccc1O2,23
CN1CCN(C2=Nc3ccccc3Sc3ccc(Cl)cc32)CC1,1.0,C1=C(Cl)C=CC2=C1C(=NC3=C(S2)C=CC=C3)N4CCN(CC4)C,c1ccc2c(c1)N=C(N1CCNCC1)c1ccccc1S2,23
CN1CCN(C2=Nc3ccccc3Sc3nccn32)CC1,1.0,CN1CCN(CC1)C3=Nc2ccccc2Sc4nccn34,c1ccc2c(c1)N=C(N1CCNCC1)n1ccnc1S2,21
CN1CCN(C2=Nc3cscc3/C(=C/C#N)c3cscc32)CC1,1.0,C3=C2C(=NC1=CSC=C1C(/C2=CS3)=C/C#N)N4CCN(C)CC4,C=C1c2cscc2N=C(N2CCNCC2)c2cscc21,23
CN1CCN(C2=c3ccccc3=Nc3ccc(Cl)cc3N2)CC1,1.0,CN1CCN(CC1)C2=C3C=CC=CC3=Nc4ccc(Cl)cc4N2,c1ccc2c(c1)N=c1ccccc1=C(N1CCNCC1)N2,23
CN1CCN(C2Cc3ccccc3Sc3ccc(Cl)cc32)CC1,1.0,C1=C(Cl)C=CC4=C1C(N2CCN(C)CC2)CC3=C(C=CC=C3)S4,c1ccc2c(c1)CC(N1CCNCC1)c1ccccc1S2,23
CN1CCN(CC(=O)N2c3ccccc3C(=O)Nc3cccnc32)CC1,1.0,CN1CCN(CC1)CC(=O)N2c3ccccc3C(=O)Nc4cccnc24,O=C1Nc2cccnc2N(C(=O)CN2CCNCC2)c2ccccc21,26
CN1CCN(CC(=O)[C@@]2(O)CC[C@H]3[C@@H]4CCC5=CC(=O)C=C[C@]5(C)[C@H]4[C@@H](O)C[C@@]32C)CC1,1.0,[C@]34([C@H]([C@H]2[C@@H]([C@@]1(C(=CC(=O)C=C1)CC2)C)[C@H](C3)O)CC[C@@]4(C(CN5CCN(C)CC5)=O)O)C,O=C1C=CC2C(=C1)CCC1C2CCC2C(C(=O)CN3CCNCC3)CCC21,32
CN1CCN(CC/C=C2\c3ccccc3Sc3ccc(S(=O)(=O)N(C)C)cc32)CC1,1.0,CN1CCN(CC/C=C/2c3ccccc3Sc4ccc(cc24)[S](=O)(=O)N(C)C)CC1,C(CCN1CCNCC1)=C1c2ccccc2Sc2ccccc21,30
CN1CCN(CCC(=O)N2c3ccccc3Sc3ccc(C(F)(F)F)cc32)CC1,1.0,C1=C(C(F)(F)F)C=CC3=C1N(C2=C(C=CC=C2)S3)C(CCN4CCN(C)CC4)=O,O=C(CCN1CCNCC1)N1c2ccccc2Sc2ccccc21,29
CN1CCN(CCCN2c3ccccc3Sc3ccc(C(F)(F)F)cc32)CC1,1.0,CN1CCN(CCCN2c3ccccc3Sc4ccc(cc24)C(F)(F)F)CC1,c1ccc2c(c1)Sc1ccccc1N2CCCN1CCNCC1,28
CN1CCN(CCCN2c3ccccc3Sc3ccc(Cl)cc32)CC1,1.0,CN1CCN(CCCN2c3ccccc3Sc4ccc(Cl)cc24)CC1,c1ccc2c(c1)Sc1ccccc1N2CCCN1CCNCC1,25
CN1CCN(CCCN2c3ccccc3Sc3ccc(S(=O)(=O)N(C)C)cc32)CC1,1.0,C1=CC=CC2=C1N(C3=C(S2)C=CC(=C3)[S](N(C)C)(=O)=O)CCCN4CCN(CC4)C,c1ccc2c(c1)Sc1ccccc1N2CCCN1CCNCC1,30
CN1CCN(CCN2CCN(CCCN3c4ccccc4Sc4ccc(Cl)cc43)CC2)C1=O,1.0,C1=C(Cl)C=CC3=C1N(C2=C(C=CC=C2)S3)CCCN5CCN(CCN4C(N(C)CC4)=O)CC5,O=C1NCCN1CCN1CCN(CCCN2c3ccccc3Sc3ccccc32)CC1,33
CN1CCN(c2c(F)cc3c(=O)c(C(=O)O)cn(CCF)c3c2F)CC1,0.0,CN1CCN(CC1)c2c(F)cc3C(=O)C(=CN(CCF)c3c2F)C(O)=O,O=c1cc[nH]c2cc(N3CCNCC3)ccc12,26
CN1CCN(c2c(F)cc3c(=O)c(C(=O)O)cn4c3c2SCC4)CC1,0.0,CN1CCN(CC1)c2c(F)cc3C(=O)C(=CN4CCSc2c34)C(O)=O,O=c1ccn2c3c(c(N4CCNCC4)ccc13)SCC2,25
CN1CCN(c2cc3c(cc2F)c(=O)c(C(=O)O)cn3-c2ccc(F)cc2)CC1,0.0,CN1CCN(CC1)c2cc3N(C=C(C(O)=O)C(=O)c3cc2F)c4ccc(F)cc4,O=c1ccn(-c2ccccc2)c2cc(N3CCNCC3)ccc12,29
CN1CCN(c2cc3c(nn2)Oc2ccccc2N3C)CC1,1.0,C2=C(N1CCN(C)CC1)N=NC3=C2N(C4=C(O3)C=CC=C4)C,c1ccc2c(c1)Nc1cc(N3CCNCC3)nnc1O2,22
CN1CCN(c2ccccc2Cc2ccccc2)CC1,1.0,C1=CC=CC(=C1N2CCN(C)CC2)CC3=CC=CC=C3,c1ccc(Cc2ccccc2N2CCNCC2)cc1,20
CN1CCN(c2ncc(-c3cc(Cl)cc(Cl)c3Cl)c(N)n2)CC1,1.0,C3=C(C2=C(N=C(N1CCN(C)CC1)N=C2)N)C(=C(C=C3Cl)Cl)Cl,c1ccc(-c2cnc(N3CCNCC3)nc2)cc1,23
CN1CCN2c3cc(F)ccc3C(c3cccs3)=NCC2C1,1.0,C1=C(F)C=CC2=C1N4C(CN=C2C3=CC=CS3)CN(C)CC4,c1csc(C2=NCC3CNCCN3c3ccccc32)c1,22
CN1CCN2c3ccccc3Cc3ccccc3C2C1,1.0,CN1CCN2C(C1)c3ccccc3Cc4ccccc24,c1ccc2c(c1)Cc1ccccc1N1CCNCC21,20
CN1CCN2c3ccccc3Cn3cccc3C2C1,1.0,[N]12C(=CC=C1)C4N(C3=C(C2)C=CC=C3)CCN(C4)C.O=C(O)\C=C/C(=O)O,c1ccc2c(c1)Cn1cccc1C1CNCCN21,19
CN1CCN2c3ncccc3Cc3ccccc3C2C1,1.0,CN1CCN2C(C1)c3ccccc3Cc4cccnc24,c1ccc2c(c1)Cc1cccnc1N1CCNCC21,20
CN1CCN=C(c2ccccc2)c2cc(Cl)ccc21,1.0,CN1CCN=C(c2ccccc2)c3cc(Cl)ccc13,c1ccc(C2=NCCNc3ccccc32)cc1,19
CN1CCOC(c2ccccc2)c2ccccc2C1,1.0,C1=CC=CC3=C1C(C2=CC=CC=C2)OCCN(C3)C,c1ccc(C2OCCNCc3ccccc32)cc1,19
CN1CC[C@@H]2c3cc(Cl)ccc3Oc3ccccc3[C@H]2C1,1.0,c1ccc2Oc3c(cc(cc3)Cl)[C@@H]3[C@@H](c2c1)C[N@](CC3)C,c1ccc2c(c1)Oc1ccccc1C1CNCCC21,21
CN1CC[C@@]2(C)c3cc(OC(=O)N4CCc5ccccc5C4)ccc3N(C)[C@@H]12,1.0,[C@@]45(C1=C(C=CC(=C1)OC(N3CC2=CC=CC=C2CC3)=O)N([C@H]4N(C)CC5)C)C,O=C(Oc1ccc2c(c1)C1CCNC1N2)N1CCc2ccccc2C1,28
CN1CC[C@@]2(C)c3cc(OC(=O)Nc4ccccc4)ccc3N(C)[C@@H]12,1.0,CN1CC[C@]2(C)[C@H]1N(C)c3ccc(OC(=O)Nc4ccccc4)cc23,O=C(Nc1ccccc1)Oc1ccc2c(c1)C1CCNC1N2,25
CN1CC[C@@]23CCCC[C@@H]2[C@@H]1Cc1ccc(O)cc13,1.0,[C@]134[C@@H]([C@H](CC2=C1C=C(O)C=C2)N(C)CC3)CCCC4,c1ccc2c(c1)CC1NCCC23CCCCC13,19
CN1CC[C@]23CCCC[C@H]2[C@H]1Cc1ccc(O)cc13,1.0,CN1CC[C@]23CCCC[C@H]2[C@H]1Cc4ccc(O)cc34,c1ccc2c(c1)CC1NCCC23CCCCC13,19
CN1CC[C@]23NC(=O)CC(c4cc(Cl)ccc4O2)C3C1,1.0,[C@@]123OC4=C(C(C1CN(CC2)C)CC(=O)N3)C=C(Cl)C=C4,O=C1CC2c3ccccc3OC3(CCNCC23)N1,20
CN1CC[C@]23c4c5ccc(O)c4O[C@@]2(C)C(=O)CC[C@H]3[C@H]1C5,1.0,[C@@]125C3=C4C[C@H]([C@@H]1CCC([C@@]2(OC3=C(C=C4)O)C)=O)N(C)CC5,O=C1CCC2C3Cc4cccc5c4C2(CCN3)C1O5,22
CN1CC[C@]23c4c5ccc(O)c4O[C@H]2C(=O)CC[C@@]3(O)[C@H]1C5,1.0,CN1CC[C@]23[C@H]4Oc5c(O)ccc(C[C@@H]1[C@]2(O)CCC4=O)c35,O=C1CCC2C3Cc4cccc5c4C2(CCN3)C1O5,22
CN1CC[C@]23c4c5ccc(O)c4O[C@H]2C(=O)CC[C@H]3[C@H]1C5,1.0,[C@@]125C3=C4C[C@H]([C@@H]1CCC([C@@H]2OC3=C(C=C4)O)=O)N(C)CC5,O=C1CCC2C3Cc4cccc5c4C2(CCN3)C1O5,21
CN1CC[C@]23c4c5ccc(O)c4O[C@H]2C(O)C=C[C@H]3[C@H]1C5,1.0,CN1CC[C@]23[C@H]4Oc5c(O)ccc(C[C@@H]1[C@@H]2C=CC4O)c35,C1=CC2C3Cc4cccc5c4C2(CCN3)C(C1)O5,21
CN1CC[C@]23c4c5ccc(O)c4O[C@H]2[C@@H](O)CC[C@@]3(O)[C@H]1C5,1.0,[C@@]125C3=C4C[C@H]([C@@]1(CC[C@@H]([C@@H]2OC3=C(C=C4)O)O)O)N(C)CC5,c1cc2c3c(c1)OC1CCCC4C(C2)NCCC314,22
CN1CC[C@]23c4c5ccc(OC(=O)c6cccnc6)c4O[C@H]2[C@@H](OC(=O)c2cccnc2)C=C[C@H]3[C@H]1C5,1.0,[C@@]127C3=C4C[C@H]([C@@H]1C=C[C@@H]([C@@H]2OC3=C(C=C4)OC(C5=CN=CC=C5)=O)OC(C6=CN=CC=C6)=O)N(C)CC7,O=C(Oc1ccc2c3c1OC1C(OC(=O)c4cccnc4)C=CC4C(C2)NCCC341)c1cccnc1,37
CN1CCc2cc(Cl)c(O)cc2[C@@H](c2cc(Br)cc3c2OCC3)C1,1.0,[C@@H]4(C1=C2C(=CC(=C1)Br)CCO2)C3=C(C=C(Cl)C(=C3)O)CCN(C4)C,c1ccc2c(c1)CCNCC2c1cccc2c1OCC2,24
CN1CCc2cc(Cl)c(O)cc2[C@@H](c2cccc3c2OCC3)C1,1.0,[C@@H]4(C1=CC=CC2=C1OCC2)C3=CC(=C(Cl)C=C3CCN(C4)C)O.CC(=O)O,c1ccc2c(c1)CCNCC2c1cccc2c1OCC2,23
CN1CCc2cccc3c2[C@H]1Cc1ccc(O)c(O)c1-3,1.0,CN1CCc2cccc3c2[C@H]1Cc4ccc(O)c(O)c34,c1ccc2c(c1)CC1NCCc3cccc-2c31,20
CN1C[C@@H](CC#N)CC2c3cccc4[nH]cc(c34)C[C@H]21,1.0,[C@@H]34CC1=C[NH]C2=CC=CC(=C12)C3C[C@@H](CN4C)CC#N,c1cc2c3c(c[nH]c3c1)CC1NCCCC21,20
CN1C[C@@H](NS(=O)(=O)N(C)C)C[C@@H]2c3cccc4c3c(cn4C)C[C@H]21,1.0,[C@@H]34C1=CC=CC2=C1C(=C[N]2C)C[C@H]3N(C[C@H](C4)N[S](N(C)C)(=O)=O)C,c1cc2c3c(c[nH]c3c1)CC1NCCCC21,25
CN1C[C@@H]2Cc3ccc(Cl)cc3[C@@H](c3ccccc3)[C@@H]2C1,1.0,[C@@H]1([C@H]3[C@@H](CC2=C1C=C(Cl)C=C2)CN(C3)C)C4=CC=CC=C4,c1ccc(C2c3ccccc3CC3CNCC32)cc1,21
CN1C[C@@H]2c3cc(Cl)ccc3Oc3ccccc3[C@@H]2C1,1.0,c1c2c(cc(c1)Cl)[C@@H]1[C@H](c3ccccc3O2)CN(C1)C,c1ccc2c(c1)Oc1ccccc1C1CNCC21,20
CN1C[C@H](C(=O)N[C@]2(C)O[C@@]3(O)[C@@H]4CCCN4C(=O)[C@H](Cc4ccccc4)N3C2=O)C[C@@H]2c3cccc4[nH]cc(c34)C[C@H]21,0.0,CN1C[C@@H](C[C@H]2[C@H]1Cc3c[nH]c4cccc2c34)C(=O)N[C@]5(C)O[C@@]6(O)[C@@H]7CCCN7C(=O)[C@H](Cc8ccccc8)N6C5=O,O=C(NC1OC2C3CCCN3C(=O)C(Cc3ccccc3)N2C1=O)C1CNC2Cc3c[nH]c4cccc(c34)C2C1,43
CN1C[C@H](CN2CC(=O)NC(=O)C2)C=C2c3cccc4[nH]cc(c34)C[C@H]21,1.0,[C@@H]25C(=C[C@@H](CN1CC(NC(C1)=O)=O)CN2C)C3=CC=CC4=C3C(=C[NH]4)C5,O=C1CN(CC2C=C3c4cccc5[nH]cc(c45)CC3NC2)CC(=O)N1,26
CN1Cc2c(-c3noc(C(C)(C)O)n3)ncn2-c2cccc(Cl)c2C1=O,0.0,OC(C)(C)c1onc(c2ncn3c2CN(C)C(c4c3cccc4Cl)=O)n1,O=C1NCc2c(-c3ncon3)ncn2-c2ccccc21,26
CN1Cc2c(-c3noc(C(C)(CO)CO)n3)ncn2-c2cccc(Cl)c2C1=O,0.0,c12c(C(N(Cc3n1cnc3c1noc(n1)C(CO)(CO)C)C)=O)c(ccc2)Cl,O=C1NCc2c(-c3ncon3)ncn2-c2ccccc21,28
CN1Cc2c(-c3noc(C(C)(O)CO)n3)ncn2-c2cccc(Cl)c2C1=O,0.0,OCC(C)(O)c1onc(c2ncn3c2CN(C)C(c4c3cccc4Cl)=O)n1,O=C1NCc2c(-c3ncon3)ncn2-c2ccccc21,27
CN1Cc2c(-c3noc([C@](C)(O)CO)n3)ncn2-c2cccc(Cl)c2C1=O,0.0,c12c(c(ccc1)Cl)C(N(Cc1n2cnc1c1nc(on1)[C@](CO)(C)O)C)=O,O=C1NCc2c(-c3ncon3)ncn2-c2ccccc21,27
CN1Cc2c(C(=O)OC(C)(C)C)ncn2-c2ccsc2C1=O,1.0,CC(C)(C)OC(=O)C1=C2CN(C(=O)C3=C(N2C=N1)C=CS3)C,O=C1NCc2cncn2-c2ccsc21,22
CN1Cc2c(N)cccc2C(c2ccccc2)C1,1.0,C1=CC=C(C3=C1C(C2=CC=CC=C2)CN(C)C3)N,c1ccc(C2CNCc3ccccc32)cc1,18
CN1[C@@H]2CC(OC(=O)[C@H](CO)c3ccccc3)C[C@H]1[C@@H]1O[C@@H]12,0.0,CN1[C@@H]2CC(C[C@H]1[C@@H]3O[C@H]23)OC(=O)[C@H](CO)c4ccccc4,O=C(Cc1ccccc1)OC1CC2NC(C1)C1OC21,22
CN1[C@@H]2CCC[C@H]1CC(NC(=O)c1nn(C)c3ccccc13)C2,1.0,CN1[C@H]2CCC[C@@H]1CC(C2)NC(=O)c3nn(C)c4ccccc34,O=C(NC1CC2CCCC(C1)N2)c1n[nH]c2ccccc12,23
CN1[C@@H]2CC[C@H]1CC(NC(=O)N1CC(C)(C)c3ccccc31)C2,1.0,C3(NC(N1C2=C(C(C)(C)C1)C=CC=C2)=O)C[C@@H]4N(C)[C@H](C3)CC4,O=C(NC1CC2CCC(C1)N2)N1CCc2ccccc21,23
CN1[C@@H]2CC[C@H]1CC(NC(=O)c1cn(C3CCCCC3)c3ccccc3c1=O)C2,1.0,[C@@H]45N([C@@H](CC(NC(=O)C1=CN(C2=C(C1=O)C=CC=C2)C3CCCCC3)C4)CC5)C,O=C(NC1CC2CCC(C1)N2)c1cn(C2CCCCC2)c2ccccc2c1=O,29
CN1c2cc(F)ccc2C(c2ccccc2)=NCC1CNC(=O)c1ccoc1,1.0,C1=CC(=CC2=C1C(=NCC(N2C)CNC(C3=COC=C3)=O)C4=CC=CC=C4)F,O=C(NCC1CN=C(c2ccccc2)c2ccccc2N1)c1ccoc1,28
CN1c2ccccc2C(NCCCCCCC(=O)O)c2ccc(Cl)cc2S1(=O)=O,1.0,C1=CC(=CC2=C1C(C3=C(N(C)[S]2(=O)=O)C=CC=C3)NCCCCCCC(O)=O)Cl,O=S1(=O)Nc2ccccc2Cc2ccccc21,29
CN1c2ccccc2C(c2ccccc2Cl)=NCC1(Cl)CO,1.0,C1=C2C(=CC=C1)N(C(Cl)(CN=C2C3=CC=CC=C3Cl)CO)C,c1ccc(C2=NCCNc3ccccc32)cc1,22
CN1c2ccccc2C(c2ccccc2F)=NCC1CNC(=O)c1ccsc1,1.0,CN1C(CNC(=O)c2cscc2)CN=C(c3ccccc3F)c4ccccc14,O=C(NCC1CN=C(c2ccccc2)c2ccccc2N1)c1ccsc1,28
CN=C(Cc1ccc2ccccc2c1)[NH2+]C,1.0,C1=C(C=CC2=C1C=CC=C2)CC([NH2+]C)=NC.[Cl-],c1ccc2ccccc2c1,16
CN=C(NC#N)NCCSCc1csc(N=C(N)N)n1,1.0,CN=C(NCCSCc1csc(N=C(N)N)n1)NC#N,c1cscn1,20
CN=C(NC#N)NCCSCc1nc[nH]c1C,0.0,CN=C(NCCSCc1nc[nH]c1C)NC#N,c1c[nH]cn1,17
CN=C1CN(O)C(c2ccccc2)=c2cc(Cl)ccc2=N1,1.0,CN=C1CN(O)C(=C2C=C(Cl)C=CC2=N1)c3ccccc3,N=C1CNC(c2ccccc2)=c2ccccc2=N1,21
CNC(=NC#N)Nc1cccc(-c2csc(N=C(N)N)n2)c1,0.0,CNC(=NC#N)Nc1cccc(c1)c1csc(n1)N=C(N)N,c1ccc(-c2cscn2)cc1,22
CNC(=O)CCN1CCN(CCC=C2c3ccccc3Sc3ccc(Cl)cc32)CC1,1.0,CNC(=O)CCN1CCN(CCC=C2c3ccccc3Sc3ccc(cc23)Cl)CC1,C(CCN1CCNCC1)=C1c2ccccc2Sc2ccccc21,30
CNC(=O)C[C@@H](N)C(=O)N[C@@H](C(=O)N[C@@H]1C(=O)N2[C@@H]1SC(C)(C)[C@@H]2C(=O)O)c1ccc(O)cc1,0.0,CNC(=O)C[C@@H](N)C(=O)N[C@@H](C(=O)N[C@H]1[C@H]2SC(C)(C)[C@@H](N2C1=O)C(O)=O)c3ccc(O)cc3,O=C(Cc1ccccc1)NC1C(=O)N2CCSC12,34
CNC(=O)N1CC(Oc2cccc(C(F)(F)F)c2)C1,1.0,C2=C(OC1CN(C(NC)=O)C1)C=CC=C2C(F)(F)F,c1ccc(OC2CNC2)cc1,19
CNC(=O)NC(O)C(Cl)(Cl)Cl,1.0,CNC(NC(C(Cl)(Cl)Cl)O)=O,,11
CNC(=O)O[C@H]1OC(=O)[C@@]2(C)[C@@H]1[C@H]1C=C[C@@H]2C1,1.0,[C@@H]13C=C[C@@H]([C@@]2([C@H]1[C@H](OC2=O)OC(NC)=O)C)C3,O=C1OCC2C3C=CC(C3)C12,17
CNC(=O)Oc1ccc2c(c1)[C@]1(C)CCN(C)[C@@H]1N2C,1.0,CNC(=O)Oc1ccc2N(C)[C@H]3N(C)CC[C@@]3(C)c2c1,c1ccc2c(c1)NC1NCCC21,20
CNC(C)C(=O)c1ccc(OC)cc1,0.0,CNC(C)C(=O)c1ccc(OC)cc1,c1ccccc1,14
CNC(C)C(O)c1ccc(O)cc1,0.0,CNC(C)C(O)c1ccc(O)cc1,c1ccccc1,13
CNC(C)C1CCC(N)C(OC2C(N)CC(N)C(OC3OCC(C)(O)C(NC)C3O)C2O)O1,0.0,CNC(C)C1CCC(N)C(O1)OC2C(N)CC(N)C(OC3OCC(C)(O)C(NC)C3O)C2O,C1CCC(OC2CCCC(OC3CCCCO3)C2)OC1,33
CNC/C=C(/c1ccc(Br)cc1)c1cccnc1,1.0,C1=CC(=CC=C1\C(C2=CC=CN=C2)=C\CNC)Br,C=C(c1ccccc1)c1cccnc1,18
CNC1(c2ccccc2Cl)CCCCC1=O,1.0,CNC1(CCCCC1=O)c2ccccc2Cl,O=C1CCCCC1c1ccccc1,16
CNC1C(O)C(OC2C(NC(=O)C(O)CN)CC(N)C(OC3OC(CN)C(O)C(O)C3O)C2O)OCC1(C)O,0.0,CNC1C(O)C(OCC1(C)O)OC2C(O)C(OC3OC(CN)C(O)C(O)C3O)C(N)CC2NC(=O)C(O)CN,C1CCC(OC2CCCC(OC3CCCCO3)C2)OC1,39
CNC1CCC(c2ccccc2)c2ccccc21,1.0,CNC2CCC(c1ccccc1)c3ccccc23,c1ccc(C2CCCc3ccccc32)cc1,18
CNC1CCN2c3ccccc3CCc3cccc1c32,1.0,C4=C2C1=C(CCC3=C(N1CCC2NC)C=CC=C3)C=C4,c1ccc2c(c1)CCc1cccc3c1N2CCC3,20
CNC1CCc2ncsc2C1,1.0,C2=NC1=C(CC(NC)CC1)S2,c1nc2c(s1)CCCC2,11
CNC1Cc2ccccc2N(C)c2ccccc21,1.0,C1=CC=CC2=C1C(CC3=C(N2C)C=CC=C3)NC,c1ccc2c(c1)CCc1ccccc1N2,18
CNCC(O)c1ccc(O)c(O)c1,0.0,CNCC(O)c1ccc(O)c(O)c1,c1ccccc1,13
CNCC(O)c1ccc(OC(=O)C(C)(C)C)c(OC(=O)C(C)(C)C)c1,0.0,CNCC(O)c1ccc(OC(=O)C(C)(C)C)c(OC(=O)C(C)(C)C)c1,c1ccccc1,25
CNCC(O)c1cccc(OC(=O)C(C)(C)C)c1,0.0,CNCC(O)c1cccc(OC(=O)C(C)(C)C)c1,c1ccccc1,18
CNCC12CCC(c3ccccc31)c1ccccc12,1.0,C1=CC=C2C(=C1)C3C4=C(C2(CNC)CC3)C=CC=C4,c1ccc2c(c1)C1CCC2c2ccccc21,19
CNCCC(Oc1ccc(C(F)(F)F)cc1)c1ccccc1,1.0,C2=C(C(OC1=CC=C(C=C1)C(F)(F)F)CCNC)C=CC=C2,c1ccc(COc2ccccc2)cc1,22
CNCCC(Oc1cccc2ccccc12)c1cccs1,1.0,C1=CC=C3C(=C1OC(C2=CC=CS2)CCNC)C=CC=C3,c1csc(COc2cccc3ccccc23)c1,21
CNCCC(Oc1ccccc1OC)c1ccccc1,1.0,C1=CC=CC=C1C(OC2=CC=CC=C2OC)CCNC,c1ccc(COc2ccccc2)cc1,20
CNCCC=C1c2ccccc2C(C)(C)c2ccccc21,1.0,C1=CC=CC3=C1C(C2=C(C=CC=C2)C3(C)C)=CCCNC,C=C1c2ccccc2Cc2ccccc21,21
CNCCC=C1c2ccccc2C2CC2c2ccccc21,1.0,CNCCC=C3c1ccccc1C2CC2c4ccccc34,C=C1c2ccccc2C2CC2c2ccccc21,21
CNCCC=C1c2ccccc2CCc2ccccc21,1.0,CNCCC=C1c2ccccc2CCc3ccccc13,C=C1c2ccccc2CCc2ccccc21,20
CNCCCC1(C)C(=O)N(c2ccccc2)c2ccccc21,1.0,CNCCCC2(C)C(=O)N(c1ccccc1)c3ccccc23,O=C1Cc2ccccc2N1c1ccccc1,22
CNCCCC1(C)CN(c2ccccc2)c2ccccc21,1.0,C1=CC=CC3=C1N(C2=CC=CC=C2)CC3(CCCNC)C,c1ccc(N2CCc3ccccc32)cc1,21
CNCCCC1(c2ccccc2)OC(C)(C)c2ccccc21,1.0,C1=CC=CC3=C1C(C2=CC=CC=C2)(OC3(C)C)CCCNC,c1ccc(C2OCc3ccccc32)cc1,22
CNCCCC1(c2ccccc2)SC(C)(C)c2ccccc21,1.0,C1=CC=CC3=C1C(C2=CC=CC=C2)(SC3(C)C)CCCNC,c1ccc(C2SCc3ccccc32)cc1,22
CNCCCC12CCC(c3ccccc31)c1ccccc12,1.0,CNCCCC12CCC(c3ccccc13)c4ccccc24,c1ccc2c(c1)C1CCC2c2ccccc21,21
CNCCCC1c2ccccc2C=Cc2ccccc21,1.0,CNCCCC1c2ccccc2C=Cc3ccccc13,C1=Cc2ccccc2Cc2ccccc21,20
CNCCCCOc1ccccc1Cc1ccccc1,1.0,[H+].C2=C(CC1=CC=CC=C1)C(=CC=C2)OCCCCNC.[Cl-],c1ccc(Cc2ccccc2)cc1,20
CNCCCN1Cc2ccccc2Cc2ccccc21,1.0,C1=CC=CC2=C1N(CC3=C(C2)C=CC=C3)CCCNC,c1ccc2c(c1)CNc1ccccc1C2,20
CNCCCN1c2ccccc2C(C)(C)c2ccccc21,1.0,C1=CC=CC3=C1N(C2=C(C=CC=C2)C3(C)C)CCCNC,c1ccc2c(c1)Cc1ccccc1N2,21
CNCCCN1c2ccccc2CCc2ccccc21,1.0,CNCCCN1c2ccccc2CCc3ccccc13,c1ccc2c(c1)CCc1ccccc1N2,20
CNCCCN1c2ccccc2Sc2ccc(Cl)cc21,1.0,ClC1=CC=C(C2=C1)SC3=C(N2CCCNC)C=CC=C3,c1ccc2c(c1)Nc1ccccc1S2,20
CNCCCN1c2ccccc2Sc2ccccc21,1.0,CNCCCN1c2ccccc2Sc3ccccc13,c1ccc2c(c1)Nc1ccccc1S2,19
CNCCOC(c1ccccc1)c1ccccc1C,1.0,C2=C(C(C1=CC=CC=C1)OCCNC)C(=CC=C2)C,c1ccc(Cc2ccccc2)cc1,19
CNCCON=c1c2ccccc2ccc2ccccc12,1.0,C1=CC=CC2=C1C(C3=C(C=C2)C=CC=C3)=NOCCNC,N=c1c2ccccc2ccc2ccccc12,21
CNCCSC1=Cc2cc(F)ccc2Oc2ccccc21,1.0,C1=C(F)C=CC3=C1C=C(SCCNC)C2=CC=CC=C2O3,C1=Cc2ccccc2Oc2ccccc21,21
CNCC[C@@H](O)[C@@H]1C[C@H](SC2=C(C(=O)O)N3C(=O)[C@H]([C@@H](C)O)[C@H]3[C@H]2C)CN1,0.0,CNCC[C@@H](O)[C@@H]1C[C@@H](CN1)SC2=C(N3[C@H]([C@H]2C)[C@@H]([C@@H](C)O)C3=O)C(O)=O,O=C1CC2CC(SC3CCNC3)=CN12,27
CNCC[C@@H](Oc1ccccc1C)c1ccccc1,1.0,[C@H](OC1=C(C=CC=C1)C)(C2=CC=CC=C2)CCNC,c1ccc(COc2ccccc2)cc1,19
CNCCc1ccccn1,1.0,n(ccc1)c(c1)CCNC,c1ccncc1,10
CNC[C@@H]1CN(c2ccc(OCc3cccc(Cl)c3)cc2)C(=O)O1,1.0,[C@H]3(CN(C2=CC=C(OCC1=CC=CC(=C1)Cl)C=C2)C(O3)=O)CNC,O=C1OCCN1c1ccc(OCc2ccccc2)cc1,24
CNC[C@H](O)CC12CCC(c3ccccc31)c1ccccc12,1.0,C13(C4=C(C(C2=C1C=CC=C2)CC3)C=CC=C4)C[C@H](CNC)O,c1ccc2c(c1)C1CCC2c2ccccc21,22
CNC[C@H](O)c1ccc(O)c(O)c1,0.0,CNC[C@H](O)c1ccc(O)c(O)c1,c1ccccc1,13
CNNCc1ccc(C(=O)NC(C)C)cc1,1.0,C1=CC(=CC=C1C(NC(C)C)=O)CNNC,c1ccccc1,16
CN[C@@H](C)Cc1ccccc1,1.0,CN[C@@H](C)Cc1ccccc1,c1ccccc1,11
CN[C@@H](C)[C@H](O)c1ccccc1,0.0,CN[C@@H](C)[C@H](O)c1ccccc1,c1ccccc1,12
CN[C@@H]1C[C@@H](c2ccc(Cl)c(Cl)c2)c2ccccc21,1.0,[C@@H]2(C1=CC=CC=C1[C@H](NC)C2)C3=CC=C(Cl)C(=C3)Cl.[H+].[Cl-],c1ccc(C2CCc3ccccc32)cc1,19
CN[C@@H]1[C@@H](O)[C@@H](O[C@@H]2[C@@H](O)[C@H](O[C@H]3OC(CN)=CC[C@H]3N)[C@@H](N)C[C@H]2N)OC[C@]1(C)O,0.0,CN[C@@H]1[C@@H](O)[C@H](OC[C@]1(C)O)O[C@H]2[C@H](N)C[C@H](N)[C@@H](O[C@H]3OC(=CC[C@H]3N)CN)[C@@H]2O,C1=COC(OC2CCCC(OC3CCCCO3)C2)CC1,31
CN[C@@H]1[C@@H](O[C@H]2O[C@H](CO)[C@@H](N)[C@H](O)[C@H]2O)O[C@H]2C[C@@H](N)[C@H](O[C@H]3[C@H](O)[C@@H](O)[C@H](N)C[C@@H]3N)O[C@@H]2[C@@H]1O,0.0,CN[C@H]1[C@@H](O)[C@H]2O[C@@H](O[C@@H]3[C@@H](N)C[C@@H](N)[C@H](O)[C@H]3O)[C@H](N)C[C@@H]2O[C@@H]1O[C@H]4O[C@H](CO)[C@@H](N)[C@H](O)[C@H]4O,C1CCC(OC2CCC3OC(OC4CCCCO4)CCC3O2)CC1,37
CN[C@@H]1[C@H](O[C@H]2[C@H](O[C@@H]3[C@@H](O)[C@H](O)[C@@H](N=C(N)N)[C@H](O)[C@H]3N=C(N)N)O[C@@H](C)[C@]2(O)CO)O[C@@H](CO)[C@H](O)[C@H]1O,0.0,CN[C@H]1[C@H](O)[C@@H](O)[C@H](CO)O[C@H]1O[C@H]2[C@@H](O[C@@H](C)[C@]2(O)CO)O[C@@H]3[C@@H](O)[C@H](O)[C@@H](N=C(N)N)[C@H](O)[C@H]3N=C(N)N,C1CCC(OC2OCCC2OC2CCCCO2)CC1,40
CN[C@@H]1[C@H](O[C@H]2[C@H](O[C@H]3[C@H](O)[C@@H](O)[C@H](N=C(N)N)[C@@H](O)[C@@H]3N=C(N)N)O[C@@H](C)[C@]2(O)C=O)O[C@@H](CO)[C@H](O)[C@H]1O,0.0,CN[C@H]1[C@H](O)[C@@H](O)[C@H](CO)O[C@H]1O[C@H]2[C@@H](O[C@@H](C)[C@]2(O)C=O)O[C@H]3[C@H](O)[C@@H](O)[C@H](N=C(N)N)[C@@H](O)[C@@H]3N=C(N)N,C1CCC(OC2OCCC2OC2CCCCO2)CC1,40
CN[C@H]1CC[C@@H](c2ccc(Cl)c(Cl)c2)c2ccccc21,1.0,[Cl-].CN[C@H]1CC[C@@H](c2ccc(Cl)c(Cl)c2)c3ccccc13.[H+],c1ccc(C2CCCc3ccccc32)cc1,20
CNc1cc(OC)c(C(=O)N[C@@H]2CCN(Cc3ccccc3)[C@@H]2C)cc1Cl,1.0,[C@H]2(NC(=O)C1=C(OC)C=C(NC)C(=C1)Cl)[C@H](N(CC2)CC3=CC=CC=C3)C,O=C(NC1CCN(Cc2ccccc2)C1)c1ccccc1,27
CNc1nc(Cl)c(SC)c(N2CCN(C)CC2)n1,1.0,CSC2=C(N1CCN(C)CC1)N=C(NC)N=C2Cl,c1cc(N2CCNCC2)ncn1,18
CO/N=C(/C(=O)N[C@@H]1C(=O)N2C(C(=O)O)=C(CSc3nc(C)c(CC(=O)O)s3)CS[C@H]12)c1csc(N)n1,0.0,CO\N=C(C(=O)N[C@H]1[C@H]2SCC(=C(N2C1=O)C(O)=O)CSc3sc(CC(O)=O)c(C)n3)/c4csc(N)n4,N=C(C(=O)NC1C(=O)N2C=C(CSc3nccs3)CSC12)c1cscn1,37
CO/N=C(\C(=O)NC1C(=O)N(OCC(=O)O)[C@H]1C)c1csc(N)n1,0.0,CO\N=C(C(=O)NC1[C@H](C)N(OCC(O)=O)C1=O)\c2csc(N)n2,N=C(C(=O)NC1CNC1=O)c1cscn1,24
CO/N=C(\C(=O)NC1C(=O)N2C(C(=O)O)=C(/C=C\c3scnc3C)CS[C@H]12)c1csc(N)n1,0.0,CO\N=C(C(=O)NC1[C@H]2SCC(=C(N2C1=O)C(O)=O)\C=C/c3scnc3C)\c4csc(N)n4,N=C(C(=O)NC1C(=O)N2C=C(C=Cc3cncs3)CSC12)c1cscn1,33
CO/N=C(\C(=O)N[C@@H]1C(=O)N(OCC(=O)OCC(=O)OC(C)(C)C)[C@H]1C)c1csc(N)n1,0.0,CO/N=C(C(=O)N[C@H]1[C@H](C)N(OCC(=O)OCC(=O)OC(C)(C)C)C1=O)/c2csc(N)n2,N=C(C(=O)NC1CNC1=O)c1cscn1,32
CO/N=C(\C(=O)N[C@@H]1C(=O)N2C(C(=O)O)=C(/C=C/Sc3n[nH]c(=O)c(=O)n3CC=O)CS[C@H]12)c1csc(N)n1,0.0,CO/N=C(C(=O)N[C@H]1[C@H]2SCC(=C(N2C1=O)C(O)=O)\C=C\SC3=NNC(=O)C(=O)N3CC=O)/c4csc(N)n4,N=C(C(=O)NC1C(=O)N2C=C(C=CSc3n[nH]c(=O)c(=O)[nH]3)CSC12)c1cscn1,39
CO/N=C(\C(=O)N[C@@H]1C(=O)N2C(C(=O)O)=C(C)CS[C@H]12)c1csc(N)n1,0.0,CO/N=C(C(=O)N[C@H]1[C@H]2SCC(=C(N2C1=O)C(O)=O)C)/c3csc(N)n3,N=C(C(=O)NC1C(=O)N2C=CCSC12)c1cscn1,26
CO/N=C(\C(=O)N[C@@H]1C(=O)N2C(C(=O)O)=C(COC(C)=O)CS(=O)[C@H]12)c1csc(N)n1,0.0,CO/N=C(C(=O)N[C@H]1[C@@H]2N(C1=O)C(=C(COC(C)=O)C[S]2=O)C(O)=O)/c3csc(N)n3,N=C(C(=O)NC1C(=O)N2C=CCS(=O)C12)c1cscn1,31
CO/N=C(\C(=O)N[C@@H]1C(=O)N2C(C(=O)O)=C(COC(C)=O)CS[C@H]12)c1ccco1,0.0,CO/N=C(C(=O)N[C@H]1[C@H]2SCC(=C(N2C1=O)C(O)=O)COC(C)=O)/c3occc3,N=C(C(=O)NC1C(=O)N2C=CCSC12)c1ccco1,29
CO/N=C(\C(=O)N[C@@H]1C(=O)N2C(C(=O)O)=C(COC(N)=O)CS[C@H]12)c1ccco1,1.0,CO/N=C(C(=O)N[C@H]1[C@H]2SCC(=C(N2C1=O)C(O)=O)COC(N)=O)/c3occc3,N=C(C(=O)NC1C(=O)N2C=CCSC12)c1ccco1,29
CO/N=C(\C(=O)N[C@@H]1C(=O)N2C(C(=O)O)=C(CSC(=O)c3ccco3)CS[C@H]12)c1csc(N)n1,0.0,CO/N=C(C(=O)N[C@H]1[C@H]2SCC(=C(N2C1=O)C(O)=O)CSC(=O)c3occc3)/c4csc(N)n4,N=C(C(=O)NC1C(=O)N2C=C(CSC(=O)c3ccco3)CSC12)c1cscn1,34
CO/N=C(\C(=O)N[C@@H]1C(=O)N2C(C(=O)O)=C(CSc3cnns3)CS[C@H]12)c1csc(N)n1,0.0,CO/N=C(C(=O)N[C@H]1[C@H]2SCC(=C(N2C1=O)C(O)=O)CSc3snnc3)/c4csc(N)n4,N=C(C(=O)NC1C(=O)N2C=C(CSc3cnns3)CSC12)c1cscn1,32
CO/N=C(\C(=O)N[C@@H]1C(=O)N2C(C(=O)O)=C(CSc3nc(=O)c(=O)[nH]n3C)CS[C@H]12)c1csc(N)n1,1.0,CO/N=C(C(=O)N[C@H]1[C@H]2SCC(=C(N2C1=O)C(O)=O)CSC3=NC(=O)C(=O)NN3C)/c4csc(N)n4,N=C(C(=O)NC1C(=O)N2C=C(CSc3nc(=O)c(=O)[nH][nH]3)CSC12)c1cscn1,36
CO/N=C(\C(=O)N[C@@H]1C(=O)N2C(C(=O)O)=C(CSc3nnnn3C)CS[C@H]12)c1csc(N)n1,0.0,CO/N=C(C(=O)N[C@H]1[C@H]2SCC(=C(N2C1=O)C(O)=O)CSc3nnnn3C)/c4csc(N)n4,N=C(C(=O)NC1C(=O)N2C=C(CSc3nnn[nH]3)CSC12)c1cscn1,33
CO/N=C(\C(=O)N[C@@H]1C(=O)N2C(C(=O)O)=C(Cn3nnc(C)n3)CS[C@H]12)c1csc(N)n1,0.0,CO/N=C(C(=O)N[C@H]1[C@H]2SCC(=C(N2C1=O)C(O)=O)Cn3nnc(C)n3)/c4csc(N)n4,N=C(C(=O)NC1C(=O)N2C=C(Cn3ncnn3)CSC12)c1cscn1,32
CO/N=C(\C(=O)N[C@@H]1C(=O)N2C(C(=O)O)=CCS[C@H]12)c1csc(N)n1,0.0,CO/N=C(C(=O)N[C@H]1[C@H]2SCC=C(N2C1=O)C(O)=O)/c3csc(N)n3,N=C(C(=O)NC1C(=O)N2C=CCSC12)c1cscn1,25
CO/N=C(\C(=O)N[C@@H]1C(=O)N2C(C(=O)OC(C)OC(C)=O)=C(COC(N)=O)CS[C@H]12)c1ccco1,0.0,CO/N=C(C(=O)N[C@H]1[C@H]2SCC(=C(N2C1=O)C(=O)OC(C)OC(C)=O)COC(N)=O)/c3occc3,N=C(C(=O)NC1C(=O)N2C=CCSC12)c1ccco1,35
CO/N=C(\C(=O)N[C@H]1C(=O)N2C(C(=O)[O-])=C(COC(C)=O)CS[C@@H]12)c1csc(N)n1,1.0,[Na+].CO\N=C(C(=O)N[C@@H]1[C@@H]2SCC(=C(N2C1=O)C([O-])=O)COC(C)=O)\c3csc(N)n3,N=C(C(=O)NC1C(=O)N2C=CCSC12)c1cscn1,30
CO/N=C/C1=CCCN(C)C1,1.0,CN1CC(=CCC1)\C=N\OC,C1=CCNCC1,11
COC(=O)C(c1ccccc1)C1CCCCN1,1.0,COC(=O)C(C1CCCCN1)c2ccccc2,c1ccc(CC2CCCCN2)cc1,17
COC(=O)C1=C(C)NC(C)=C(C(=O)OC)C1c1ccccc1[N+](=O)[O-],0.0,COC(=O)C1=C(C)NC(=C(C1c2ccccc2[N+]([O-])=O)C(=O)OC)C,C1=CC(c2ccccc2)C=CN1,25
COC(=O)C1=C(C)NC(C)=C(C(=O)OCCN(C)Cc2ccccc2)C1c1cccc([N+](=O)[O-])c1,0.0,COC(=O)C1=C(C)NC(=C(C1c2cccc(c2)[N+]([O-])=O)C(=O)OCCN(C)Cc3ccccc3)C,O=C(OCCNCc1ccccc1)C1=CNC=CC1c1ccccc1,35
COC(=O)C1=CCCN(C)C1,1.0,COC(=O)C1=CCCN(C)C1,C1=CCNCC1,11
COC(=O)C1C2CC3c4[nH]c5cc(OC)ccc5c4CCN3CC2CC(OC)C1OC,1.0,C5=C4C3=C(C2N(CC1CC(OC)C(C(C1C2)C(OC)=O)OC)CC3)[NH]C4=CC(=C5)OC,c1ccc2c3c([nH]c2c1)C1CC2CCCCC2CN1CC3,31
COC(=O)N1CCN(C(=O)Cc2ccc(Cl)c(Cl)c2)[C@@H](CN2CCCC2)C1,1.0,c1(ccc(c(c1)Cl)Cl)CC(N1[C@H](CN(CC1)C(=O)OC)CN1CCCC1)=O,O=C(Cc1ccccc1)N1CCNCC1CN1CCCC1,27
COC(=O)[C@@H]1C2CCC(C[C@@H]1OC(=O)c1ccccc1)N2C,1.0,COC(=O)[C@H]1[C@H](CC2CCC1N2C)OC(=O)c3ccccc3,O=C(OC1CC2CCC(C1)N2)c1ccccc1,22
COC(=O)[C@@H]1[C@H]2C[C@H]3c4[nH]c5ccccc5c4CCN3C[C@@H]2CC[C@@H]1O,0.0,COC(=O)[C@H]1[C@@H](O)CC[C@H]2CN3CCc4c([nH]c5ccccc45)[C@@H]3C[C@H]12,c1ccc2c3c([nH]c2c1)C1CC2CCCCC2CN1CC3,26
COC(=O)[C@@]1(O)CC[C@H]2C3CCC(=O)C4C(=O)C=CC4(C)[C@H]3C(O)CC21C,1.0,[C@H]34C1[C@@H](C2(C(C(=O)CC1)C(=O)C=C2)C)C(O)CC3([C@](O)(CC4)C(OC)=O)C,O=C1C=CC2C1C(=O)CCC1C3CCCC3CCC21,27
COC(=O)[C@H]1[C@H]2C[C@@H]3c4[nH]c5cc(OC)ccc5c4CCN3C[C@H]2C[C@@H](OC(=O)/C=C/c2cc(OC)c(OC)c(OC)c2)[C@@H]1OC,1.0,CO[C@H]1[C@@H](C[C@@H]2CN3CCc4c([nH]c5cc(OC)ccc45)[C@H]3C[C@@H]2[C@@H]1C(=O)OC)OC(=O)\C=C\c6cc(OC)c(OC)c(OC)c6,O=C(C=Cc1ccccc1)OC1CCC2CC3c4[nH]c5ccccc5c4CCN3CC2C1,46
COC(=O)[C@H]1[C@H]2C[C@@H]3c4[nH]c5cc(OC)ccc5c4CCN3C[C@H]2C[C@@H](OC(=O)c2cc(OC)c(OC)c(OC)c2)[C@@H]1OC,1.0,CO[C@H]1[C@@H](C[C@@H]2CN3CCc4c([nH]c5cc(OC)ccc45)[C@H]3C[C@@H]2[C@@H]1C(=O)OC)OC(=O)c6cc(OC)c(OC)c(OC)c6,O=C(OC1CCC2CC3c4[nH]c5ccccc5c4CCN3CC2C1)c1ccccc1,44
COC(=O)[C@H]1[C@H]2C[C@@H]3c4[nH]c5ccc(Cl)cc5c4CCN3C[C@H]2C[C@@H](OC(=O)c2cc(OC)c(OC)c(OC)c2)[C@@H]1OC,1.0,[C@@H]36C2=C(C1=CC(=CC=C1[NH]2)Cl)CCN3C[C@H]5C[C@@H](OC(C4=CC(=C(C(=C4)OC)OC)OC)=O)[C@@H]([C@H]([C@H]5C6)C(OC)=O)OC,O=C(OC1CCC2CC3c4[nH]c5ccccc5c4CCN3CC2C1)c1ccccc1,43
COC(=O)[C@H]1[C@H]2C[C@@H]3c4[nH]c5ccccc5c4CCN3C[C@H]2C[C@@H](OC(=O)c2cc(OC)c(OC)c(OC)c2)[C@@H]1OC,1.0,CO[C@H]1[C@@H](C[C@@H]2CN3CCc4c([nH]c5ccccc45)[C@H]3C[C@@H]2[C@@H]1C(=O)OC)OC(=O)c6cc(OC)c(OC)c(OC)c6,O=C(OC1CCC2CC3c4[nH]c5ccccc5c4CCN3CC2C1)c1ccccc1,42
COC(=O)c1ccc(C(=O)OC)cc1,1.0,COC(=O)c1ccc(cc1)C(=O)OC,c1ccccc1,14
COC(=O)c1cncn1C(C)c1ccccc1,1.0,C1=NC=C([N]1C(C2=CC=CC=C2)C)C(=O)OC,c1ccc(Cn2ccnc2)cc1,17
COC(C(=O)N[C@@H]1C(=O)N2[C@@H]1SC(C)(C)[C@@H]2C(=O)O)c1ccc(Cl)c(Cl)c1,0.0,COC(C(=O)N[C@H]1[C@H]2SC(C)(C)[C@@H](N2C1=O)C(O)=O)c3ccc(Cl)c(Cl)c3,O=C(Cc1ccccc1)NC1C(=O)N2CCSC12,27
COC(F)(F)C(Cl)Cl,1.0,COC(F)(F)C(Cl)Cl,,8
COC(F)(F)C(F)Br,1.0,COC(C(F)Br)(F)F,,8
COC(OC)C(=O)[C@@]12OC(C)(C)O[C@@H]1CC1C3C[C@H](F)C4=CC(=O)C=CC4(C)[C@@]3(F)C(O)CC12C,1.0,[C@]12(OC(O[C@@H]1CC3C2(CC(O)[C@@]4(F)C3C[C@H](F)C5=CC(=O)C=CC45C)C)(C)C)C(=O)C(OC)OC,O=C1C=CC2C(=C1)CCC1C2CCC2C1CC1OCOC12,35
COC1(F)C(F)(F)C1(F)Cl,1.0,COC1(C(F)(F)C1(F)Cl)F,C1CC1,10
COC12C=CC3(CC1C(C)(C)O)[C@@H]1Cc4ccc(O)c5c4[C@]3(CCN1CC1CC1)[C@@H]2O5,1.0,[C@@]135C67[C@@H](N(CC1)CC2CC2)CC4=CC=C(O)C(=C34)O[C@@H]5C(OC)(C(C6)C(O)(C)C)C=C7,C1=CC23CCC1C1Oc4cccc5c4C12CCN(CC1CC1)C3C5,31
COC1=C(C(=O)O)N2C(=O)C(NC(=O)C(N)C3C=CCC=C3)C2SC1,0.0,COC1=C(N3C(SC1)C(NC(=O)C(N)C2C=CCC=C2)C3=O)C(O)=O,O=C(CC1C=CCC=C1)NC1C(=O)N2C=CCSC12,25
COC1=CC(=O)OC1C(O)c1ccccc1Cl,1.0,C2=C(C(C1C(=CC(O1)=O)OC)O)C(=CC=C2)Cl,O=C1C=CC(Cc2ccccc2)O1,17
COC1=CC=C2[C@H]3Cc4ccc(OC)c5c4[C@@]2(CCN3C)[C@H]1O5,1.0,COC1=CC=C2[C@H]3Cc4ccc(OC)c5O[C@@H]1[C@]2(CCN3C)c45,C1=CC2Oc3cccc4c3C23CCNC(C4)C3=C1,23
COC1C(O)CC(=O)OC(C)C/C=C/C=C/C(OC2CCC(N(C)C)C(C)O2)C(C)CC(CC=O)C1OC1OC(C)C(OC2CC(C)(O)C(O)C(C)O2)C(N(C)C)C1O,0.0,COC1C(O)CC(=O)OC(C)C\C=C\C=C\C(OC2CCC(C(C)O2)N(C)C)C(C)CC(CC=O)C1OC3OC(C)C(OC4CC(C)(O)C(O)C(C)O4)C(C3O)N(C)C,O=C1CCCC(OC2CCC(OC3CCCCO3)CO2)CCCC(OC2CCCCO2)C=CC=CCCO1,59
COC1C=COC2(C)Oc3c(C)c(O)c4c(O)c(c(C=NN5CCN(C)CC5)c(O)c4c3C2=O)NC(=O)C(C)=CC=CC(C)C(O)C(C)C(O)C(C)C(OC(C)=O)C1C,0.0,COC1C=COC5(C)Oc4c(C)c(O)c3c(O)c(NC(=O)C(=CC=CC(C)C(O)C(C)C(O)C(C)C(OC(C)=O)C1C)C)c(C=NN2CCN(C)CC2)c(O)c3c4C5=O,O=C1C=CC=CCCCCCCCCC=COC2Oc3ccc4cc(c(C=NN5CCNCC5)cc4c3C2=O)N1,59
COC1C=COC2(C)Oc3c(C)c(O)c4c(c3C2=O)C(=O)C(=CNN2CCN(C)CC2)C(=C4O)NC(=O)C(C)=CC=CC(C)C(O)C(C)C(O)C(C)C(OC(C)=O)C1C,0.0,CC1C=CC=C(C(=O)NC2=C(C3=C(C(=C4C(=C3C(=O)C2=CNN5CCN(CC5)C)C(=O)C(O4)(OC=CC(C(C(C(C(C(C1O)C)O)C)OC(=O)C)C)OC)C)C)O)O)C,O=C1C=CC=CCCCCCCCCC=COC2Oc3ccc4c(c3C2=O)C(=O)C(=CNN2CCNCC2)C(=C4)N1,59
COC1CC(O[C@H]2[C@H](C)[C@@H](OC3OC(C)CC(N(C)C)C3O)[C@@H](C)C[C@]3(CO3)C(=O)[C@H](C)[C@@H](O)[C@@H](C)[C@@H](C)OC(=O)[C@@H]2C)OC(C)C1O,0.0,COC1CC(OC(C)C1O)O[C@H]2[C@H](C)[C@@H](OC3OC(C)CC(C3O)N(C)C)[C@@H](C)C[C@]4(CO4)C(=O)[C@H](C)[C@@H](O)[C@@H](C)[C@@H](C)OC(=O)[C@@H]2C,O=C1CC(OC2CCCCO2)CC(OC2CCCCO2)CCC2(CO2)C(=O)CCCCO1,48
COC1CCCC2C1=C(C(=O)[O-])N1C(=O)C(C(C)O)C21,0.0,COC1CCCC2C3C(C(C)O)C(=O)N3C(=C12)C([O-])=O,O=C1CC2C3CCCCC3=CN12,20
COCC(=O)N(c1ccccc1F)C1CCN(CCc2ccccc2)CC1,1.0,C3=C(N(C2CCN(CCC1=CC=CC=C1)CC2)C(COC)=O)C(=CC=C3)F,c1ccc(CCN2CCC(Nc3ccccc3)CC2)cc1,27
COCC(=O)O[C@]1(CCN(C)CCCc2nc3ccccc3[nH]2)CCc2cc(F)ccc2[C@@H]1C(C)C,0.0,COCC(=O)O[C@]1(CCN(C)CCCc2[nH]c3ccccc3n2)CCc4cc(F)ccc4[C@@H]1C(C)C,c1ccc2c(c1)CCC(CCNCCCc1nc3ccccc3[nH]1)C2,36
COCC1=C(C(=O)O)N2C(=O)[C@@H](NC(=O)/C(=N\O)c3csc(N)n3)[C@H]2SC1,0.0,COCC1=C(N2[C@H](SC1)[C@H](NC(=O)C(=N\O)/c3csc(N)n3)C2=O)C(O)=O,N=C(C(=O)NC1C(=O)N2C=CCSC12)c1cscn1,27
COCC1=C(C(=O)[O-])N2C(=O)[C@@H](NC(=O)/C(=N\OC)c3csc(N)n3)[C@H]2SC1,0.0,[Na+].COCC1=C(N2[C@H](SC1)[C@H](NC(=O)C(=N/OC)\c3csc(N)n3)C2=O)C([O-])=O,N=C(C(=O)NC1C(=O)N2C=CCSC12)c1cscn1,28
COCC1CN(c2ccc(OCc3cccc(C#N)c3)cc2)C(=O)O1,1.0,C1=CC(=CC=C1N2CC(COC)OC2=O)OCC3=CC(=CC=C3)C#N,O=C1OCCN1c1ccc(OCc2ccccc2)cc1,25
COCC1CN=C(c2ccccc2Cl)c2cc(Br)ccc2N1C,1.0,C1=C(Br)C=CC2=C1C(=NCC(N2C)COC)C3=CC=CC=C3Cl,c1ccc(C2=NCCNc3ccccc32)cc1,23
COCCCC(=O)OC(C)OC(=O)C1=C(COC(N)=O)CS[C@@H]2[C@H](NC(=O)/C(=N\OC)c3ccco3)C(=O)N12,0.0,COCCCC(=O)OC(C)OC(=O)C1=C(COC(N)=O)CS[C@@H]2[C@H](NC(=O)C(=N/OC)\c3occc3)C(=O)N12,N=C(C(=O)NC1C(=O)N2C=CCSC12)c1ccco1,39
COCCCC/C(=N\OCCN)c1ccc(C(F)(F)F)cc1,1.0,C1=C(C(F)(F)F)C=CC(=C1)C(=N/OCCN)/CCCCOC.O=C(O)\C=C/C(=O)O,c1ccccc1,22
COCCCC/C(=N\OCCN)c1ccc(Cl)cc1,1.0,C1=C(C(=N/OCCN)/CCCCOC)C=CC(=C1)Cl,c1ccccc1,19
COCCN1CC[C@]23c4c5ccc(O)c4O[C@H]2C(=O)CC[C@@]3(O)[C@H]1C5,1.0,[C@@]125C3=C4C[C@H]([C@@]1(CCC([C@@H]2OC3=C(C=C4)O)=O)O)N(CCOC)CC5,O=C1CCC2C3Cc4cccc5c4C2(CCN3)C1O5,25
COCCc1ccc(OCC(O)CNC(C)C)cc1,1.0,COCCc1ccc(OCC(O)CNC(C)C)cc1,c1ccccc1,19
COCN1C(=O)CN=C(c2ccccc2)c2cc([N+](=O)[O-])ccc21,1.0,C1=C([N+](=O)[O-])C=CC2=C1C(=NCC(N2COC)=O)C3=CC=CC=C3,O=C1CN=C(c2ccccc2)c2ccccc2N1,24
COCOC(=O)C1N2C(=O)C(N3C(=O)C(c4ccc(O)cc4)NC3(C)C)C2SC1(C)C,0.0,COCOC(=O)C1N2C(SC1(C)C)C(N3C(=O)C(NC3(C)C)c4ccc(O)cc4)C2=O,O=C1C(N2CNC(c3ccccc3)C2=O)C2SCCN12,31
COCOC(=O)[C@@H]1N2C(=O)[C@@H](N3C(=O)C(c4ccccc4)NC3(C)C)[C@H]2SC1(C)C,0.0,COCOC(=O)[C@@H]1N2[C@H](SC1(C)C)[C@H](N3C(=O)C(NC3(C)C)c4ccccc4)C2=O,O=C1C(N2CNC(c3ccccc3)C2=O)C2SCCN12,30
COC[C@H]1CN(c2ccc(OCC[C@@H](O)C(F)(F)F)cc2)C(=O)O1,1.0,[C@@H]2(CN(C1=CC=C(C=C1)OCC[C@H](C(F)(F)F)O)C(O2)=O)COC,O=C1OCCN1c1ccccc1,24
COCc1c(C(=O)OC(C)C)ncc2[nH]c3cccc(Oc4ccc(Cl)cc4)c3c12,1.0,C1=NC(=C(C2=C1[NH]C3=C2C(=CC=C3)OC4=CC=C(C=C4)Cl)COC)C(OC(C)C)=O,c1ccc(Oc2cccc3[nH]c4cnccc4c23)cc1,30
COCc1c(C(C)C)nc(C(C)C)c(/C=C/[C@@H](O)C[C@@H](O)CC(=O)O)c1-c1ccc(F)cc1,1.0,[C@@H](/C=C/C1=C(N=C(C(=C1C2=CC=C(C=C2)F)COC)C(C)C)C(C)C)(C[C@H](CC(O)=O)O)O,c1ccc(-c2ccncc2)cc1,33
CON=C(C#N)C1CN2CCC1CC2,1.0,CON=C(C#N)C1CN2CCC1CC2,C1CN2CCC1CC2,14
CO[C@@H]1O[C@H]2O[C@@]3(CN4CCCCC4)[C@@H]1[C@H](C[C@@H]3O)[C@H]2C,1.0,[C@@H]1(C[C@H]3[C@H]2[C@@]1(O[C@H](O[C@H]2OC)[C@@H]3C)CN4CCCCC4)O,C1CCN(CC23CCC4CC(OCC42)O3)CC1,21
CO[C@@H]1[C@@H](OC(N)=O)[C@@H](O)[C@H](Oc2ccc3c(=O)c(NC(=O)c4ccc(O)c(CC=C(C)C)c4)c(O)oc3c2C)OC1(C)C,0.0,CO[C@@H]1[C@@H](OC(N)=O)[C@@H](O)[C@H](Oc2ccc3C(=O)C(=C(O)Oc3c2C)NC(=O)c4ccc(O)c(CC=C(C)C)c4)OC1(C)C,O=C(Nc1coc2cc(OC3CCCCO3)ccc2c1=O)c1ccccc1,44
CO[C@@H]1[C@@H](O[C@@H]2O[C@H](C)[C@@H](O[C@H]3C[C@@](C)(O)[C@@H](OC(=O)CC(C)C)[C@H](C)O3)[C@H](N(C)C)[C@H]2O)[C@@H](CC=O)C[C@@H](C)[C@@H](O)/C=C/C=C/C[C@@H](C)OC(=O)C[C@H]1OC(C)=O,0.0,CO[C@H]1[C@@H](CC(=O)O[C@H](C)C/C=C/C=C/[C@H](O)[C@H](C)C[C@H](CC=O)[C@@H]1O[C@@H]2O[C@H](C)[C@@H](O[C@H]3C[C@@](C)(O)[C@@H](OC(=O)CC(C)C)[C@H](C)O3)[C@@H]([C@H]2O)N(C)C)OC(C)=O,O=C1CCCC(OC2CCC(OC3CCCCO3)CO2)CCCCC=CC=CCCO1,58
CO[C@@]1(NC(=O)C(C(=O)O)c2ccc(O)cc2)C(=O)N2C(C(=O)O)=C(CSc3nnnn3C)CO[C@@H]21,0.0,CO[C@]1(NC(=O)C(C(O)=O)c2ccc(O)cc2)[C@H]3OCC(=C(N3C1=O)C(O)=O)CSc4nnnn4C,O=C(Cc1ccccc1)NC1C(=O)N2C=C(CSc3nnn[nH]3)COC12,36
CO[C@@]1(NC(=O)C(C(=O)O)c2ccsc2)C(=O)N2[C@@H](C(=O)O)C(C)(C)S[C@@H]21,0.0,CO[C@]1(NC(=O)C(C(O)=O)c2cscc2)[C@H]3SC(C)(C)[C@@H](N3C1=O)C(O)=O,O=C(Cc1ccsc1)NC1C(=O)N2CCSC12,27
CO[C@@]1(NC(=O)C2SC(=C(C(N)=O)C(=O)O)S2)C(=O)N2C(C(=O)O)=C(CSc3nnnn3C)CS[C@@H]21,0.0,CO[C@]1(NC(=O)C2S\C(S2)=C(\C(N)=O)C(O)=O)[C@H]3SCC(=C(N3C1=O)C(O)=O)CSc4nnnn4C,C=C1SC(C(=O)NC2C(=O)N3C=C(CSc4nnn[nH]4)CSC23)S1,36
CO[C@@]1(NC(=O)CSC(F)(F)F)C(=O)N2C(C(=O)O)=C(CSc3nnnn3CCO)CO[C@@H]21,0.0,[Na].CO[C@]1(NC(=O)CSC(F)(F)F)[C@H]2OCC(=C(N2C1=O)C(O)=O)CSc3nnnn3CCO,O=C1CC2OCC(CSc3nnn[nH]3)=CN12,33
CO[C@@]1(NC(=O)CSCC#N)C(=O)N2C(C(=O)O)=C(CSc3nnnn3C)CS[C@@H]21,0.0,CO[C@]1(NC(=O)CSCC#N)[C@H]2SCC(=C(N2C1=O)C(O)=O)CSc3nnnn3C,O=C1CC2SCC(CSc3nnn[nH]3)=CN12,30
CO[C@@]1(NC(=O)CSC[C@@H](N)C(=O)O)C(=O)N2C(C(=O)O)=C(CSc3nnnn3C)CS[C@@H]21,0.0,CO[C@]1(NC(=O)CSC[C@@H](N)C(O)=O)[C@H]2SCC(=C(N2C1=O)C(O)=O)CSc3nnnn3C,O=C1CC2SCC(CSc3nnn[nH]3)=CN12,33
CO[C@@]1(NC(=O)Cc2cccs2)C(=O)N2C(C(=O)O)=C(COC(N)=O)CS[C@@H]21,1.0,CO[C@]1(NC(=O)Cc2sccc2)[C@H]3SCC(=C(N3C1=O)C(O)=O)COC(N)=O,O=C(Cc1cccs1)NC1C(=O)N2C=CCSC12,28
CO[C@@]12[C@H](COC(N)=O)C3=C(C(=O)C(C)=C(N)C3=O)N1C[C@@H]1N[C@@H]12,0.0,CO[C@@]12[C@H](COC(N)=O)C3=C(N1C[C@@H]4N[C@H]24)C(=O)C(=C(N)C3=O)C,O=C1C=CC(=O)C2=C1CC1C3NC3CN21,24
CO[C@H](C(=O)[C@@H](O)[C@@H](C)O)[C@@H]1Cc2cc3cc(O[C@H]4C[C@@H](O[C@H]5C[C@@H](O)[C@H](O)[C@@H](C)O5)[C@H](O)[C@@H](C)O4)c(C)c(O)c3c(O)c2C(=O)[C@H]1O[C@H]1C[C@@H](O[C@H]2C[C@@H](O[C@H]3C[C@](C)(O)[C@H](O)[C@@H](C)O3)[C@H](O)[C@@H](C)O2)[C@H](O)[C@@H](C)O1,1.0,CO[C@@H]([C@@H]1Cc2cc3cc(O[C@H]4C[C@@H](O[C@H]5C[C@@H](O)[C@H](O)[C@@H](C)O5)[C@H](O)[C@@H](C)O4)c(C)c(O)c3c(O)c2C(=O)[C@H]1O[C@H]6C[C@@H](O[C@H]7C[C@@H](O[C@H]8C[C@](C)(O)[C@H](O)[C@@H](C)O8)[C@H](O)[C@@H](C)O7)[C@H](O)[C@@H](C)O6)C(=O)[C@@H](O)[C@@H](C)O,O=C1c2cc3ccc(OC4CC(OC5CCCCO5)CCO4)cc3cc2CCC1OC1CC(OC2CC(OC3CCCCO3)CCO2)CCO1,76
CO[C@H]1/C=C/O[C@@]2(C)Oc3c(C)c(O)c4c(O)c(c5c(nc6cc(C)ccn65)c4c3C2=O)NC(=O)/C(C)=C\C=C\[C@H](C)[C@H](O)[C@@H](C)[C@@H](O)[C@@H](C)[C@H](OC(C)=O)[C@@H]1C,0.0,CO[C@H]1/C=C/O[C@@]2(C)Oc3c(C)c(O)c4c(O)c(NC(=O)C(=C\C=C\[C@H](C)[C@H](O)[C@@H](C)[C@@H](O)[C@@H](C)[C@H](OC(C)=O)[C@@H]1C)/C)c5n6ccc(C)cc6nc5c4c3C2=O,O=C1C=CC=CCCCCCCCCC=COC2Oc3ccc4cc(c5c(nc6ccccn65)c4c3C2=O)N1,57
CO[C@H]1/C=C/O[C@@]2(C)Oc3c(C)c(O)c4c(O)c(cc(O)c4c3C2=O)NC(=O)/C(C)=C\C=C\[C@H](C)[C@H](O)[C@@H](C)[C@@H](O)[C@@H](C)[C@H](OC(C)=O)[C@@H]1C,0.0,CO[C@H]1/C=C/O[C@@]2(C)Oc3c(C)c(O)c4c(O)c(NC(=O)C(=C\C=C\[C@H](C)[C@H](O)[C@@H](C)[C@@H](O)[C@@H](C)[C@H](OC(C)=O)[C@@H]1C)/C)cc(O)c4c3C2=O,O=C1C=CC=CCCCCCCCCC=COC2Oc3ccc4cc(ccc4c3C2=O)N1,50
CO[C@H]1/C=C/O[C@@]2(C)Oc3c(C)c(O)c4c(c3C2=O)C(=O)/C(=C/NN2CCN(C3CCCC3)CC2)C(=C4O)NC(=O)/C(C)=C\C=C\[C@H](C)[C@H](O)[C@@H](C)[C@@H](O)[C@@H](C)[C@H](OC(C)=O)[C@@H]1C,0.0,CO[C@H]1\C=C\O[C@@]2(C)Oc3c(C)c(O)c4C(=C(NC(=O)C(=C/C=C/[C@H](C)[C@H](O)[C@@H](C)[C@@H](O)[C@@H](C)[C@H](OC(C)=O)[C@@H]1C)\C)C(=C/NN5CCN(CC5)C6CCCC6)\C(=O)c4c3C2=O)O,O=C1C=CC=CCCCCCCCCC=COC2Oc3ccc4c(c3C2=O)C(=O)C(=CNN2CCN(C3CCCC3)CC2)C(=C4)N1,63
CO[C@H]1/C=C/O[C@@]2(C)Oc3c(C)c(O)c4c(c3C2=O)C2=NC3(CCN(CC(C)C)CC3)NC2=C(NC(=O)/C(C)=C\C=C\[C@H](C)[C@H](O)[C@@H](C)[C@@H](O)[C@@H](C)[C@H](OC(C)=O)[C@@H]1C)C4=O,0.0,CO[C@H]1/C=C/O[C@@]2(C)Oc3c(C)c(O)c4C(=O)C(=C5NC6(CCN(CC6)CC(C)C)N=C5c4c3C2=O)NC(=O)C(=C\C=C\[C@H](C)[C@H](O)[C@@H](C)[C@@H](O)[C@@H](C)[C@H](OC(C)=O)[C@@H]1C)/C,O=C1C=CC=CCCCCCCCCC=COC2Oc3ccc4c(c3C2=O)C2=NC3(CCNCC3)NC2=C(N1)C4=O,61
CO[C@H]1CC[C@H]2[C@H]3Cc4ccc(O)c5c4[C@@]2(CCN3C)[C@H]1O5,1.0,[C@@H]25CC1=CC=C(C4=C1[C@@]3([C@H]2CC[C@@H]([C@@H]3O4)OC)CCN5C)O,c1cc2c3c(c1)OC1CCCC4C(C2)NCCC314,22
CO[C@H]1C[C@H](O[C@H]2[C@H](C)[C@@H](O[C@@H]3O[C@H](C)C[C@H](N(C)C)[C@H]3OC(C)=O)[C@@H](C)C[C@@]3(CO3)C(=O)[C@H](C)[C@@H](OC(C)=O)[C@@H](C)[C@@H](C)OC(=O)[C@@H]2C)O[C@@H](C)[C@@H]1OC(C)=O,0.0,CO[C@H]1C[C@@H](O[C@@H](C)[C@@H]1OC(C)=O)O[C@H]2[C@H](C)[C@@H](O[C@@H]3O[C@H](C)C[C@@H]([C@H]3OC(C)=O)N(C)C)[C@@H](C)C[C@@]4(CO4)C(=O)[C@H](C)[C@@H](OC(C)=O)[C@@H](C)[C@@H](C)OC(=O)[C@@H]2C,O=C1CC(OC2CCCCO2)CC(OC2CCCCO2)CCC2(CO2)C(=O)CCCCO1,57
CO[C@H]1[C@@H](O)[C@H](N)[C@@H](O[C@H]2O[C@H](C(C)N)CC[C@H]2N)[C@H](O)[C@@H]1N(C)C(=O)CN,0.0,CO[C@H]1[C@@H](O)[C@H](N)[C@@H](O[C@H]2O[C@@H](CC[C@H]2N)C(C)N)[C@H](O)[C@@H]1N(C)C(=O)CN,C1CCC(OC2CCCCO2)CC1,28
CO[C@]12CC[C@@]3(C[C@@H]1C(C)(C)O)[C@H]1Cc4ccc(O)c5c4[C@@]3(CCN1CC1CC1)[C@H]2O5,1.0,[C@]235[C@@]67[C@H](N(CC1CC1)CC2)CC4=C3C(=C(C=C4)O)O[C@H]5[C@](OC)([C@H](C6)C(C)(C)O)CC7,c1cc2c3c(c1)OC1C4CCC5(CC4)C(C2)N(CC2CC2)CCC315,31
CO[C@]12CC[C@@]3(C[C@@H]1[C@](C)(O)C(C)(C)C)[C@H]1Cc4ccc(O)c5c4[C@@]3(CCN1CC1CC1)[C@H]2O5,1.0,c12[C@]34[C@@]56[C@H]([N@@](CC7CC7)CC4)Cc2ccc(c1O[C@H]3[C@](OC)([C@H](C5)[C@](C(C)(C)C)(C)O)CC6)O,c1cc2c3c(c1)OC1C4CCC5(CC4)C(C2)N(CC2CC2)CCC315,34
COc1cc(/C=C/C(=O)N2CCCCCCC2)cc(OC)c1OC,1.0,C1=C(C(=C(C=C1\C=C\C(N2CCCCCCC2)=O)OC)OC)OC,O=C(C=Cc1ccccc1)N1CCCCCCC1,24
COc1cc(/C=C/C(N)=O)cc(OC)c1OC,1.0,C1=C(C(=C(C=C1\C=C\C(N)=O)OC)OC)OC,c1ccccc1,17
COc1cc(Br)c2oc(C3CCNCC3)cc2c1,1.0,C2=C(C1CCNCC1)OC3=C2C=C(OC)C=C3Br,c1ccc2oc(C3CCNCC3)cc2c1,18
COc1cc(C(=O)/C=C/N2CC=CC2)cc(OC)c1OC,1.0,C1=C(C(=C(C=C1C(\C=C\N2CC=CC2)=O)OC)OC)OC,O=C(C=CN1CC=CC1)c1ccccc1,21
COc1cc(C(=O)N2CCCCCCC2)cc(OC)c1OC,1.0,C2=C(C(N1CCCCCCC1)=O)C=C(OC)C(=C2OC)OC,O=C(c1ccccc1)N1CCCCCCC1,22
COc1cc(C(=O)N2CCOCC2)cc(OC)c1OC,1.0,COc1cc(cc(OC)c1OC)C(=O)N2CCOCC2,O=C(c1ccccc1)N1CCOCC1,20
COc1cc(C(=O)OCCN2CCN(CCCN3c4ccccc4Sc4ccc(Cl)cc43)CC2)cc(OC)c1OC,1.0,C1=C(Cl)C=CC3=C1N(C2=C(C=CC=C2)S3)CCCN5CCN(CCOC(C4=CC(=C(OC)C(=C4)OC)OC)=O)CC5,O=C(OCCN1CCN(CCCN2c3ccccc3Sc3ccccc32)CC1)c1ccccc1,41
COc1cc(C(C)=O)ccc1OCCCN1CCC(c2noc3cc(F)ccc23)CC1,1.0,C1=CC(=CC2=C1C(=NO2)C4CCN(CCCOC3=C(C=C(C(C)=O)C=C3)OC)CC4)F,c1ccc(OCCCN2CCC(c3noc4ccccc34)CC2)cc1,31
COc1cc(CCN)cc(OC)c1OC,1.0,COc1cc(CCN)cc(OC)c1OC,c1ccccc1,15
COc1cc(Cc2cnc(N)nc2N)cc(OC)c1OC,1.0,COc1cc(Cc2cnc(N)nc2N)cc(OC)c1OC,c1ccc(Cc2cncnc2)cc1,21
COc1cc(N)c(Cl)cc1C(=O)NC1CCN(CCCOc2ccc(F)cc2)CC1OC,1.0,O.COC1CN(CCCOc2ccc(F)cc2)CCC1NC(=O)c3cc(Cl)c(N)cc3OC,O=C(NC1CCN(CCCOc2ccccc2)CC1)c1ccccc1,32
COc1cc(N)c(Cl)cc1C(=O)NC1CCN(Cc2ccccc2)CC1,1.0,C1=C(C(=CC(=C1Cl)N)OC)C(NC3CCN(CC2=CC=CC=C2)CC3)=O,O=C(NC1CCN(Cc2ccccc2)CC1)c1ccccc1,26
COc1cc([C@@H]2c3cc4c(cc3[C@@H](OC3OC5COC(c6cccs6)OC5C(O)C3O)[C@H]3COC(=O)[C@H]23)OCO4)cc(OC)c1O,1.0,COc1cc(cc(OC)c1O)[C@H]2[C@@H]3[C@H](COC3=O)[C@H](OC4OC5COC(OC5C(O)C4O)c6sccc6)c7cc8OCOc8cc27,O=C1OCC2C(OC3CCC4OC(c5cccs5)OCC4O3)c3cc4c(cc3C(c3ccccc3)C12)OCO4,46
COc1cc([C@@H]2c3cc4c(cc3[C@@H](O[C@@H]3O[C@@H]5CO[C@@H](C)O[C@H]5[C@H](O)[C@H]3O)C3COC(=O)[C@@H]32)OCO4)cc(OC)c1O,0.0,COc1cc(cc(OC)c1O)[C@H]2[C@@H]3C(COC3=O)[C@H](O[C@@H]4O[C@@H]5CO[C@@H](C)O[C@H]5[C@H](O)[C@H]4O)c6cc7OCOc7cc26,O=C1OCC2C(OC3CCC4OCOCC4O3)c3cc4c(cc3C(c3ccccc3)C12)OCO4,42
COc1cc2[nH]c(C)c(CCN3CCN(c4ccccc4)CC3)c2cc1OC,1.0,C1=C(OC)C(=CC2=C1C(=C(C)[NH]2)CCN4CCN(C3=CC=CC=C3)CC4)OC,c1ccc(N2CCN(CCc3c[nH]c4ccccc34)CC2)cc1,28
COc1cc2[nH]c(C)c(CCN3CCN(c4ccccc4OC)CC3)c2cc1OC,1.0,C1=C(OC)C(=CC2=C1C(=C(C)[NH]2)CCN4CCN(C3=CC=CC=C3OC)CC4)OC,c1ccc(N2CCN(CCc3c[nH]c4ccccc34)CC2)cc1,30
COc1cc2c(c(CN[C@@H]3CCCN[C@H]3c3ccccc3)c1)OCC2,1.0,c1c2CCOc2c(cc1OC)CN[C@@H]1CCCN[C@H]1c1ccccc1,c1ccc(C2NCCCC2NCc2cccc3c2OCC3)cc1,25
COc1cc2c(c(OC)c1OC)-c1ccc(OC)c(=O)cc1C(NC(C)=O)CC2,1.0,c12c3c(C(NC(C)=O)CCc2cc(c(c1OC)OC)OC)cc(=O)c(cc3)OC,O=c1cccc2c(c1)CCCc1ccccc1-2,29
COc1cc2c(c(OC)c1OC)-c1ccc(OC)c(=O)cc1[C@@H](NC(C)=O)CC2,0.0,COC1=CC=C2C(=CC1=O)[C@H](CCc3cc(OC)c(OC)c(OC)c23)NC(C)=O,O=c1cccc2c(c1)CCCc1ccccc1-2,29
COc1cc2c(cc1OC)C(=O)C(CC1CCN(Cc3ccccc3)CC1)C2,1.0,[H+].C1=C(OC)C(=CC2=C1C(=O)C(C2)CC3CCN(CC3)CC4=CC=CC=C4)OC.[Cl-],O=C1c2ccccc2CC1CC1CCN(Cc2ccccc2)CC1,28
COc1cc2c(cc1OC)C(c1ccc(N)cc1)=NN=C(C)C2,1.0,C2=C1C(=NN=C(CC1=CC(=C2OC)OC)C)C3=CC=C(N)C=C3,C1=NN=C(c2ccccc2)c2ccccc2C1,23
COc1cc2c(cc1OC)C(c1cccc(Cl)c1)=NN=C(C)C2,1.0,C1=C(OC)C(=CC2=C1C(=NN=C(C2)C)C3=CC=CC(=C3)Cl)OC,C1=NN=C(c2ccccc2)c2ccccc2C1,23
COc1cc2c(cc1OC)C1CC(=O)C(CC(C)C)CN1CC2,1.0,COc1cc2CCN3CC(CC(C)C)C(=O)CC3c2cc1OC,O=C1CCN2CCc3ccccc3C2C1,23
COc1cc2c(cc1OC)S(=O)(=O)OC(C(=O)NC(C)CC(C)(C)N(C)C)C2,1.0,C1=C(OC)C(=CC2=C1[S](OC(C2)C(NC(CC(N(C)C)(C)C)C)=O)(=O)=O)OC,O=S1(=O)OCCc2ccccc21,28
COc1cc2c(cc1OC)[C@@H](c1ccccc1)CN(C)CC2,1.0,[C@H]2(C1=CC(=C(OC)C=C1CCN(C2)C)OC)C3=CC=CC=C3,c1ccc(C2CNCCc3ccccc32)cc1,22
COc1cc2c3c(c1O)C1(C=CC(=O)C=C1)CC3N(C)CC2,1.0,COc1cc2CCN(C)C3CC4(C=CC(=O)C=C4)c(c1O)c23,O=C1C=CC2(C=C1)CC1NCCc3cccc2c31,22
COc1cc2oc(=O)c(C)c(C)c2cc1OCCCN1CCN(c2ccccc2OC)CC1,1.0,COc2cc1oc(=O)c(C)c(C)c1cc2OCCCN3CCN(CC3)c4ccccc4OC,O=c1ccc2cc(OCCCN3CCN(c4ccccc4)CC3)ccc2o1,33
COc1ccc(-c2cc(=O)c3c(O)cc(O[C@@H]4O[C@H](CO[C@@H]5O[C@@H](C)[C@H](O)[C@@H](O)[C@H]5O)[C@@H](O)[C@H](O)[C@H]4O)cc3o2)cc1O,0.0,COc1ccc(cc1O)C2=CC(=O)c3c(O)cc(O[C@@H]4O[C@H](CO[C@@H]5O[C@@H](C)[C@H](O)[C@@H](O)[C@H]5O)[C@@H](O)[C@H](O)[C@H]4O)cc3O2,O=c1cc(-c2ccccc2)oc2cc(OC3CCCC(COC4CCCCO4)O3)ccc12,43
COc1ccc(C#N)cc1C(=O)NCCN1CCC(C(=O)c2ccc(F)cc2)CC1,1.0,C1=C(C(=CC=C1C#N)OC)C(NCCN3CCC(C(C2=CC=C(F)C=C2)=O)CC3)=O,O=C(NCCN1CCC(C(=O)c2ccccc2)CC1)c1ccccc1,30
COc1ccc(C(=O)N2CCCC2=O)cc1,1.0,C1=CC(=CC=C1C(N2C(CCC2)=O)=O)OC,O=C1CCCN1C(=O)c1ccccc1,16
COc1ccc(C(CN(C)C)C2(O)CCCCC2)cc1,1.0,C1=CC(=CC=C1C(C2(CCCCC2)O)CN(C)C)OC,c1ccc(CC2CCCCC2)cc1,20
COc1ccc(C(O)CN2CCN(C(c3ccccc3)c3ccccc3)CC2)cc1OC,1.0,C4=C(C(N2CCN(CC(C1=CC=C(C(=C1)OC)OC)O)CC2)C3=CC=CC=C3)C=CC=C4,c1ccc(CCN2CCN(C(c3ccccc3)c3ccccc3)CC2)cc1,32
COc1ccc(C2CNC(=O)C2)cc1OC1CCCC1,1.0,C1=C(C(=CC=C1C2CNC(C2)=O)OC)OC3CCCC3,O=C1CC(c2cccc(OC3CCCC3)c2)CN1,20
COc1ccc(CC(=O)N2CCN(C(C)=O)C[C@@H]2CN2CC[C@@H](O)C2)cc1,0.0,c1(CC(N2[C@H](CN(CC2)C(=O)C)C[N@]2CC[C@H](C2)O)=O)ccc(OC)cc1,O=C(Cc1ccccc1)N1CCNCC1CN1CCCC1,27
COc1ccc(CCN(C)CCCC(C#N)(c2ccc(OC)c(OC)c2)C(C)C)cc1OC,0.0,COc1ccc(CCN(C)CCCC(C#N)(C(C)C)c2ccc(OC)c(OC)c2)cc1OC,c1ccc(CCCCNCCc2ccccc2)cc1,33
COc1ccc(CCN2CCC(Nc3nc4ccccc4n3Cc3ccc(F)cc3)CC2)cc1,0.0,COc1ccc(CCN2CCC(CC2)Nc3nc4ccccc4n3Cc5ccc(F)cc5)cc1,c1ccc(CCN2CCC(Nc3nc4ccccc4n3Cc3ccccc3)CC2)cc1,34
COc1ccc(CCN2CCN(c3cccc(Cl)c3)CC2)cc1OC,1.0,C1=CC(=CC(=C1OC)OC)CCN2CCN(CC2)C3=CC(=CC=C3)Cl,c1ccc(CCN2CCN(c3ccccc3)CC2)cc1,25
COc1ccc(CN(CCN(C)C)c2ccccn2)cc1,0.0,COc1ccc(CN(CCN(C)C)c2ccccn2)cc1,c1ccc(CNc2ccccn2)cc1,21
COc1ccc(C[C@H](N)C(=O)NC2[C@@H](O)[C@H](n3cnc4c(N(C)C)ncnc43)O[C@@H]2CO)cc1,0.0,COc1ccc(C[C@H](N)C(=O)NC2[C@@H](O)[C@@H](O[C@@H]2CO)n3cnc4c(ncnc34)N(C)C)cc1,O=C(CCc1ccccc1)NC1COC(n2cnc3cncnc32)C1,34
COc1ccc(Cc2nccc3cc(OC)c(OC)cc23)cc1OC,0.0,COc1ccc(Cc2nccc3cc(OC)c(OC)cc23)cc1OC,c1ccc(Cc2nccc3ccccc23)cc1,25
COc1ccc(Cl)c2c1CCCC2N(C)C,1.0,C1=C(C2=C(C(=C1)OC)CCCC2N(C)C)Cl,c1ccc2c(c1)CCCC2,16
COc1ccc(Cl)cc1C(=O)NCCc1ccc(S(=O)(=O)NC(=O)NC2CCCCC2)cc1,1.0,COc1ccc(Cl)cc1C(=O)NCCc2ccc(cc2)[S](=O)(=O)NC(=O)NC3CCCCC3,O=C(NC1CCCCC1)NS(=O)(=O)c1ccc(CCNC(=O)c2ccccc2)cc1,33
COc1ccc(Cn2c(C)c(CCN)c3cc(O)ccc32)cc1,1.0,C1=C(O)C=CC2=C1C(=C(C)[N]2CC3=CC=C(OC)C=C3)CCN,c1ccc(Cn2ccc3ccccc32)cc1,23
COc1ccc(N2C[C@H](CN3CCC(O)(c4ccc5c(c4)OCO5)CC3)OC2=O)cc1,1.0,[C@H]5(CN3CCC(C2=CC1=C(OCO1)C=C2)(CC3)O)CN(C4=CC=C(OC)C=C4)C(O5)=O,O=C1OC(CN2CCC(c3ccc4c(c3)OCO4)CC2)CN1c1ccccc1,31
COc1ccc(OCC2CN(C)CCC2c2ccccc2)cc1,1.0,C3=C(C2C(COC1=CC=C(OC)C=C1)CN(C)CC2)C=CC=C3,c1ccc(OCC2CNCCC2c2ccccc2)cc1,23
COc1ccc(S(N)(=O)=O)cc1C(=O)NCC1CCCN1C,1.0,C1=C(C(=CC=C1[S](N)(=O)=O)OC)C(NCC2N(CCC2)C)=O,O=C(NCC1CCCN1)c1ccccc1,22
COc1ccc(S(N)(=O)=O)cc1C(=O)NCC1CCCN1Cc1ccc(F)cc1,1.0,C1=C(C(=CC=C1[S](N)(=O)=O)OC)C(NCC3N(CC2=CC=C(F)C=C2)CCC3)=O,O=C(NCC1CCCN1Cc1ccccc1)c1ccccc1,29
COc1ccc([C@@H]2Sc3ccccc3N(CCN(C)C)C(=O)[C@@H]2OC(C)=O)cc1,1.0,COc1ccc(cc1)[C@@H]2Sc3ccccc3N(CCN(C)C)C(=O)[C@@H]2OC(C)=O,O=C1CC(c2ccccc2)Sc2ccccc2N1,29
COc1ccc([C@H](O)CN2CCN(c3cccccc3=O)CC2)cc1OC,1.0,[C@@H](CN2CCN(C1=CC=CC=CC1=O)CC2)(C3=CC(=C(OC)C=C3)OC)O,O=c1cccccc1N1CCN(CCc2ccccc2)CC1,27
COc1ccc2c(C3CCN(CCCC(=O)c4ccc(F)cc4)CC3)c(C)[nH]c2c1,1.0,C1=CC(=CC2=C1C(=C([NH]2)C)C4CCN(CCCC(C3=CC=C(F)C=C3)=O)CC4)OC,O=C(CCCN1CCC(c2c[nH]c3ccccc23)CC1)c1ccccc1,30
COc1ccc2c(c1)/C(=C/CCN(C)C)c1ccccc1O2,1.0,C3=CC1=C(C(/C2=C(O1)C=CC=C2)=C/CCN(C)C)C=C3OC,C=C1c2ccccc2Oc2ccccc21,22
COc1ccc2c(c1)C(N1CCN(C)CC1)=Cc1ccccc1O2,1.0,C1=C(OC)C=CC3=C1C(=CC2=C(C=CC=C2)O3)N4CCN(C)CC4,C1=C(N2CCNCC2)c2ccccc2Oc2ccccc21,24
COc1ccc2c(c1)C(O)(CCCN(C)C)c1ccccc1S2,1.0,C1=C(OC)C=CC3=C1C(C2=C(C=CC=C2)S3)(CCCN(C)C)O,c1ccc2c(c1)Cc1ccccc1S2,23
COc1ccc2c(c1)CN(C)CC2c1ccc(Cl)c(Cl)c1,1.0,C1=CC(=CC3=C1C(C2=CC(=C(Cl)C=C2)Cl)CN(C)C3)OC,c1ccc(C2CNCc3ccccc32)cc1,21
COc1ccc2c(c1)N(CC(C)CN1CCC(O)CC1)c1ccccc1S2,1.0,C1=C(OC)C=CC3=C1N(C2=C(C=CC=C2)S3)CC(CN4CCC(O)CC4)C,c1ccc2c(c1)Sc1ccccc1N2CCCN1CCCCC1,27
COc1ccc2c(c1)N(CCC1CCCCN1C)c1ccccc1S2,1.0,C1=C(OC)C=CC3=C1N(C2=C(C=CC=C2)S3)CCC4N(CCCC4)C,c1ccc2c(c1)Sc1ccccc1N2CCC1CCCCN1,25
COc1ccc2c(c1)N(CCCN(C)C)c1ccccc1S2,1.0,COc1ccc2Sc3ccccc3N(CCCN(C)C)c2c1,c1ccc2c(c1)Nc1ccccc1S2,22
COc1ccc2c(c1)N(C[C@H](C)CN(C)C)c1ccccc1S2,1.0,COc1ccc2Sc3ccccc3N(C[C@H](C)CN(C)C)c2c1,c1ccc2c(c1)Nc1ccccc1S2,23
COc1ccc2c(c1)[C@]13CCCC[C@@H]1[C@H](C2)N(C)CC3,1.0,COc1ccc2C[C@H]3[C@H]4CCCC[C@@]4(CCN3C)c2c1,c1ccc2c(c1)CC1NCCC23CCCCC13,20
COc1ccc2c(c1)c1c3n2CCN(C)C3=NCC1,1.0,C1=C(OC)C=CC2=C1C4=C3[N]2CCN(C3=NCC4)C,c1ccc2c(c1)c1c3n2CCNC3=NCC1,19
COc1ccc2c(c1OC)C(=O)O[C@@H]2[C@H]1c2c(cc3c(c2OC)OCO3)CCN1C,1.0,[C@@H]3(C1=C(C=C2C(=C1OC)OCO2)CCN3C)[C@@H]5C4=C(C(=C(OC)C=C4)OC)C(O5)=O,O=C1OC(C2NCCc3cc4c(cc32)OCO4)c2ccccc21,30
COc1ccc2c(c1OC)[C@]13CCN(C)[C@H](C2)[C@]1(O)CC[C@@H](O)C3,1.0,[C@@]123C4=C(C[C@H]([C@@]1(CC[C@H](C2)O)O)N(CC3)C)C=CC(=C4OC)OC,c1ccc2c(c1)CC1NCCC23CCCCC13,24
COc1ccc2c3c1OC1C(O)C=CC4C(C2)NCCC341,1.0,C1=CC(=C3C2=C1CC5C4C2(C(O3)C(O)C=C4)CCN5)OC,C1=CC2C3Cc4cccc5c4C2(CCN3)C(C1)O5,21
COc1ccc2c3c1OC1C(OC(=O)c4cccnc4)CCC4C(C2)N(C)CCC341,1.0,C1=CC(=C3C2=C1CC6C4C2(C(O3)C(CC4)OC(C5=CN=CC=C5)=O)CCN6C)OC,O=C(OC1CCC2C3Cc4cccc5c4C2(CCN3)C1O5)c1cccnc1,30
COc1ccc2c3c1OC1C(OC(C)=O)=CCC4C(C2)N(C)CCC314,1.0,C1=CC(=C4C2=C1CC5C3C2(C(C(=CC3)OC(C)=O)O4)CCN5C)OC,C1=CC2Oc3cccc4c3C23CCNC(C4)C3C1,25
COc1ccc2c3c1O[C@H]1C(=O)CC[C@@]4(O)[C@@H](C2)N(C)CC[C@]314,1.0,COc1ccc2C[C@H]3N(C)CC[C@@]45[C@@H](Oc1c24)C(=O)CC[C@@]35O,O=C1CCC2C3Cc4cccc5c4C2(CCN3)C1O5,23
COc1ccc2c3c1O[C@H]1C(=O)CC[C@H]4[C@@H](C2)N(C)CC[C@]314,1.0,COc1ccc2C[C@@H]3[C@@H]4CCC(=O)[C@@H]5Oc1c2[C@]45CCN3C,O=C1CCC2C3Cc4cccc5c4C2(CCN3)C1O5,22
COc1ccc2c3c1O[C@H]1C[C@@H](O)C=C[C@@]31CCN(C)C2,1.0,[C@]234C1=C(C=CC(=C1O[C@H]2C[C@@H](O)C=C3)OC)CN(CC4)C,C1=CC23CCNCc4cccc(c42)OC3CC1,21
COc1ccc2c3c1O[C@H]1[C@@H](O)C=C[C@H]4[C@@H](C2)N(C)CC[C@@]341,1.0,COc1ccc2C[C@@H]3[C@@H]4C=C[C@H](O)[C@@H]5Oc1c2[C@]45CCN3C,C1=CC2C3Cc4cccc5c4C2(CCN3)C(C1)O5,22
COc1ccc2c3c1O[C@H]1[C@@H](O)CC[C@H]4[C@@H](C2)N(C)CC[C@@]341,1.0,COc1ccc2C[C@@H]3[C@@H]4CC[C@H](O)[C@@H]5Oc1c2[C@]45CCN3C,c1cc2c3c(c1)OC1CCCC4C(C2)NCCC314,22
COc1ccc2nc(S(=O)Cc3ncc(C)c(OC)c3C)[nH]c2c1,0.0,COc1ccc2nc([nH]c2c1)[S](=O)Cc3ncc(C)c(OC)c3C,O=S(Cc1ccccn1)c1nc2ccccc2[nH]1,24
COc1cccc(C(=O)NC2C[C@H]3CC[C@@H](C2)N3Cc2ccccc2)c1OC,1.0,[C@H]13N([C@H](CC(C1)NC(C2=CC=CC(=C2OC)OC)=O)CC3)CC4=CC=CC=C4,O=C(NC1CC2CCC(C1)N2Cc1ccccc1)c1ccccc1,28
COc1cccc(CC(=O)N2CCN(C(C)=O)C[C@@H]2CN2CC[C@@H](O)C2)c1,0.0,c1(CC(N2[C@H](CN(CC2)C(=O)C)C[N@]2CC[C@H](C2)O)=O)cc(ccc1)OC,O=C(Cc1ccccc1)N1CCNCC1CN1CCCC1,27
COc1cccc(OC)c1C(=O)N[C@@H]1C(=O)N2[C@@H]1SC(C)(C)[C@@H]2C(=O)O,0.0,COc1cccc(OC)c1C(=O)N[C@H]2[C@H]3SC(C)(C)[C@@H](N3C2=O)C(O)=O,O=C(NC1C(=O)N2CCSC12)c1ccccc1,26
COc1cccc([C@@]2(O)CCCC[C@@H]2CN(C)C)c1,1.0,[C@H]1([C@](O)(CCCC1)C2=CC(=CC=C2)OC)CN(C)C.[H+].[Cl-],c1ccc(C2CCCCC2)cc1,19
COc1cccc2c1C(=O)c1c(O)c3c(c(O)c1C2=O)CC(O)(C(=O)CO)CC3O,0.0,COc1cccc2C(=O)c3c(O)c4CC(O)(CC(O)c4c(O)c3C(=O)c12)C(=O)CO,O=C1c2ccccc2C(=O)c2cc3c(cc21)CCCC3,30
COc1cccc2c1C(=O)c1c(O)c3c(c(O)c1C2=O)C[C@@](O)(/C(C)=N/NC(=O)c1ccccc1)C[C@@H]3O[C@H]1C[C@H](N)[C@H](O)[C@H](C)O1,0.0,[Cl-].COc1cccc2C(=O)c3c(O)c4C[C@](O)(C[C@H](O[C@H]5C[C@H](N)[C@H](O)[C@H](C)O5)c4c(O)c3C(=O)c12)/C(C)=N/NC(=O)c6ccccc6.[H+],O=C(NN=CC1Cc2cc3c(cc2C(OC2CCCCO2)C1)C(=O)c1ccccc1C3=O)c1ccccc1,47
COc1cccc2c1C(=O)c1c(O)c3c(c(O)c1C2=O)C[C@@](O)(C(=O)CO)C[C@@H]3O[C@H]1C[C@H](N)[C@H](O)[C@H](C)O1,0.0,COc1cccc2C(=O)c3c(O)c4C[C@](O)(C[C@H](O[C@H]5C[C@H](N)[C@H](O)[C@H](C)O5)c4c(O)c3C(=O)c12)C(=O)CO,O=C1c2ccccc2C(=O)c2cc3c(cc21)CCCC3OC1CCCCO1,39
COc1cccc2c1C(=O)c1c(O)c3c(c(O)c1C2=O)C[C@@](O)(C(=O)CO)C[C@@H]3O[C@H]1C[C@H](N)[C@H](O[C@H]2CCCCO2)[C@H](C)O1,0.0,COc1cccc2C(=O)c3c(O)c4C[C@](O)(C[C@H](O[C@H]5C[C@H](N)[C@H](O[C@H]6CCCCO6)[C@H](C)O5)c4c(O)c3C(=O)c12)C(=O)CO,O=C1c2ccccc2C(=O)c2cc3c(cc21)CCCC3OC1CCC(OC2CCCCO2)CO1,45
COc1cccc2c1C(=O)c1c(O)c3c(c(O)c1C2=O)C[C@@](O)(C(=O)CO)C[C@@H]3O[C@H]1C[C@H](NC(=O)[C@@H](N)CC(C)C)[C@H](O)[C@H](C)O1,0.0,COc1cccc2C(=O)c3c(O)c4C[C@](O)(C[C@H](O[C@H]5C[C@H](NC(=O)[C@@H](N)CC(C)C)[C@H](O)[C@H](C)O5)c4c(O)c3C(=O)c12)C(=O)CO,O=C1c2ccccc2C(=O)c2cc3c(cc21)CCCC3OC1CCCCO1,47
COc1cccc2c1C(=O)c1c(O)c3c(c(O)c1C2=O)C[C@@](O)(C(C)=O)C[C@@H]3O[C@H]1C[C@H](N)[C@H](O)[C@H](C)O1,0.0,COc1cccc2C(=O)c3c(O)c4C[C@](O)(C[C@H](O[C@H]5C[C@H](N)[C@H](O)[C@H](C)O5)c4c(O)c3C(=O)c12)C(C)=O,O=C1c2ccccc2C(=O)c2cc3c(cc21)CCCC3OC1CCCCO1,38
COc1cccc2c1C(=O)c1c(O)c3c(c(O)c1C2=O)C[C@](O)(C(=O)CO)C[C@H]3OC1CC(N)CC(C)O1,0.0,COc1cccc2C(=O)c3c(O)c4C[C@@](O)(C[C@@H](OC5CC(N)CC(C)O5)c4c(O)c3C(=O)c12)C(=O)CO,O=C1c2ccccc2C(=O)c2cc3c(cc21)CCCC3OC1CCCCO1,38
COc1ccccc1N1CCN(CC(O)COc2cc(OC)c(OC)c(OC)c2)CC1,1.0,C3=C(N2CCN(CC(COC1=CC(=C(OC)C(=C1)OC)OC)O)CC2)C(=CC=C3)OC,c1ccc(OCCCN2CCN(c3ccccc3)CC2)cc1,31
COc1ccccc1N1CCN(CCCC(=O)c2ccc(F)cc2)CC1,1.0,C1=CC=CC(=C1N3CCN(CCCC(C2=CC=C(F)C=C2)=O)CC3)OC,O=C(CCCN1CCN(c2ccccc2)CC1)c1ccccc1,26
COc1ccccc1N1CCN(CCCC(O)c2ccc(F)cc2)CC1,1.0,C3=C(N2CCN(CCCC(C1=CC=C(F)C=C1)O)CC2)C(=CC=C3)OC,c1ccc(CCCCN2CCN(c3ccccc3)CC2)cc1,26
COc1ccccc1N1CCN(CCc2oc(=O)[nH]c2-c2ccc(F)cc2)CC1,1.0,C4=C(C3=C(CCN2CCN(C1=C(C=CC=C1)OC)CC2)OC(N3)=O)C=CC(=C4)F,O=c1[nH]c(-c2ccccc2)c(CCN2CCN(c3ccccc3)CC2)o1,29
COc1ccccc1OCC(O)COC(N)=O,1.0,COc1ccccc1OCC(O)COC(N)=O,c1ccccc1,17
COc1ccccc1OCC1CNC(=O)O1,1.0,C1=C(C(=CC=C1)OC)OCC2CNC(O2)=O,O=C1NCC(COc2ccccc2)O1,16
COc1cccnc1CCCCNc1ncc(Cc2ccc(C)nc2)c(=O)[nH]1,0.0,[Cl-].[Cl-].[Cl-].COc1cccnc1CCCCNC2=NC=C(Cc3ccc(C)nc3)C(=O)N2.[H+].[H+].[H+],O=c1[nH]c(NCCCCc2ccccn2)ncc1Cc1cccnc1,28
COc1nc2nc(-c3noc(C)n3)cn2c2c1CCCC2,1.0,C2=C(C1=NOC(=N1)C)N=C3[N]2C4=C(C(=N3)OC)CCCC4,c1nc(-c2cn3c4c(cnc3n2)CCCC4)no1,21
CP(C)(=O)CN1C(=O)CN=C(c2ccccc2)c2cc(Cl)ccc21,1.0,C1=CC(=CC2=C1N(C(CN=C2C3=CC=CC=C3)=O)C[P](C)(C)=O)Cl,O=C1CN=C(c2ccccc2)c2ccccc2N1,24
CS(=O)(=O)OCCCCOS(C)(=O)=O,1.0,C[S](=O)(=O)OCCCCO[S](C)(=O)=O,,14
CS(=O)(=O)c1ccc([C@@H](O)[C@@H](CF)NC(=O)C(Cl)Cl)cc1,1.0,[C@@H](C1=CC=C(C=C1)[S](C)(=O)=O)([C@H](NC(C(Cl)Cl)=O)CF)O,c1ccccc1,21
CS(=O)(=O)c1ccc([C@@H](O)[C@@H](CO)NC(=O)C(Cl)Cl)cc1,1.0,C[S](=O)(=O)c1ccc(cc1)[C@@H](O)[C@@H](CO)NC(=O)C(Cl)Cl,c1ccccc1,21
CS(=O)(=O)c1ccc2c(c1)N(CCCN1CCC(C(N)=O)CC1)c1ccccc1S2,1.0,C1=C([S](C)(=O)=O)C=CC3=C1N(C2=C(C=CC=C2)S3)CCCN4CCC(C(N)=O)CC4,c1ccc2c(c1)Sc1ccccc1N2CCCN1CCCCC1,30
CSC(=O)C1(O)C(C)CC2C3CCC4=CC(=O)C=CC4(C)C3(F)C(O)CC21C,1.0,CSC(=O)C3(O)C(C)CC4C2CCC1=CC(=O)C=CC1(C)C2(F)C(O)CC34C,O=C1C=CC2C(=C1)CCC1C3CCCC3CCC21,28
CSC(=O)C1(OC(C)=O)[C@@H](C)C[C@H]2[C@@H]3CCC4=CC(=O)C=C[C@]4(C)C3(F)[C@@H](O)C[C@@]21C,1.0,[C@H]12[C@@](C(OC(=O)C)([C@H](C1)C)C(SC)=O)(C[C@H](O)C3(F)[C@H]2CCC4=CC(=O)C=C[C@]34C)C,O=C1C=CC2C(=C1)CCC1C3CCCC3CCC21,31
CSCC[C@H](NC(C)=O)C(=O)Oc1ccc(NC(C)=O)cc1,1.0,[C@H](C(=O)OC1=CC=C(C=C1)NC(=O)C)(NC(=O)C)CCSC,c1ccccc1,22
CSc1c(Cl)nc(NC(C)C)nc1N1CCN(C)CC1,1.0,CSC1=C(N=C(N=C1N2CCN(C)CC2)NC(C)C)Cl,c1cc(N2CCNCC2)ncn1,20
CSc1ccc(CC(=O)N2CCN(C(C)=O)C[C@@H]2CN2CC[C@@H](O)C2)cc1,0.0,c1(ccc(cc1)SC)CC(N1[C@H](CN(CC1)C(=O)C)C[N@]1CC[C@H](C1)O)=O,O=C(Cc1ccccc1)N1CCNCC1CN1CCCC1,27
CSc1ccc2c(c1)C(N1CCN(C)CC1)Cc1ccccc1S2,1.0,C1=C(SC)C=CC4=C1C(N2CCN(C)CC2)CC3=C(C=CC=C3)S4,c1ccc2c(c1)CC(N1CCNCC1)c1ccccc1S2,24
CSc1ccc2c(c1)N(CC(C)CN(C)C)c1ccccc1S2,1.0,C1=C(SC)C=CC3=C1N(C2=C(C=CC=C2)S3)CC(CN(C)C)C,c1ccc2c(c1)Nc1ccccc1S2,23
CSc1ccc2c(c1)N(CCC1CCCCN1C)c1ccccc1S2,1.0,CSc1ccc2Sc3ccccc3N(CCC4CCCCN4C)c2c1,c1ccc2c(c1)Sc1ccccc1N2CCC1CCCCN1,25
CSc1ccc2c(c1)N(CCC1CCCNC1)c1ccccc1S2,1.0,CSc1ccc2Sc3ccccc3N(CCC4CCCNC4)c2c1,c1ccc2c(c1)Sc1ccccc1N2CCC1CCCNC1,24
C[C@@H](CN1CC(=O)NC(=O)C1)N1CC(=O)NC(=O)C1,0.0,C[C@@H](CN1CC(=O)NC(=O)C1)N2CC(=O)NC(=O)C2,O=C1CN(CCN2CC(=O)NC(=O)C2)CC(=O)N1,19
C[C@@H](O)[C@H]1C(=O)N2C(C(=O)O)=C(SC3CCS(=O)C3)S[C@H]12,0.0,C[C@@H](O)[C@@H]1[C@H]2SC(=C(N2C1=O)C(O)=O)SC3CC[S](=O)C3,O=C1CC2SC(SC3CCS(=O)C3)=CN12,21
C[C@@H](O)[C@H]1C(=O)N2C(C(=O)O)=C([C@H]3CCCO3)S[C@H]12,0.0,C[C@@H](O)[C@@H]1[C@H]2SC(=C(N2C1=O)C(O)=O)[C@H]3CCCO3,O=C1CC2SC(C3CCCO3)=CN12,19
C[C@@H](O)[C@H]1C(=O)N2C(C(=O)[O-])=C(COC(N)=O)S[C@H]12,0.0,[Na+].C[C@@H](O)[C@@H]1[C@H]2SC(=C(N2C1=O)C([O-])=O)COC(N)=O,O=C1CC2SC=CN12,19
C[C@@H]1CC2C3CCC4=CC(=O)C=CC4(C)[C@@]3(Cl)C(Cl)CC2(C)[C@@]1(O)C(=O)CO,1.0,[C@@]23(Cl)C(C1C([C@](O)([C@@H](C1)C)C(=O)CO)(CC2Cl)C)CCC4=CC(=O)C=CC34C,O=C1C=CC2C(=C1)CCC1C3CCCC3CCC21,28
C[C@@H]1CC2C3C[C@H](F)C4=CC(=O)C=CC4(C)[C@@]3(Cl)C(O)CC2(C)C1C(=O)CO,1.0,[C@@]24(Cl)C1(C(=CC(=O)C=C1)[C@@H](F)CC2C3C(C([C@@H](C3)C)C(=O)CO)(CC4O)C)C,O=C1C=CC2C(=C1)CCC1C3CCCC3CCC21,28
C[C@@H]1CC2C3C[C@H](F)C4=CC(=O)C=CC4(C)[C@@]3(Cl)C(O)CC2(C)C1C(=O)COC(=O)C(C)(C)C,1.0,[C@@]24(Cl)C1(C(=CC(=O)C=C1)[C@@H](F)CC2C3C(C([C@@H](C3)C)C(=O)COC(=O)C(C)(C)C)(CC4O)C)C,O=C1C=CC2C(=C1)CCC1C3CCCC3CCC21,34
C[C@@H]1CC2C3C[C@H](F)C4=CC(=O)C=CC4(C)[C@@]3(F)C(O)CC2(C)C1C(=O)CO,1.0,[C@@]24(F)C1(C(=CC(=O)C=C1)[C@@H](F)CC2C3C(C([C@@H](C3)C)C(=O)CO)(CC4O)C)C,O=C1C=CC2C(=C1)CCC1C3CCCC3CCC21,28
C[C@@H]1CC2[C@@H]3C[C@H](F)C4=CC(=O)C(Cl)=C[C@]4(C)[C@@]3(F)[C@@H](O)C[C@]2(C)[C@@]1(O)C(=O)CO,1.0,[C@H]23[C@@]([C@@]1(C(=CC(C(=C1)Cl)=O)[C@H](C2)F)C)([C@H](C[C@]4(C3C[C@H]([C@@]4(C(CO)=O)O)C)C)O)F,O=C1C=CC2C(=C1)CCC1C3CCCC3CCC21,30
C[C@@H]1CN(c2c(F)c(N)c3c(=O)c(C(=O)O)cn(C4CC4)c3c2F)C[C@H](C)N1,0.0,C[C@H]1CN(C[C@@H](C)N1)c2c(F)c(N)c3C(=O)C(=CN(C4CC4)c3c2F)C(O)=O,O=c1ccn(C2CC2)c2cc(N3CCNCC3)ccc12,28
C[C@@H]1CN2CC(=O)Nc3ccc(Cl)cc3[C@]2(c2ccccc2)O1,1.0,[C@@]12(C3=C(NC(CN1C[C@H](O2)C)=O)C=CC(=C3)Cl)C4=CC=CC=C4,O=C1CN2CCOC2(c2ccccc2)c2ccccc2N1,23
C[C@@H]1C[C@H]2C3C[C@H](F)C4=CC(=O)C=CC4(C)[C@@]3(F)[C@@H](O)CC2(C)[C@@]1(O)C(=O)COC(=O)C(C)(C)C,1.0,[C@]12(F)[C@H](CC4([C@H](C1C[C@@H](C3=CC(=O)C=CC23C)F)C[C@H]([C@]4(O)C(=O)COC(=O)C(C)(C)C)C)C)O,O=C1C=CC2C(=C1)CCC1C3CCCC3CCC21,35
C[C@@H]1C[C@H]2[C@@H]3CCC4=CC(=O)C=C[C@]4(C)[C@@]3(Cl)[C@@H](O)C[C@]2(C)[C@@]1(O)C(=O)CCl,1.0,[C@H]34[C@H]2[C@@](Cl)([C@@]1(C(=CC(=O)C=C1)CC2)C)[C@@H](O)C[C@@]3([C@](O)([C@@H](C4)C)C(=O)CCl)C,O=C1C=CC2C(=C1)CCC1C3CCCC3CCC21,28
C[C@@H]1C[C@H]2[C@@H]3CCC4=CC(=O)C=C[C@]4(C)[C@@]3(F)[C@@H](O)C[C@]2(C)[C@@]1(C)C(=O)CO,1.0,[C@]23([C@H]([C@H]1[C@]([C@](C(CO)=O)(C)[C@@H](C1)C)(C)C[C@@H]2O)CCC4=CC(=O)C=C[C@]34C)F,O=C1C=CC2C(=C1)CCC1C3CCCC3CCC21,28
C[C@@H]1C[C@H]2[C@@H]3CCC4=CC(=O)C=C[C@]4(C)[C@@]3(F)[C@@H](O)C[C@]2(C)[C@H]1C(=O)CO,1.0,[C@H]23[C@@]([C@@]1(C(=CC(=O)C=C1)CC2)C)([C@H](C[C@]4([C@H]3C[C@@H](C)[C@@H]4C(CO)=O)C)O)F,O=C1C=CC2C(=C1)CCC1C3CCCC3CCC21,27
C[C@@H]1C[C@H]2[C@@H]3C[C@H](F)C4=CC(=O)C=C[C@]4(C)C3(Cl)[C@@H](F)C[C@]2(C)[C@H]1C(=O)CO,1.0,[C@H]23C(Cl)([C@@]1(C(=CC(=O)C=C1)[C@@H](F)C2)C)[C@@H](F)C[C@]4([C@H]3C[C@H]([C@@H]4C(=O)CO)C)C,O=C1C=CC2C(=C1)CCC1C3CCCC3CCC21,28
C[C@@H]1C[C@H]2[C@@H]3C[C@H](F)C4=CC(=O)C=C[C@]4(C)[C@@]3(F)[C@@H](O)C[C@]2(C)[C@@]1(O)C(=O)CO,1.0,[C@H]23[C@@]([C@@]1(C(=CC(=O)C=C1)[C@H](C2)F)C)([C@H](C[C@]4([C@H]3C[C@@H](C)[C@@]4(C(CO)=O)O)C)O)F,O=C1C=CC2C(=C1)CCC1C3CCCC3CCC21,29
C[C@@H]1C[C@H]2[C@@H]3C[C@H](F)C4=CC(=O)C=C[C@]4(C)[C@@]3(F)[C@@H](O)C[C@]2(C)[C@H]1C(=O)COC(=O)C(C)(C)C,1.0,[C@H]23[C@@]([C@@]1(C(=CC(=O)C=C1)[C@H](C2)F)C)([C@H](C[C@]4([C@H]3C[C@@H](C)[C@@H]4C(COC(C(C)(C)C)=O)=O)C)O)F,O=C1C=CC2C(=C1)CCC1C3CCCC3CCC21,34
C[C@@H]1C[C@H]2[C@@H]3C[C@H](F)C4=CC(=O)C=C[C@]4(C)[C@H]3[C@@H](O)C[C@]2(C)[C@@]1(O)C(=O)CO,1.0,[C@]12(C(=CC(C=C1)=O)[C@H](C[C@H]3[C@H]4[C@](C[C@@H]([C@H]23)O)([C@](C(=O)CO)(O)[C@@H](C4)C)C)F)C,O=C1C=CC2C(=C1)CCC1C3CCCC3CCC21,28
C[C@@H]1C[C@H]2[C@@H]3C[C@H](F)C4=CC(=O)C=C[C@]4(C)[C@H]3[C@@H](O)C[C@]2(C)[C@H]1C(=O)CO,1.0,[C@H]24[C@H]1[C@@]([C@@H](C(CO)=O)[C@@H](C1)C)(C[C@@H]([C@@H]2[C@@]3(C(=CC(=O)C=C3)[C@H](C4)F)C)O)C,O=C1C=CC2C(=C1)CCC1C3CCCC3CCC21,27
C[C@@H]1C[C@H]2[C@H]3[C@H]([C@@H](O)C[C@]2(C)[C@@]1(O)C(=O)CO)[C@@]1(C)C=CC(=O)C=C1C[C@H]3Cl,1.0,[C@H]24[C@H]1[C@@]([C@](O)([C@@H](C1)C)C(=O)CO)(C[C@H](O)[C@@H]2[C@@]3(C(=CC(=O)C=C3)C[C@H]4Cl)C)C,O=C1C=CC2C(=C1)CCC1C3CCCC3CCC21,28
C[C@@H]1N=C(c2ccccc2Cl)c2cc([N+](=O)[O-])ccc2NC1=O,1.0,[C@H]2(N=C(C1=C(C=CC(=C1)[N+](=O)[O-])NC2=O)C3=CC=CC=C3Cl)C,O=C1CN=C(c2ccccc2)c2ccccc2N1,23
C[C@@H]1O[C@@H]1P(=O)(O)O,1.0,[C@@H]1([P](O)(O)=O)[C@H](C)O1,C1CO1,8
C[C@@H]1[C@H](O)[C@@H](C)\C=C/C=C\C=C/C=C\C=C/C=C\C=C/[C@H](O[C@@H]2O[C@H](C)[C@@H](O)[C@H](N)[C@@H]2O)C[C@@H]2O[C@](O)(C[C@@H](O)C[C@@H](O)[C@H](O)CC[C@@H](O)C[C@@H](O)CC(=O)O[C@H]1C)C[C@H](O)[C@H]2C(=O)O,0.0,C[C@H]1O[C@@H](O[C@@H]\2C[C@@H]3O[C@](O)(C[C@@H](O)C[C@@H](O)[C@H](O)CC[C@@H](O)C[C@@H](O)CC(=O)O[C@@H](C)[C@H](C)[C@H](O)[C@@H](C)\C=C/C=C\C=C/C=C\C=C/C=C\C=C2)C[C@H](O)[C@H]3C(O)=O)[C@@H](O)[C@@H](N)[C@@H]1O,O=C1CCCCCCCCCCCC2CCCC(CC(OC3CCCCO3)C=CC=CC=CC=CC=CC=CC=CCCCCO1)O2,65
C[C@@](Cc1ccc(O)c(O)c1)(NN)C(=O)O,0.0,C[C@@](Cc1ccc(O)c(O)c1)(NN)C(O)=O,c1ccccc1,16
C[C@H](CCC(=O)O)[C@H]1CC[C@H]2[C@@H]3C(=O)C[C@@H]4CC(=O)CC[C@]4(C)[C@H]3CC(=O)[C@]12C,0.0,C[C@H](CCC(O)=O)[C@H]1CC[C@H]2[C@H]3[C@H](CC(=O)[C@]12C)[C@@]4(C)CCC(=O)C[C@H]4CC3=O,O=C1CCC2C(C1)CC(=O)C1C3CCCC3C(=O)CC21,29
C[C@H](N)C(=O)c1ccccc1,1.0,[C@@H](C(C1=CC=CC=C1)=O)(C)N,c1ccccc1,11
C[C@H](N)Cc1ccccc1,1.0,C[C@H](N)Cc1ccccc1,c1ccccc1,10
C[C@H](N)[C@H](O)c1cccc(O)c1,0.0,C[C@H](N)[C@H](O)c1cccc(O)c1,c1ccccc1,12
C[C@H](O)C1C(=O)N2C(C(=O)O)=C(S[C@@H]3CN[C@H](C(=O)N(C)C)C3)[C@H](C)C12,0.0,O.O.O.C[C@H](O)C1C2[C@@H](C)C(=C(N2C1=O)C(O)=O)S[C@@H]3CN[C@@H](C3)C(=O)N(C)C,O=C1CC2CC(SC3CCNC3)=CN12,26
C[C@H](O)[C@H]1C(=O)N2C(C(=O)O)=C(SCCN=CN)C[C@H]12,0.0,O.C[C@H](O)[C@@H]1[C@H]2CC(=C(N2C1=O)C(O)=O)SCCN=CN,O=C1CC2CC=CN12,20
C[C@H]1CCCC[C@@]1(c1cccs1)N1CCCCC1,1.0,[C@@]3(C1=CC=CS1)(N2CCCCC2)[C@H](CCCC3)C,c1csc(C2(N3CCCCC3)CCCCC2)c1,18
C[C@H]1COc2c(N3CCN(C)CC3)c(F)cc3c(=O)c(C(=O)O)cn1c23,1.0,C[C@H]1COc2c(N3CCN(C)CC3)c(F)cc4C(=O)C(=CN1c24)C(O)=O,O=c1ccn2c3c(c(N4CCNCC4)ccc13)OCC2,26
C[C@H]1C[C@@H]2[C@H]([C@@H](O)C[C@@]3(C)[C@H]2CC[C@]3(O)C(=O)COC(=O)CCC(=O)O)[C@@]2(C)C=CC(=O)C=C12,1.0,[C@H]24[C@H]1[C@@]([C@](C(COC(CCC(O)=O)=O)=O)(O)CC1)(C[C@@H]([C@@H]2[C@@]3(C(=CC(=O)C=C3)[C@H](C4)C)C)O)C,O=C1C=CC2C(=C1)CCC1C3CCCC3CCC21,34
C[C@H]1C[C@H]2[C@@H]3CCC4=CC(=O)C=C[C@]4(C)[C@@]3(Cl)[C@@H](O)C[C@]2(C)[C@@]1(O)C(=O)CO,1.0,[C@]23([C@H]([C@H]1[C@]([C@](C(CO)=O)(O)[C@H](C1)C)(C)C[C@@H]2O)CCC4=CC(=O)C=C[C@]34C)Cl,O=C1C=CC2C(=C1)CCC1C3CCCC3CCC21,28
C[C@H]1C[C@H]2[C@@H]3CCC4=CC(=O)C=C[C@]4(C)[C@@]3(F)C(=O)C[C@]2(C)[C@@]1(O)C(=O)CCl,1.0,[C@@]23(F)[C@H]([C@H]1[C@@]([C@@]([C@H](C1)C)(O)C(=O)CCl)(CC2=O)C)CCC4=CC(=O)C=C[C@]34C,O=C1C=CC2C(=C1)CCC1C3CCCC3CC(=O)C21,28
C[C@H]1C[C@H]2[C@@H]3CCC4=CC(=O)C=C[C@]4(C)[C@@]3(F)[C@@H](O)C[C@]2(C)[C@@]1(O)C(=O)CO,0.0,C[C@H]1C[C@H]2[C@@H]3CCC4=CC(=O)C=C[C@]4(C)[C@@]3(F)[C@@H](O)C[C@]2(C)[C@@]1(O)C(=O)CO,O=C1C=CC2C(=C1)CCC1C3CCCC3CCC21,28
C[C@H]1C[C@H]2[C@@H]3CCC4=CC(=O)C=C[C@]4(C)[C@@]3(F)[C@@H](O)C[C@]2(C)[C@@]1(OC(=O)c1ccccc1)C(=O)CO,1.0,[C@]4([C@@]3([C@H]([C@H]2[C@]([C@@]1(C(=CC(=O)C=C1)CC2)C)(F)[C@H](C3)O)C[C@@H]4C)C)(OC(C5=CC=CC=C5)=O)C(CO)=O,O=C1C=CC2C(=C1)CCC1C2CCC2C(OC(=O)c3ccccc3)CCC21,36
C[C@H]1C[C@H]2[C@@H]3CCC4=CC(=O)C=C[C@]4(C)[C@H]3C(=O)C[C@]2(C)[C@@]1(O)C(=O)CO,1.0,[C@H]12[C@@]([C@](C(CO)=O)(O)[C@H](C1)C)(CC(=O)[C@H]3[C@H]2CCC4=CC(=O)C=C[C@]34C)C,O=C1C=CC2C(=C1)CCC1C3CCCC3CC(=O)C21,27
C[C@H]1O[C@@H](O[C@H]2[C@@H](O)C[C@H](O[C@H]3[C@@H](O)C[C@H](O[C@H]4CC[C@@]5(C)[C@H](CC[C@@H]6[C@@H]5CC[C@]5(C)[C@H](C7=CC(=O)OC7)CC[C@]65O)C4)O[C@@H]3C)O[C@@H]2C)C[C@H](O)[C@@H]1O,0.0,C[C@H]1O[C@H](C[C@H](O)[C@@H]1O)O[C@H]2[C@@H](O)C[C@@H](O[C@@H]2C)O[C@H]3[C@@H](O)C[C@@H](O[C@@H]3C)O[C@H]4CC[C@@]5(C)[C@H](CC[C@@H]6[C@@H]5CC[C@]7(C)[C@@H](CC[C@]67O)C8=CC(=O)OC8)C4,O=C1C=C(C2CCC3C2CCC2C4CCC(OC5CCC(OC6CCC(OC7CCCCO7)CO6)CO5)CC4CCC23)CO1,54
C[C@H]1O[C@@H](O[C@H]2[C@@H](O)C[C@H](O[C@H]3[C@@H](O)C[C@H](O[C@H]4CC[C@@]5(C)[C@H](CC[C@@H]6[C@@H]5C[C@@H](O)[C@]5(C)[C@@H](C7=CC(=O)OC7)CC[C@]65O)C4)O[C@@H]3C)O[C@@H]2C)C[C@H](O)[C@@H]1O,0.0,C[C@H]1O[C@H](C[C@H](O)[C@@H]1O)O[C@H]2[C@@H](O)C[C@@H](O[C@@H]2C)O[C@H]3[C@@H](O)C[C@@H](O[C@@H]3C)O[C@H]4CC[C@@]5(C)[C@H](CC[C@@H]6[C@@H]5C[C@@H](O)[C@]7(C)[C@H](CC[C@]67O)C8=CC(=O)OC8)C4,O=C1C=C(C2CCC3C2CCC2C4CCC(OC5CCC(OC6CCC(OC7CCCCO7)CO6)CO5)CC4CCC23)CO1,55
C[C@H]1[C@H](NC(=O)/C(=N\OC(C)(C)C(=O)O)c2csc([NH3+])n2)C(=O)N1S(=O)(=O)[O-],0.0,C[C@H]1[C@H](NC(=O)C(=N/OC(C)(C)C(O)=O)\c2csc([NH3+])n2)C(=O)N1[S]([O-])(=O)=O,N=C(C(=O)NC1CNC1=O)c1cscn1,28
C[C@H]1[C@H](c2ccccc2)OCCN1C,1.0,[C@H]2(C1=CC=CC=C1)[C@@H](N(CCO2)C)C,c1ccc(C2CNCCO2)cc1,14
C[C@H]1c2cccc(O)c2C(O)=C2C(=O)[C@]3(O)C(=O)/C(=C(/N)O)C(=O)[C@@H](N(C)C)[C@@H]3[C@@H](O)[C@@H]21,0.0,O.C[C@@H]1[C@H]2[C@H](O)[C@H]3[C@H](N(C)C)C(=O)C(=C(N)/O)/C(=O)[C@@]3(O)C(=O)C2=C(O)c4c(O)cccc14,C=C1C(=O)CC2CC3Cc4ccccc4C=C3C(=O)C2C1=O,32
C[C@H]1c2ccccc2[C@@H](CCCN(C)C)c2cc(C(F)(F)F)ccc21,1.0,[C@@H]1(C3=C([C@H](C2=C1C=CC=C2)C)C=CC(=C3)C(F)(F)F)CCCN(C)C,c1ccc2c(c1)Cc1ccccc1C2,25
C[C@](N)(Cc1ccc(O)c(O)c1)C(=O)O,0.0,C[C@](N)(Cc1ccc(O)c(O)c1)C(O)=O,c1ccccc1,15
C[C@]1(Cn2ccnn2)[C@H](C(=O)O)N2C(=O)C[C@H]2S1(=O)=O,0.0,C[C@]1(Cn2ccnn2)[C@@H](N3[C@@H](CC3=O)[S]1(=O)=O)C(O)=O,O=C1CC2N1CC(Cn1ccnn1)S2(=O)=O,20
C[C@]12C=C(Br)C(=O)C=C1[C@H](F)C[C@H]1[C@@H]3CCC(O)(C(=O)CO)[C@@]3(C)C[C@H](O)C12F,1.0,[C@]34([C@H]([C@H]2C([C@@]1(C(=CC(C(=C1)Br)=O)[C@@H](C2)F)C)([C@H](C3)O)F)CCC4(C(=O)CO)O)C,O=C1C=CC2C(=C1)CCC1C3CCCC3CCC21,29
C[C@]12C=CC(=O)C=C1C(Cl)=C[C@@H]1[C@@H]2[C@@H](O)C[C@@]2(C)[C@H]1CC[C@]2(O)C(=O)CO,1.0,[C@H]24[C@H]1[C@@]([C@](C(CO)=O)(O)CC1)(C[C@@H]([C@@H]2[C@@]3(C(=CC(=O)C=C3)C(=C4)Cl)C)O)C,O=C1C=CC2C(=C1)C=CC1C3CCCC3CCC21,27
C[C@]12C=CC(=O)C=C1CC[C@@H]1[C@@H]2C(=O)C[C@@]2(C)[C@H]1CC[C@]2(O)C(=O)CO,0.0,C[C@]12CC(=O)[C@H]3[C@@H](CCC4=CC(=O)C=C[C@]34C)[C@@H]1CC[C@]2(O)C(=O)CO,O=C1C=CC2C(=C1)CCC1C3CCCC3CC(=O)C21,26
C[C@]12C=CC(=O)C=C1CC[C@@H]1[C@@H]2CC[C@]2(C)OC(=O)CC[C@@H]12,0.0,C[C@]12CC[C@H]3[C@@H](CCC4=CC(=O)C=C[C@]34C)[C@@H]1CCC(=O)O2,O=C1C=CC2C(=C1)CCC1C3CCC(=O)OC3CCC21,22
C[C@]12C=CC(=O)C=C1CC[C@@H]1[C@@H]2[C@@H](O)C[C@@]2(C)[C@H]1CC[C@]2(O)C(=O)CO,0.0,C[C@]12C[C@H](O)[C@H]3[C@@H](CCC4=CC(=O)C=C[C@]34C)[C@@H]1CC[C@]2(O)C(=O)CO,O=C1C=CC2C(=C1)CCC1C3CCCC3CCC21,26
C[C@]12C=CC(=O)C=C1CC[C@@H]1[C@@H]2[C@@H](O)C[C@@]2(C)[C@H]1CC[C@]2(O)C(=O)COC(=O)CCC(=O)[O-],1.0,[C@]14([C@@](C(=O)COC(CCC(=O)[O-])=O)(CC[C@H]1[C@@H]3CCC2=CC(C=C[C@@]2([C@H]3[C@H](C4)O)C)=O)O)C.[Na+],O=C1C=CC2C(=C1)CCC1C3CCCC3CCC21,33
C[C@]12C=CC(=O)C=C1CC[C@H]1[C@@H]3C[C@@H](O)[C@](O)(C(=O)CO)[C@@]3(C)C[C@H](O)[C@@]12F,0.0,C[C@]12C[C@H](O)[C@@]3(F)[C@@H](CCC4=CC(=O)C=C[C@]34C)[C@@H]1C[C@@H](O)[C@]2(O)C(=O)CO,O=C1C=CC2C(=C1)CCC1C3CCCC3CCC21,28
C[C@]12C=CC(=O)C=C1CC[C@H]1[C@@H]3C[C@H]4Cc5ccccc5C[C@@]4(C(=O)CO)[C@@]3(C)C[C@H](O)[C@@]12F,1.0,[C@]14([C@H]([C@H]3[C@](F)([C@@H](O)C1)[C@@]2(C(=CC(=O)C=C2)CC3)C)C[C@@H]6[C@]4(CC5=CC=CC=C5C6)C(=O)CO)C.O,O=C1C=CC2C(=C1)CCC1C2CCC2C3Cc4ccccc4CC3CC21,34
C[C@]12C=CC(=O)C=C1[C@@H](F)C[C@@H]1[C@@H]2[C@@H](O)C[C@@]2(C)[C@H]1CC[C@]2(O)C(=O)CO,1.0,[C@H]24[C@H]1[C@@]([C@](C(CO)=O)(O)CC1)(C[C@@H]([C@@H]2[C@@]3(C(=CC(=O)C=C3)[C@H](C4)F)C)O)C,O=C1C=CC2C(=C1)CCC1C3CCCC3CCC21,27
C[C@]12C=CC(=O)C=C1[C@@H](F)C[C@H]1[C@@H]3C[C@@H](O)[C@](O)(C(=O)CO)[C@@]3(C)C[C@H](O)[C@@]12F,1.0,[C@H]2(C1=CC(=O)C=C[C@@]1([C@@]4([C@@H](C2)[C@@H]3C[C@@H](O)[C@]([C@@]3(C)C[C@@H]4O)(O)C(=O)CO)F)C)F,O=C1C=CC2C(=C1)CCC1C3CCCC3CCC21,29
C[C@]12CCC(=O)C=C1CC[C@@H]1[C@@H]2C(=O)C[C@@]2(C)[C@H]1CC[C@]2(O)C(=O)CO,0.0,C[C@]12CCC(=O)C=C1CC[C@H]3[C@@H]4CC[C@](O)(C(=O)CO)[C@@]4(C)CC(=O)[C@H]23,O=C1C=C2CCC3C4CCCC4CC(=O)C3C2CC1,26
C[C@]12CCC(=O)C=C1CC[C@@H]1[C@@H]2CC[C@@]2(C)[C@H]1CC[C@]2(C)O,0.0,C[C@]1(O)CC[C@H]2[C@@H]3CCC4=CC(=O)CC[C@]4(C)[C@H]3CC[C@]12C,O=C1C=C2CCC3C4CCCC4CCC3C2CC1,22
C[C@]12CCC(=O)C=C1CC[C@@H]1[C@@H]2[C@@H](O)C[C@@]2(C)[C@H]1CC[C@]2(O)C(=O)CO,0.0,C[C@]12CCC(=O)C=C1CC[C@H]3[C@@H]4CC[C@](O)(C(=O)CO)[C@@]4(C)C[C@H](O)[C@H]23,O=C1C=C2CCC3C4CCCC4CCC3C2CC1,26
C[C@]12CCC(=O)C=C1CC[C@@H]1[C@@H]2[C@@H](O)C[C@@]2(C)[C@H]1CC[C@]2(O)C(=O)COC(=O)CCC(=O)O,1.0,[C@]34([C@H]([C@H]2[C@@H]([C@@]1(C(=CC(=O)CC1)CC2)C)[C@@H](O)C3)CC[C@]4(O)C(=O)COC(=O)CCC(O)=O)C.O,O=C1C=C2CCC3C4CCCC4CCC3C2CC1,33
C[C@]12CCC(=O)C=C1CC[C@@H]1[C@@H]2[C@@H](O)C[C@@]2(C)[C@H]1CC[C@]2(O)C(=O)CS,1.0,[C@H]34[C@H]2[C@@H]([C@@]1(C(=CC(=O)CC1)CC2)C)[C@@H](O)C[C@@]3([C@](C(CS)=O)(O)CC4)C,O=C1C=C2CCC3C4CCCC4CCC3C2CC1,26
C[C@]12CCC(=O)C=C1CC[C@@H]1[C@@H]2[C@@H](O)C[C@]2(C=O)[C@@H](C(=O)CO)CC[C@@H]12,0.0,C[C@]12CCC(=O)C=C1CC[C@H]3[C@@H]4CC[C@H](C(=O)CO)[C@]4(C[C@H](O)[C@H]23)C=O,O=C1C=C2CCC3C4CCCC4CCC3C2CC1,26
C[C@]12CCC(=O)C=C1CC[C@H]1[C@@H]3CC[C@](O)(C(=O)CO)[C@@]3(C)C[C@H](O)[C@@]12F,1.0,[C@H]23[C@@]([C@@]1(C(=CC(=O)CC1)CC2)C)([C@H](C[C@]4([C@H]3CC[C@@]4(C(CO)=O)O)C)O)F,O=C1C=C2CCC3C4CCCC4CCC3C2CC1,27
C[C@]12CC[C@@H]3c4ccc(O)cc4CC[C@H]3[C@@H]1CCC2=O,0.0,C[C@]12CC[C@H]3[C@@H](CCc4cc(O)ccc34)[C@@H]1CCC2=O,O=C1CCC2C1CCC1c3ccccc3CCC12,20
C[C@]12CC[C@@H]3c4ccc(O)cc4CC[C@H]3[C@@H]1CC[C@@H]2O,0.0,C[C@]12CC[C@H]3[C@@H](CCc4cc(O)ccc34)[C@@H]1CC[C@@H]2O,c1ccc2c(c1)CCC1C2CCC2CCCC21,20
C[C@]12CC[C@H]3[C@@H](CCC4=CC(=O)CC[C@@H]43)[C@@H]1CC[C@@H]2O,0.0,C[C@]12CC[C@H]3[C@@H](CCC4=CC(=O)CC[C@H]34)[C@@H]1CC[C@@H]2O,O=C1C=C2CCC3C4CCCC4CCC3C2CC1,20
C[C@]12CC[C@H]3[C@@H](CCC4=CC(=O)CC[C@@]43C)[C@@H]1CC[C@@H]2O,0.0,C[C@]12CC[C@H]3[C@@H](CCC4=CC(=O)CC[C@]34C)[C@@H]1CC[C@@H]2O,O=C1C=C2CCC3C4CCCC4CCC3C2CC1,21
C[C@]12COC(=O)C[C@@H]1CC[C@@H]1[C@@H]2CC[C@@]2(C)[C@H]1CC[C@]2(C)O,0.0,C[C@]1(O)CC[C@H]2[C@@H]3CC[C@H]4CC(=O)OC[C@]4(C)[C@H]3CC[C@]12C,O=C1CC2CCC3C4CCCC4CCC3C2CO1,22
C[C@]12C[C@H](O)[C@H]3[C@@H](CCC4=CC(=O)CC[C@@]43C)[C@@H]1CC[C@@H]2C(=O)CO,0.0,C[C@]12C[C@H](O)[C@H]3[C@@H](CCC4=CC(=O)CC[C@]34C)[C@@H]1CC[C@@H]2C(=O)CO,O=C1C=C2CCC3C4CCCC4CCC3C2CC1,25
C[C@]12Cc3cn[nH]c3C[C@@H]1CC[C@@H]1[C@@H]2CC[C@@]2(C)[C@H]1CC[C@]2(C)O,0.0,C[C@]1(O)CC[C@H]2[C@@H]3CC[C@H]4Cc5[nH]ncc5C[C@]4(C)[C@H]3CC[C@]12C,c1n[nH]c2c1CC1C(CCC3C4CCCC4CCC13)C2,24
C[N+](C)(C)CCO,1.0,C[N+](C)(C)CCO,,7
C[N+](C)([O-])CC/C=C1/c2ccccc2C=Cc2c(Cl)cccc21,1.0,C1=CC=C(Cl)C3=C1\C(C2=CC=CC=C2C=C3)=C/CC[N+]([O-])(C)C,C=C1c2ccccc2C=Cc2ccccc21,23
C[N+](C)([O-])CCC=C1c2ccccc2CCc2ccccc21,1.0,C1=CC=CC2=C1C(C3=C(CC2)C=CC=C3)=CCC[N+](C)(C)[O-],C=C1c2ccccc2CCc2ccccc21,22
C[N+](C)([O-])CCCN1c2ccccc2CCc2ccccc21,1.0,C1=CC=CC2=C1N(C3=C(CC2)C=CC=C3)CCC[N+](C)(C)[O-],c1ccc2c(c1)CCc1ccccc1N2,22
C[N+]1(C)CCC(OC(=O)C(O)(c2ccccc2)C2CCCC2)C1,0.0,[Br-].C[N+]1(C)CCC(C1)OC(=O)C(O)(C2CCCC2)c3ccccc3,O=C(OC1CC[NH2+]C1)C(c1ccccc1)C1CCCC1,23
C[N+]1(C)CCCC(OC(=O)C(O)(c2ccccc2)c2ccccc2)C1,0.0,[Br-].C[N+]1(C)CCCC(C1)OC(=O)C(O)(c2ccccc2)c3ccccc3,O=C(OC1CCC[NH2+]C1)C(c1ccccc1)c1ccccc1,25
C[N+]1([O-])C2CCC1CC(OC(=O)C(CO)c1ccccc1)C2,1.0,C1=CC=CC=C1C(C(OC2CC3[N+](C(C2)CC3)(C)[O-])=O)CO,O=C(Cc1ccccc1)OC1CC2CCC(C1)[NH2+]2,22
C[N+]12CCC(CC1)C(OC(=O)C(O)(c1ccccc1)c1ccccc1)C2,0.0,[Br-].C[N+]12CCC(CC1)C(C2)OC(=O)C(O)(c3ccccc3)c4ccccc4,O=C(OC1C[NH+]2CCC1CC2)C(c1ccccc1)c1ccccc1,26
C[S+](CC[C@H](N)C(=O)[O-])C[C@H]1O[C@@H](n2cnc3c(N)ncnc32)[C@H](O)[C@@H]1O,1.0,[C@H]3([N]2C1=C(C(=NC=N1)N)N=C2)[C@@H]([C@@H]([C@H](O3)C[S+](CC[C@@H](C([O-])=O)N)C)O)O,c1ncc2ncn(C3CCCO3)c2n1,27
Cc1[nH]ccc2c1[nH]c1cc(=O)ccc12,1.0,CC1=C2NC3=CC(=O)C=CC3=C2C=CN1,O=c1ccc2c(c1)[nH]c1c[nH]ccc12,15
Cc1[nH]nc2c1N(c1ccccc1)C(=O)CC(=O)N2C,1.0,C3=C(N2C1=C([NH]N=C1N(C(=O)CC2=O)C)C)C=CC=C3,O=C1CC(=O)N(c2ccccc2)c2c[nH]nc2N1,20
Cc1c(C)c2c(c(C)c1O)CC[C@@](C)(CCC[C@H](C)CCC[C@H](C)CCCC(C)C)O2,1.0,[C@]2(OC1=C(C(=C(C(=C1CC2)C)O)C)C)(CCC[C@@H](CCC[C@@H](CCCC(C)C)C)C)C,c1ccc2c(c1)CCCO2,31
Cc1c(C)c2ccc(OCc3nnc(C(C)C)s3)cc2oc1=O,1.0,C2=C(OCC1=NN=C(S1)C(C)C)C=CC3=C2OC(=O)C(=C3C)C,O=c1ccc2ccc(OCc3nncs3)cc2o1,23
Cc1c(F)c(N2CCNC(C)C2)cc2c1c(=O)c(C(=O)O)cn2C1CC1,0.0,CC1CN(CCN1)c2cc3N(C=C(C(O)=O)C(=O)c3c(C)c2F)C4CC4,O=c1ccn(C2CC2)c2cc(N3CCNCC3)ccc12,26
Cc1c(N(C)C)c(=O)n(-c2ccccc2)n1C,1.0,CN(C)C1=C(C)N(C)N(c2ccccc2)C1=O,O=c1cc[nH]n1-c1ccccc1,17
Cc1c(O)c(=O)ccn1C,1.0,CN1C=CC(=O)C(=C1C)O,O=c1cc[nH]cc1,10
Cc1c(O)c(=O)ccn1CCCO,0.0,c1cn(CCCO)c(C)c(O)c1=O,O=c1cc[nH]cc1,13
Cc1c(O)cccc1C(=O)N[C@@H](CSc1ccccc1)[C@H](O)CN1C[C@H]2CCCC[C@H]2C[C@H]1C(=O)NC(C)(C)C,0.0,Cc1c(O)cccc1C(=O)N[C@@H](CSc2ccccc2)[C@H](O)CN3C[C@H]4CCCC[C@H]4C[C@H]3C(=O)NC(C)(C)C,O=C(NC(CCN1CCC2CCCCC2C1)CSc1ccccc1)c1ccccc1,40
Cc1c2c(cn1C)NC(=O)CN=C2c1ccccc1,1.0,C1=C2C(=C([N]1C)C)C(=NCC(N2)=O)C3=CC=CC=C3,O=C1CN=C(c2ccccc2)c2c[nH]cc2N1,19
Cc1c2oc3c(C)ccc(C(=O)NC4C(=O)NC(C(C)C)C(=O)N5CCCC5C(=O)N(C)CC(=O)N(C)C(C(C)C)C(=O)OC4C)c3nc-2c(C(=O)NC2C(=O)NC(C(C)C)C(=O)N3CCCC3C(=O)N(C)CC(=O)N(C)C(C(C)C)C(=O)OC2C)c(N)c1=O,0.0,CC(C)C1NC(=O)C(NC(=O)c2ccc(C)c3OC4=C(C)C(=O)C(=C(C(=O)NC5C(C)OC(=O)C(C(C)C)N(C)C(=O)CN(C)C(=O)C6CCCN6C(=O)C(NC5=O)C(C)C)C4=Nc23)N)C(C)OC(=O)C(C(C)C)N(C)C(=O)CN(C)C(=O)C7CCCN7C1=O,O=C1CNC(=O)C2CCCN2C(=O)CNC(=O)C(NC(=O)c2cc(=O)cc3oc4cccc(C(=O)NC5COC(=O)CNC(=O)CNC(=O)C6CCCN6C(=O)CNC5=O)c4nc2-3)COC(=O)CN1,90
Cc1c[nH+][o+]c(C([NH])CC(C)C(C)(C)N(C(C)(C)C)C(C)(N)N)c1[O-],1.0,[NH]C(CC(C)C([N@@](C(C)(C)C)C(N)(C)N)(C)C)c1c(c(c[nH+][o+]1)C)[O-],c1cc[o+][nH+]c1,25
Cc1cc(-c2ccccc2)nnc1NCCN1CCOCC1,1.0,C1=C(C(=NN=C1C2=CC=CC=C2)NCCN3CCOCC3)C,c1ccc(-c2ccc(NCCN3CCOCC3)nn2)cc1,22
Cc1cc(=O)c(C(=O)N[C@@H](C(=O)NC2C(=O)N3C(C(=O)O)=C(CSc4nnnn4C)CS[C@H]23)c2ccc(O)cc2)c[nH]1,0.0,Cn1nnnc1SCC2=C(N3[C@H](SC2)C(NC(=O)[C@H](NC(=O)C4=CNC(=CC4=O)C)c5ccc(O)cc5)C3=O)C(O)=O,O=C(NC(C(=O)NC1C(=O)N2C=C(CSc3nnn[nH]3)CSC12)c1ccccc1)c1c[nH]ccc1=O,42
Cc1cc(=O)n(-c2ccccc2)n1C,1.0,CN1N(C(=O)C=C1C)c2ccccc2,O=c1cc[nH]n1-c1ccccc1,14
Cc1cc(=O)oc2cc(O)ccc12,0.0,CC1=CC(=O)Oc2cc(O)ccc12,O=c1ccc2ccccc2o1,13
Cc1cc(Br)cc(C(N)=O)c1O,1.0,C1=C(C(=C(C=C1Br)C)O)C(N)=O,c1ccccc1,12
Cc1cc(C(=O)NNCc2ccccc2)no1,1.0,C1=C(C)ON=C1C(NNCC2=CC=CC=C2)=O,O=C(NNCc1ccccc1)c1ccon1,17
Cc1cc(C(C)(C)SC(C)(C)CNc2[nH]ccc2[N+](=O)[O-])nc(C)c1C,1.0,c1(cc(nc(c1C)C)C(SC(CNc1c(cc[nH]1)[N+](=O)[O-])(C)C)(C)C)C,c1ccc(CSCCNc2ccc[nH]2)nc1,26
Cc1cc(C)c(=O)[nH]n1,1.0,CC1=CC(=NNC1=O)C,O=c1cccn[nH]1,9
Cc1cc(C)cc(OCC2CNC(=O)O2)c1,1.0,C1=C(C=C(C=C1OCC2CNC(O2)=O)C)C,O=C1NCC(COc2ccccc2)O1,16
Cc1cc(CCN2CCN(c3cccc(Cl)c3)CC2)n[nH]1,1.0,C1=C(C=CC=C1N3CCN(CCC2=N[NH]C(=C2)C)CC3)Cl,c1ccc(N2CCN(CCc3cc[nH]n3)CC2)cc1,21
Cc1cc(N(C)C)ccc1C[C@H](C)N,1.0,[C@@H](O)([C@@H](O)C(=O)O)C(=O)O.[C@@H](N)(CC1=CC=C(N(C)C)C=C1C)C,c1ccccc1,14
Cc1cc(N/C(O)=C2\C(=O)c3ccccc3S(=O)(=O)N2C)no1,0.0,CN1C(=C(\O)Nc2cc(C)on2)/C(=O)c3ccccc3[S]1(=O)=O,O=C1C(=CNc2ccon2)NS(=O)(=O)c2ccccc21,23
Cc1cc(NC(=O)c2c(C)cccc2C)no1,1.0,C1=CC=C(C(=C1C)C(NC2=NOC(=C2)C)=O)C,O=C(Nc1ccon1)c1ccccc1,17
Cc1cc(NS(=O)(=O)c2ccc(N)cc2)no1,1.0,Cc1onc(N[S](=O)(=O)c2ccc(N)cc2)c1,O=S(=O)(Nc1ccon1)c1ccccc1,17
Cc1cc2c(s1)=Nc1ccc(F)cc1NC=2N1CCN(C)CC1,1.0,C1=C(F)C=CC2=C1NC(=C3C(=N2)SC(=C3)C)N4CCN(CC4)C,c1ccc2c(c1)N=c1sccc1=C(N1CCNCC1)N2,23
Cc1cc2c(s1)=Nc1ccccc1NC=2N1CCN(C)CC1,1.0,C1=C3C(=CC=C1)N=C2SC(=CC2=C(N3)N4CCN(CC4)C)C,c1ccc2c(c1)N=c1sccc1=C(N1CCNCC1)N2,22
Cc1ccc(-c2nc3ccc(C)cn3c2CC(=O)N(C)C)cc1,1.0,CN(C)C(=O)Cc1n2cc(C)ccc2nc1c3ccc(C)cc3,c1ccc(-c2cn3ccccc3n2)cc1,23
Cc1ccc(C(=O)c2cc(O)c(O)c([N+](=O)[O-])c2)cc1,0.0,Cc1ccc(cc1)C(=O)c2cc(O)c(O)c(c2)[N+]([O-])=O,O=C(c1ccccc1)c1ccccc1,20
Cc1ccc(C(C)C)c(OCC2=NCCN2)c1,0.0,CC(C)c1ccc(C)cc1OCC2=NCCN2,c1ccc(OCC2=NCCN2)cc1,17
Cc1ccc(C)cc1,1.0,Cc1ccc(C)cc1,c1ccccc1,8
Cc1ccc(C2(O)CCN(CCCC(=O)c3ccc(F)cc3)CC2)cc1,1.0,Cc1ccc(cc1)C2(O)CCN(CCCC(=O)c3ccc(F)cc3)CC2,O=C(CCCN1CCC(c2ccccc2)CC1)c1ccccc1,26
Cc1ccc(CC2=CNC(NCCSCc3ccc(CN(C)C)o3)=NC2)cn1,0.0,CN(C)Cc1oc(cc1)CSCCNC=1NC=C(CN1)Cc1cnc(cc1)C,C1=C(Cc2cccnc2)CN=C(NCCSCc2ccco2)N1,28
Cc1ccc(Cc2ccccc2)c(N2CCNCC2)c1,1.0,C1=C(C(=CC=C1C)CC2=CC=CC=C2)N3CCNCC3,c1ccc(Cc2ccccc2N2CCNCC2)cc1,20
Cc1ccc(Cc2cnc(NCCCCc3ncc(Br)cc3C)[nH]c2=O)cn1,0.0,Cc1ccc(CC2=CN=C(NCCCCc3ncc(Br)cc3C)NC2=O)cn1,O=c1[nH]c(NCCCCc2ccccn2)ncc1Cc1cccnc1,28
Cc1ccc(Cc2cnc(NCCSCc3ccc(C(C)(C)N)o3)[nH]c2=O)cn1,0.0,Cc1ccc(CC2=CN=C(NCCSCc3oc(cc3)C(C)(C)N)NC2=O)cn1,O=c1[nH]c(NCCSCc2ccco2)ncc1Cc1cccnc1,29
Cc1ccc(Cl)c(Nc2ccccc2C(=O)O)c1Cl,0.0,Cc1ccc(Cl)c(Nc2ccccc2C(O)=O)c1Cl,c1ccc(Nc2ccccc2)cc1,19
Cc1ccc(S(=O)(=O)CCN2C(=O)CN=C(c3ccccc3Cl)c3cc(Cl)ccc32)cc1,1.0,C1=C(Cl)C=CC2=C1C(=NCC(N2CC[S](C3=CC=C(C)C=C3)(=O)=O)=O)C4=CC=CC=C4Cl,O=C1CN=C(c2ccccc2)c2ccccc2N1CCS(=O)(=O)c1ccccc1,32
Cc1ccc(S(=O)(=O)NC(=O)NN2CCCCCC2)cc1,0.0,Cc1ccc(cc1)[S](=O)(=O)NC(=O)NN2CCCCCC2,O=C(NN1CCCCCC1)NS(=O)(=O)c1ccccc1,21
Cc1ccc2c(c1)C(N1CCN(C)CC1)=Nc1ccccc1S2,1.0,C1=C(C)C=CC3=C1C(=NC2=C(C=CC=C2)S3)N4CCN(C)CC4,c1ccc2c(c1)N=C(N1CCNCC1)c1ccccc1S2,23
Cc1ccc2c(c1)C1CN(C)CCC1N2,1.0,C1=C(C)C=CC3=C1C2C(CCN(C2)C)N3,c1ccc2c(c1)NC1CCNCC21,15
Cc1ccc2c(c1)[C@]13CCCC[C@@H]1[C@H](C2)N(C)CC3,1.0,[C@]134[C@@H]([C@H](CC2=C1C=C(C)C=C2)N(C)CC3)CCCC4,c1ccc2c(c1)CC1NCCC23CCCCC13,19
Cc1ccc2c(c1)c1c3n2CCNC3CCC1,1.0,[N]14C3=C(C2=C1C=CC(=C2)C)CCCC3NCC4.[H+].[Cl-],c1ccc2c(c1)c1c3n2CCNC3CCC1,17
Cc1cccc(/C=N/N2CCN(C(c3ccccc3)c3ccccc3)CC2)n1,1.0,C4=C(C(N2CCN(\N=C\C1=NC(=CC=C1)C)CC2)C3=CC=CC=C3)C=CC=C4,C(=NN1CCN(C(c2ccccc2)c2ccccc2)CC1)c1ccccn1,28
Cc1cccc(C)c1,1.0,Cc1cccc(C)c1,c1ccccc1,8
Cc1cccc(C)c1NC(=O)CN1CCCC1=O,1.0,C1=CC=C(C(=C1C)NC(CN2C(CCC2)=O)=O)C,O=C(CN1CCCC1=O)Nc1ccccc1,18
Cc1cccc(C)c1NC(=O)c1ccc(N)cc1,1.0,C1=C(C(=C(C=C1)C)NC(C2=CC=C(N)C=C2)=O)C,O=C(Nc1ccccc1)c1ccccc1,18
Cc1cccc(C)c1NC1=NCCCS1,1.0,C1=C(C(=C(C=C1)C)NC2=NCCCS2)C,c1ccc(NC2=NCCCS2)cc1,15
Cc1cccc(C)c1OCC(C)N,1.0,CC(N)COc1c(C)cccc1C,c1ccccc1,13
Cc1cccc(Cc2cnc[nH]2)c1C,1.0,C2=C(CC1=CN=C[NH]1)C(=C(C=C2)C)C,c1ccc(Cc2cnc[nH]2)cc1,14
Cc1cccc(Cl)c1NC(=O)/C=C1\SCC(=O)N1C,1.0,C1=C(Cl)C(=C(C=C1)C)NC(=O)/C=C/2SCC(=O)N2C,O=C(C=C1NC(=O)CS1)Nc1ccccc1,19
Cc1cccc(N2CC(CO)OC2=O)c1,1.0,C2=C(N1CC(CO)OC1=O)C=CC=C2C,O=C1OCCN1c1ccccc1,15
Cc1cccc(N2CCN(CCc3cc(C)[nH]n3)CC2)c1,1.0,C1=C(C=CC=C1N3CCN(CCC2=N[NH]C(=C2)C)CC3)C,c1ccc(N2CCN(CCc3cc[nH]n3)CC2)cc1,21
Cc1cccc(Nc2ccccc2C(=O)O)c1C,0.0,Cc1cccc(Nc2ccccc2C(O)=O)c1C,c1ccc(Nc2ccccc2)cc1,18
Cc1cccc(O[C@H]2CCNC[C@H]2O)c1C,1.0,[C@@H]2(OC1=C(C(=CC=C1)C)C)[C@@H](CNCC2)O,c1ccc(OC2CCNCC2)cc1,16
Cc1cccc2c1Oc1ccccc1C1(O)CCN(C)CC21,1.0,OC12c3c(Oc4c(C)cccc4C2CN(CC1)C)cccc3,c1ccc2c(c1)Oc1ccccc1C1CNCCC21,22
Cc1cccc2c1Oc1ccccc1C1(O)CCNCC21,1.0,OC12c3c(Oc4c(C)cccc4C2CNCC1)cccc3,c1ccc2c(c1)Oc1ccccc1C1CNCCC21,21
Cc1cccc2c1Oc1ccccc1[C@@]1(O)CCN(C)C[C@@H]21,1.0,[C@@H]24[C@@](C1=CC=CC=C1OC3=C(C=CC=C23)C)(CCN(C4)C)O,c1ccc2c(c1)Oc1ccccc1C1CNCCC21,22
Cc1cccc2c1Oc1ccccc1[C@@]1(O)CCN(C)C[C@H]21,1.0,c1c2c(ccc1)[C@@]1([C@@H](c3cccc(c3O2)C)C[N@](CC1)C)O,c1ccc2c(c1)Oc1ccccc1C1CNCCC21,22
Cc1cccc2c1Oc1ccccc1[C@@]1(O)CCNC[C@H]21,1.0,c1c2c(ccc1)[C@@]1([C@@H](c3cccc(c3O2)C)CNCC1)O,c1ccc2c(c1)Oc1ccccc1C1CNCCC21,21
Cc1ccccc1,1.0,Cc1ccccc1,c1ccccc1,7
Cc1ccccc1-n1c(/C=C/c2ccccn2)nc2ccccc2c1=O,1.0,C1=CC=CC(=C1N2C(=NC3=C(C2=O)C=CC=C3)\C=C\C4=NC=CC=C4)C,O=c1c2ccccc2nc(C=Cc2ccccn2)n1-c1ccccc1,26
Cc1ccccc1-n1c(C)nc2ccccc2c1=O,1.0,Cc1ccccc1N2C(=Nc3ccccc3C2=O)C,O=c1c2ccccc2ncn1-c1ccccc1,19
Cc1ccccc1C,1.0,Cc1ccccc1C,c1ccccc1,8
Cc1ccccc1C(OCCN(C)C)c1ccccc1,1.0,CN(C)CCOC(c1ccccc1)c2ccccc2C,c1ccc(Cc2ccccc2)cc1,20
Cc1ccccc1N1CCN(CCCOc2ccccn2)CC1,1.0,C1=CC=CC(=C1N3CCN(CCCOC2=CC=CC=N2)CC3)C,c1ccc(N2CCN(CCCOc3ccccn3)CC2)cc1,23
Cc1ccccc1OCC(COC(O)C(Cl)(Cl)Cl)OC(O)C(Cl)(Cl)Cl,1.0,C1=CC=CC(=C1OCC(COC(C(Cl)(Cl)Cl)O)OC(C(Cl)(Cl)Cl)O)C,c1ccccc1,25
Cc1ccnc2c1NC(=O)c1cccnc1N2C1CC1,1.0,Cc1ccnc2N(C3CC3)c4ncccc4C(=O)Nc12,O=C1Nc2cccnc2N(C2CC2)c2ncccc21,20
Cc1ccsc1C(=CCCN1CCC[C@@H](C(=O)O)C1)c1sccc1C,1.0,[C@@H]3(CN(CCC=C(C1=C(C=CS1)C)C2=C(C=CS2)C)CCC3)C(O)=O,C(CCN1CCCCC1)=C(c1cccs1)c1cccs1,25
Cc1cn([C@H]2C=C[C@@H](CO)O2)c(=O)[nH]c1=O,1.0,CC1=CN([C@@H]2O[C@H](CO)C=C2)C(=O)NC1=O,O=c1ccn(C2C=CCO2)c(=O)[nH]1,16
Cc1cn([C@H]2C[C@H](F)[C@@H](CO)O2)c(=O)[nH]c1=O,1.0,CC1=CN([C@H]2C[C@H](F)[C@@H](CO)O2)C(=O)NC1=O,O=c1ccn(C2CCCO2)c(=O)[nH]1,17
Cc1cn([C@H]2C[C@H](N=[N+]=[N-])[C@@H](CO)O2)c(=O)[nH]c1=O,0.0,CC1=CN([C@H]2C[C@H](N=[N+]=[N-])[C@@H](CO)O2)C(=O)NC1=O,O=c1ccn(C2CCCO2)c(=O)[nH]1,19
Cc1cnc(N/C(O)=C2/C(=O)c3ccccc3S(=O)(=O)N2C)s1,0.0,CN1C(=C(/O)Nc2sc(C)cn2)/C(=O)c3ccccc3[S]1(=O)=O,O=C1C(=CNc2nccs2)NS(=O)(=O)c2ccccc21,23
Cc1cnn(-c2c(Cl)cccc2Cl)c1C(=O)N[C@@H]1C(=O)N2[C@@H]1SC(C)(C)[C@@H]2C(=O)O,0.0,Cc1cnn(c1C(=O)N[C@H]2[C@H]3SC(C)(C)[C@@H](N3C2=O)C(O)=O)c4c(Cl)cccc4Cl,O=C(NC1C(=O)N2CCSC12)c1ccnn1-c1ccccc1,30
Cc1csc(N=C(N)N)n1,1.0,Cc1csc(n1)N=C(N)N,c1cscn1,10
Cc1csc2ccc3[nH]c4c(c3c12)CN(C)CC4,1.0,C1=C4C(=C2C(=C1)SC=C2C)C3=C(CCN(C3)C)[NH]4,c1cc2c(ccc3[nH]c4c(c32)CNCC4)s1,18
Cc1nc(C)c2c(n1)N(Cc1ccc(-c3ccccc3-c3nn[nH]n3)cc1)C(=O)CC2,1.0,C3=C(CN2C1=NC(=NC(=C1CCC2=O)C)C)C=CC(=C3)C4=CC=CC=C4C5=N[NH]N=N5,O=C1CCc2cncnc2N1Cc1ccc(-c2ccccc2-c2nn[nH]n2)cc1,31
Cc1nc2c(C)cccn2c(=O)c1CCN1CCC(c2noc3cc(F)ccc23)CC1,1.0,C1=CC(=CC2=C1C(=NO2)C5CCN(CCC3=C(N=C4N(C3=O)C=CC=C4C)C)CC5)F,O=c1c(CCN2CCC(c3noc4ccccc34)CC2)cnc2ccccn12,31
Cc1nc2ccccc2c(=O)n1-c1ccccc1Cl,1.0,CC1=Nc2ccccc2C(=O)N1c3ccccc3Cl,O=c1c2ccccc2ncn1-c1ccccc1,19
Cc1nc2n(c(=O)c1CCN1CCC(C(=O)c3ccc(F)cc3)CC1)CCS2,1.0,C4=C(C(C3CCN(CCC1=C(N=C2N(C1=O)CCS2)C)CC3)=O)C=CC(=C4)F,O=C(c1ccccc1)C1CCN(CCc2cnc3n(c2=O)CCS3)CC1,28
Cc1nc2n(c(=O)c1CCN1CCC(c3noc4cc(F)ccc34)CC1)CCCC2,1.0,CC1=C(CCN2CCC(CC2)c3noc4cc(F)ccc34)C(=O)N5CCCCC5=N1,O=c1c(CCN2CCC(c3noc4ccccc34)CC2)cnc2n1CCCC2,30
Cc1nc2n(c(=O)c1CCN1CCC(c3noc4cc(F)ccc34)CC1)CCCC2O,1.0,OC1C(N2CCC1)=NC(C)=C(CCN3CCC(CC3)c4c5ccc(F)cc5on4)C2=O,O=c1c(CCN2CCC(c3noc4ccccc34)CC2)cnc2n1CCCC2,31
Cc1nc2n(c(=O)c1CCN1CCC(c3noc4cc(F)ccc34)CC1)CCC[C@H]2O,1.0,c1(c2c(cc(F)cc2)on1)C1CCN(CCc2c(n3c([C@@H](CCC3)O)nc2C)=O)CC1,O=c1c(CCN2CCC(c3noc4ccccc34)CC2)cnc2n1CCCC2,31
Cc1nc2n(n1)C(N1CCN(C)CC1)=Nc1ccccc1C2,1.0,C1=CC=CC3=C1N=C([N]2C(=NC(=N2)C)C3)N4CCN(C)CC4,c1ccc2c(c1)Cc1ncnn1C(N1CCNCC1)=N2,22
Cc1ncc(CSSCc2cnc(C)c(O)c2CO)c(CO)c1O,1.0,C1=C(C(=C(C(=N1)C)O)CO)CSSCC2=CN=C(C(=C2CO)O)C,c1cncc(CSSCc2cccnc2)c1,24
Cc1ncc([N+](=O)[O-])n1CC(O)CCl,1.0,Cc1ncc(n1CC(O)CCl)[N+]([O-])=O,c1c[nH]cn1,14
Cc1ncc([N+](=O)[O-])n1CCO,1.0,Cc1ncc(n1CCO)[N+]([O-])=O,c1c[nH]cn1,12
Cc1ncc2n1-c1ccc(Cl)cc1C(c1ccccc1Cl)=NC2,1.0,C1=CC(=CC3=C1[N]2C(=CN=C2C)CN=C3C4=CC=CC=C4Cl)Cl,c1ccc(C2=NCc3cncn3-c3ccccc32)cc1,23
Cc1ncc2n1-c1ccc(Cl)cc1C(c1ccccc1F)=NC2,1.0,Cc1ncc2CN=C(c3ccccc3F)c4cc(Cl)ccc4n12,c1ccc(C2=NCc3cncn3-c3ccccc32)cc1,23
Cc1ncc2n1-c1ccc(Cl)cc1C(c1ccccc1F)=NC2O,1.0,Cc1ncc2C(O)N=C(c3ccccc3F)c4cc(Cl)ccc4n12,c1ccc(C2=NCc3cncn3-c3ccccc32)cc1,24
Cc1nccc2c1[nH]c1ccccc12,1.0,Cc1nccc2c1[nH]c3ccccc23,c1ccc2c(c1)[nH]c1cnccc12,14
Cc1nccn1C(C)c1ccccc1,1.0,C1=CC=CC=C1C(C)[N]2C=CN=C2C,c1ccc(Cn2ccnc2)cc1,14
Cc1nccn1CC1CCc2c(c3ccccc3n2C)C1=O,1.0,Cn1c2CCC(Cn3ccnc3C)C(=O)c2c4ccccc14,O=C1c2c([nH]c3ccccc23)CCC1Cn1ccnc1,22
Cc1nccnc1N1CCCCC1,1.0,C1=CN=C(C(=N1)N2CCCCC2)C,c1cnc(N2CCCCC2)cn1,13
Cc1ncsc1CCCl,1.0,Cc1ncsc1CCCl,c1cscn1,9
Cc1nn(C)c2c1C(c1ccccc1F)=NCC(=O)N2C,1.0,C1=CC=CC(=C1C2=NCC(N(C3=C2C(=N[N]3C)C)C)=O)F,O=C1CN=C(c2ccccc2)c2cn[nH]c2N1,21
Cc1nn(C)c2c1N(c1ccccc1)C(=O)CC(=O)N2C,1.0,C3=C(N2C1=C([N](C)N=C1C)N(C(=O)CC2=O)C)C=CC=C3,O=C1CC(=O)N(c2ccccc2)c2cn[nH]c2N1,21
Cc1nnc(SCC2=C(C(=O)O)N3C(=O)[C@@H](NC(=O)C(N)c4ccc(O)cc4)[C@H]3SC2)s1,0.0,Cc1sc(SCC2=C(N3[C@H](SC2)[C@H](NC(=O)C(N)c4ccc(O)cc4)C3=O)C(O)=O)nn1,O=C(Cc1ccccc1)NC1C(=O)N2C=C(CSc3nncs3)CSC12,32
Cc1nnc(SCC2=C(C(=O)O)N3C(=O)[C@@H](NC(=O)Cn4cc(Cl)c(=O)c(Cl)c4)[C@H]3SC2)s1,0.0,Cc1sc(SCC2=C(N3[C@H](SC2)[C@H](NC(=O)CN4C=C(Cl)C(=O)C(=C4)Cl)C3=O)C(O)=O)nn1,O=C(Cn1ccc(=O)cc1)NC1C(=O)N2C=C(CSc3nncs3)CSC12,33
Cc1nnc(SCC2=C(C(=O)O)N3C(=O)[C@@H](NC(=O)[C@H](O)c4ccccc4)[C@H]3SC2)s1,0.0,Cc1sc(SCC2=C(N3[C@H](SC2)[C@H](NC(=O)[C@H](O)c4ccccc4)C3=O)C(O)=O)nn1,O=C(Cc1ccccc1)NC1C(=O)N2C=C(CSc3nncs3)CSC12,31
Cc1nnc(SCC2=C(C(=O)OCc3oc(=O)oc3C)N3C(=O)C(NC(=O)C(OC(=O)C(C)N)c4ccccc4)C3SC2)s1,0.0,CC(N)C(=O)OC(C(=O)NC1C2SCC(=C(N2C1=O)C(=O)OCC3=C(C)OC(=O)O3)CSc4sc(C)nn4)c5ccccc5,O=C(Cc1ccccc1)NC1C(=O)N2C(C(=O)OCc3coc(=O)o3)=C(CSc3nncs3)CSC12,44
Cc1nnc(SCC2=C(C(=O)[O-])N3C(=O)[C@@H](NC(=O)Cn4cnnn4)[C@H]3SC2)s1,0.0,[Na+].Cc1sc(SCC2=C(N3[C@H](SC2)[C@H](NC(=O)Cn4cnnn4)C3=O)C([O-])=O)nn1,O=C(Cn1cnnn1)NC1C(=O)N2C=C(CSc3nncs3)CSC12,29
Cc1nnc2n1-c1ccc(Cl)cc1C(c1ccccc1)=NC2,1.0,Cc1nnc2CN=C(c3ccccc3)c4cc(Cl)ccc4n12,c1ccc(C2=NCc3nncn3-c3ccccc32)cc1,22
Cc1nnc2n1-c1ccc(Cl)cc1C(c1ccccc1Cl)=NC2,1.0,Cc1nnc2CN=C(c3ccccc3Cl)c4cc(Cl)ccc4n12,c1ccc(C2=NCc3nncn3-c3ccccc32)cc1,23
Cc1nnc2n1-c1sc(Br)cc1C(c1ccccc1Cl)=NC2,1.0,C1=C(Br)SC2=C1C(=NCC3=NN=C([N]23)C)C4=C(C=CC=C4)Cl,c1ccc(C2=NCc3nncn3-c3sccc32)cc1,22
Cc1noc(NS(=O)(=O)c2ccc(N)cc2)c1C,1.0,Cc1noc(N[S](=O)(=O)c2ccc(N)cc2)c1C,O=S(=O)(Nc1ccno1)c1ccccc1,18
Cc1oc(=O)oc1COC(=O)[C@@H]1N2C(=O)[C@@H](NC(=O)[C@H](N)c3ccccc3)[C@H]2SC1(C)C,0.0,CC1=C(COC(=O)[C@@H]2N3[C@H](SC2(C)C)[C@H](NC(=O)[C@H](N)c4ccccc4)C3=O)OC(=O)O1,O=C(Cc1ccccc1)NC1C(=O)N2C(C(=O)OCc3coc(=O)o3)CSC12,32
Cc1oc(C(C)(C)N(C(C)(C)N)C(C)(C)N)c(C)c1C,1.0,c1(c(oc(c1C)C(N(C(C)(N)C)C(N)(C)C)(C)C)C)C.C[NH+]O.[OH-],c1ccoc1,20
Cc1onc(-c2c(Cl)cccc2Cl)c1C(=O)N[C@@H]1C(=O)N2[C@@H]1SC(C)(C)[C@@H]2C(=O)O,0.0,Cc1onc(c1C(=O)N[C@H]2[C@H]3SC(C)(C)[C@@H](N3C2=O)C(O)=O)c4c(Cl)cccc4Cl,O=C(NC1C(=O)N2CCSC12)c1conc1-c1ccccc1,30
Cc1onc(-c2c(F)cccc2Cl)c1C(=O)N[C@@H]1C(=O)N2[C@@H]1SC(C)(C)[C@@H]2C(=O)O,0.0,Cc1onc(c1C(=O)N[C@H]2[C@H]3SC(C)(C)[C@@H](N3C2=O)C(O)=O)c4c(F)cccc4Cl,O=C(NC1C(=O)N2CCSC12)c1conc1-c1ccccc1,30
Cc1onc(-c2ccccc2)c1C(=O)N[C@@H]1C(=O)N2[C@@H]1SC(C)(C)[C@@H]2C(=O)O,0.0,Cc1onc(c2ccccc2)c1C(=O)N[C@H]3[C@H]4SC(C)(C)[C@@H](N4C3=O)C(O)=O,O=C(NC1C(=O)N2CCSC12)c1conc1-c1ccccc1,28
Cc1onc(-c2ccccc2Cl)c1C(=O)N[C@@H]1C(=O)N2[C@@H]1SC(C)(C)[C@@H]2C(=O)O,1.0,Cc1onc(c2ccccc2Cl)c1C(=O)N[C@H]3[C@H]4SC(C)(C)[C@@H](N4C3=O)C(O)=O,O=C(NC1C(=O)N2CCSC12)c1conc1-c1ccccc1,29
Cl/C(=C\n1cncn1)c1ccc(Cl)cc1Cl,1.0,C1=CC(=CC(=C1\C(=C\[N]2C=NC=N2)Cl)Cl)Cl,C(=Cn1cncn1)c1ccccc1,16
ClC(Cl)Cl,1.0,ClC(Cl)Cl,,4
ClC=C(Cl)Cl,1.0,ClC=C(Cl)Cl,,5
ClCCl,1.0,C(Cl)Cl,,3
Clc1ccc(C(OCCN2CCOCC2)c2ccccc2)cc1,1.0,Clc1ccc(cc1)C(OCCN2CCOCC2)c3ccccc3,c1ccc(C(OCCN2CCOCC2)c2ccccc2)cc1,23
Clc1ccc(COC(Cn2ccnc2)c2ccc(Cl)cc2Cl)cc1,0.0,Clc1ccc(COC(Cn2ccnc2)c3ccc(Cl)cc3Cl)cc1,c1ccc(COC(Cn2ccnc2)c2ccccc2)cc1,24
Clc1ccc(N2CCN(C/C=C/c3ccccc3)CC2)nn1,1.0,C3=C(N2CCN(C\C=C\C1=CC=CC=C1)CC2)N=NC(=C3)Cl,C(=Cc1ccccc1)CN1CCN(c2cccnn2)CC1,22
Clc1ccc(OCC2=NCCN2)cc1Cl,1.0,C1=C(C(=CC=C1OCC2=NCCN2)Cl)Cl,c1ccc(OCC2=NCCN2)cc1,15
Clc1ccc([C@@H]2[C@H]3CC[C@@H](C3)C23CCC(N2CCOCC2)=N3)cc1,1.0,[C@@H]3(C1=CC=C(Cl)C=C1)[C@H]2CC[C@@H](C2)C34CCC(=N4)N5CCOCC5,c1ccc(C2C3CCC(C3)C23CCC(N2CCOCC2)=N3)cc1,24
Clc1ccc2c(c1)/C(=C/C1CN3CCC1CC3)c1ccccc1S2,1.0,C1=C(Cl)C=CC3=C1\C(C2=C(C=CC=C2)S3)=C\C4C5CCN(C4)CC5,C(=C1c2ccccc2Sc2ccccc21)C1CN2CCC1CC2,24
Clc1ccc2c(c1)C(N1CCNCC1)=Nc1ccccc1O2,1.0,C1=C(Cl)C=CC2=C1C(=NC3=C(O2)C=CC=C3)N4CCNCC4,c1ccc2c(c1)N=C(N1CCNCC1)c1ccccc1O2,22
Clc1ccc2c(c1)C(c1ccccc1)=NCc1nncn1-2,1.0,Clc1ccc2n3cnnc3CN=C(c4ccccc4)c2c1,c1ccc(C2=NCc3nncn3-c3ccccc32)cc1,21
Clc1ccc2c(c1)C1CNCC1c1ccccc1O2,1.0,Clc1cc2c(Oc3ccccc3C3CNCC32)cc1,c1ccc2c(c1)Oc1ccccc1C1CNCC21,19
Clc1ccc2c(c1)[C@H]1CCNC[C@@H]1c1ccccc1O2,1.0,c1ccc2Oc3c(cc(cc3)Cl)[C@@H]3[C@@H](c2c1)CNCC3,c1ccc2c(c1)Oc1ccccc1C1CNCCC21,20
Clc1ccc2c(c1)[C@H]1CNC[C@H]1c1ccccc1O2,1.0,c1c2c(cc(c1)Cl)[C@@H]1[C@H](c3ccccc3O2)CNC1,c1ccc2c(c1)Oc1ccccc1C1CNCC21,19
Clc1cccc(Cl)c1NC1=NCCN1,1.0,Clc1cccc(Cl)c1NC2=NCCN2,c1ccc(NC2=NCCN2)cc1,14
Clc1cccc(Cl)c1NC1=NCCO1,1.0,C1=C(C(=C(C=C1)Cl)NC2=NCCO2)Cl,c1ccc(NC2=NCCO2)cc1,14
Clc1ccccc1C(c1ccccc1)(c1ccccc1)n1ccnc1,0.0,Clc1ccccc1C(n2ccnc2)(c3ccccc3)c4ccccc4,c1ccc(C(c2ccccc2)(c2ccccc2)n2ccnc2)cc1,25
Clc1ccccc1C1=NCc2nnc(C3CCCCC3)n2-c2sc(Br)cc21,1.0,C1=C(SC2=C1C(=NCC3=NN=C([N]23)C4CCCCC4)C5=CC=CC=C5Cl)Br,c1ccc(C2=NCc3nnc(C4CCCCC4)n3-c3sccc32)cc1,27
Clc1cnn(CCCCN2CCN(c3ncccn3)CC2)c1,1.0,C1=CC=NC(=N1)N3CCN(CCCC[N]2C=C(Cl)C=N2)CC3,c1cnc(N2CCN(CCCCn3cccn3)CC2)nc1,22
Cn1c(=O)[nH]c2ncn(C)c2c1=O,1.0,Cn1cnc2NC(=O)N(C)C(=O)c12,O=c1[nH]c(=O)c2[nH]cnc2[nH]1,13
Cn1c(=O)c2[nH]cnc2n(C)c1=O,0.0,CN1C(=O)N(C)c2nc[nH]c2C1=O.CN3C(=O)N(C)c4nc[nH]c4C3=O.NCCN,O=c1[nH]c(=O)c2[nH]cnc2[nH]1,13
Cn1c(=O)c2c(ncn2C)n(C)c1=O,1.0,Cn1cnc2N(C)C(=O)N(C)C(=O)c12,O=c1[nH]c(=O)c2[nH]cnc2[nH]1,14
Cn1c(=O)c2c(ncn2CCN2CCC(c3c[nH]c4ccccc34)CC2)n(C)c1=O,1.0,C1=NC5=C([N]1CCN4CCC(C2=C[NH]C3=C2C=CC=C3)CC4)C(N(C)C(N5C)=O)=O,O=c1[nH]c(=O)c2c(ncn2CCN2CCC(c3c[nH]c4ccccc34)CC2)[nH]1,30
Cn1c(=O)c2c(ncn2CCNCC(O)c2ccc(O)c(O)c2)n(C)c1=O,0.0,CN1C(=O)N(C)c2ncn(CCNCC(O)c3ccc(O)c(O)c3)c2C1=O,O=c1[nH]c(=O)c2c(ncn2CCNCCc2ccccc2)[nH]1,27
Cn1c(=O)c2nc[nH]c2n(C)c1=O,1.0,n1(c(c2nc[nH]c2n(c1=O)C)=O)C,O=c1[nH]c(=O)c2nc[nH]c2[nH]1,13
Cn1cc(CCN2CCN(c3ccccc3Cl)CC2)cn1,1.0,C1=CC=CC(=C1N3CCN(CCC2=C[N](C)N=C2)CC3)Cl,c1ccc(N2CCN(CCc3cn[nH]c3)CC2)cc1,21
Cn1cnc2c1c(=O)[nH]c(=O)n2C,1.0,Cn1cnc2N(C)C(=O)NC(=O)c12,O=c1[nH]c(=O)c2[nH]cnc2[nH]1,13
Cn1nc(-c2cccc(F)c2)n(C)c1=S,1.0,C1=C(C=CC=C1C2=NN(C)C(N2C)=S)F,S=c1[nH]nc(-c2ccccc2)[nH]1,15
Cn1nc(-c2cccnc2)nc1-c1ccccc1CO,1.0,C3=C(C1=NC(=N[N]1C)C2=CC=CN=C2)C(=CC=C3)CO,c1ccc(-c2nc(-c3cccnc3)n[nH]2)cc1,20
Cn1nnnc1SCC1=C(C(=O)O)N2C(=O)[C@@H](NC(=O)CS/C=C\C#N)[C@H]2SC1,0.0,Cn1nnnc1SCC2=C(N3[C@H](SC2)[C@H](NC(=O)CS\C=C/C#N)C3=O)C(O)=O,O=C1CC2SCC(CSc3nnn[nH]3)=CN12,29
Cn1nnnc1SCC1=C(C(=O)O)N2C(=O)[C@@H](NC(=O)[C@H](O)c3ccccc3)[C@H]2SC1,1.0,Cn1nnnc1SCC2=C(N3[C@H](SC2)[C@H](NC(=O)[C@H](O)c4ccccc4)C3=O)C(O)=O,O=C(Cc1ccccc1)NC1C(=O)N2C=C(CSc3nnn[nH]3)CSC12,31
Cn1nnnc1SCC1=C(C(=O)[O-])N2C(=O)[C@@H](NC(=O)CSC(F)(F)F)[C@H]2SC1,0.0,[Na+].Cn1nnnc1SCC2=C(N3[C@H](SC2)[C@H](NC(=O)CSC(F)(F)F)C3=O)C([O-])=O,O=C1CC2SCC(CSc3nnn[nH]3)=CN12,29
FC(Br)C(F)(F)F,1.0,FC(Br)C(F)(F)F,,7
FC(F)(Cl)C(F)(F)Cl,1.0,ClC(C(F)(F)Cl)(F)F,,8
FC(F)(F)C(Cl)Br,1.0,FC(F)(F)C(Cl)Br,,7
FC(F)(F)CCl,1.0,ClCC(F)(F)F,,6
FC(F)(F)c1ccc(N2CCNCC2)nc1Cl,1.0,FC(F)(F)c1c(Cl)nc(N2CCNCC2)cc1,c1ccc(N2CCNCC2)nc1,17
FC(F)(F)c1ccc2c(c1)N(CCCN1CCN(C3CC3)CC1)c1ccccc1S2,1.0,FC(F)(F)c1ccc2Sc3ccccc3N(CCCN4CCN(CC4)C5CC5)c2c1,c1ccc2c(c1)Sc1ccccc1N2CCCN1CCN(C2CC2)CC1,30
FC(F)(F)c1ccc2c(c1)N(CCCN1CCN(CCC3OCCCO3)CC1)c1ccccc1S2,1.0,OC(=O)CCC(O)=O.FC(F)(F)c1ccc2Sc3ccccc3N(CCCN4CCN(CCC5OCCCO5)CC4)c2c1,c1ccc2c(c1)Sc1ccccc1N2CCCN1CCN(CCC2OCCCO2)CC1,35
FC(F)(F)c1cccc(C2=CCN(CCc3ccc4ccccc4c3)CC2)c1,1.0,C1=C(C(F)(F)F)C=CC=C1C2=CCN(CC2)CCC4=CC3=CC=CC=C3C=C4,C1=C(c2ccccc2)CCN(CCc2ccc3ccccc3c2)C1,28
FC(F)(F)c1cccc(N2CCN(CCc3nnc4n3C[C@H]3CCC[C@@H]43)CC2)c1,1.0,[C@H]23C1=NN=C([N]1C[C@H]2CCC3)CCN4CCN(CC4)C5=CC=CC(=C5)C(F)(F)F,c1ccc(N2CCN(CCc3nnc4n3CC3CCCC43)CC2)cc1,29
FC(F)OC(Cl)C(F)(F)F,1.0,FC(F)OC(Cl)C(F)(F)F,,10
FC(F)OC(F)(F)C(F)Cl,1.0,FC(F)OC(F)(F)C(F)Cl,,10
FC(F)OC(F)C(F)(F)F,1.0,O(C(C(F)(F)F)F)C(F)F,,10
FCC(F)(F)F,1.0,C(C(F)(F)F)F,,6
FCOC(C(F)(F)F)C(F)(F)F,1.0,FCOC(C(F)(F)F)C(F)(F)F,,12
Fc1ccc(-c2ccc(CN3CCN(c4cccc5ccoc45)CC3)[nH]2)cc1,1.0,C1=C(C2=C(C=C1)C=CO2)N5CCN(CC3=CC=C([NH]3)C4=CC=C(C=C4)F)CC5,c1ccc(-c2ccc(CN3CCN(c4cccc5ccoc45)CC3)[nH]2)cc1,28
Fc1ccc(C(CCCN2CCN(CCNc3ccccc3)CC2)c2ccc(F)cc2)cc1,1.0,C4=C(C(C1=CC=C(C=C1)F)CCCN3CCN(CCNC2=CC=CC=C2)CC3)C=CC(=C4)F,c1ccc(NCCN2CCN(CCCC(c3ccccc3)c3ccccc3)CC2)cc1,33
Fc1ccc([C@@H]2CCNC[C@H]2COc2ccc3c(c2)OCO3)cc1,1.0,[C@@H]3([C@H](COC1=CC=C2C(=C1)OCO2)CNCC3)C4=CC=C(C=C4)F,c1ccc(C2CCNCC2COc2ccc3c(c2)OCO3)cc1,24
Fc1ccc2[nH]c3c(c2c1)CN(CCCc1cccnc1)CC3,1.0,C1=C(F)C=CC2=C1C3=C([NH]2)CCN(C3)CCCC4=CN=CC=C4,c1cncc(CCCN2CCc3[nH]c4ccccc4c3C2)c1,23
Fc1ccc2[nH]c3c(c2c1)CN(CCc1ccncc1)CC3,1.0,C1=C(F)C=CC2=C1C3=C([NH]2)CCN(C3)CCC4=CC=NC=C4,c1ccc2c3c([nH]c2c1)CCN(CCc1ccncc1)C3,22
Fc1cccc(Br)c1NC1=NCCN1,1.0,C1=C(C(=C(C=C1)Br)NC2=NCCN2)F,c1ccc(NC2=NCCN2)cc1,14
Fc1ccccc1C1=NCC(=S)N(CC(F)(F)F)c2ccc(Cl)cc21,1.0,Fc1ccccc1C2=NCC(=S)N(CC(F)(F)F)c3ccc(Cl)cc23,S=C1CN=C(c2ccccc2)c2ccccc2N1,25
Fc1ccccc1C1=NCCN(CC(F)(F)F)c2ccc(Cl)cc21,1.0,C1=C(Cl)C=CC2=C1C(=NCCN2CC(F)(F)F)C3=CC=CC=C3F,c1ccc(C2=NCCNc3ccccc32)cc1,24
N#CC(CCN1CCC(C(N)=O)(N2CCCCC2)CC1)(c1ccccc1)c1ccccc1,1.0,C1=CC=CC=C1C(C2=CC=CC=C2)(CCN4CCC(N3CCCCC3)(C(N)=O)CC4)C#N,c1ccc(C(CCN2CCC(N3CCCCC3)CC2)c2ccccc2)cc1,32
N#CCCN1C(=O)C(O)N=C(c2ccccc2F)c2cc(Cl)ccc21,1.0,C1=C(Cl)C=CC2=C1C(=NC(O)C(N2CCC#N)=O)C3=CC=CC=C3F,O=C1CN=C(c2ccccc2)c2ccccc2N1,25
N#Cc1cc(-c2ccccc2)nnc1NCCN1CCOCC1,1.0,C1=C(C(=NN=C1C2=CC=CC=C2)NCCN3CCOCC3)C#N,c1ccc(-c2ccc(NCCN3CCOCC3)nn2)cc1,23
N#Cc1ccc2c(c1)C1=C(CCN(CC3CCCC3)CC1)c1ccccc1O2,1.0,N#Cc5ccc4Oc1ccccc1C2=C(CCN(CC2)CC3CCCC3)c4c5,c1ccc2c(c1)Oc1ccccc1C1=C2CCN(CC2CCCC2)CC1,28
N#Cc1ccc2c(c1)N(CCCN1CCC(O)CC1)c1ccccc1S2,1.0,C1=C(C=CC3=C1N(CCCN2CCC(CC2)O)C4=C(S3)C=CC=C4)C#N,c1ccc2c(c1)Sc1ccccc1N2CCCN1CCCCC1,26
N/C(N=O)=C1\NNc2ccccc2N(Cc2ccccc2)C1=O,1.0,C3=C2N(CC1=CC=CC=C1)C(=O)\C(NNC2=CC=C3)=C(\N)N=O,C=C1NNc2ccccc2N(Cc2ccccc2)C1=O,23
N=C(N)NCCCOc1ccccc1,1.0,NC(=N)NCCCOc1ccccc1,c1ccccc1,14
N=C(N)c1ccc(-c2ccccc2[N+](=O)[O-])o1,1.0,NC(=N)c1ccc(o1)c2ccccc2N(=O)=O,c1ccc(-c2ccco2)cc1,17
N=C1SCCN1c1ccc(Cl)cc1N,1.0,C2=C(N1C(SCC1)=N)C(=CC(=C2)Cl)N,N=C1SCCN1c1ccccc1,14
NC(=O)C1(N2CCCCC2)CCN(CCCC(=O)c2ccc(F)cc2)CC1,1.0,NC(=O)C1(CCN(CCCC(=O)c2ccc(F)cc2)CC1)N3CCCCC3,O=C(CCCN1CCC(N2CCCCC2)CC1)c1ccccc1,27
NC(=O)C1(N2CCCCC2)CCN(CCCN2c3ccccc3CCc3ccc(Cl)cc32)CC1,1.0,C1=C(Cl)C=CC4=C1N(CCCN3CCC(N2CCCCC2)(CC3)C(N)=O)C5=C(CC4)C=CC=C5,c1ccc2c(c1)CCc1ccccc1N2CCCN1CCC(N2CCCCC2)CC1,34
NC(=O)C1(N2CCCCC2)CCN(CCCN2c3ccccc3CCc3ccccc32)CC1,1.0,C1=CC=CC4=C1N(CCCN3CCC(N2CCCCC2)(CC3)C(N)=O)C5=C(CC4)C=CC=C5,c1ccc2c(c1)CCc1ccccc1N2CCCN1CCC(N2CCCCC2)CC1,33
NC(=O)C1CCCCO1,1.0,O1CCCCC1C(=O)N,C1CCOCC1,9
NC(=O)C1c2ccccc2C=Cc2ccccc21,1.0,C1=CC=CC3=C1C(C2=C(C=CC=C2)C=C3)C(N)=O,C1=Cc2ccccc2Cc2ccccc21,18
NC(=O)C1c2ccccc2CCc2ccccc21,1.0,C1=CC=CC3=C1C(C2=C(C=CC=C2)CC3)C(N)=O,c1ccc2c(c1)CCc1ccccc1C2,18
NC(=O)CCCN/C(=C1\C=C(F)C=CC1=O)c1ccc(Cl)cc1,1.0,C2=C(\C(NCCCC(=O)N)=C/1C=C(F)C=CC1=O)C=CC(=C2)Cl,O=C1C=CC=CC1=Cc1ccccc1,23
NC(=O)CN1C(=O)C(c2ccccc2)c2ccccc21,1.0,C1=CC=CC2=C1C(C(N2CC(N)=O)=O)C3=CC=CC=C3,O=C1Nc2ccccc2C1c1ccccc1,20
NC(=O)CN1C(=O)COc2ccccc21,1.0,C1=CC=CC2=C1N(C(CO2)=O)CC(N)=O,O=C1COc2ccccc2N1,15
NC(=O)CN1CC(O)CC1=O,1.0,C(N1CC(O)CC1=O)C(N)=O,O=C1CCCN1,11
NC(=O)CN1CCCC1=O,1.0,C(N1C(CCC1)=O)C(N)=O,O=C1CCCN1,10
NC(=O)CN1Cc2ccccc2OC1=O,1.0,C1=CC=CC2=C1CN(CC(N)=O)C(O2)=O,O=C1NCc2ccccc2O1,15
NC(=O)CS(=O)C(c1ccccc1)c1ccccc1,1.0,C2=C(C(C1=CC=CC=C1)[S](CC(N)=O)=O)C=CC=C2,c1ccc(Cc2ccccc2)cc1,19
NC(=O)N1CC(Oc2cccc(C(F)(F)F)c2)C1,1.0,C1=C(C=CC=C1OC2CN(C(N)=O)C2)C(F)(F)F,c1ccc(OC2CNC2)cc1,18
NC(=O)N1c2ccccc2C2OC2c2ccccc21,1.0,C1=CC=C2C(=C1)C3C(O3)C4=CC=CC=C4N2C(=O)N,c1ccc2c(c1)Nc1ccccc1C1OC21,19
NC(=O)N1c2ccccc2C=Cc2ccccc21,1.0,NC(=O)N1c2ccccc2C=Cc3ccccc13,C1=Cc2ccccc2Nc2ccccc21,18
NC(=O)N1c2ccccc2CC(=O)c2ccccc21,1.0,C1=CC=CC3=C1N(C2=C(C=CC=C2)CC3=O)C(N)=O,O=C1Cc2ccccc2Nc2ccccc21,19
NC(=O)NC(=O)Cc1ccccc1,1.0,C1=CC=CC=C1CC(NC(N)=O)=O,c1ccccc1,13
NC(=O)NCCN1CCN(c2cccc(C(F)(F)F)c2)CC1,1.0,C1=C(C=CC=C1N2CCN(CCNC(N)=O)CC2)C(F)(F)F,c1ccc(N2CCNCC2)cc1,22
NC(=O)NO,1.0,NC(=O)NO,,5
NC(=O)OCC(COC(N)=O)c1ccccc1,1.0,C1=C(C(COC(N)=O)COC(N)=O)C=CC=C1,c1ccccc1,17
NC(=O)OCC(O)COc1ccc(Cl)cc1,1.0,C1=CC(=CC=C1OCC(COC(N)=O)O)Cl,c1ccccc1,16
NC(=O)OCC1[C@H](NC(=O)/C(=N\OCC(=O)O)c2csc(N)n2)C(=O)N1S(=O)(=O)O,0.0,NC(=O)OCC1[C@H](NC(=O)C(=N/OCC(O)=O)\c2csc(N)n2)C(=O)N1[S](O)(=O)=O,N=C(C(=O)NC1CNC1=O)c1cscn1,30
NC(=O)OCCCc1ccccc1,1.0,NC(=O)OCCCc1ccccc1,c1ccccc1,13
NC(=O)c1ccc(F)c2c1C[C@@H](N(C1CCC1)C1CCC1)CO2,1.0,[C@@H]3(N(C1CCC1)C2CCC2)CC4=C(OC3)C(=CC=C4C(=O)N)F,c1ccc2c(c1)CC(N(C1CCC1)C1CCC1)CO2,23
NC(=O)c1ccccc1O,1.0,C(C1=CC=CC=C1O)(=O)N,c1ccccc1,10
NC(=O)c1cccnc1,1.0,C(C1=CN=CC=C1)(=O)N,c1ccncc1,9
NC(=O)c1cn(Cc2c(F)cccc2F)nn1,1.0,C1=C(C(N)=O)N=N[N]1CC2=C(C=CC=C2F)F,c1ccc(Cn2ccnn2)cc1,17
NC(=O)c1cnccn1,1.0,NC(=O)c1cnccn1,c1cnccn1,9
NC(=O)c1ncn([C@@H]2O[C@H](CO)[C@@H](O)[C@H]2O)n1,0.0,NC(=O)c1ncn(n1)[C@@H]2O[C@H](CO)[C@@H](O)[C@H]2O,c1ncn(C2CCCO2)n1,17
NC(C(=O)N[C@@H]1C(=O)N2C(C(=O)O)=C(CSc3cn[nH]n3)CS[C@H]12)c1ccc(O)cc1,0.0,NC(C(=O)N[C@H]1[C@H]2SCC(=C(N2C1=O)C(O)=O)CSc3cn[nH]n3)c4ccc(O)cc4,O=C(Cc1ccccc1)NC1C(=O)N2C=C(CSc3cn[nH]n3)CSC12,31
NC(CO)(CO)CO,0.0,NC(CO)(CO)CO,,8
NC(CO)C(=O)NNCc1ccc(O)c(O)c1O,0.0,NC(CO)C(=O)NNCc1ccc(O)c(O)c1O,c1ccccc1,18
NC(Cc1c[nH]c2ccc(O)cc12)C(=O)O,1.0,C1=C(O)C=CC2=C1C(=C[NH]2)CC(C(O)=O)N,c1ccc2[nH]ccc2c1,16
NC(Cc1ccc(N(CCCl)CCCl)cc1)C(=O)O,0.0,NC(Cc1ccc(cc1)N(CCCl)CCCl)C(O)=O,c1ccccc1,19
NC(N)=N/N=C/c1c(Cl)cccc1Cl,0.0,NC(N)=N\N=C\c1c(Cl)cccc1Cl,c1ccccc1,14
NC(N)=NC(=O)c1nc(Cl)c(N)nc1N,1.0,NC(N)=NC(=O)c1nc(Cl)c(N)nc1N,c1cnccn1,15
NC(N)=NCC1COC2(CCCCC2)O1,0.0,NC(N)=NCC1COC2(CCCCC2)O1,C1CCC2(CC1)OCCO2,15
NC(N)=NCCN1CCCCCCC1,0.0,NC(N)=NCCN1CCCCCCC1,C1CCCNCCC1,14
NC(N)=Nc1nc(-c2cccc(N)c2)cs1,1.0,c1ccc(cc1N)c1csc(n1)N=C(N)N,c1ccc(-c2cscn2)cc1,16
NC(N)=Nc1nc(-c2ccccc2)cs1,1.0,c1ccc(cc1)c1csc(n1)N=C(N)N,c1ccc(-c2cscn2)cc1,15
NC(N)=Nc1nc(CSCCC(N)=NS(N)(=O)=O)cs1,1.0,NC(N)=Nc1scc(CSCCC(N)=N[S](N)(=O)=O)n1,c1cscn1,20
NC(N)=O,1.0,NC(N)=O,,4
NC/C(=C/F)CCc1ccc(F)cc1,1.0,C1=C(CC\C(CN)=C/F)C=CC(=C1)F,c1ccccc1,14
NC12CC3CC(CC(C3)C1)C2,1.0,[Cl-].NC12CC3CC(CC(C3)C1)C2.[H+],C1C2CC3CC1CC(C2)C3,11
NC1=NC(=O)C(c2ccccc2)O1,1.0,NC1=NC(=O)C(O1)c2ccccc2,O=C1N=COC1c1ccccc1,13
NC1=NC(C(F)(F)F)(C(F)(F)F)NC1(C(F)(F)F)C(F)(F)F,1.0,C1(=NC(NC1(C(F)(F)F)C(F)(F)F)(C(F)(F)F)C(F)(F)F)N,C1=NCNC1,22
NC1CCCC1c1ccccc1,1.0,C2=C(C1C(CCC1)N)C=CC=C2,c1ccc(C2CCCC2)cc1,12
NC1CONC1=O,1.0,NC1CONC1=O,O=C1CCON1,7
NC1[C@H]2CN(c3nc4c(cc3F)c(=O)c(C(=O)O)cn4-c3ccc(F)cc3F)C[C@@H]12,1.0,NC1[C@H]2CN(C[C@@H]12)c3nc4N(C=C(C(O)=O)C(=O)c4cc3F)c5ccc(F)cc5F,O=c1ccn(-c2ccccc2)c2nc(N3CC4CC4C3)ccc12,30
NCC(O)c1ccc(O)c(O)c1,0.0,NCC(O)c1ccc(O)c(O)c1,c1ccccc1,12
NCC(O)c1cccc(O)c1,0.0,NCC(O)c1cccc(O)c1,c1ccccc1,11
NCC1(CC(=O)O)CCCCC1,1.0,NCC1(CCCCC1)CC(O)=O,C1CCCCC1,12
NCC1CC(=O)N(Cc2ccccc2)C1,1.0,C1=CC=CC=C1CN2C(CC(C2)CN)=O,O=C1CCCN1Cc1ccccc1,15
NCC1CCC(N)C(OC2C(N)CC(N)C(OC3OC(CO)C(O)C(N)C3O)C2O)O1,0.0,NCC1CCC(N)C(O1)OC2C(N)CC(N)C(OC3OC(CO)C(O)C(N)C3O)C2O,C1CCC(OC2CCCC(OC3CCCCO3)C2)OC1,31
NCC1OC(OC2C(N)CC(N)C(OC3OC(CO)C(O)C(N)C3O)C2O)C(N)C(O)C1O,0.0,NCC1OC(OC2C(N)CC(N)C(OC3OC(CO)C(O)C(N)C3O)C2O)C(N)C(O)C1O,C1CCC(OC2CCCC(OC3CCCCO3)C2)OC1,33
NCC1OC(OC2C(N)CC(N)C(OC3OC(CO)C(O)C(N)C3O)C2O)C(O)C(O)C1O,0.0,NCC1OC(OC2C(N)CC(N)C(OC3OC(CO)C(O)C(N)C3O)C2O)C(O)C(O)C1O,C1CCC(OC2CCCC(OC3CCCCO3)C2)OC1,33
NCC1OC(OC2C(N)CC(NC(CO)CO)C(OC3OC(CO)C(O)C(N)C3O)C2O)C(N)C(O)C1O,0.0,NCC1OC(OC2C(N)CC(NC(CO)CO)C(OC3OC(CO)C(O)C(N)C3O)C2O)C(N)C(O)C1O,C1CCC(OC2CCCC(OC3CCCCO3)C2)OC1,38
NCCC(O)CNC1CC(N)C(OC2OC(CN)C(O)C(O)C2O)C(O)C1OC1OC(CO)C(O)C(N)C1O,0.0,NCCC(O)CNC1CC(N)C(OC2OC(CN)C(O)C(O)C2O)C(O)C1OC3OC(CO)C(O)C(N)C3O,C1CCC(OC2CCCC(OC3CCCCO3)C2)OC1,39
NCCC(Oc1ccc(C(F)(F)F)cc1)c1ccccc1,1.0,NCCC(Oc1ccc(cc1)C(F)(F)F)c2ccccc2,c1ccc(COc2ccccc2)cc1,21
NCCCN1c2ccccc2CCc2ccccc21,1.0,N1(c2c(CCc3c1cccc3)cccc2)CCCN,c1ccc2c(c1)CCc1ccccc1N2,19
NCCCN1c2ccccc2Sc2ccc(Cl)cc21,1.0,ClC1=CC=C(SC(C=CC=C2)=C2N3CCCN)C3=C1,c1ccc2c(c1)Nc1ccccc1S2,19
NCCCNCCSP(=O)(O)O,0.0,NCCCNCCS[P](O)(O)=O,,12
NCC[C@H](O)C(=O)N[C@@H]1C[C@H](N)[C@@H](O[C@H]2O[C@H](CN)CC[C@H]2N)[C@H](O)[C@H]1O[C@H]1O[C@H](CO)[C@@H](O)[C@H](N)[C@H]1O,0.0,NCC[C@H](O)C(=O)N[C@@H]1C[C@H](N)[C@@H](O[C@H]2O[C@H](CN)CC[C@H]2N)[C@H](O)[C@H]1O[C@H]3O[C@H](CO)[C@@H](O)[C@H](N)[C@H]3O,C1CCC(OC2CCCC(OC3CCCCO3)C2)OC1,38
NCC[C@H](O)C(=O)N[C@@H]1C[C@H](N)[C@@H](O[C@H]2O[C@H](CN)[C@@H](O)[C@H](O)[C@H]2O)[C@H](O)[C@H]1O[C@H]1O[C@H](CO)[C@@H](O)[C@H](N)[C@H]1O,1.0,NCC[C@H](O)C(=O)N[C@@H]1C[C@H](N)[C@@H](O[C@H]2O[C@H](CN)[C@@H](O)[C@H](O)[C@H]2O)[C@H](O)[C@H]1O[C@H]3O[C@H](CO)[C@@H](O)[C@H](N)[C@H]3O,C1CCC(OC2CCCC(OC3CCCCO3)C2)OC1,40
NCCc1ccc(O)c(O)c1,0.0,NCCc1ccc(O)c(O)c1,c1ccccc1,11
NCCc1cn2ccccc2n1,0.0,c1cccn2c1nc(c2)CCN,c1ccn2ccnc2c1,12
NCCc1nc(-c2ccccc2)cs1,0.0,n1c(scc1c1ccccc1)CCN,c1ccc(-c2cscn2)cc1,14
NCCc1nccs1,1.0,n1c(scc1)CCN,c1cscn1,8
NCCn1ncc2cc(Cl)c(Cl)cc21,1.0,c1(c(cc2n(ncc2c1)CCN)Cl)Cl,c1ccc2[nH]ncc2c1,14
NC[C@H]1O[C@H](O[C@H]2[C@H](O)[C@@H](O)[C@H](N)C[C@@H]2N)[C@H](N)[C@@H](O)[C@@H]1O,0.0,NC[C@H]1O[C@H](O[C@@H]2[C@@H](N)C[C@@H](N)[C@H](O)[C@H]2O)[C@H](N)[C@@H](O)[C@@H]1O,C1CCC(OC2CCCCO2)CC1,22
NC[C@H]1O[C@H](O[C@H]2[C@H](O)[C@@H](O[C@H]3O[C@H](CO)[C@@H](O)[C@H](N)[C@H]3O)[C@H](N)C[C@@H]2N)[C@H](N)C[C@@H]1O,0.0,NC[C@H]1O[C@H](O[C@@H]2[C@@H](N)C[C@@H](N)[C@H](O[C@H]3O[C@H](CO)[C@@H](O)[C@H](N)[C@H]3O)[C@H]2O)[C@H](N)C[C@@H]1O,C1CCC(OC2CCCC(OC3CCCCO3)C2)OC1,32
NCc1ccccc1CC(=O)N[C@@H]1C(=O)N2C(C(=O)O)=C(CSc3nnnn3CC(=O)O)CS[C@H]12,0.0,NCc1ccccc1CC(=O)N[C@H]2[C@H]3SCC(=C(N3C2=O)C(O)=O)CSc4nnnn4CC(O)=O,O=C(Cc1ccccc1)NC1C(=O)N2C=C(CSc3nnn[nH]3)CSC12,35
NNC(=O)CP(=O)(c1ccccc1)c1ccccc1,1.0,C1=CC=CC=C1[P](C2=CC=CC=C2)(CC(NN)=O)=O,O=[PH](c1ccccc1)c1ccccc1,19
NNC(=O)c1ccncc1,0.0,NNC(=O)c1ccncc1,c1ccncc1,10
NNCC1CCCCC1,1.0,C(C1CCCCC1)NN,C1CCCCC1,9
NNCCc1ccccc1,1.0,NNCCc1ccccc1.O[S](O)(=O)=O,c1ccccc1,10
NNc1nncc2ccccc12,0.0,NNc1nncc2ccccc12,c1ccc2cnncc2c1,12
NS(=O)(=O)Cc1noc2ccccc12,1.0,N[S](=O)(=O)Cc1noc2ccccc12,c1ccc2oncc2c1,14
NS(=O)(=O)c1cc(C(=O)O)c(NCc2ccco2)cc1Cl,0.0,N[S](=O)(=O)c1cc(C(O)=O)c(NCc2occc2)cc1Cl,c1ccc(NCc2ccco2)cc1,21
NS(=O)(=O)c1cc(C2(O)NC(=O)c3ccccc32)ccc1Cl,0.0,N[S](=O)(=O)c1cc(ccc1Cl)C2(O)NC(=O)c3ccccc23,O=C1NC(c2ccccc2)c2ccccc21,22
NS(=O)(=O)c1cc2c(cc1C(F)(F)F)NCNS2(=O)=O,0.0,N[S](=O)(=O)c1cc2c(NCN[S]2(=O)=O)cc1C(F)(F)F,O=S1(=O)NCNc2ccccc21,20
NS(=O)(=O)c1cc2c(cc1Cl)NC(C(Cl)Cl)NS2(=O)=O,0.0,N[S](=O)(=O)c1cc2c(NC(N[S]2(=O)=O)C(Cl)Cl)cc1Cl,O=S1(=O)NCNc2ccccc21,20
NS(=O)(=O)c1cc2c(cc1Cl)NC=NS2(=O)=O,0.0,N[S](=O)(=O)c1cc2c(NC=N[S]2(=O)=O)cc1Cl,O=S1(=O)N=CNc2ccccc21,17
NS(=O)(=O)c1cc2c(cc1Cl)NCNS2(=O)=O,0.0,N[S](=O)(=O)c1cc2c(NCN[S]2(=O)=O)cc1Cl,O=S1(=O)NCNc2ccccc21,17
NS(=O)(=O)c1ccc(C(=O)O)cc1,1.0,C1=C(C=CC(=C1)[S](N)(=O)=O)C(O)=O,c1ccccc1,13
NS(=O)(=O)c1ccc(N2C(=O)CC(c3ccccc3)C2=O)c(Cl)c1,1.0,C3=C(N2C(C(C1=CC=CC=C1)CC2=O)=O)C(=CC(=C3)[S](N)(=O)=O)Cl,O=C1CC(c2ccccc2)C(=O)N1c1ccccc1,24
NS(=O)(=O)c1ccc(N2CCCCS2(=O)=O)cc1,1.0,C1=CC(=CC=C1N2[S](CCCC2)(=O)=O)[S](N)(=O)=O,O=S1(=O)CCCCN1c1ccccc1,18
N[C@@H](C(=O)NC1C(=O)N2C(C(=O)O)=C(Cl)CCC12)c1ccccc1,0.0,O.N[C@@H](C(=O)NC1C2CCC(=C(N2C1=O)C(O)=O)Cl)c3ccccc3,O=C(Cc1ccccc1)NC1C(=O)N2C=CCCC12,24
N[C@@H](C(=O)N[C@@H]1C(=O)N2C(C(=O)O)=C(Cl)CS[C@H]12)c1ccccc1,0.0,N[C@@H](C(=O)N[C@H]1[C@H]2SCC(=C(N2C1=O)C(O)=O)Cl)c3ccccc3,O=C(Cc1ccccc1)NC1C(=O)N2C=CCSC12,24
N[C@@H](Cc1c[nH]c2ccccc12)C(=O)O,1.0,N[C@@H](CC1=C[NH]C2=CC=CC=C12)C(=O)O,c1ccc2[nH]ccc2c1,15
N[C@@H]1C[C@H]1c1ccccc1,1.0,[Cl-].N[C@@H]1C[C@H]1c2ccccc2.[H+],c1ccc(C2CC2)cc1,10
Nc1[nH]c(=O)ncc1F,1.0,NC1=C(F)C=NC(=O)N1,O=c1nccc[nH]1,9
Nc1c2c(nc3ccccc13)CCCC2,1.0,Nc1c2CCCCc2nc3ccccc13,c1ccc2nc3c(cc2c1)CCCC3,15
Nc1c2c(nc3ccccc13)CCCC2O,1.0,C1=CC=CC2=C1C(=C3C(=N2)CCCC3O)N,c1ccc2nc3c(cc2c1)CCCC3,16
Nc1cc(OCC2CC2)c(C(=O)NC2CN3CCC2CC3)cc1Cl,1.0,C3=C(C(NC1C2CCN(C1)CC2)=O)C(=CC(=C3Cl)N)OCC4CC4,O=C(NC1CN2CCC1CC2)c1ccccc1OCC1CC1,24
Nc1ccc(-c2nc3ccc(O)cc3s2)cc1I,1.0,IC1=C(N([H])[H])C=CC(C2=NC3=CC=C(O[H])C=C3S2)=C1,c1ccc(-c2nc3ccccc3s2)cc1,18
Nc1ccc(C(=O)O)c(O)c1,0.0,Nc1ccc(C(O)=O)c(O)c1,c1ccccc1,11
Nc1ccc(N=Nc2ccccc2)c(N)n1,0.0,Nc1ccc(N=Nc2ccccc2)c(N)n1,c1ccc(N=Nc2cccnc2)cc1,16
Nc1ccc(S(=O)(=O)N2CC3CCC(CC3)C2)cc1,1.0,C1=CC(=CC=C1[S](N2CC3CCC(C2)CC3)(=O)=O)N,O=S(=O)(c1ccccc1)N1CC2CCC(CC2)C1,19
Nc1ccc(S(=O)(=O)Nc2ncccn2)cc1,1.0,Nc1ccc(cc1)[S](=O)(=O)Nc2ncccn2,O=S(=O)(Nc1ncccn1)c1ccccc1,17
Nc1ccc(S(=O)(=O)c2ccc(N)cc2)cc1,0.0,Nc1ccc(cc1)[S](=O)(=O)c2ccc(N)cc2,O=S(=O)(c1ccccc1)c1ccccc1,17
Nc1cccc(-n2ccccc2=O)c1,1.0,C1=C(C=CC=C1N2C(C=CC=C2)=O)N,O=c1ccccn1-c1ccccc1,14
Nc1ccn([C@@H]2O[C@H](CO)[C@@H](O)[C@@H]2O)c(=O)n1,1.0,NC1=NC(=O)N(C=C1)[C@@H]2O[C@H](CO)[C@@H](O)[C@@H]2O,O=c1ncccn1C1CCCO1,17
Nc1ccn([C@H]2CC[C@@H](CO)O2)c(=O)n1,1.0,NC1=NC(=O)N(C=C1)[C@H]2CC[C@@H](CO)O2,O=c1ncccn1C1CCCO1,15
Nc1nc(/C(=C/CC(=O)O)C(=O)N[C@@H]2C(=O)N3C(C(=O)O)=CCS[C@H]23)cs1,0.0,O.O.Nc1scc(n1)\C(=C\CC(O)=O)C(=O)N[C@H]2[C@H]3SCC=C(N3C2=O)C(O)=O,C=C(C(=O)NC1C(=O)N2C=CCSC12)c1cscn1,27
Nc1nc(=O)c2c([nH]1)NCC(CNc1ccc(C(=O)N[C@@H](CCC(=O)[O-])C(=O)[O-])cc1)N2C=O,1.0,[Ca++].NC1=NC(=O)C2=C(NCC(CNc3ccc(cc3)C(=O)N[C@@H](CCC([O-])=O)C([O-])=O)N2C=O)N1,O=c1nc[nH]c2c1NC(CNc1ccccc1)CN2,34
Nc1nc(=O)c2nc(CNc3ccc(C(=O)N[C@@H](CCC(=O)O)C(=O)O)cc3)cnc2[nH]1,1.0,[C@H](NC(C3=CC=C(NCC1=NC2=C(N=C1)NC(=NC2=O)N)C=C3)=O)(CCC(O)=O)C(O)=O,O=c1nc[nH]c2ncc(CNc3ccccc3)nc12,32
Nc1nc(=O)c2ncn(CCC(CO)CO)c2[nH]1,1.0,C1=NC2=C([N]1CCC(CO)CO)NC(=NC2=O)N,O=c1nc[nH]c2[nH]cnc12,18
Nc1nc(=O)c2ncn(CC[C@@H](O)CO)c2[nH]1,1.0,[C@@H](CC[N]2C1=C(C(N=C(N1)N)=O)N=C2)(CO)O,O=c1nc[nH]c2[nH]cnc12,17
Nc1nc(=O)c2ncn(COC(CO)CO)c2[nH]1,0.0,NC1=NC(=O)c2ncn(COC(CO)CO)c2N1,O=c1nc[nH]c2[nH]cnc12,18
Nc1nc(=O)c2ncn(COCCO)c2[nH]1,1.0,NC1=NC(=O)c2ncn(COCCO)c2N1,O=c1nc[nH]c2[nH]cnc12,16
Nc1nc(=S)c2[nH]cnc2[nH]1,0.0,NC1=NC(=S)c2[nH]cnc2N1,S=c1nc[nH]c2nc[nH]c12,11
Nc1nc(Cl)nc2c1ncn2[C@H]1C[C@H](O)[C@@H](CO)O1,1.0,Nc1nc(Cl)nc2n(cnc12)[C@H]3C[C@H](O)[C@@H](CO)O3,c1ncc2ncn(C3CCCO3)c2n1,19
Nc1nc(N)c2nc(-c3ccccc3)c(N)nc2n1,0.0,Nc1nc(N)c2nc(c3ccccc3)c(N)nc2n1,c1ccc(-c2cnc3ncncc3n2)cc1,19
Nc1nc(NC2CC2)c2ncn([C@H]3C=C[C@@H](CO)C3)c2n1,1.0,Nc1nc(NC2CC2)c3ncn([C@@H]4C[C@H](CO)C=C4)c3n1,C1=CC(n2cnc3c(NC4CC4)ncnc32)CC1,21
Nc1nc2ccc(OC(F)(F)F)cc2s1,1.0,[H+].C1=C(OC(F)(F)F)C=CC2=C1SC(=N2)N.[Cl-],c1ccc2scnc2c1,15
Nc1ncc2ncn(COCCO)c2n1,1.0,C1=NC(=NC2=C1N=C[N]2COCCO)N,c1ncc2nc[nH]c2n1,15
Nc1ncnc2c1ncn2C1OC(CO)C(O)C1O,1.0,Nc1ncnc2n(cnc12)C3OC(CO)C(O)C3O,c1ncc2ncn(C3CCCO3)c2n1,19
Nc1nnc(-c2cccc(Cl)c2Cl)c(N)n1,1.0,Nc1nnc(c(N)n1)c2cccc(Cl)c2Cl,c1ccc(-c2cncnn2)cc1,16
Nn1cnc2cc3ccccc3cc2c1=O,1.0,NN1C=Nc2cc3ccccc3cc2C1=O,O=c1[nH]cnc2cc3ccccc3cc12,16
O=C(/C=C/c1ccc2c(c1)OCO2)N1CCCCC1,1.0,C1=C3C(=CC=C1\C=C\C(N2CCCCC2)=O)OCO3,O=C(C=Cc1ccc2c(c1)OCO2)N1CCCCC1,19
O=C(C1CCCCC1)N1CC(=O)N2CCc3ccccc3C2C1,1.0,O=C1CN(CC2N1CCc3ccccc23)C(=O)C4CCCCC4,O=C(C1CCCCC1)N1CC(=O)N2CCc3ccccc3C2C1,23
O=C(CC1c2ccccc2C(=O)N1c1ccc2ccc(Cl)nc2n1)N1CCC2(CC1)OCCO2,1.0,C1=CC=CC2=C1C(N(C2=O)C3=NC4=C(C=C3)C=CC(=N4)Cl)CC(=O)N6CCC5(OCCO5)CC6,O=C(CC1c2ccccc2C(=O)N1c1ccc2cccnc2n1)N1CCC2(CC1)OCCO2,34
O=C(CCCN1CC2CCC(CC2)C1)c1ccc(F)cc1,1.0,C1=CC(=CC=C1C(CCCN2CC3CCC(C2)CC3)=O)F,O=C(CCCN1CC2CCC(CC2)C1)c1ccccc1,21
O=C(CCCN1CC=C(n2c(=O)[nH]c3ccccc32)CC1)c1ccc(F)cc1,1.0,Fc1ccc(cc1)C(=O)CCCN2CCC(=CC2)N3C(=O)Nc4ccccc34,O=C(CCCN1CC=C(n2c(=O)[nH]c3ccccc32)CC1)c1ccccc1,28
O=C(CCCN1CCC(C(=O)c2ccc(Cl)cc2)CC1)c1ccc(F)cc1,1.0,C3=C(C(C2CCN(CCCC(C1=CC=C(F)C=C1)=O)CC2)=O)C=CC(=C3)Cl,O=C(CCCN1CCC(C(=O)c2ccccc2)CC1)c1ccccc1,27
O=C(CCCN1CCC(C(=O)c2ccc(F)cc2)CC1)c1ccc(F)cc1,1.0,Fc1ccc(cc1)C(=O)CCCN2CCC(CC2)C(=O)c3ccc(F)cc3,O=C(CCCN1CCC(C(=O)c2ccccc2)CC1)c1ccccc1,27
O=C(CCCN1CCC(O)(c2ccc(Br)cc2)CC1)c1ccc(F)cc1,1.0,OC1(CCN(CCCC(=O)c2ccc(F)cc2)CC1)c3ccc(Br)cc3,O=C(CCCN1CCC(c2ccccc2)CC1)c1ccccc1,26
O=C(CCCN1CCC(O)(c2ccc(Cl)c(C(F)(F)F)c2)CC1)c1ccc(F)cc1,1.0,C1=C(C(=CC=C1C3(CCN(CCCC(C2=CC=C(F)C=C2)=O)CC3)O)Cl)C(F)(F)F,O=C(CCCN1CCC(c2ccccc2)CC1)c1ccccc1,30
O=C(CCCN1CCC(O)(c2ccc(Cl)cc2)CC1)c1ccc(F)cc1,1.0,OC1(CCN(CCCC(=O)c2ccc(F)cc2)CC1)c3ccc(Cl)cc3,O=C(CCCN1CCC(c2ccccc2)CC1)c1ccccc1,26
O=C(CCCN1CCC(O)(c2cccc(C(F)(F)F)c2)CC1)c1ccc(F)cc1,1.0,OC1(CCN(CCCC(=O)c2ccc(F)cc2)CC1)c3cccc(c3)C(F)(F)F,O=C(CCCN1CCC(c2ccccc2)CC1)c1ccccc1,29
O=C(CCCN1CCC(n2c(=O)[nH]c3ccccc32)CC1)c1ccc(F)cc1,1.0,Fc1ccc(cc1)C(=O)CCCN2CCC(CC2)N3C(=O)Nc4ccccc34,O=C(CCCN1CCC(n2c(=O)[nH]c3ccccc32)CC1)c1ccccc1,28
O=C(CCCN1CCC(n2c(=S)[nH]c3ccccc32)CC1)c1ccc(F)cc1,1.0,C1=CC=CC4=C1N(C3CCN(CCCC(C2=CC=C(F)C=C2)=O)CC3)C(N4)=S,O=C(CCCN1CCC(n2c(=S)[nH]c3ccccc32)CC1)c1ccccc1,28
O=C(CCCN1CCC2(CC1)C(=O)NCN2c1ccc(F)cc1)c1ccc(F)cc1,1.0,C1=CC(=CC=C1N2C4(C(NC2)=O)CCN(CCCC(C3=CC=C(F)C=C3)=O)CC4)F,O=C(CCCN1CCC2(CC1)C(=O)NCN2c1ccccc1)c1ccccc1,30
O=C(CCCN1CCC2(CC1)C(=O)NCN2c1ccccc1)c1ccc(F)cc1,1.0,C1=CC=CC=C1N2C4(C(NC2)=O)CCN(CCCC(C3=CC=C(F)C=C3)=O)CC4,O=C(CCCN1CCC2(CC1)C(=O)NCN2c1ccccc1)c1ccccc1,29
O=C(CCCN1CCN(C(=O)OC2CCCCC2)CC1)c1ccc(F)cc1,1.0,C1=CC(=CC=C1C(CCCN3CCN(C(OC2CCCCC2)=O)CC3)=O)F,O=C(CCCN1CCN(C(=O)OC2CCCCC2)CC1)c1ccccc1,27
O=C(CCCN1CCN(c2cc3ccccc3cn2)CC1)c1ccc(F)cc1,1.0,C3=C(N2CCN(CCCC(C1=CC=C(F)C=C1)=O)CC2)N=CC4=CC=CC=C34,O=C(CCCN1CCN(c2cc3ccccc3cn2)CC1)c1ccccc1,28
O=C(CCCN1CCN(c2ccccn2)CC1)c1ccc(F)cc1,1.0,Fc1ccc(cc1)C(=O)CCCN2CCN(CC2)c3ccccn3,O=C(CCCN1CCN(c2ccccn2)CC1)c1ccccc1,24
O=C(CCCN1CCN2CCCC2C1)c1ccc(F)cc1,1.0,C1=CC(=CC=C1C(CCCN2CC3N(CC2)CCC3)=O)F,O=C(CCCN1CCN2CCCC2C1)c1ccccc1,21
O=C(CCCN1CCN2Cc3[nH]c4ccccc4c3CC2C1)c1ccc(F)cc1,1.0,C1=CC=CC2=C1C4=C([NH]2)CN3CCN(CC3C4)CCCC(C5=CC=C(C=C5)F)=O,O=C(CCCN1CCN2Cc3[nH]c4ccccc4c3CC2C1)c1ccccc1,29
O=C(CCCl)NCCc1ccccc1,1.0,C1=CC=CC=C1CCNC(CCCl)=O,c1ccccc1,14
O=C(CCCl)NCc1ccccc1,1.0,C1=CC=CC=C1CNC(CCCl)=O,c1ccccc1,13
O=C(CCN1CCN(CCO)CC1)N1c2ccccc2Sc2ccc(C(F)(F)F)cc21,1.0,C1=C(C(F)(F)F)C=CC3=C1N(C2=C(C=CC=C2)S3)C(CCN4CCN(CCO)CC4)=O,O=C(CCN1CCNCC1)N1c2ccccc2Sc2ccccc21,31
O=C(CCNNC(=O)c1ccncc1)NCc1ccccc1,1.0,C1=CN=CC=C1C(NNCCC(NCC2=CC=CC=C2)=O)=O,O=C(CCNNC(=O)c1ccncc1)NCc1ccccc1,22
O=C(CN1CCC23CCCCC2C1Cc1ccc(O)cc13)c1ccccc1,1.0,C5=C(C(CN1C2C4C(CC1)(C3=C(C2)C=CC(=C3)O)CCCC4)=O)C=CC=C5,O=C(CN1CCC23CCCCC2C1Cc1ccccc13)c1ccccc1,27
O=C(CN1CCCC1=O)NNC(=O)CN1CCCC1=O,1.0,C(N1C(CCC1)=O)C(NNC(CN2C(CCC2)=O)=O)=O,O=C(CN1CCCC1=O)NNC(=O)CN1CCCC1=O,20
O=C(CN1CC[C@H](c2ccc(F)cc2)[C@@H](COc2ccc3c(c2)OCO3)C1)c1ccc(F)cc1,1.0,[C@H]2([C@H](CN(CC(C1=CC=C(F)C=C1)=O)CC2)COC4=CC3=C(OCO3)C=C4)C5=CC=C(F)C=C5,O=C(CN1CCC(c2ccccc2)C(COc2ccc3c(c2)OCO3)C1)c1ccccc1,34
O=C(COc1ccc(Cl)cc1)N1CCN(Cc2ccc3c(c2)OCO3)CC1,1.0,C1=C4C(=CC(=C1)CN3CCN(C(COC2=CC=C(Cl)C=C2)=O)CC3)OCO4,O=C(COc1ccccc1)N1CCN(Cc2ccc3c(c2)OCO3)CC1,27
O=C(COc1ccc(Cl)cc1)OCCNC12CC3CC(CC(C3)C1)C2,1.0,C1=CC(=CC=C1OCC(OCCNC23CC4CC(C2)CC(C3)C4)=O)Cl,O=C(COc1ccccc1)OCCNC12CC3CC(CC(C3)C1)C2,25
O=C(Cc1ccc(C(F)(F)F)cc1)N1CCCC[C@H]1CN1CCCC1,1.0,c1(ccc(cc1)C(F)(F)F)CC(N1[C@@H](CCCC1)CN1CCCC1)=O,O=C(Cc1ccccc1)N1CCCCC1CN1CCCC1,25
O=C(Cc1ccc(Cl)c(Cl)c1)N1CCCC[C@H]1CN1CCCC1,1.0,c1(cc(c(cc1)Cl)Cl)CC(N1CCCC[C@H]1CN1CCCC1)=O,O=C(Cc1ccccc1)N1CCCCC1CN1CCCC1,23
O=C(Cc1ccc(Cl)c(Cl)c1)N1CCN(CCO)C[C@@H]1CN1CC[C@@H](O)C1,0.0,c1(ccc(c(c1)Cl)Cl)CC(N1[C@@H](C[N@@]2C[C@@H](CC2)O)C[N@](CC1)CCO)=O,O=C(Cc1ccccc1)N1CCNCC1CN1CCCC1,27
O=C(Cc1ccc(Cl)c(Cl)c1)N1CCc2[nH]cnc2[C@H]1CN1CCCC1,0.0,c1(ccc(c(c1)Cl)Cl)CC(N1[C@@H](c2c(CC1)[nH]cn2)CN1CCCC1)=O,O=C(Cc1ccccc1)N1CCc2[nH]cnc2C1CN1CCCC1,26
O=C(Cc1ccc(Cl)c(Cl)c1)N1CCc2[nH]cnc2[C@H]1CN1CC[C@@H](O)C1,0.0,c1(ccc(c(c1)Cl)Cl)CC(N1[C@H](C[N@@]2C[C@@H](CC2)O)c2c(CC1)[nH]cn2)=O,O=C(Cc1ccccc1)N1CCc2[nH]cnc2C1CN1CCCC1,27
O=C(Cc1ccc(Cl)c(Cl)c1)N1CCc2ccccc2[C@H]1CN1CCCC1,1.0,c1(cc(c(cc1)Cl)Cl)CC(N1[C@@H](c2c(CC1)cccc2)CN1CCCC1)=O,O=C(Cc1ccccc1)N1CCc2ccccc2C1CN1CCCC1,27
O=C(Cc1ccc(Cl)c(Cl)c1)N1CCc2occc2[C@H]1CN1CCCC1,1.0,c1(ccc(c(c1)Cl)Cl)CC(N1[C@@H](c2c(CC1)occ2)CN1CCCC1)=O,O=C(Cc1ccccc1)N1CCc2occc2C1CN1CCCC1,26
O=C(Cc1ccc(Cl)c(Cl)c1)N1CCc2occc2[C@H]1CN1CC[C@@H](O)C1,1.0,c1(ccc(c(c1)Cl)Cl)CC(N1[C@@H](c2c(CC1)occ2)C[N@@]1C[C@@H](CC1)O)=O,O=C(Cc1ccccc1)N1CCc2occc2C1CN1CCCC1,27
O=C(Cc1ccc(Cl)c(Cl)c1)N1CCc2sccc2[C@H]1CN1CCCC1,1.0,c1(ccc(c(c1)Cl)Cl)CC(N1[C@@H](c2c(CC1)scc2)CN1CCCC1)=O,O=C(Cc1ccccc1)N1CCc2sccc2C1CN1CCCC1,26
O=C(Cc1ccc(Cl)c(Cl)c1)N1CCn2ccnc2[C@H]1CN1CCCC1,1.0,c1(ccc(c(c1)Cl)Cl)CC(N1[C@H](CN2CCCC2)c2n(CC1)ccn2)=O,O=C(Cc1ccccc1)N1CCn2ccnc2C1CN1CCCC1,26
O=C(Cc1ccc(Cl)c(Cl)c1)N1CCn2ccnc2[C@H]1CN1CC[C@@H](O)C1,0.0,c1(ccc(c(c1)Cl)Cl)CC(N1[C@H](C[N@@]2C[C@@H](CC2)O)c2n(CC1)ccn2)=O,O=C(Cc1ccccc1)N1CCn2ccnc2C1CN1CCCC1,27
O=C(Cc1ccc(Cl)c(Cl)c1)N1CCn2ncnc2[C@H]1CN1CCCC1,1.0,c1(ccc(c(c1)Cl)Cl)CC(N1[C@H](CN2CCCC2)c2n(CC1)ncn2)=O,O=C(Cc1ccccc1)N1CCn2ncnc2C1CN1CCCC1,26
O=C(Cc1cccs1)N[C@@H]1C(=O)N2C(C(=O)O)=C(CSc3ncn[nH]3)CS[C@H]12,0.0,OC(=O)C1=C(CS[C@@H]2[C@H](NC(=O)Cc3sccc3)C(=O)N12)CSc4[nH]ncn4,O=C(Cc1cccs1)NC1C(=O)N2C=C(CSc3ncn[nH]3)CSC12,28
O=C(Cn1ccnc1)c1ccc2ccccc2c1,1.0,C2=C(C(C[N]1C=CN=C1)=O)C=CC3=CC=CC=C23,O=C(Cn1ccnc1)c1ccc2ccccc2c1,18
O=C(Cn1cnnn1)N[C@@H]1C(=O)N2C(C(=O)O)=C(CSc3nncs3)CS[C@H]12,0.0,OC(=O)C1=C(CS[C@@H]2[C@H](NC(=O)Cn3cnnn3)C(=O)N12)CSc4scnn4,O=C(Cn1cnnn1)NC1C(=O)N2C=C(CSc3nncs3)CSC12,28
O=C(NC(=O)c1ccccc1)NC1CCN(Cc2ccc3ccccc3c2)CC1,1.0,C1=C4C(=CC=C1CN3CCC(NC(NC(C2=CC=CC=C2)=O)=O)CC3)C=CC=C4,O=C(NC(=O)c1ccccc1)NC1CCN(Cc2ccc3ccccc3c2)CC1,29
O=C(NC(CO)C(O)c1ccc([N+](=O)[O-])cc1)C(Cl)Cl,0.0,OCC(NC(=O)C(Cl)Cl)C(O)c1ccc(cc1)[N+]([O-])=O,c1ccccc1,20
O=C(NCCCN1CCOCC1)c1ccc(Cl)cc1,1.0,C1=CC(=CC=C1C(NCCCN2CCOCC2)=O)Cl,O=C(NCCCN1CCOCC1)c1ccccc1,19
O=C(NCCCOc1cccc(CN2CCCCC2)c1)c1ccccc1,1.0,c1ccc(C(NCCCOc2cc(CN3CCCCC3)ccc2)=O)cc1,O=C(NCCCOc1cccc(CN2CCCCC2)c1)c1ccccc1,26
O=C(NCCN1CCC(n2c(=O)[nH]c3cc(Cl)ccc32)CC1)c1ccc(F)cc1,1.0,C1=CC(=CC4=C1N(C3CCN(CCNC(C2=CC=C(F)C=C2)=O)CC3)C(N4)=O)Cl,O=C(NCCN1CCC(n2c(=O)[nH]c3ccccc32)CC1)c1ccccc1,29
O=C(NCCN1CCN(c2ncccn2)CC1)C12CC3CC(CC(C3)C1)C2,1.0,C1=NC(=NC=C1)N5CCN(CCNC(C23CC4CC(C2)CC(C3)C4)=O)CC5,O=C(NCCN1CCN(c2ncccn2)CC1)C12CC3CC(CC(C3)C1)C2,27
O=C(NCCN1CCOCC1)c1ccc(Cl)cc1,1.0,Clc1ccc(cc1)C(=O)NCCN2CCOCC2,O=C(NCCN1CCOCC1)c1ccccc1,18
O=C(NCCc1ccc(O)c(O)c1)C12CC3CC(CC(C3)C1)C2,1.0,C4=C(CCNC(C12CC3CC(C1)CC(C2)C3)=O)C=CC(=C4O)O,O=C(NCCc1ccccc1)C12CC3CC(CC(C3)C1)C2,23
O=C(NCc1ccccc1)OCCO,1.0,OCCOC(=O)NCc1ccccc1,c1ccccc1,14
O=C(Nc1ccc(O)cc1)C(Cl)(Cl)Cl,1.0,C1=C(NC(C(Cl)(Cl)Cl)=O)C=CC(=C1)O,c1ccccc1,14
O=C(Nc1ccccc1)OCC1(COC(=O)Nc2ccccc2)CCCC1,1.0,C1=CC=CC=C1NC(OCC3(COC(NC2=CC=CC=C2)=O)CCCC3)=O,O=C(Nc1ccccc1)OCC1(COC(=O)Nc2ccccc2)CCCC1,27
O=C(O)C1=C(CSc2nnnn2CS(=O)(=O)O)CS[C@@H]2[C@H](NC(=O)C(O)c3ccccc3)C(=O)N12,0.0,OC(C(=O)N[C@H]1[C@H]2SCC(=C(N2C1=O)C(O)=O)CSc3nnnn3C[S](O)(=O)=O)c4ccccc4,O=C(Cc1ccccc1)NC1C(=O)N2C=C(CSc3nnn[nH]3)CSC12,35
O=C(O)C1=C/C(=N\Nc2ccc(S(=O)(=O)Nc3ccccn3)cc2)C=CC1=O,0.0,OC(=O)C1=C\C(C=CC1=O)=N/Nc2ccc(cc2)[S](=O)(=O)Nc3ccccn3,O=C1C=CC(=NNc2ccc(S(=O)(=O)Nc3ccccn3)cc2)C=C1,28
O=C(O)C1CCN1C12CC3CC(CC(C3)C1)C2,1.0,O=C(C4N(C12CC3CC(C1)CC(C2)C3)CC4)O,C1CN(C23CC4CC(CC(C4)C2)C3)C1,17
O=C(O)CCCCC1SCC2NC(=O)NC21,1.0,C(C2C1C(NC(N1)=O)CS2)CCCC(O)=O,O=C1NC2CSCC2N1,16
O=C(O)CCCCCCCC(=O)O,0.0,OC(=O)CCCCCCCC(O)=O,,13
O=C(O)CCCCCC[NH2+]C1c2ccccc2CCc2ccccc21,1.0,C3=C2C([NH2+]CCCCCCC(O)=O)C1=CC=CC=C1CCC2=CC=C3.[Cl-],c1ccc2c(c1)CCc1ccccc1C2,25
O=C(O)CCCc1ccc(N(CCCl)CCCl)cc1,0.0,OC(=O)CCCc1ccc(cc1)N(CCCl)CCCl,c1ccccc1,19
O=C(O)CCc1nc(-c2ccccc2)c(-c2ccccc2)o1,0.0,OC(=O)CCc1oc(c2ccccc2)c(n1)c3ccccc3,c1ccc(-c2ncoc2-c2ccccc2)cc1,22
O=C(O)CN1C(=O)c2cccc3cccc(c23)C1=O,1.0,C1=CC=C3C2=C1C(N(CC(O)=O)C(C2=CC=C3)=O)=O,O=C1NC(=O)c2cccc3cccc1c23,19
O=C(O)CNC(=O)c1ccccc1O,1.0,OC(=O)CNC(=O)c1ccccc1O,c1ccccc1,14
O=C(O)COCCN1CCN(C(c2ccccc2)c2ccc(Cl)cc2)CC1,0.0,OC(=O)COCCN1CCN(CC1)C(c2ccccc2)c3ccc(Cl)cc3,c1ccc(C(c2ccccc2)N2CCNCC2)cc1,27
O=C(O)c1cc(=O)c2cc(OCC(O)COc3cccc4oc(C(=O)O)cc(=O)c34)ccc2o1,0.0,OC(COc1ccc2OC(=CC(=O)c2c1)C(O)=O)COc3cccc4OC(=CC(=O)c34)C(O)=O,O=c1ccoc2ccc(OCCCOc3cccc4occc(=O)c34)cc12,34
O=C(O)c1cc(=O)c2ccccc2[nH]1,1.0,OC(=O)C1=CC(=O)c2ccccc2N1,O=c1cc[nH]c2ccccc12,14
O=C(O)c1cc(=O)c2ccccc2o1,1.0,C1=C2C(=CC=C1)C(C=C(O2)C(O)=O)=O,O=c1ccoc2ccccc12,14
O=C(O)c1ccccc1O,0.0,OC(=O)c1ccccc1O,c1ccccc1,10
O=C(O)c1cn(C2CC2)c2cc(N3CCNCC3)c(F)cc2c1=O,0.0,OC(=O)C1=CN(C2CC2)c3cc(N4CCNCC4)c(F)cc3C1=O,O=c1ccn(C2CC2)c2cc(N3CCNCC3)ccc12,24
O=C(OC1CN2CCC1CC2)c1ccccc1,1.0,C3=C(C(OC1C2CCN(C1)CC2)=O)C=CC=C3,O=C(OC1CN2CCC1CC2)c1ccccc1,17
O=C(OCC(Cl)(Cl)Cl)OCC(Cl)(Cl)Cl,1.0,C(C(Cl)(Cl)Cl)OC(OCC(Cl)(Cl)Cl)=O,,14
O=C(OCCN1CCCCC1)C(O)(c1ccccc1)c1ccccc1,1.0,C3=C(C(C1=CC=CC=C1)(C(OCCN2CCCCC2)=O)O)C=CC=C3,O=C(OCCN1CCCCC1)C(c1ccccc1)c1ccccc1,25
O=C(Oc1ccccc1C(=O)O)c1ccccc1O,1.0,C1=CC=CC(=C1OC(C2=C(C=CC=C2)O)=O)C(O)=O,O=C(Oc1ccccc1)c1ccccc1,19
O=C([O-])P(=O)([O-])[O-],1.0,[Na+].[Na+].[Na+].[O-]C(=O)[P]([O-])([O-])=O,,7
O=C([O-])c1ccccc1Oc1ccccc1,1.0,C1(=CC=CC=C1)OC2=CC=CC=C2C(=O)[O-],c1ccc(Oc2ccccc2)cc1,16
O=C(c1cc2ccccc2o1)N1CCN(Cc2ccccc2)CC1,1.0,C3=C(C(N2CCN(CC1=CC=CC=C1)CC2)=O)OC4=C3C=CC=C4,O=C(c1cc2ccccc2o1)N1CCN(Cc2ccccc2)CC1,24
O=C(c1ccc(F)cc1)C1CCN(CCCN2c3ccccc3Sc3ccc(C(F)(F)F)cc32)CC1,1.0,C1=C(C(F)(F)F)C=CC3=C1N(C2=C(C=CC=C2)S3)CCCN5CCC(C(C4=CC=C(F)C=C4)=O)CC5,O=C(c1ccccc1)C1CCN(CCCN2c3ccccc3Sc3ccccc32)CC1,36
O=C(c1ccc(F)cc1)C1CCN(CCCn2c(=O)[nH]c3cc(Cl)ccc32)CC1,1.0,C1=CC(=CC2=C1N(C(=O)N2)CCCN4CCC(C(C3=CC=C(F)C=C3)=O)CC4)Cl,O=C(c1ccccc1)C1CCN(CCCn2c(=O)[nH]c3ccccc32)CC1,29
O=C(c1ccc(F)cc1)C1CCN(CCCn2c(=O)[nH]c3ccccc32)CC1,1.0,C1=CC=CC2=C1N(C(=O)N2)CCCN4CCC(C(C3=CC=C(F)C=C3)=O)CC4,O=C(c1ccccc1)C1CCN(CCCn2c(=O)[nH]c3ccccc32)CC1,28
O=C(c1ccccc1)c1ccc2n1CCC2C(=O)O,0.0,OC(=O)C1CCn2c1ccc2C(=O)c3ccccc3,O=C(c1ccccc1)c1ccc2n1CCC2,19
O=C(c1ccccn1)N1CCN(Cc2ccccc2)CC1,1.0,C3=C(C(N2CCN(CC1=CC=CC=C1)CC2)=O)N=CC=C3,O=C(c1ccccn1)N1CCN(Cc2ccccc2)CC1,21
O=C(c1ccccn1)c1cnn2c(-c3ccncc3)ccnc12,1.0,C1=N[N]3C(=C1C(C2=NC=CC=C2)=O)N=CC=C3C4=CC=NC=C4,O=C(c1ccccn1)c1cnn2c(-c3ccncc3)ccnc12,23
O=C(c1cccnc1)N1CCOCC1,1.0,C1=CC=NC=C1C(N2CCOCC2)=O,O=C(c1cccnc1)N1CCOCC1,14
O=C(c1ccco1)N(c1cnccn1)C1CCN(CCc2ccccc2)CC1,1.0,C1=NC=CN=C1N(C3CCN(CCC2=CC=CC=C2)CC3)C(C4=CC=CO4)=O,O=C(c1ccco1)N(c1cnccn1)C1CCN(CCc2ccccc2)CC1,28
O=C1C(=O)c2ccccc2C(O)=C1C1CCC(c2ccc(Cl)cc2)CC1,0.0,OC1=C(C2CCC(CC2)c3ccc(Cl)cc3)C(=O)C(=O)c4ccccc14,O=C1C(=O)c2ccccc2C=C1C1CCC(c2ccccc2)CC1,26
O=C1C(O)=C(O)OC1C(O)CO,1.0,C(O)C(O)C1OC(=C(O)C1=O)O,O=C1C=COC1,12
O=C1C(O)N=C(c2ccccc2F)c2cc(Cl)ccc2N1CCO,1.0,C1=C(Cl)C=CC2=C1C(=NC(O)C(N2CCO)=O)C3=CC=CC=C3F,O=C1CN=C(c2ccccc2)c2ccccc2N1,24
O=C1C=CC=C/C1=C1/NN=CO1,1.0,O=C2\C(=C1\OC=NN1)C=CC=C2,O=C1C=CC=CC1=C1NN=CO1,12
O=C1CC(=O)N(c2ccccc2)c2cc(Cl)ccc2N1,1.0,Clc1ccc2NC(=O)CC(=O)N(c3ccccc3)c2c1,O=C1CC(=O)N(c2ccccc2)c2ccccc2N1,20
O=C1CC(c2cccc(Br)c2)C(=O)N1,1.0,C2=C(C1C(NC(C1)=O)=O)C=CC=C2Br,O=C1CC(c2ccccc2)C(=O)N1,14
O=C1CC2(CCCC2)CC(=O)N1CCCCN1CCN(c2ncccn2)CC1,1.0,C1=NC(=NC=C1)N4CCN(CCCCN2C(CC3(CC2=O)CCCC3)=O)CC4,O=C1CC2(CCCC2)CC(=O)N1CCCCN1CCN(c2ncccn2)CC1,28
O=C1CC2(CCCC2)CC(=O)N1CCCCN1CCN(c2nsc3ccccc23)CC1,1.0,C2=C1C(=NSC1=CC=C2)N5CCN(CCCCN3C(CC4(CC3=O)CCCC4)=O)CC5,O=C1CC2(CCCC2)CC(=O)N1CCCCN1CCN(c2nsc3ccccc23)CC1,31
O=C1CC2(CCCC2)CC(=O)N1CCNCC1COc2ccccc2O1,1.0,O=C2CC1(CCCC1)CC(=O)N2CCNCC4COc3ccccc3O4,O=C1CC2(CCCC2)CC(=O)N1CCNCC1COc2ccccc2O1,26
O=C1CCC(=O)N1CC1CCC2CN(c3ncccn3)CCN2C1,1.0,O=C1CCC(=O)N1CC1CCC2CN(CCN2C1)c1ncccn1,O=C1CCC(=O)N1CC1CCC2CN(c3ncccn3)CCN2C1,24
O=C1CCC(C(=O)NC2CC2c2ccccc2)N1,1.0,C3=C(C2C(NC(=O)C1NC(CC1)=O)C2)C=CC=C3,O=C1CCC(C(=O)NC2CC2c2ccccc2)N1,18
O=C1CCC(N2C(=O)C3C4CCC(C4)C3C2=O)C(=O)N1,1.0,O=C3C1C(C2CCC1C2)C(=O)N3C4C(NC(=O)CC4)=O,O=C1CCC(N2C(=O)C3C4CCC(C4)C3C2=O)C(=O)N1,20
O=C1CCC(N2C(=O)c3ccccc3C2=O)C(=O)N1,1.0,C1=CC=CC3=C1C(N(C2C(NC(=O)CC2)=O)C3=O)=O,O=C1CCC(N2C(=O)c3ccccc3C2=O)C(=O)N1,19
O=C1CCC(c2ccccc2)(C2CCN(C/C=C/c3ccccc3)CC2)C(=O)N1,1.0,C1=CC=CC=C1C4(C3CCN(C\C=C\C2=CC=CC=C2)CC3)C(NC(=O)CC4)=O,O=C1CCC(c2ccccc2)(C2CCN(CC=Cc3ccccc3)CC2)C(=O)N1,29
O=C1CCC2(CCC(=O)c3ccccc32)C(=O)N1,1.0,C1=CC=CC3=C1C2(C(NC(=O)CC2)=O)CCC3=O,O=C1CCC2(CCC(=O)c3ccccc32)C(=O)N1,18
O=C1CCC2CCC(=O)N12,1.0,O=C1N2C(CC1)CCC2=O,O=C1CCC2CCC(=O)N12,10
O=C1CCCN1CCCCN1CCN(c2cc(C(F)(F)F)cc(Cl)n2)CC1,1.0,c1c(Cl)nc(N2CCN(CCCCN3C(CCC3)=O)CC2)cc1C(F)(F)F,O=C1CCCN1CCCCN1CCN(c2ccccn2)CC1,27
O=C1CCCN1CCCCN1CCN(c2cc(C(F)(F)F)ccn2)CC1,1.0,O=C1N(CCC1)CCCCN2CCN(CC2)c3cc(C(F)(F)F)ccn3,O=C1CCCN1CCCCN1CCN(c2ccccn2)CC1,26
O=C1CCN=C2CC(c3ccccc3)CN12,1.0,C3=C(C2CN1C(CCN=C1C2)=O)C=CC=C3,O=C1CCN=C2CC(c3ccccc3)CN12,16
O=C1CCNc2ccc(Cl)cc2N1c1ccccc1,1.0,C1=C(Cl)C=CC3=C1N(C2=CC=CC=C2)C(CCN3)=O,O=C1CCNc2ccccc2N1c1ccccc1,19
O=C1CC[C@@]2(O)[C@H]3Cc4ccc(O)c5c4[C@@]2(CCN3CC2CC2)[C@H]1O5,1.0,Oc1ccc2C[C@H]3N(CC[C@@]45[C@@H](Oc1c24)C(=O)CC[C@@]35O)CC6CC6,O=C1CCC2C3Cc4cccc5c4C2(CCN3CC2CC2)C1O5,25
O=C1CC[C@H](C(=O)N2CCCCC2)N1,1.0,[C@H]1(NC(=O)CC1)C(=O)N2CCCCC2,O=C1CCC(C(=O)N2CCCCC2)N1,14
O=C1CC[C@H]2[C@H]3Cc4cccc(O)c4[C@@]2(CCN3CC2CC2)C1,1.0,[C@]235[C@H]([C@H](N(CC1CC1)CC2)CC4=C3C(=CC=C4)O)CCC(C5)=O,O=C1CCC2C3Cc4ccccc4C2(CCN3CC2CC2)C1,23
O=C1CCc2ccc(OCCCCN3CCN(c4cccc(Cl)c4Cl)CC3)cc2N1,1.0,C1=C4C(=CC=C1OCCCCN3CCN(C2=CC=CC(=C2Cl)Cl)CC3)CCC(N4)=O,O=C1CCc2ccc(OCCCCN3CCN(c4ccccc4)CC3)cc2N1,30
O=C1CN(C(=O)CN2CC(c3ccc(Cl)cc3)CC2=O)CCN1,1.0,C1=CC(=CC=C1C3CN(CC(N2CC(NCC2)=O)=O)C(C3)=O)Cl,O=C1CN(C(=O)CN2CC(c3ccccc3)CC2=O)CCN1,23
O=C1CN(O)C(c2ccccc2)=c2cc(Cl)ccc2=N1,1.0,C3=C(C1=C2C(=NC(=O)CN1O)C=CC(=C2)Cl)C=CC=C3,O=C1CNC(c2ccccc2)=c2ccccc2=N1,20
O=C1CN2C(=O)CCC2N1,1.0,O=C2N1C(NC(=O)C1)CC2,O=C1CN2C(=O)CCC2N1,10
O=C1CN2CCOC2(c2ccccc2Cl)c2cc(Cl)ccc2N1,1.0,C1=C(Cl)C=CC3=C1C2(OCCN2CC(=O)N3)C4=C(Cl)C=CC=C4,O=C1CN2CCOC2(c2ccccc2)c2ccccc2N1,23
O=C1CN2CCOC2(c2ccccc2F)c2cc(Br)ccc2N1,1.0,C1=C(Br)C=CC3=C1C2(N(CCO2)CC(=O)N3)C4=C(C=CC=C4)F,O=C1CN2CCOC2(c2ccccc2)c2ccccc2N1,23
O=C1CN2CCOC2(c2ccccc2F)c2cc(Cl)ccc2N1CCO,1.0,C1=C(Cl)C=CC2=C1C3(N(CC(=O)N2CCO)CCO3)C4=CC=CC=C4F,O=C1CN2CCOC2(c2ccccc2)c2ccccc2N1,26
O=C1CN=C(C2=CCCCC2)c2cc(Cl)ccc2N1,1.0,C1=C(Cl)C=CC2=C1C(=NCC(=O)N2)C3=CCCCC3,O=C1CN=C(C2=CCCCC2)c2ccccc2N1,19
O=C1CN=C(c2ccccc2)c2cc(Cl)ccc2N1,1.0,Clc1ccc2NC(=O)CN=C(c3ccccc3)c2c1,O=C1CN=C(c2ccccc2)c2ccccc2N1,19
O=C1CN=C(c2ccccc2)c2cc(Cl)ccc2N1CC(F)(F)F,1.0,C1=C(Cl)C=CC2=C1C(=NCC(=O)N2CC(F)(F)F)C3=CC=CC=C3,O=C1CN=C(c2ccccc2)c2ccccc2N1,24
O=C1CN=C(c2ccccc2)c2cc(Cl)ccc2N1CC1CC1,1.0,Clc1ccc2N(CC3CC3)C(=O)CN=C(c4ccccc4)c2c1,O=C1CN=C(c2ccccc2)c2ccccc2N1CC1CC1,23
O=C1CN=C(c2ccccc2)c2cc(Cl)ccc2N1CCOCC1CC1,1.0,C1=C(Cl)C=CC2=C1C(=NCC(N2CCOCC3CC3)=O)C4=CC=CC=C4,O=C1CN=C(c2ccccc2)c2ccccc2N1CCOCC1CC1,26
O=C1CN=C(c2ccccc2)c2cc([N+](=O)[O-])ccc2N1,1.0,[O-][N+](=O)c1ccc2NC(=O)CN=C(c3ccccc3)c2c1,O=C1CN=C(c2ccccc2)c2ccccc2N1,21
O=C1CN=C(c2ccccc2Cl)c2cc(Cl)ccc2N1,1.0,C1=C(Cl)C=CC2=C1C(=NCC(N2)=O)C3=CC=CC=C3Cl,O=C1CN=C(c2ccccc2)c2ccccc2N1,20
O=C1CN=C(c2ccccc2Cl)c2cc([N+](=O)[O-])ccc2N1,1.0,[O-][N+](=O)c1ccc2NC(=O)CN=C(c3ccccc3Cl)c2c1,O=C1CN=C(c2ccccc2)c2ccccc2N1,22
O=C1CN=C(c2ccccc2F)c2cc(Cl)ccc2N1CC(O)CO,1.0,C1=C(Cl)C=CC2=C1C(=NCC(N2CC(CO)O)=O)C3=CC=CC=C3F,O=C1CN=C(c2ccccc2)c2ccccc2N1,25
O=C1CN=C(c2ccccc2F)c2cc(Cl)ccc2N1CC1CC1,1.0,C1=C(Cl)C=CC2=C1C(=NCC(N2CC3CC3)=O)C4=CC=CC=C4F,O=C1CN=C(c2ccccc2)c2ccccc2N1CC1CC1,24
O=C1CN=C(c2ccccn2)c2cc(Br)ccc2N1,1.0,Brc1ccc2NC(=O)CN=C(c3ccccn3)c2c1,O=C1CN=C(c2ccccn2)c2ccccc2N1,19
O=C1CNC(c2ccccc2)=c2c3c(sc2=N1)CCCC3,1.0,C4=C(C2=C1C3=C(SC1=NC(=O)CN2)CCCC3)C=CC=C4,O=C1CNC(c2ccccc2)=c2c3c(sc2=N1)CCCC3,21
O=C1COC(N2CCN=C(c3ccccc3Cl)c3cc(Cl)ccc32)=N1,1.0,C1=CC(=CC3=C1N(C2=NC(=O)CO2)CCN=C3C4=CC=CC=C4Cl)Cl,O=C1COC(N2CCN=C(c3ccccc3)c3ccccc32)=N1,25
O=C1CSC2(CCN(CCCN3c4ccccc4Sc4ccc(Cl)cc43)CC2)N1,1.0,[H+].[Cl-].Clc1ccc2Sc3ccccc3N(CCCN4CCC5(CC4)NC(=O)CS5)c2c1,O=C1CSC2(CCN(CCCN3c4ccccc4Sc4ccccc43)CC2)N1,29
O=C1C[C@H]2SC(C3(O)CN4C(=O)C[C@H]4S3)CN12,1.0,S1[C@H]4N(CC1(C2CN3[C@H](S2)CC3=O)O)C(C4)=O,O=C1CC2SC(C3CN4C(=O)CC4S3)CN12,17
O=C1Cc2cc(CCN3CCN(c4nsc5ccccc45)CC3)c(Cl)cc2N1,1.0,C1=CC=CC2=C1C(=NS2)N5CCN(CCC4=CC3=C(NC(C3)=O)C=C4Cl)CC5,O=C1Cc2cc(CCN3CCN(c4nsc5ccccc45)CC3)ccc2N1,28
O=C1N(C(O)C(Cl)(Cl)Cl)CNC1(c1ccccc1)c1ccccc1,1.0,C3=C(C2(C1=CC=CC=C1)C(N(C(C(Cl)(Cl)Cl)O)CN2)=O)C=CC=C3,O=C1NCNC1(c1ccccc1)c1ccccc1,24
O=C1N(c2ccccc2)c2ccccc2C1(Cc1ccncc1)Cc1ccncc1,1.0,C1=CC=CC2=C1C(C(N2C3=CC=CC=C3)=O)(CC4=CC=NC=C4)CC5=CC=NC=C5,O=C1N(c2ccccc2)c2ccccc2C1(Cc1ccncc1)Cc1ccncc1,30
O=C1N=C(NC2CC2)OC1c1ccccc1,1.0,C3=C(C1OC(=NC1=O)NC2CC2)C=CC=C3,O=C1N=C(NC2CC2)OC1c1ccccc1,16
O=C1NC(=O)C(CC2CCCCN2)(c2ccccc2)C(=O)N1,1.0,C1=CC=CC=C1C3(CC2CCCCN2)C(NC(=O)NC3=O)=O,O=C1NC(=O)C(CC2CCCCN2)(c2ccccc2)C(=O)N1,22
O=C1NC(=O)C(c2ccccc2)(c2ccccc2)N1,1.0,O=C1NC(=O)C(N1)(c2ccccc2)c3ccccc3,O=C1NC(=O)C(c2ccccc2)(c2ccccc2)N1,19
O=C1NC(=O)C2(CCc3ccccc3C2)N1,1.0,C1=CC=CC2=C1CC3(CC2)NC(=O)NC3=O,O=C1NC(=O)C2(CCc3ccccc3C2)N1,16
O=C1NC(=O)C2(c3ccc(Cl)cc3)CC12,1.0,C1=CC(=CC=C1C23C(C(=O)NC2=O)C3)Cl,O=C1NC(=O)C2(c3ccccc3)CC12,15
O=C1NC(=O)[C@@]2(CCN(C(=O)Cc3ccc(Cl)c(Cl)c3)[C@@H](CN3CCCC3)C2)N1,0.0,c1(ccc(c(c1)Cl)Cl)CC(N1[C@H](C[C@]2(CC1)NC(NC2=O)=O)CN1CCCC1)=O,O=C1NC(=O)C2(CCN(C(=O)Cc3ccccc3)C(CN3CCCC3)C2)N1,29
O=C1NC(CCCl)Oc2ccccc21,1.0,C1=C2C(=CC=C1)OC(CCCl)NC2=O,O=C1NCOc2ccccc21,14
O=C1NC(c2ccccc2)(c2ccccc2)C(=O)N1COP(=O)(O)O,1.0,C1=CC=CC=C1C3(C2=CC=CC=C2)C(N(CO[P](O)(O)=O)C(N3)=O)=O,O=C1NC(=O)C(c2ccccc2)(c2ccccc2)N1,25
O=C1NC2CCCCN2C12CCN(CCCN1c3ccccc3CCc3ccc(Cl)cc31)CC2,1.0,C1=C(Cl)C=CC5=C1N(CCCN4CCC3(N2C(CCCC2)NC3=O)CC4)C6=C(CC5)C=CC=C6,O=C1NC2CCCCN2C12CCN(CCCN1c3ccccc3CCc3ccccc31)CC2,34
O=C1NCCCC1N1C(=O)c2ccccc2S1(=O)=O,1.0,C1=CC=CC3=C1C(N(C2C(NCCC2)=O)[S]3(=O)=O)=O,O=C1NCCCC1N1C(=O)c2ccccc2S1(=O)=O,19
O=C1NCCN1C1CCN(CCC2COc3ccccc3O2)CC1,1.0,O=C1NCCN1C4CCN(CCC3COc2ccccc2O3)CC4,O=C1NCCN1C1CCN(CCC2COc3ccccc3O2)CC1,24
O=C1NCCN1CCN1CCC(c2cn(-c3ccc(F)cc3)c3ccc(Cl)cc23)CC1,1.0,C2=C(C1=C(C=CC(=C1)Cl)[N]2C3=CC=C(C=C3)F)C5CCN(CCN4C(NCC4)=O)CC5,O=C1NCCN1CCN1CCC(c2cn(-c3ccccc3)c3ccccc23)CC1,31
O=C1NCCNC1c1cccs1,1.0,C2=C(C1C(NCCN1)=O)SC=C2,O=C1NCCNC1c1cccs1,12
O=C1NCN(c2ccccc2)C12CCN(CC1COc3ccccc3O1)CC2,1.0,C1=CC=CC=C1N2C5(C(NC2)=O)CCN(CC4OC3=C(C=CC=C3)OC4)CC5,O=C1NCN(c2ccccc2)C12CCN(CC1COc3ccccc3O1)CC2,28
O=C1NCN(c2ccccc2)C12CCN(CCCC(c1ccc(F)cc1)c1ccc(F)cc1)CC2,1.0,C1=CC=CC=C1N2C5(C(NC2)=O)CCN(CCCC(C3=CC=C(C=C3)F)C4=CC=C(C=C4)F)CC5,O=C1NCN(c2ccccc2)C12CCN(CCCC(c1ccccc1)c1ccccc1)CC2,35
O=C1NCN(c2ccccc2)C12CCN(CCCOc1ccc(F)cc1)CC2,1.0,C4=C(N1C3(C(NC1)=O)CCN(CCCOC2=CC=C(C=C2)F)CC3)C=CC=C4,O=C1NCN(c2ccccc2)C12CCN(CCCOc1ccccc1)CC2,28
O=C1NCNC1(c1ccccc1)c1ccccc1,1.0,C3=C(C2(C1=CC=CC=C1)C(NCN2)=O)C=CC=C3,O=C1NCNC1(c1ccccc1)c1ccccc1,18
O=C1Nc2ccc(Cl)cc2C(c2ccccc2)=NC1O,1.0,OC1N=C(c2ccccc2)c3cc(Cl)ccc3NC1=O,O=C1CN=C(c2ccccc2)c2ccccc2N1,20
O=C1Nc2ccc(Cl)cc2C(c2ccccc2Cl)=NC1O,1.0,OC1N=C(c2ccccc2Cl)c3cc(Cl)ccc3NC1=O,O=C1CN=C(c2ccccc2)c2ccccc2N1,21
O=C1Nc2ccc(Cl)cc2[C@@](C#CC2CC2)(C(F)(F)F)O1,0.0,FC(F)(F)[C@]1(OC(=O)Nc2ccc(Cl)cc12)C#CC3CC3,O=C1Nc2ccccc2C(C#CC2CC2)O1,21
O=C1Nc2ccc(Cl)nc2C(c2ccccc2Cl)=NC1O,1.0,C3=C(C1=NC(C(=O)NC2=C1N=C(Cl)C=C2)O)C(=CC=C3)Cl,O=C1CN=C(c2ccccc2)c2ncccc2N1,21
O=C1OC(c2ccc(O)cc2)(c2ccc(O)cc2)c2ccccc21,0.0,Oc1ccc(cc1)C2(OC(=O)c3ccccc23)c4ccc(O)cc4,O=C1OC(c2ccccc2)(c2ccccc2)c2ccccc21,24
O=C1OCCC1C1(O)CCN(CCCN2c3ccccc3Sc3ccc(Cl)cc32)CC1,1.0,C1=C(Cl)C=CC3=C1N(C2=C(C=CC=C2)S3)CCCN5CCC(C4C(OCC4)=O)(O)CC5,O=C1OCCC1C1CCN(CCCN2c3ccccc3Sc3ccccc32)CC1,31
O=C1[C@@H]2[C@@H]3C=C[C@@H]([C@H]4C=C[C@H]43)[C@@H]2C(=O)N1CCCCN1CCN(c2ncccn2)CC1,1.0,[C@H]14[C@H]([C@@H]2[C@@H]3[C@H]([C@H]1C=C2)C=C3)C(=O)N(C4=O)CCCCN6CCN(C5=NC=CC=N5)CC6,O=C1C2C3C=CC(C4C=CC43)C2C(=O)N1CCCCN1CCN(c2ncccn2)CC1,31
O=C1[C@@H]2[C@H]3CC[C@H](C3)[C@@H]2C(=O)N1CCCCN1CCN(c2ncccn2)CC1,1.0,[C@H]13[C@H]([C@H]2C[C@@H]1CC2)C(=O)N(C3=O)CCCCN4CCN(CC4)C5=NC=CC=N5.C(C(O)(C(=O)O)CC(=O)O)C(=O)O,O=C1C2C3CCC(C3)C2C(=O)N1CCCCN1CCN(c2ncccn2)CC1,28
O=C1[C@H]2CCCC[C@H]2C(=O)N1CCCCN1CCN(c2nsc3ccccc23)CC1,1.0,[C@@H]45C(N(CCCCN3CCN(C1=NSC2=C1C=CC=C2)CC3)C([C@@H]4CCCC5)=O)=O,O=C1C2CCCCC2C(=O)N1CCCCN1CCN(c2nsc3ccccc23)CC1,30
O=C1c2ccccc2S(=O)(=O)N1CCCCN1CCN(c2ncccn2)CC1,1.0,[H+].C1=CC=CC2=C1[S](=O)(=O)N(C2=O)CCCCN4CCN(C3=NC=CC=N3)CC4.[Cl-],O=C1c2ccccc2S(=O)(=O)N1CCCCN1CCN(c2ncccn2)CC1,28
O=C1c2ccccc2S(=O)(=O)N1CCCN1CCN(c2ncccn2)CC1,1.0,C1=CC=CC4=C1C(N(CCCN3CCN(C2=NC=CC=N2)CC3)[S]4(=O)=O)=O,O=C1c2ccccc2S(=O)(=O)N1CCCN1CCN(c2ncccn2)CC1,27
O=NN(CCCl)C(=O)NC1CCCCC1,1.0,ClCCN(N=O)C(=O)NC1CCCCC1,C1CCCCC1,15
O=NN(CCCl)C(=O)NCCCl,1.0,ClCCNC(=O)N(CCCl)N=O,,12
O=P(O)(O)OCC(Cl)(Cl)Cl,1.0,O=[P](O)(OCC(Cl)(Cl)Cl)O,,10
O=S(=O)([O-])CCS,0.0,[Na+].[O-][S](=O)(=O)CCS,,7
O=S(=O)(c1ccc2cc[nH]c2c1)N1CCCC1CCN1CCC(Oc2cccc(Cl)c2)CC1,1.0,ClC1=CC=CC(OC2CCN(CCC3CCCN3S(C4=CC(N([H])C=C5)=C5C=C4)(=O)=O)CC2)=C1,O=S(=O)(c1ccc2cc[nH]c2c1)N1CCCC1CCN1CCC(Oc2ccccc2)CC1,33
O=[N+]([O-])C1=CC=NC1NCCSCc1ccccn1,1.0,[O-][N+](C1=CC=NC1NCCSCc2ccccn2)=O,C1=CC(NCCSCc2ccccn2)N=C1,19
O=[N+]([O-])C1=CC=NC1NCCSCc1ncccc1Br,1.0,[O-][N+](C1=CC=NC1NCCSCc2ncccc2Br)=O,C1=CC(NCCSCc2ccccn2)N=C1,20
O=[N+]([O-])c1cc[nH]c1NCCSCc1ccccn1,1.0,c1cc(ncc1)CSCCNc1c(cc[nH]1)[N+](=O)[O-],c1ccc(CSCCNc2ccc[nH]2)nc1,19
O=c1[nH]c(=O)n([C@H]2C[C@H](O)[C@@H](CO)O2)cc1F,0.0,OC[C@H]1O[C@H](C[C@@H]1O)N2C=C(F)C(=O)NC2=O,O=c1ccn(C2CCCO2)c(=O)[nH]1,17
O=c1[nH]c2cc(Cl)c(Cl)c([N+](=O)[O-])c2[nH]c1=O,1.0,C1=C(Cl)C(=C(C2=C1NC(=O)C(N2)=O)[N+](=O)[O-])Cl,O=c1[nH]c2ccccc2[nH]c1=O,17
O=c1[nH]c2cc(Cl)ccc2n1C1CCN(CC2COc3ccccc3O2)CC1,1.0,C1=CC(=CC5=C1N(C4CCN(CC3OC2=C(C=CC=C2)OC3)CC4)C(N5)=O)Cl,O=c1[nH]c2ccccc2n1C1CCN(CC2COc3ccccc3O2)CC1,28
O=c1[nH]c2cc(Cl)ccc2n1C1CCN(CCCC(c2ccc(F)cc2)c2ccc(F)cc2)CC1,1.0,Fc1ccc(cc1)C(CCCN2CCC(CC2)N3C(=O)Nc4cc(Cl)ccc34)c5ccc(F)cc5,O=c1[nH]c2ccccc2n1C1CCN(CCCC(c2ccccc2)c2ccccc2)CC1,35
O=c1[nH]c2cc(Cl)ccc2o1,1.0,Clc1ccc2OC(=O)Nc2c1,O=c1[nH]c2ccccc2o1,11
O=c1[nH]c2ccccc2c(=O)n1CCCN1CCN(c2cccc(Cl)c2)CC1,1.0,C1=CC=CC4=C1C(N(CCCN3CCN(C2=CC(=CC=C2)Cl)CC3)C(N4)=O)=O,O=c1[nH]c2ccccc2c(=O)n1CCCN1CCN(c2ccccc2)CC1,28
O=c1[nH]c2ccccc2c(=O)n1CCN1C[C@H]2C[C@H](c3ccc(F)cc3)[C@H]2C1,1.0,[C@H]13[C@H](C[C@@H]1C2=CC=C(F)C=C2)CN(C3)CCN4C(=O)C5=C(NC4=O)C=CC=C5,O=c1[nH]c2ccccc2c(=O)n1CCN1CC2CC(c3ccccc3)C2C1,28
O=c1[nH]c2ccccc2n1C1CCN(CCCC(c2ccc(F)cc2)c2ccc(F)cc2)CC1,1.0,Fc1ccc(cc1)C(CCCN2CCC(CC2)N3C(=O)Nc4ccccc34)c5ccc(F)cc5,O=c1[nH]c2ccccc2n1C1CCN(CCCC(c2ccccc2)c2ccccc2)CC1,34
O=c1[nH]c2ccccc2n1C1CCN(CCCc2noc3cc(F)ccc23)CC1,1.0,Fc5ccc4c(CCCN1CCC(CC1)n2c(=O)[nH]c3ccccc23)noc4c5,O=c1[nH]c2ccccc2n1C1CCN(CCCc2noc3ccccc23)CC1,29
O=c1[nH]c2ccccc2n1C1CCN(CCOc2ccccc2)CC1,1.0,O=C1Nc2ccccc2N1C3CCN(CCOc4ccccc4)CC3,O=c1[nH]c2ccccc2n1C1CCN(CCOc2ccccc2)CC1,25
O=c1[nH]c2ccccc2n1CCCN1CCC(n2c(=O)[nH]c3cc(Cl)ccc32)CC1,0.0,Clc1ccc2N(C3CCN(CCCN4C(=O)Nc5ccccc45)CC3)C(=O)Nc2c1,O=c1[nH]c2ccccc2n1CCCN1CCC(n2c(=O)[nH]c3ccccc32)CC1,30
O=c1[nH]cc(F)c(=O)[nH]1,0.0,FC1=CNC(=O)NC1=O,O=c1cc[nH]c(=O)[nH]1,9
O=c1[nH]oc2c1CCNC2,1.0,O=C2C1=C(CNCC1)ON2,O=c1[nH]oc2c1CCNC2,10
O=c1c(Cc2c(O)oc3ccccc3c2=O)c(O)oc2ccccc12,0.0,OC1=C(CC2=C(O)Oc3ccccc3C2=O)C(=O)c4ccccc4O1,O=c1c(Cc2coc3ccccc3c2=O)coc2ccccc12,25
O=c1c(O[C@@H]2O[C@H](CO)[C@@H](O)[C@H](O)[C@H]2O)c(-c2ccc(O)c(O)c2)oc2cc(O)cc(O)c12,0.0,OC[C@H]1O[C@@H](OC2=C(Oc3cc(O)cc(O)c3C2=O)c4ccc(O)c(O)c4)[C@H](O)[C@@H](O)[C@@H]1O,O=c1c(OC2CCCCO2)c(-c2ccccc2)oc2ccccc12,33
O=c1cc[nH]nc1,1.0,O=C1C=CNN=C1,O=c1cc[nH]nc1,7
O=c1ccc2ccccc2o1,0.0,O=C1Oc2ccccc2C=C1,O=c1ccc2ccccc2o1,11
O=c1ccn(C2OC(CO)C(O)C2O)c(=O)[nH]1,1.0,OCC1OC(C(O)C1O)N2C=CC(=O)NC2=O,O=c1ccn(C2CCCO2)c(=O)[nH]1,17
O=c1n(CCCN2CCN(c3cccc(Cl)c3)CC2)nc2ccccn12,1.0,Clc1cccc(c1)N2CCN(CCCN3N=C4C=CC=CN4C3=O)CC2,O=c1n(CCCN2CCN(c3ccccc3)CC2)nc2ccccn12,26
O=c1nc[nH]c2c1ncn2[C@H]1CC[C@@H](CO)O1,0.0,OC[C@@H]1CC[C@@H](O1)n2cnc3C(=O)N=CNc23,O=c1nc[nH]c2c1ncn2C1CCCO1,17
O=c1ncnc2[nH][nH]cc1-2,0.0,O=C1N=CN=C2NNC=C12,O=c1ncnc2[nH][nH]cc1-2,10
OC(Br)(Br)CBr,1.0,BrCC(O)(Br)Br,,6
OC(C1=NCCN1)(c1ccc(Cl)cc1)c1ccccn1,1.0,C1=CC(=CC=C1C(C2=NCCN2)(C3=NC=CC=C3)O)Cl,c1ccc(C(C2=NCCN2)c2ccccn2)cc1,20
OC(CCCN1CCc2c(c3cc(F)ccc3n2-c2ccc(F)cc2)C1)c1ccc(F)cc1,1.0,C1=CC(=CC2=C1[N](C4=C2CN(CCCC(C3=CC=C(C=C3)F)O)CC4)C5=CC=C(F)C=C5)F,c1ccc(CCCCN2CCc3c(c4ccccc4n3-c3ccccc3)C2)cc1,33
OC(CCN1CCCC1)(c1ccccc1)C1CCCCC1,1.0,OC(CCN1CCCC1)(C2CCCCC2)c3ccccc3,c1ccc(C(CCN2CCCC2)C2CCCCC2)cc1,21
OC(CCN1CCCCC1)(c1ccccc1)C1CC2C=CC1C2,1.0,OC(CCN1CCCCC1)(C2CC3CC2C=C3)c4ccccc4,C1=CC2CC1CC2C(CCN1CCCCC1)c1ccccc1,23
OC(CCN1CCCCC1)(c1ccccc1)C1CCCCC1,1.0,OC(CCN1CCCCC1)(C2CCCCC2)c3ccccc3,c1ccc(C(CCN2CCCCC2)C2CCCCC2)cc1,22
OC(CN1CCCCC1)c1cc(-c2ccccc2)on1,1.0,C2=C(C1=CC=CC=C1)ON=C2C(CN3CCCCC3)O,c1ccc(-c2cc(CCN3CCCCC3)no2)cc1,20
OC(Cn1ccnc1)c1ccc(CCc2ccccc2)cc1,1.0,C1=CC(=CC=C1C(C[N]2C=CN=C2)O)CCC3=CC=CC=C3,c1ccc(CCc2ccc(CCn3ccnc3)cc2)cc1,22
OC(Cn1cncn1)(Cn1cncn1)c1ccc(F)cc1F,1.0,OC(Cn1cncn1)(Cn2cncn2)c3ccc(F)cc3F,c1ccc(C(Cn2cncn2)Cn2cncn2)cc1,22
OC(O)C(Cl)(Cl)Cl,1.0,OC(O)C(Cl)(Cl)Cl,,7
OC(OCC(COC(O)C(Cl)(Cl)Cl)(COC(O)C(Cl)(Cl)Cl)COC(O)C(Cl)(Cl)Cl)C(Cl)(Cl)Cl,1.0,C(C(COC(C(Cl)(Cl)Cl)O)(COC(C(Cl)(Cl)Cl)O)COC(C(Cl)(Cl)Cl)O)OC(C(Cl)(Cl)Cl)O,,33
OC(c1cc(C(F)(F)F)nc2c(C(F)(F)F)cccc12)C1CCCCN1,1.0,OC(C1CCCCN1)c2cc(nc3c2cccc3C(F)(F)F)C(F)(F)F,c1ccc2c(CC3CCCCN3)ccnc2c1,26
OC(c1ccccc1)(c1ccccc1)C1CC1c1ccncc1,1.0,C4=C(C(C2C(C1=CC=NC=C1)C2)(C3=CC=CC=C3)O)C=CC=C4,c1ccc(C(c2ccccc2)C2CC2c2ccncc2)cc1,23
OC(c1ccccc1)(c1ccccc1)C1CCCCN1,1.0,C1=C(C=CC=C1)C(C2=CC=CC=C2)(C3NCCCC3)O,c1ccc(C(c2ccccc2)C2CCCCN2)cc1,20
OC(c1ccccc1)(c1ccccc1)C1CCNCC1,1.0,C3=C(C(O)(C1=CC=CC=C1)C2CCNCC2)C=CC=C3,c1ccc(C(c2ccccc2)C2CCNCC2)cc1,20
OC1(c2ccc(Cl)c(C(F)(F)F)c2)CCN(CCCC(c2ccc(F)cc2)c2ccc(F)cc2)CC1,1.0,C4=C(C(CCCN1CCC(CC1)(C2=CC=C(C(=C2)C(F)(F)F)Cl)O)C3=CC=C(C=C3)F)C=CC(=C4)F,c1ccc(C2CCN(CCCC(c3ccccc3)c3ccccc3)CC2)cc1,36
OC1(c2ccc(Cl)cc2)c2ccccc2C2=NCCN21,1.0,C1=CC=CC2=C1C(N3C2=NCC3)(C4=CC=C(C=C4)Cl)O,c1ccc(C2c3ccccc3C3=NCCN32)cc1,20
OC1(c2cccc(Cl)c2)C2=NCCCN2c2ccccc21,1.0,C1=CC=CC2=C1C(C3=NCCCN23)(C4=CC=CC(=C4)Cl)O,c1ccc(C2C3=NCCCN3c3ccccc32)cc1,21
OC1CCN(c2ccc(-c3ccc(Cl)cc3Cl)nn2)CC1,1.0,C3=C(C2=CC=C(N1CCC(O)CC1)N=N2)C(=CC(=C3)Cl)Cl,c1ccc(-c2ccc(N3CCCCC3)nn2)cc1,21
OC1CCN(c2ccc(-c3ccccc3Cl)nn2)CC1,1.0,C1=CC(=NN=C1C2=C(Cl)C=CC=C2)N3CCC(O)CC3,c1ccc(-c2ccc(N3CCCCC3)nn2)cc1,20
OC1OC(COCCOC(O)C(Cl)(Cl)Cl)C(OC2OC(COCCOCCOC(O)C(Cl)(Cl)Cl)CC(OC(O)C(Cl)(Cl)Cl)C2O)C(OCCOCCOC(O)C(Cl)(Cl)Cl)C1O,1.0,OC1OC(COCCOC(O)C(Cl)(Cl)Cl)C(OC2OC(COCCOCCOC(O)C(Cl)(Cl)Cl)CC(OC(O)C(Cl)(Cl)Cl)C2O)C(OCCOCCOC(O)C(Cl)(Cl)Cl)C1O,C1CCC(OC2CCCOC2)OC1,61
OCC(O)C(O)C(O)C(O)CO,0.0,OCC(O)C(O)C(O)C(O)CO,,12
OCC1(CO)COC(C(Cl)(Cl)Cl)OC1,1.0,C(C1(COC(C(Cl)(Cl)Cl)OC1)CO)O,C1COCOC1,14
OCCC1CCN(CC/C=C2\c3ccc(F)cc3Sc3ccc(C(F)(F)F)cc32)CC1,1.0,OCC[C@@H]1CCN(CC\C=C2/c3ccc(F)cc3Sc4ccc(cc24)C(F)(F)F)CC1,C(CCN1CCCCC1)=C1c2ccccc2Sc2ccccc21,31
OCCCN1CCN(CCCC2c3ccccc3Sc3ccc(Cl)cc32)CC1,1.0,OCCCN4CCN(CCCC2c1ccccc1Sc3ccc(Cl)cc23)CC4,c1ccc2c(c1)Sc1ccccc1C2CCCN1CCNCC1,28
OCCCOc1cccc(CN2CCCCC2)c1,1.0,C1CCN(CC1)Cc1cc(OCCCO)ccc1,c1ccc(CN2CCCCC2)cc1,18
OCCN(CCO)c1nc(N2CCCCC2)c2nc(N(CCO)CCO)nc(N3CCCCC3)c2n1,0.0,OCCN(CCO)c1nc(N2CCCCC2)c3nc(nc(N4CCCCC4)c3n1)N(CCO)CCO,c1nc(N2CCCCC2)c2ncnc(N3CCCCC3)c2n1,36
OCCN1C=CN(CCCN2c3ccccc3C=Cc3ccccc32)C=CC1,1.0,C3=C2N(C1=CC=CC=C1C=CC2=CC=C3)CCCN4C=CN(CC=C4)CCO,C1=CN(CCCN2c3ccccc3C=Cc3ccccc32)C=CNC1,28
OCCN1CCCN(CCCN2c3ccccc3Sc3cc(C(F)(F)F)ccc32)CC1,1.0,[H+].[H+].[Cl-].[Cl-].OCCN1CCCN(CCCN2c3ccccc3Sc4cc(ccc24)C(F)(F)F)CC1,c1ccc2c(c1)Sc1ccccc1N2CCCN1CCCNCC1,31
OCCN1CCCN(CCCN2c3ccccc3Sc3ccc(C(F)(F)F)cc32)CC1,1.0,C1=C(C(F)(F)F)C=CC3=C1N(C2=C(C=CC=C2)S3)CCCN4CCN(CCO)CCC4,c1ccc2c(c1)Sc1ccccc1N2CCCN1CCCNCC1,31
OCCN1CCN(CC/C=C2/c3ccccc3COc3ccc(Cl)cc32)CC1,1.0,OCCN1CCN(CC\C=C/2c3ccccc3COc4ccc(Cl)cc24)CC1,C(CCN1CCNCC1)=C1c2ccccc2COc2ccccc21,28
OCCN1CCN(CC/C=C2/c3ccccc3Sc3ccc(C(F)(F)F)cc32)CC1,1.0,OCCN1CCN(CC\C=C/2c3ccccc3Sc4ccc(cc24)C(F)(F)F)CC1,C(CCN1CCNCC1)=C1c2ccccc2Sc2ccccc21,30
OCCN1CCN(CC/C=C2/c3ccccc3Sc3ccc(Cl)cc32)CC1,1.0,OCCN1CCN(CC\C=C/2c3ccccc3Sc4ccc(Cl)cc24)CC1,C(CCN1CCNCC1)=C1c2ccccc2Sc2ccccc21,27
OCCN1CCN(CCCC2c3ccc(F)cc3Sc3ccc(C(F)(F)F)cc32)CC1,1.0,C1=C(C(F)(F)F)C=CC3=C1C(C2=C(C=C(F)C=C2)S3)CCCN4CCN(CCO)CC4,c1ccc2c(c1)Sc1ccccc1C2CCCN1CCNCC1,31
OCCN1CCN(CCCN2c3cc(C(F)(F)F)ccc3Sc3sccc32)CC1,1.0,C1=C(C(F)(F)F)C=CC3=C1N(C2=C(SC=C2)S3)CCCN4CCN(CCO)CC4,c1ccc2c(c1)Sc1sccc1N2CCCN1CCNCC1,29
OCCN1CCN(CCCN2c3ccccc3C=Cc3ccccc32)CC1,1.0,C1=CC=CC2=C1N(C3=C(C=C2)C=CC=C3)CCCN4CCN(CCO)CC4,C1=Cc2ccccc2N(CCCN2CCNCC2)c2ccccc21,27
OCCN1CCN(CCCN2c3ccccc3Sc3cc(Cl)cnc32)CC1,1.0,C1=C(Cl)C=NC2=C1SC4=C(N2CCCN3CCN(CCO)CC3)C=CC=C4,c1ccc2c(c1)Sc1cccnc1N2CCCN1CCNCC1,27
OCCN1CCN(CCCN2c3ccccc3Sc3ccc(C(F)(F)F)cc32)CC1,1.0,OCCN1CCN(CCCN2c3ccccc3Sc4ccc(cc24)C(F)(F)F)CC1,c1ccc2c(c1)Sc1ccccc1N2CCCN1CCNCC1,30
OCCN1CCN(CCCN2c3ccccc3Sc3ccc(Cl)cc32)CC1,1.0,OCCN1CCN(CCCN2c3ccccc3Sc4ccc(Cl)cc24)CC1,c1ccc2c(c1)Sc1ccccc1N2CCCN1CCNCC1,27
OCCN1CCN([C@@H]2C[C@@H](c3ccc(F)cc3)c3ccc(C(F)(F)F)cc32)CC1,1.0,[C@@H]2(C3=C([C@H](C1=CC=C(C=C1)F)C2)C=CC(=C3)C(F)(F)F)N4CCN(CCO)CC4,c1ccc(C2CC(N3CCNCC3)c3ccccc32)cc1,29
OCCOC1CCN(CCCN2c3ccccc3Sc3ccc(C(F)(F)F)cc32)CC1,1.0,C1=CC=CC3=C1N(CCCN2CCC(OCCO)CC2)C4=C(S3)C=CC(=C4)C(F)(F)F,c1ccc2c(c1)Sc1ccccc1N2CCCN1CCCCC1,31
OCCOCCN1CCN(C(c2ccccc2)c2ccc(Cl)cc2)CC1,1.0,OCCOCCN1CCN(CC1)C(c2ccccc2)c3ccc(Cl)cc3,c1ccc(C(c2ccccc2)N2CCNCC2)cc1,26
OCCOCCN1CCN(C2=Nc3ccccc3Sc3ccccc32)CC1,1.0,C1=CC=CC3=C1C(=NC2=CC=CC=C2S3)N4CCN(CCOCCO)CC4,c1ccc2c(c1)N=C(N1CCNCC1)c1ccccc1S2,27
OCCOCCOCCN1CCN(C(c2ccccc2)c2ccc(Cl)cc2)CC1,1.0,C3=C(C(N1CCN(CC1)CCOCCOCCO)C2=CC=CC=C2)C=CC(=C3)Cl.O=C(O)\C=C\C(O)=O,c1ccc(C(c2ccccc2)N2CCNCC2)cc1,29
OC[C@@H](O)[C@H]1OC2O[C@H](C(Cl)(Cl)Cl)O[C@@H]2[C@H]1O,1.0,[C@@H]2(OC1O[C@@H](O[C@@H]1[C@H]2O)C(Cl)(Cl)Cl)[C@H](O)CO,C1CC2OCOC2O1,17
OC[C@H]1O[C@@H](n2cnc3c2NC=NC[C@H]3O)C[C@@H]1O,1.0,OC[C@H]1O[C@H](C[C@@H]1O)n2cnc3[C@H](O)CN=CNc23,C1=NCCc2ncn(C3CCCO3)c2N1,19
OCc1ccccc1,1.0,C(C1=CC=CC=C1)O,c1ccccc1,8
OCc1ccccc1O[C@@H]1O[C@H](CO)[C@@H](O)[C@H](O)[C@H]1O,1.0,[C@@H]2(OC1=C(C=CC=C1)CO)O[C@@H]([C@@H](O)[C@@H]([C@H]2O)O)CO,c1ccc(OC2CCCCO2)cc1,20
OCc1cccnc1,0.0,OCc1cccnc1,c1ccncc1,8
OCc1ncc2n1-c1ccc(Cl)cc1C(c1ccccc1F)=NC2,1.0,OCc1ncc2CN=C(c3ccccc3F)c4cc(Cl)ccc4n12,c1ccc(C2=NCc3cncn3-c3ccccc32)cc1,24
ON1CC(=NCC2CC2)N=c2ccc(Cl)cc2=C1c1ccccc1,1.0,C4=C(C2=C3C(=NC(=NCC1CC1)CN2O)C=CC(=C3)Cl)C=CC=C4,c1ccc(C2=c3ccccc3=NC(=NCC3CC3)CN2)cc1,24
Oc1ccc2[nH]cc(CCCCN3CC=C(c4ccccc4)CC3)c2c1,1.0,C[S](O)(=O)=O.Oc1ccc2[nH]cc(CCCCN3CCC(=CC3)c4ccccc4)c2c1,C1=C(c2ccccc2)CCN(CCCCc2c[nH]c3ccccc23)C1,26
Oc1ccc2c(c1)C13CCCCC1C(C2)N(CCc1ccccc1)CC3,1.0,C1=C(O)C=CC4=C1C35C(C(N(CCC2=CC=CC=C2)CC3)C4)CCCC5,c1ccc(CCN2CCC34CCCCC3C2Cc2ccccc24)cc1,26
Oc1ccc2c(c1)C13CCCCC1C(C2)NCC3,1.0,C1=C(O)C=CC3=C1C24C(C(NCC2)C3)CCCC4,c1ccc2c(c1)CC1NCCC23CCCCC13,18
Oc1ccc2c(c1)C13CCN(CC4CC4)C(C2)C1CCOC3,1.0,Oc5ccc4CC2C1CCOCC1(CCN2CC3CC3)c4c5,c1ccc2c(c1)CC1C3CCOCC23CCN1CC1CC1,22
Oc1ccc2c(c1)[C@@]13CCCC[C@@]1(O)[C@@H](C2)N(CC1CC1)CC3,1.0,[C@]235[C@]([C@H](N(CC1CC1)CC2)CC4=C3C=C(O)C=C4)(CCCC5)O,c1ccc2c(c1)CC1C3CCCCC23CCN1CC1CC1,23
Oc1ccc2c(c1)[C@@]13CCCC[C@@]1(O)[C@@H](C2)N(CC1CCC1)CC3,1.0,[C@]235[C@]([C@H](N(CC1CCC1)CC2)CC4=C3C=C(O)C=C4)(CCCC5)O,c1ccc2c(c1)CC1C3CCCCC23CCN1CC1CCC1,24
Oc1ccc2c3c1OC1C(O)C=CC4C(C2)NCCC341,1.0,C1=CC(=C3C2=C1CC5C4C2(C(O3)C(O)C=C4)CCN5)O,C1=CC2C3Cc4cccc5c4C2(CCN3)C(C1)O5,20
Oc1ccc2c3c1OC1C(O)CCC4(O)C(C2)N(CC2CCC2)CCC314,1.0,OC1CCC2(O)C3Cc5ccc(O)c6OC1C2(CCN3CC4CCC4)c56,c1cc2c3c(c1)OC1CCCC4C(C2)N(CC2CCC2)CCC314,26
S=C(NC1CCCCC1)N1CCC(c2c[nH]cn2)CC1,1.0,c1nc(C2CCN(CC2)C(NC2CCCCC2)=S)c[nH]1,S=C(NC1CCCCC1)N1CCC(c2c[nH]cn2)CC1,20
S=C(NC1CCCCC1)N1CCC(c2cnc[nH]2)CC1,1.0,S=C(NC1CCCCC1)N2CCC(CC2)c3[nH]cnc3,S=C(NC1CCCCC1)N1CCC(c2cnc[nH]2)CC1,20
S=C1NCCC(COc2ccccc2)O1,1.0,C2=C(OCC1OC(NCC1)=S)C=CC=C2,S=C1NCCC(COc2ccccc2)O1,15
S=P(N1CC1)(N1CC1)N1CC1,1.0,S=[P](N1CC1)(N2CC2)N3CC3,S=P(N1CC1)(N1CC1)N1CC1,11
[C-]#[N+]C(=C\c1ccc(O)cc1)/C(=C/c1ccc(O)cc1)[N+]#[C-],0.0,Oc1ccc(cc1)/C=C([N+]#[C-])/C(=C/c2ccc(O)cc2)[N+]#[C-],C(C=Cc1ccccc1)=Cc1ccccc1,22
[CH2-][CH-]C,1.0,[CH2-][CH-]C,,3
[N-]=[N+]=NCC(=O)N[C@H](CO)[C@H](O)c1ccc([N+](=O)[O-])cc1,1.0,[N+](=NCC(=O)N[C@@H]([C@H](O)C1=CC=C([N+]([O-])=O)C=C1)CO)=[N-],c1ccccc1,21
[N-]=[N+]=O,1.0,[N+](=[N-])=O,,3
c1cc(CN2CCCCC2)cc(OCCCNc2nc3ccccc3o2)c1,1.0,N1(Cc2cc(OCCCNc3oc4ccccc4n3)ccc2)CCCCC1,c1cc(CN2CCCCC2)cc(OCCCNc2nc3ccccc3o2)c1,27
c1cc(CN2CCCCC2)cc(OCCCNc2nc3ccccc3s2)c1,1.0,OC(=O)\C=C/C(O)=O.OC(=O)\C=C/C(O)=O.C1CCN(CC1)Cc2cccc(OCCCNc3sc4ccccc4n3)c2,c1cc(CN2CCCCC2)cc(OCCCNc2nc3ccccc3s2)c1,27
c1cc(CN2CCCCC2)cc(OCCCNc2nccs2)c1,1.0,N1(Cc2cc(OCCCNc3nccs3)ccc2)CCCCC1,c1cc(CN2CCCCC2)cc(OCCCNc2nccs2)c1,23
c1cc2c(c(N3CCNCC3)c1)OCCO2,1.0,C1=C(C2=C(C=C1)OCCO2)N3CCNCC3,c1cc2c(c(N3CCNCC3)c1)OCCO2,16
c1ccc(-c2cc(CCC3CCNCC3)c3ccccc3n2)cc1,1.0,C2=C(C1=CC=CC=C1)N=C4C(=C2CCC3CCNCC3)C=CC=C4,c1ccc(-c2cc(CCC3CCNCC3)c3ccccc3n2)cc1,24
c1ccc(-c2nc(N3CCNCC3)cc3ccccc23)cc1,1.0,C2=C1C(=NC(=CC1=CC=C2)N3CCNCC3)C4=CC=CC=C4,c1ccc(-c2nc(N3CCNCC3)cc3ccccc23)cc1,22
c1ccc(C2(N3CCCCC3)CCCCC2)cc1,1.0,C1CCN(CC1)C2(CCCCC2)c3ccccc3,c1ccc(C2(N3CCCCC3)CCCCC2)cc1,18
c1ccc(C2(c3ccccc3)OC[C@H]([C@@H]3CCCCN3)O2)cc1,1.0,[C@@H]1(NCCCC1)[C@@H]2OC(OC2)(C3=CC=CC=C3)C4=CC=CC=C4,c1ccc(C2(c3ccccc3)OCC(C3CCCCN3)O2)cc1,23
c1ccc(C2CCN(CC3CCCc4c3ccc3c4OCO3)C2)cc1,1.0,C5CC(CN1CCC(C1)c2ccccc2)c4ccc3OCOc3c4C5,c1ccc(C2CCN(CC3CCCc4c3ccc3c4OCO3)C2)cc1,25
c1ccc(C2CN=C3NCCN32)cc1,1.0,C3=C(C1N2C(=NC1)NCC2)C=CC=C3,c1ccc(C2CN=C3NCCN32)cc1,14
c1ccc(CC2NCCc3c2[nH]c2ccccc32)cc1,1.0,C4=C3[NH]C1=C(CCNC1CC2=CC=CC=C2)C3=CC=C4,c1ccc(CC2NCCc3c2[nH]c2ccccc32)cc1,20
c1ccc(Cn2cc(CCc3ccncc3)c3ccccc32)cc1,1.0,[Cl].C1=CC=CC2=C1[N](C=C2CCC3=CC=NC=C3)CC4=CC=CC=C4,c1ccc(Cn2cc(CCc3ccncc3)c3ccccc32)cc1,24
c1ccc(NCCCOc2cccc(CN3CCCCC3)c2)nc1,1.0,N1(Cc2cccc(OCCCNc3ccccn3)c2)CCCCC1,c1ccc(NCCCOc2cccc(CN3CCCCC3)c2)nc1,24
c1ccc([C@@H]2CN3CCSC3=N2)cc1,1.0,[C@@H]3(C1=CC=CC=C1)CN2CCSC2=N3,c1ccc(C2CN3CCSC3=N2)cc1,14
c1ccc2c(CCC3CCNCC3)c[nH]c2c1,1.0,C1=CC=CC2=C1C(=C[NH]2)CCC3CCNCC3,c1ccc2c(CCC3CCNCC3)c[nH]c2c1,17
c1ccc2c(c1)CCN1CCNCC21,1.0,C1=CC=CC2=C1C3N(CC2)CCNC3,c1ccc2c(c1)CCN1CCNCC21,14
c1ccc2c(c1)CCc1cccc3c1C2CN1CCCCC31,1.0,C5=C2C1=C(CCC4=C(C1CN3CCCCC23)C=CC=C4)C=C5,c1ccc2c(c1)CCc1cccc3c1C2CN1CCCCC31,22
c1ccc2c(c1)CCc1ccccc1N2C1CN2CCC1CC2,1.0,C1=CC=CC4=C1N(C2C3CCN(C2)CC3)C5=C(CC4)C=CC=C5,c1ccc2c(c1)CCc1ccccc1N2C1CN2CCC1CC2,23
c1ccc2c(c1)cc1n2CCCNC1,1.0,C1=CC=CC2=C1[N]3C(=C2)CNCCC3,c1ccc2c(c1)cc1n2CCCNC1,14
c1ccc2cc(COC3CCNCC3)ccc2c1,1.0,C2=C(COC1CCNCC1)C=CC3=C2C=CC=C3,c1ccc2cc(COC3CCNCC3)ccc2c1,18
c1ccc2oc(-c3ccncc3)cc2c1,1.0,C2=C(C1=CC=NC=C1)OC3=C2C=CC=C3,c1ccc2oc(-c3ccncc3)cc2c1,15
c1ccccc1,1.0,c1ccccc1,c1ccccc1,6
c1cnc(N2CCN(Cc3ccc4c(c3)OCO4)CC2)nc1,1.0,C4Oc3ccc(CN1CCN(CC1)c2ncccn2)cc3O4,c1cnc(N2CCN(Cc3ccc4c(c3)OCO4)CC2)nc1,22
c1cncc(CC2(Cc3ccncc3)c3cccnc3-c3ncccc32)c1,1.0,C1=CC=NC2=C1C(C3=C2N=CC=C3)(CC4=CC=NC=C4)CC5=CN=CC=C5.O,c1cncc(CC2(Cc3ccncc3)c3cccnc3-c3ncccc32)c1,27
c1csc(Cc2ccccc2OCC2CNCCO2)c1,1.0,C1=CC=CC(=C1CC2=CC=CS2)OCC3OCCNC3.O=C(O)\C=C/C(=O)O,c1csc(Cc2ccccc2OCC2CNCCO2)c1,20
