smiles,y,original_smiles,scaffold,n_heavy
Brc1ccc(-c2nnc(-c3cccnc3)c3conc23)cc1,0.0,Brc1ccc(cc1)c2nnc(c3cccnc3)c4conc24,c1ccc(-c2nnc(-c3cccnc3)c3conc23)cc1,22
Brc1ccccc1-c1nnc(CSc2nnnn2-c2ccccc2)o1,0.0,Brc1ccccc1c2oc(CSc3nnnn3c4ccccc4)nn2,c1ccc(-c2nnc(CSc3nnnn3-c3ccccc3)o2)cc1,25
C#CC(Cc1ccc(O)cc1)c1ccc(O)cc1,1.0,Oc1ccc(CC(C#C)c2ccc(O)cc2)cc1,c1ccc(CCc2ccccc2)cc1,18
C#CC(c1ccc(O)cc1)C(C#C)c1ccc(O)cc1,1.0,Oc1ccc(cc1)C(C#C)C(C#C)c2ccc(O)cc2,c1ccc(CCc2ccccc2)cc1,20
C#CCN(c1ccc(C(=O)N[C@@H](CCC(=O)N[C@H](CCC(=O)O)C(=O)O)C(=O)O)cc1)C1CCc2cc3nc(CO)[nH]c(=O)c3cc21,1.0,OCC1=Nc2cc3CCC(N(CC#C)c4ccc(cc4)C(=O)N[C@@H](CCC(=O)N[C@H](CCC(=O)O)C(=O)O)C(=O)O)c3cc2C(=O)N1,O=c1[nH]cnc2cc3c(cc12)C(Nc1ccccc1)CC3,47
C#CCN1C=NC(c2ccc(O)cc2Cl)C1c1ccc(O)cc1Cl,1.0,Oc1ccc(C2N=CN(CC#C)C2c3ccc(O)cc3Cl)c(Cl)c1,C1=NC(c2ccccc2)C(c2ccccc2)N1,24
C#CC[C@]12CC[C@H](O)CC1=CCC1C2CC[C@@]2(C)C1CC[C@@H]2O,0.0,C[C@]12CCC3C(CC=C4C[C@@H](O)CC[C@]34CC#C)C1CC[C@@H]2O,C1=C2CCCCC2C2CCC3CCCC3C2C1,23
C#C[C@]1(O)CCC2C3CC=C4C[C@@H](O)CC[C@]4(C=C)C3CC[C@@]21C,1.0,C[C@]12CCC3C(CC=C4C[C@@H](O)CC[C@]34C=C)C1CC[C@@]2(O)C#C,C1=C2CCCCC2C2CCC3CCCC3C2C1,24
C#C[C@]1(O)CC[C@H]2[C@@H]3CC=C4C[C@@H](O)CC[C@]4(C=C)[C@H]3CC[C@@]21C,1.0,C[C@]12CC[C@H]3[C@@H](CC=C4C[C@@H](O)CC[C@]34C=C)[C@@H]1CC[C@@]2(O)C#C,C1=C2CCCCC2C2CCC3CCCC3C2C1,24
C#C[C@]1(O)CC[C@H]2[C@@H]3CCC4=CC(=O)CCC4=C3[C@@H](c3ccc(N(C)C(=O)CC[C@H](NC(=O)CC[C@@H](C)[C@H]4CC[C@H]5[C@@H]6[C@H](O)C[C@@H]7C[C@H](O)CC[C@]7(C)[C@H]6C[C@H](O)[C@]45C)C(=O)O)cc3)C[C@@]21C,1.0,C[C@H](CCC(=O)N[C@@H](CCC(=O)N(C)c1ccc(cc1)[C@H]2C[C@@]3(C)[C@@H](CC[C@@]3(O)C#C)[C@@H]4CCC5=CC(=O)CCC5=C24)C(=O)O)[C@H]6CC[C@H]7[C@@H]8[C@H](O)C[C@@H]9C[C@H](O)CC[C@]9(C)[C@H]8C[C@H](O)[C@]67C,O=C1C=C2CCC3C(=C2CC1)C(c1ccc(NC(=O)CCCNC(=O)CCCC2CCC4C2CCC2C5CCCCC5CCC42)cc1)CC1CCCC13,67
C#C[C@]1(O)CC[C@H]2[C@@H]3CCC4=CC(=O)CCC4=C3[C@@H](c3ccc(N(C)C(=O)CNC(=O)OC4CC[C@@]5(C)[C@@H](C4)C[C@@H](O)[C@@H]4[C@@H]5C[C@H](O)[C@]5(C)[C@@H]([C@H](C)CCC(=O)O)CC[C@@H]45)cc3)C[C@@]21C,1.0,C[C@H](CCC(=O)O)[C@H]1CC[C@H]2[C@@H]3[C@H](O)C[C@@H]4CC(CC[C@]4(C)[C@H]3C[C@H](O)[C@]12C)OC(=O)NCC(=O)N(C)c5ccc(cc5)[C@H]6C[C@@]7(C)[C@@H](CC[C@@]7(O)C#C)[C@@H]8CCC9=CC(=O)CCC9=C68,O=C1C=C2CCC3C(=C2CC1)C(c1ccc(NC(=O)CNC(=O)OC2CCC4C(CCC5C6CCCC6CCC45)C2)cc1)CC1CCCC13,65
C#C[C@]1(O)CC[C@H]2[C@@H]3CCC4=CC(=O)CCC4=C3[C@@H](c3ccc(N(C)C(=O)CNC(=O)O[C@@H]4C[C@@H]5CC(O)CC[C@]5(C)[C@H]5C[C@H](O)[C@]6(C)[C@@H]([C@H](C)CCC(=O)O)CC[C@H]6[C@H]45)cc3)C[C@@]21C,1.0,C[C@H](CCC(=O)O)[C@H]1CC[C@H]2[C@@H]3[C@@H](C[C@@H]4CC(O)CC[C@]4(C)[C@H]3C[C@H](O)[C@]12C)OC(=O)NCC(=O)N(C)c5ccc(cc5)[C@H]6C[C@@]7(C)[C@@H](CC[C@@]7(O)C#C)[C@@H]8CCC9=CC(=O)CCC9=C68,O=C1C=C2CCC3C(=C2CC1)C(c1ccc(NC(=O)CNC(=O)OC2CC4CCCCC4C4CCC5CCCC5C24)cc1)CC1CCCC13,65
C#C[C@]1(O)CC[C@H]2[C@@H]3CCC4=CC(=O)CCC4=C3[C@@H](c3ccc(N(C)C(C)=O)cc3)C[C@@]21C,1.0,CN(C(=O)C)c1ccc(cc1)[C@H]2C[C@@]3(C)[C@@H](CC[C@@]3(O)C#C)[C@@H]4CCC5=CC(=O)CCC5=C24,O=C1C=C2CCC3C(=C2CC1)C(c1ccccc1)CC1CCCC13,33
C#C[C@]1(O)CC[C@H]2[C@@H]3CCC4=CC(=O)CCC4=C3[C@@H](c3ccc(N(C)CCCC(=O)N(C)C4CC[C@@]5(C)[C@@H](C4)C[C@@H](O)[C@@H]4[C@@H]5C[C@H](O)[C@]5(C)[C@@H]([C@H](C)CCC(=O)O)CC[C@@H]45)cc3)C[C@@]21C,1.0,C[C@H](CCC(=O)O)[C@H]1CC[C@H]2[C@@H]3[C@H](O)C[C@@H]4CC(CC[C@]4(C)[C@H]3C[C@H](O)[C@]12C)N(C)C(=O)CCCN(C)c5ccc(cc5)[C@H]6C[C@@]7(C)[C@@H](CC[C@@]7(O)C#C)[C@@H]8CCC9=CC(=O)CCC9=C68,O=C1C=C2CCC3C(=C2CC1)C(c1ccc(NCCCC(=O)NC2CCC4C(CCC5C6CCCC6CCC45)C2)cc1)CC1CCCC13,65
C#C[C@]1(O)CC[C@H]2[C@@H]3CCC4=CC(=O)CCC4=C3[C@@H](c3ccc(N(C)CCCOC4CC[C@@]5(C)[C@@H](C4)C[C@@H](O)[C@@H]4[C@@H]5C[C@H](O)[C@]5(C)[C@@H]([C@H](C)CCC(=O)O)CC[C@@H]45)cc3)C[C@@]21C,1.0,C[C@H](CCC(=O)O)[C@H]1CC[C@H]2[C@@H]3[C@H](O)C[C@@H]4CC(CC[C@]4(C)[C@H]3C[C@H](O)[C@]12C)OCCCN(C)c5ccc(cc5)[C@H]6C[C@@]7(C)[C@@H](CC[C@@]7(O)C#C)[C@@H]8CCC9=CC(=O)CCC9=C68,O=C1C=C2CCC3C(=C2CC1)C(c1ccc(NCCCOC2CCC4C(CCC5C6CCCC6CCC45)C2)cc1)CC1CCCC13,62
C#C[C@]1(O)CC[C@H]2[C@@H]3CCC4=CC(=O)CCC4=C3[C@@H](c3ccc(N(C)CCCS(=O)(=O)N(C)C4CC[C@@]5(C)[C@@H](C4)C[C@@H](O)[C@@H]4[C@@H]5C[C@H](O)[C@]5(C)[C@@H]([C@H](C)CCC(=O)O)CC[C@@H]45)cc3)C[C@@]21C,1.0,C[C@H](CCC(=O)O)[C@H]1CC[C@H]2[C@@H]3[C@H](O)C[C@@H]4CC(CC[C@]4(C)[C@H]3C[C@H](O)[C@]12C)N(C)S(=O)(=O)CCCN(C)c5ccc(cc5)[C@H]6C[C@@]7(C)[C@@H](CC[C@@]7(O)C#C)[C@@H]8CCC9=CC(=O)CCC9=C68,O=C1C=C2CCC3C(=C2CC1)C(c1ccc(NCCCS(=O)(=O)NC2CCC4C(CCC5C6CCCC6CCC45)C2)cc1)CC1CCCC13,66
C#C[C@]1(O)CC[C@H]2[C@@H]3CCC4=CC(=O)CCC4=C3[C@@H](c3ccc(N(C)CCC[C@H]4[C@H](O)CC[C@@]5(C)[C@@H]4C[C@@H](O)[C@@H]4[C@@H]5C[C@H](O)[C@]5(C)[C@@H]([C@H](C)CCC(=O)O)CC[C@@H]45)cc3)C[C@@]21C,1.0,C[C@H](CCC(=O)O)[C@H]1CC[C@H]2[C@@H]3[C@H](O)C[C@@H]4[C@@H](CCCN(C)c5ccc(cc5)[C@H]6C[C@@]7(C)[C@@H](CC[C@@]7(O)C#C)[C@@H]8CCC9=CC(=O)CCC9=C68)[C@H](O)CC[C@]4(C)[C@H]3C[C@H](O)[C@]12C,O=C1C=C2CCC3C(=C2CC1)C(c1ccc(NCCCC2CCCC4C2CCC2C5CCCC5CCC42)cc1)CC1CCCC13,62
C#C[C@]1(O)CC[C@H]2[C@@H]3CCC4=CC(=O)CCC4=C3[C@@H](c3ccc(N(C)CCOC4CC[C@@]5(C)[C@@H](C4)C[C@@H](O)[C@@H]4[C@@H]5C[C@H](O)[C@]5(C)[C@@H]([C@H](C)CCC(=O)NCCS(=O)(=O)O)CC[C@@H]45)cc3)C[C@@]21C,1.0,C[C@H](CCC(=O)NCCS(=O)(=O)O)[C@H]1CC[C@H]2[C@@H]3[C@H](O)C[C@@H]4CC(CC[C@]4(C)[C@H]3C[C@H](O)[C@]12C)OCCN(C)c5ccc(cc5)[C@H]6C[C@@]7(C)[C@@H](CC[C@@]7(O)C#C)[C@@H]8CCC9=CC(=O)CCC9=C68,O=C1C=C2CCC3C(=C2CC1)C(c1ccc(NCCOC2CCC4C(CCC5C6CCCC6CCC45)C2)cc1)CC1CCCC13,67
C#C[C@]1(O)CC[C@H]2[C@@H]3CCC4=CC(=O)CCC4=C3[C@@H](c3ccc(N(C)CCOC4CC[C@@]5(C)[C@@H](C4)C[C@@H](O)[C@@H]4[C@@H]5C[C@H](O)[C@]5(C)[C@@H]([C@H](C)CCC(=O)O)CC[C@@H]45)cc3)C[C@@]21C,1.0,C[C@H](CCC(=O)O)[C@H]1CC[C@H]2[C@@H]3[C@H](O)C[C@@H]4CC(CC[C@]4(C)[C@H]3C[C@H](O)[C@]12C)OCCN(C)c5ccc(cc5)[C@H]6C[C@@]7(C)[C@@H](CC[C@@]7(O)C#C)[C@@H]8CCC9=CC(=O)CCC9=C68,O=C1C=C2CCC3C(=C2CC1)C(c1ccc(NCCOC2CCC4C(CCC5C6CCCC6CCC45)C2)cc1)CC1CCCC13,61
C#C[C@]1(O)CC[C@H]2[C@@H]3CCC4=CC(=O)CCC4=C3[C@@H](c3ccc(N(C)CCOCCO[C@H]4CC[C@@]5(C)[C@@H](C4)C[C@@H](O)[C@@H]4[C@@H]5C[C@H](O)[C@]5(C)[C@@H]([C@H](C)CCC(=O)O)CC[C@@H]45)cc3)C[C@@]21C,1.0,C[C@H](CCC(=O)O)[C@H]1CC[C@H]2[C@@H]3[C@H](O)C[C@@H]4C[C@H](CC[C@]4(C)[C@H]3C[C@H](O)[C@]12C)OCCOCCN(C)c5ccc(cc5)[C@H]6C[C@@]7(C)[C@@H](CC[C@@]7(O)C#C)[C@@H]8CCC9=CC(=O)CCC9=C68,O=C1C=C2CCC3C(=C2CC1)C(c1ccc(NCCOCCOC2CCC4C(CCC5C6CCCC6CCC45)C2)cc1)CC1CCCC13,64
C#C[C@]1(O)CC[C@H]2[C@@H]3CCC4=Cc5oncc5C[C@]4(C)[C@H]3CC[C@@]21C,0.0,C[C@]12Cc3cnoc3C=C1CC[C@@H]4[C@@H]2CC[C@@]5(C)[C@H]4CC[C@@]5(O)C#C,C1=C2CCC3C4CCCC4CCC3C2Cc2cnoc21,25
C#C[C@]1(O)CC[C@H]2[C@@H]3CCc4cc(O)ccc4[C@H]3CCC21C,1.0,CC12CC[C@H]3[C@@H](CCc4cc(O)ccc34)[C@@H]1CC[C@@]2(O)C#C,c1ccc2c(c1)CCC1C2CCC2CCCC21,22
C#C[C@]1(O)CC[C@H]2[C@@H]3CCc4cc(O)ccc4[C@H]3CC[C@@]21C,1.0,C[C@]12CC[C@H]3[C@@H](CCc4cc(O)ccc34)[C@@H]1CC[C@@]2(O)C#C,c1ccc2c(c1)CCC1C2CCC2CCCC21,22
C#C[C@]1(O)CC[C@H]2[C@@H]3CCc4cc(OC)ccc4[C@H]3CC[C@@]21C,1.0,COc1ccc2[C@H]3CC[C@@]4(C)[C@@H](CC[C@@]4(O)C#C)[C@@H]3CCc2c1,c1ccc2c(c1)CCC1C2CCC2CCCC21,23
C#C[C@]12CC[C@H](O)CC1=CCC1C2CC[C@@]2(C)C1CC[C@@H]2O,1.0,C[C@]12CCC3C(CC=C4C[C@@H](O)CC[C@]34C#C)C1CC[C@@H]2O,C1=C2CCCCC2C2CCC3CCCC3C2C1,22
C#Cc1cc(-c2cc(F)c(O)c(F)c2)nc2ccc(O)cc12,0.0,Oc1ccc2nc(cc(C#C)c2c1)c3cc(F)c(O)c(F)c3,c1ccc(-c2ccc3ccccc3n2)cc1,22
C#Cc1cc(O)cc2ccc(-c3ccc(O)c(F)c3)cc12,1.0,Oc1cc(C#C)c2cc(ccc2c1)c3ccc(O)c(F)c3,c1ccc(-c2ccc3ccccc3c2)cc1,21
C#Cc1ccc(C(=O)c2sc3cc(O)ccc3c2-c2ccc(F)cc2)cc1,1.0,Oc1ccc2c(c3ccc(F)cc3)c(sc2c1)C(=O)c4ccc(cc4)C#C,O=C(c1ccccc1)c1sc2ccccc2c1-c1ccccc1,27
C(=C\c1cc(/C=C/c2ccccc2)nc(NCc2cccc3ccccc23)n1)/c1ccccc1,0.0,C(Nc1nc(\C=C\c2ccccc2)cc(\C=C\c3ccccc3)n1)c4cccc5ccccc45,C(=Cc1cc(C=Cc2ccccc2)nc(NCc2cccc3ccccc23)n1)c1ccccc1,34
C(=C\c1cc(/C=C/c2ccccc2)nc(NCc2ccccc2)n1)/c1ccccc1,0.0,C(Nc1nc(\C=C\c2ccccc2)cc(\C=C\c3ccccc3)n1)c4ccccc4,C(=Cc1cc(C=Cc2ccccc2)nc(NCc2ccccc2)n1)c1ccccc1,30
C(=C\c1cc(NCc2cccc3ccccc23)nc(NCc2cccc3ccccc23)n1)/c1ccccc1,0.0,C(Nc1cc(\C=C\c2ccccc2)nc(NCc3cccc4ccccc34)n1)c5cccc6ccccc56,C(=Cc1cc(NCc2cccc3ccccc23)nc(NCc2cccc3ccccc23)n1)c1ccccc1,38
C(=C\c1cc(NCc2ccccc2)nc(NCc2cccc3ccccc23)n1)/c1ccccc1,0.0,C(Nc1cc(\C=C\c2ccccc2)nc(NCc3cccc4ccccc34)n1)c5ccccc5,C(=Cc1cc(NCc2ccccc2)nc(NCc2cccc3ccccc23)n1)c1ccccc1,34
C(=C\c1cc(NCc2ccccc2)nc(NCc2ccccc2)n1)/c1ccccc1,0.0,C(Nc1cc(\C=C\c2ccccc2)nc(NCc3ccccc3)n1)c4ccccc4,C(=Cc1cc(NCc2ccccc2)nc(NCc2ccccc2)n1)c1ccccc1,30
C(=C\c1cc(OCc2ccccc2)nc(OCc2ccccc2)n1)/c1ccccc1,0.0,C(Oc1cc(\C=C\c2ccccc2)nc(OCc3ccccc3)n1)c4ccccc4,C(=Cc1cc(OCc2ccccc2)nc(OCc2ccccc2)n1)c1ccccc1,30
C(=C\c1ccccc1)/CN1CCN(C(c2ccccc2)c2ccccc2)CC1,0.0,C(\C=C\c1ccccc1)N2CCN(CC2)C(c3ccccc3)c4ccccc4,C(=Cc1ccccc1)CN1CCN(C(c2ccccc2)c2ccccc2)CC1,28
C/C(=C(/c1ccc(O)cc1)c1ccc(OCCN(C)C)cc1)c1ccccc1,1.0,CN(C)CCOc1ccc(cc1)\C(=C(/C)\c2ccccc2)\c3ccc(O)cc3,C(=C(c1ccccc1)c1ccccc1)c1ccccc1,28
C/C(=C(/c1ccc(O)cc1)c1ccc(OCCN2CCCC2)cc1)c1ccccc1,1.0,C\C(=C(\c1ccc(O)cc1)/c2ccc(OCCN3CCCC3)cc2)\c4ccccc4,C(=C(c1ccccc1)c1ccc(OCCN2CCCC2)cc1)c1ccccc1,30
C/C(=C(/c1ccc(O)cc1)c1ccc(OCCN2CCCCC2)cc1)c1ccccc1,1.0,C\C(=C(\c1ccc(O)cc1)/c2ccc(OCCN3CCCCC3)cc2)\c4ccccc4,C(=C(c1ccccc1)c1ccc(OCCN2CCCCC2)cc1)c1ccccc1,31
C/C(=C/C(=O)C[C@@H](C)[C@]1(C)CC[C@@]2(C)C3=CCC4C(C)(C)C(=O)CC[C@]4(C)[C@@H]3CCC21)C(=O)O,0.0,C[C@H](CC(=O)\C=C(\C)/C(=O)O)[C@]1(C)CC[C@]2(C)C1CC[C@@H]3C2=CCC4C(C)(C)C(=O)CC[C@]34C,O=C1CCC2C(CC=C3C4CCCC4CCC32)C1,34
C/C(=C/C(=O)C[C@@H](C)[C@]1(C)CC[C@@]2(C)C3=CCC4C(C)(C)[C@H](O)CC[C@]4(C)[C@@H]3CC=C21)C(=O)O,0.0,C[C@H](CC(=O)\C=C(\C)/C(=O)O)[C@]1(C)CC[C@@]2(C)C3=CCC4C(C)(C)[C@H](O)CC[C@]4(C)[C@@H]3CC=C12,C1=C2CCCC2C2=CCC3CCCCC3C2C1,34
C/C(=C\c1ccc(O)cc1)c1ccc(O)cc1,1.0,C\C(=C/c1ccc(O)cc1)\c2ccc(O)cc2,C(=Cc1ccccc1)c1ccccc1,17
C/C(=N\O)c1cc(-c2ccc(O)c(F)c2)ccc1O,1.0,C\C(=N/O)\c1cc(ccc1O)c2ccc(O)c(F)c2,c1ccc(-c2ccccc2)cc1,19
C/C(=N\O)c1cc(-c2ccc(O)cc2)ccc1O,1.0,C\C(=N/O)\c1cc(ccc1O)c2ccc(O)cc2,c1ccc(-c2ccccc2)cc1,18
C/C=C(/C(=C/C)c1ccc(O)cc1)c1ccc(O)cc1,0.0,C\C=C(\C(=C\C)\c1ccc(O)cc1)/c2ccc(O)cc2,C=C(C(=C)c1ccccc1)c1ccccc1,20
C/C=C/C1=CC2=C(CO1)C(=O)[C@]1(C)OC(=O)[C@H](C(O)CCCCC)C1C2,0.0,CCCCCC(O)[C@@H]1C2CC3=C(COC(=C3)\C=C\C)C(=O)[C@]2(C)OC1=O,O=C1CC2CC3=C(COC=C3)C(=O)C2O1,26
C/C=C/COC(=O)c1[nH]c2c(c1C)C(=O)CC(c1ccco1)C2,0.0,C\C=C\COC(=O)c1[nH]c2CC(CC(=O)c2c1C)c3occc3,O=C1CC(c2ccco2)Cc2[nH]ccc21,23
C/C=C/[C@]12CC[C@H](O)CC1=CCC1C2CC[C@@]2(C)C1CC[C@@H]2O,1.0,C\C=C\[C@]12CC[C@H](O)CC1=CCC3C4CC[C@H](O)[C@@]4(C)CCC23,C1=C2CCCCC2C2CCC3CCCC3C2C1,23
C/C=C/c1cccc2c(=O)oc3c(C)c(O)ccc3c12,0.0,C\C=C\c1cccc2C(=O)Oc3c(C)c(O)ccc3c12,O=c1oc2ccccc2c2ccccc12,20
C/N=C1\SC(CC(=O)Nc2ccc(C(C)=O)cc2)C(=O)N1C,0.0,C\N=C\1/SC(CC(=O)Nc2ccc(cc2)C(=O)C)C(=O)N1C,N=C1NC(=O)C(CC(=O)Nc2ccccc2)S1,22
C1=C(c2ccccc2)C2(Cc3ccccc3C2)c2ccccc21,0.0,C1c2ccccc2CC13C(=Cc4ccccc34)c5ccccc5,C1=C(c2ccccc2)C2(Cc3ccccc3C2)c2ccccc21,23
C1CCC(c2nn3c(-c4[nH]nc5c4CCC5)nnc3s2)CC1,0.0,C1CCC(CC1)c2nn3c(nnc3s2)c4[nH]nc5CCCc45,C1CCC(c2nn3c(-c4[nH]nc5c4CCC5)nnc3s2)CC1,22
C=C(C)C(CC=C(C)C)Cc1c(O)cc(OC)c2c1O[C@H](c1ccc(O)cc1O)CC2=O,0.0,COc1cc(O)c(CC(CC=C(C)C)C(=C)C)c2O[C@@H](CC(=O)c12)c3ccc(O)cc3O,O=C1CC(c2ccccc2)Oc2ccccc21,32
C=C(C)C(O)Cc1c(O)c(CC=C(C)C)c(O)c2c(=O)c(-c3ccc(O)c(O)c3)coc12,0.0,CC(=CCc1c(O)c(CC(O)C(=C)C)c2OC=C(C(=O)c2c1O)c3ccc(O)c(O)c3)C,O=c1c(-c2ccccc2)coc2ccccc12,32
C=C(C)C(O)Cc1c(O)c(CC=C(C)C)c2occ(-c3ccc(O)c(O)c3)c(=O)c2c1O,0.0,CC(=CCc1c(O)c(CC(O)C(=C)C)c(O)c2C(=O)C(=COc12)c3ccc(O)c(O)c3)C,O=c1c(-c2ccccc2)coc2ccccc12,32
C=C(C)[C@@H]1[C@@H]2O[C@@H]2[C@@H]2[C@]3(CC[C@]4(C)[C@@H]([C@H](C)CC/C=C(\C)C(=O)O)CC[C@@]24C)C[C@]13CCC(=O)O,0.0,C[C@H](CC\C=C(/C)\C(=O)O)[C@H]1CC[C@@]2(C)[C@@H]3[C@H]4O[C@H]4[C@@H](C(=C)C)[C@@]5(CCC(=O)O)C[C@@]35CC[C@]12C,C1CC2CCC34CC3CC3OC3C4C2C1,35
C=C(C)c1cc(O)cc2ncn(-c3ccc(O)cc3)c(=O)c12,0.0,CC(=C)c1cc(O)cc2N=CN(C(=O)c12)c3ccc(O)cc3,O=c1c2ccccc2ncn1-c1ccccc1,22
C=C1CC[C@@H](O)[C@]2(C)CC[C@@](O)(C(C)C)[C@H](O)[C@@H]12,0.0,CC(C)[C@]1(O)CC[C@@]2(C)[C@H](O)CCC(=C)[C@@H]2[C@H]1O,C=C1CCCC2CCCCC12,18
C=CCC1(C)Oc2c(ccc(O)c2C)-c2c(C)cc(O)c(C)c21,1.0,Cc1cc(O)c(C)c2c1c3ccc(O)c(C)c3OC2(C)CC=C,c1ccc2c(c1)COc1ccccc1-2,23
C=CCCCON=C(c1ccc(O)cc1)c1ccc(O)cc1,1.0,Oc1ccc(cc1)C(=NOCCCC=C)c2ccc(O)cc2,N=C(c1ccccc1)c1ccccc1,22
C=CCNc1nc(-c2cccc(OC)c2O)nc2ccccc12,0.0,COc1cccc(c1O)c2nc(NCC=C)c3ccccc3n2,c1ccc(-c2ncc3ccccc3n2)cc1,23
C=CCOc1ccc(CC2C(=O)N(C)C(=O)N(C)C2=O)cc1,0.0,CN1C(=O)C(Cc2ccc(OCC=C)cc2)C(=O)N(C)C1=O,O=C1NC(=O)C(Cc2ccccc2)C(=O)N1,22
C=CCSC1=N/C(=C\C=C\c2ccco2)C(=O)S1,0.0,C=CCSC1=N\C(=C/C=C/c2occc2)\C(=O)S1,O=C1SC=NC1=CC=Cc1ccco1,18
C=CC[C@@H]1C2=CC[C@H]3[C@@H]4CC[C@H](O)[C@@]4(C)CC[C@@H]3[C@@]2(C=C)CC[C@@H]1O,0.0,C[C@]12CC[C@H]3[C@@H](CC=C4[C@@H](CC=C)[C@@H](O)CC[C@]34C=C)[C@@H]1CC[C@@H]2O,C1=C2CCCCC2C2CCC3CCCC3C2C1,25
C=CC[C@@]12CC[C@](O)(C#CC)C[C@H]1CCc1cc(O)ccc12,1.0,CC#C[C@@]1(O)CC[C@]2(CC=C)[C@H](CCc3cc(O)ccc23)C1,c1ccc2c(c1)CCC1CCCCC21,22
C=CCc1cc(C)cc2c(=O)oc3c(C)c(O)ccc3c12,0.0,Cc1cc(CC=C)c2c(c1)C(=O)Oc3c(C)c(O)ccc23,O=c1oc2ccccc2c2ccccc12,21
C=CCc1cc(O)cc2nc(-c3ccc(O)cc3F)oc12,1.0,Oc1ccc(c(F)c1)c2oc3c(CC=C)cc(O)cc3n2,c1ccc(-c2nc3ccccc3o2)cc1,21
C=CCc1ccc(OC)c(-c2cc(C=O)cc(O)c2O)c1,0.0,COc1ccc(CC=C)cc1c2cc(C=O)cc(O)c2O,c1ccc(-c2ccccc2)cc1,21
C=CCn1c(=O)[nH]c2cc(C(=O)N3CCN(c4ccc(C(C)=O)cc4)CC3)ccc2c1=O,0.0,CC(=O)c1ccc(cc1)N2CCN(CC2)C(=O)c3ccc4C(=O)N(CC=C)C(=O)Nc4c3,O=C(c1ccc2c(=O)[nH]c(=O)[nH]c2c1)N1CCN(c2ccccc2)CC1,32
C=CCn1c(=O)c(C#N)cc2c(=O)n3ccccc3nc21,0.0,C=CCN1C(=O)C(=CC2=C1N=C3C=CC=CN3C2=O)C#N,O=c1ccc2c(=O)n3ccccc3nc2[nH]1,21
C=CCn1c(COc2cccc(C)c2)nnc1SCC(=O)NC(=O)NCc1ccco1,0.0,Cc1cccc(OCc2nnc(SCC(=O)NC(=O)NCc3occc3)n2CC=C)c1,O=C(CSc1nnc(COc2ccccc2)[nH]1)NC(=O)NCc1ccco1,31
C=CCn1c(SCC(=O)NC(=O)NCc2ccco2)nc2sc(CC)cc2c1=O,0.0,CCc1cc2C(=O)N(CC=C)C(=Nc2s1)SCC(=O)NC(=O)NCc3occc3,O=C(CSc1nc2sccc2c(=O)[nH]1)NC(=O)NCc1ccco1,29
C=CCn1c(SCC(=O)NC2CCCCC2)nnc1C(C)NC(=O)c1cccs1,0.0,CC(NC(=O)c1cccs1)c2nnc(SCC(=O)NC3CCCCC3)n2CC=C,O=C(CSc1nnc(CNC(=O)c2cccs2)[nH]1)NC1CCCCC1,29
C=CCn1nc(-c2ccc(O)cc2C)c2cccc(C(F)(F)F)c21,1.0,Cc1cc(O)ccc1c2nn(CC=C)c3c(cccc23)C(F)(F)F,c1ccc(-c2n[nH]c3ccccc23)cc1,24
C=CCn1nc(-c2ccc(O)cc2O)c2cccc(C(F)(F)F)c21,1.0,Oc1ccc(c(O)c1)c2nn(CC=C)c3c(cccc23)C(F)(F)F,c1ccc(-c2n[nH]c3ccccc23)cc1,24
C=C[C@H]1OC2(CCC3=Cc4c(cnn4-c4ccc(F)cc4)C[C@@]32C)O[C@@H]1C=C,0.0,C[C@]12Cc3cnn(c3C=C1CCC24O[C@H](C=C)[C@H](O4)C=C)c5ccc(F)cc5,C1=C2CCC3(OCCO3)C2Cc2cnn(-c3ccccc3)c21,28
C=C[C@H]1OC2(CCCC3=Cc4c(cnn4-c4ccc(F)cc4)C[C@@]32C)O[C@@H]1C=C,0.0,C[C@]12Cc3cnn(c3C=C1CCCC24O[C@H](C=C)[C@H](O4)C=C)c5ccc(F)cc5,C1=C2CCCC3(OCCO3)C2Cc2cnn(-c3ccccc3)c21,29
C=C[C@]12CCC(=C)C=C1CC[C@H]1[C@@H]3CC[C@H](O)[C@@]3(C)CC[C@@H]12,0.0,C[C@]12CC[C@H]3[C@@H](CCC4=CC(=C)CC[C@]34C=C)[C@@H]1CC[C@@H]2O,C=C1C=C2CCC3C4CCCC4CCC3C2CC1,22
C=C[C@]12CCC(=O)C=C1CCC1C2CC[C@@]2(C)C1CC[C@@H]2O,0.0,C[C@]12CCC3C(CCC4=CC(=O)CC[C@]34C=C)C1CC[C@@H]2O,O=C1C=C2CCC3C4CCCC4CCC3C2CC1,22
C=C[C@]12CCC(=O)C=C1CC[C@H]1[C@@H]3CC[C@H](O)[C@@]3(C)CC[C@@H]12,0.0,C[C@]12CC[C@H]3[C@@H](CCC4=CC(=O)CC[C@]34C=C)[C@@H]1CC[C@@H]2O,O=C1C=C2CCC3C4CCCC4CCC3C2CC1,22
C=C[C@]12CCC(C)=CC1=CC[C@@H]1[C@@H]2CC[C@@]2(C)[C@H]1CC[C@]2(C)O,0.0,CC1=CC2=CC[C@H]3[C@@H]4CC[C@](C)(O)[C@@]4(C)CC[C@@H]3[C@]2(CC1)C=C,C1=CC2=CCC3C4CCCC4CCC3C2CC1,23
C=C[C@]12CCC(CC)=CC1=CC[C@H]1[C@@H]3CC[C@H](O)[C@@]3(C)CC[C@@H]12,0.0,CCC1=CC2=CC[C@H]3[C@@H]4CC[C@H](O)[C@@]4(C)CC[C@@H]3[C@]2(CC1)C=C,C1=CC2=CCC3C4CCCC4CCC3C2CC1,23
C=C[C@]12CCC(Cl)=CC1=CC[C@H]1[C@@H]3CC[C@H](O)[C@@]3(C)CC[C@@H]12,0.0,C[C@]12CC[C@H]3[C@@H](CC=C4C=C(Cl)CC[C@]34C=C)[C@@H]1CC[C@@H]2O,C1=CC2=CCC3C4CCCC4CCC3C2CC1,22
C=C[C@]12CCC(c3ccccc3)=CC1=CC[C@H]1[C@@H]3CC[C@H](O)[C@@]3(C)CC[C@@H]12,0.0,C[C@]12CC[C@H]3[C@@H](CC=C4C=C(CC[C@]34C=C)c5ccccc5)[C@@H]1CC[C@@H]2O,C1=C(c2ccccc2)CCC2C1=CCC1C3CCCC3CCC21,27
C=C[C@]12CC[C@@](C)(O)CC1=CC[C@H]1[C@@H]3CC[C@H](O)[C@@]3(C)CC[C@@H]12,0.0,C[C@@]1(O)CC[C@]2(C=C)[C@H]3CC[C@]4(C)[C@@H](O)CC[C@H]4[C@@H]3CC=C2C1,C1=C2CCCCC2C2CCC3CCCC3C2C1,23
C=C[C@]12CC[C@H](O)CC1=CCC1C2CC[C@@]2(C)C1CC[C@@H]2O,0.0,C[C@]12CCC3C(CC=C4C[C@@H](O)CC[C@]34C=C)C1CC[C@@H]2O,C1=C2CCCCC2C2CCC3CCCC3C2C1,22
C=C[C@]12CC[C@H](O)CC1=CC[C@H]1[C@@H]3CC[C@H](O)[C@@]3(C)CC[C@@H]12,0.0,C[C@]12CC[C@H]3[C@@H](CC=C4C[C@@H](O)CC[C@]34C=C)[C@@H]1CC[C@@H]2O,C1=C2CCCCC2C2CCC3CCCC3C2C1,22
C=C[C@]12CC[C@](C)(O)CC1=CC[C@H]1[C@@H]3CC[C@H](O)[C@@]3(C)CC[C@@H]12,0.0,C[C@]1(O)CC[C@]2(C=C)[C@H]3CC[C@]4(C)[C@@H](O)CC[C@H]4[C@@H]3CC=C2C1,C1=C2CCCCC2C2CCC3CCCC3C2C1,23
C=Cc1cc(C)cc2c(=O)oc3c(C)c(O)ccc3c12,0.0,Cc1cc(C=C)c2c(c1)C(=O)Oc3c(C)c(O)ccc23,O=c1oc2ccccc2c2ccccc12,20
C=Cc1cc(O)cc2nc(-c3cc(F)c(O)c(F)c3)oc12,0.0,Oc1cc(C=C)c2oc(nc2c1)c3cc(F)c(O)c(F)c3,c1ccc(-c2nc3ccccc3o2)cc1,21
C=Cc1cc(O)cc2nc(-c3cc(F)c(O)cc3F)oc12,0.0,Oc1cc(C=C)c2oc(nc2c1)c3cc(F)c(O)cc3F,c1ccc(-c2nc3ccccc3o2)cc1,21
C=Cc1cc(OC)cc2c(=O)oc3c(C)c(O)ccc3c12,0.0,COc1cc(C=C)c2c(c1)C(=O)Oc3c(C)c(O)ccc23,O=c1oc2ccccc2c2ccccc12,21
C=Cc1ccc2c(c1)c(=O)oc1c(C)c(O)ccc12,0.0,Cc1c(O)ccc2c1OC(=O)c3cc(C=C)ccc23,O=c1oc2ccccc2c2ccccc12,19
C=Cc1cccc2c(=O)oc3c(C)c(O)ccc3c12,0.0,Cc1c(O)ccc2c1OC(=O)c3cccc(C=C)c23,O=c1oc2ccccc2c2ccccc12,19
CC#CC(Cc1ccc(O)cc1)c1ccc(O)cc1,1.0,CC#CC(Cc1ccc(O)cc1)c2ccc(O)cc2,c1ccc(CCc2ccccc2)cc1,19
CC#C[C@@]1(O)CC[C@@]2(CC)c3ccc(O)cc3CC[C@@H]2C1,1.0,CC[C@@]12CC[C@@](O)(C[C@H]1CCc3cc(O)ccc23)C#CC,c1ccc2c(c1)CCC1CCCCC21,21
CC#C[C@@]1(O)CC[C@@]2(CC)c3ccc(OCc4cccnc4C)cc3CC[C@@H]2C1,0.0,CC[C@@]12CC[C@@](O)(C[C@H]1CCc3cc(OCc4cccnc4C)ccc23)C#CC,c1cncc(COc2ccc3c(c2)CCC2CCCCC32)c1,29
CC#C[C@]1(O)CCC2C3CCC4=CC(=O)CC[C@]4(Cc4ccc(C)cc4)C3=CC[C@@]21C,0.0,CC#C[C@]1(O)CCC2C3CCC4=CC(=O)CC[C@]4(Cc5ccc(C)cc5)C3=CC[C@]12C,O=C1C=C2CCC3C(=CCC4CCCC43)C2(Cc2ccccc2)CC1,31
CC#C[C@]1(O)CC[C@H]2[C@@H]3CCC4=CC(=O)CCC4=C3[C@@H](c3ccc(N(C)C)cc3)C[C@@]21C,0.0,CC#C[C@]1(O)CC[C@H]2[C@@H]3CCC4=CC(=O)CCC4=C3[C@H](C[C@]12C)c5ccc(cc5)N(C)C,O=C1C=C2CCC3C(=C2CC1)C(c1ccccc1)CC1CCCC13,32
CC#C[C@]1(O)CC[C@H]2[C@@H]3CCc4cc(O)ccc4[C@H]3CC[C@@]21C,1.0,CC#C[C@]1(O)CC[C@H]2[C@@H]3CCc4cc(O)ccc4[C@H]3CC[C@]12C,c1ccc2c(c1)CCC1C2CCC2CCCC21,23
CC#C[C@]1(O)C[C@H]2CCc3cc(O)ccc3[C@]2(CC)C[C@@H]1O,0.0,CC[C@@]12C[C@H](O)[C@@](O)(C[C@H]1CCc3cc(O)ccc23)C#CC,c1ccc2c(c1)CCC1CCCCC21,22
CC#C[C@]1(O)C[C@H]2CCc3cc(O)ccc3[C@]2(CC)[C@H](O)C1,0.0,CC[C@@]12[C@H](O)C[C@@](O)(C[C@H]1CCc3cc(O)ccc23)C#CC,c1ccc2c(c1)CCC1CCCCC21,22
CC#C[C@]1(O)C[C@H]2CCc3cc(OCc4cccnc4C)ccc3[C@]2(CC)C[C@@H]1O,0.0,CC[C@@]12C[C@H](O)[C@@](O)(C[C@H]1CCc3cc(OCc4cccnc4C)ccc23)C#CC,c1cncc(COc2ccc3c(c2)CCC2CCCCC32)c1,30
CC#C[C@]12CC[C@H](O)CC1=CCC1C2CC[C@@]2(C)C1CC[C@@H]2O,0.0,CC#C[C@]12CC[C@H](O)CC1=CCC3C4CC[C@H](O)[C@@]4(C)CCC23,C1=C2CCCCC2C2CCC3CCCC3C2C1,23
CC#Cc1cc(O)cc2ccc(-c3ccc(O)c(F)c3)cc12,1.0,CC#Cc1cc(O)cc2ccc(cc12)c3ccc(O)c(F)c3,c1ccc(-c2ccc3ccccc3c2)cc1,22
CC(/C=N/NC(=N)N)=C(/Cl)c1ccccc1,0.0,C\C(=C(\Cl)/c1ccccc1)\C=N\NC(=N)N,c1ccccc1,16
CC(=C(c1ccc(N)cc1)c1ccc(NCC(N)=O)cc1)c1ccc([N+](=O)[O-])cc1,1.0,CC(=C(c1ccc(N)cc1)c2ccc(NCC(=O)N)cc2)c3ccc(cc3)[N+](=O)[O-],C(=C(c1ccccc1)c1ccccc1)c1ccccc1,30
CC(=C(c1ccc(O)cc1)c1ccc(O)cc1)c1ccc(N)cc1,0.0,CC(=C(c1ccc(O)cc1)c2ccc(O)cc2)c3ccc(N)cc3,C(=C(c1ccccc1)c1ccccc1)c1ccccc1,24
CC(=N)/C(C#N)=C(/O)CSc1nnc(-c2ccc(OC(F)F)cc2)o1,0.0,CC(=N)\C(=C(\O)/CSc1oc(nn1)c2ccc(OC(F)F)cc2)\C#N,c1ccc(-c2nnco2)cc1,25
CC(=N)/C(C#N)=C(/O)CSc1nnc(COc2ccccc2Cl)o1,0.0,CC(=N)\C(=C(\O)/CSc1oc(COc2ccccc2Cl)nn1)\C#N,c1ccc(OCc2nnco2)cc1,24
CC(=N)/C(C#N)=C(/O)CSc1nnc(Cc2ccccc2F)n1N,0.0,CC(=N)\C(=C(\O)/CSc1nnc(Cc2ccccc2F)n1N)\C#N,c1ccc(Cc2nnc[nH]2)cc1,24
CC(=O)C(Cc1ccc(O)cc1)c1ccc(O)cc1,1.0,CC(=O)C(Cc1ccc(O)cc1)c2ccc(O)cc2,c1ccc(CCc2ccccc2)cc1,19
CC(=O)N(C(C)=O)c1c(C#N)c(C)n(-c2ccccc2)c1C(=O)c1ccccc1,0.0,CC(=O)N(C(=O)C)c1c(C#N)c(C)n(c2ccccc2)c1C(=O)c3ccccc3,O=C(c1ccccc1)c1cccn1-c1ccccc1,29
CC(=O)N1C(C)(C)CC(=C(c2ccc(O)cc2)c2ccc(O)cc2)CC1(C)C,1.0,CC(=O)N1C(C)(C)CC(=C(c2ccc(O)cc2)c3ccc(O)cc3)CC1(C)C,c1ccc(C(=C2CCNCC2)c2ccccc2)cc1,28
CC(=O)NC(C)C(=O)OCC(=O)Nc1ccc(Br)cc1,0.0,CC(NC(=O)C)C(=O)OCC(=O)Nc1ccc(Br)cc1,c1ccccc1,20
CC(=O)NCCOC(=O)Nc1ccncc1,0.0,CC(=O)NCCOC(=O)Nc1ccncc1,c1ccncc1,16
CC(=O)Nc1ccc(/N=C/c2nc(-c3ccc(C)cc3)oc2O)cc1,0.0,CC(=O)Nc1ccc(cc1)\N=C\c2nc(oc2O)c3ccc(C)cc3,C(=Nc1ccccc1)c1coc(-c2ccccc2)n1,25
CC(=O)Nc1ccc2nc(C)cc(O)c2c1,0.0,CC(=O)Nc1ccc2nc(C)cc(O)c2c1,c1ccc2ncccc2c1,16
CC(=O)Nc1nc(C=C(Cl)Cl)cs1,0.0,CC(=O)Nc1nc(C=C(Cl)Cl)cs1,c1cscn1,13
CC(=O)OC1CC(C)(C)N(OC(=O)c2ccc(N)cc2)C(C)(C)C1,0.0,CC(=O)OC1CC(C)(C)N(OC(=O)c2ccc(N)cc2)C(C)(C)C1,O=C(ON1CCCCC1)c1ccccc1,24
CC(=O)O[C@H]1CC[C@@]2(C)C(=C([N+](=O)[O-])C[C@@H]3[C@@H]2CC[C@]2(C)/C(=C/c4ccccn4)CC[C@@H]32)C1,0.0,CC(=O)O[C@H]1CC[C@]2(C)[C@H]3CC[C@@]4(C)[C@@H](CC/C/4=C\c5ccccn5)[C@@H]3CC(=C2C1)[N+](=O)[O-],C(=C1CCC2C1CCC1C3CCCCC3=CCC21)c1ccccn1,33
CC(=O)O[C@H]1CC[C@@]2(C)C(=CC[C@@H]3[C@@H]2CC[C@]2(C)/C(=C/c4ccccn4)CC[C@@H]32)C1,0.0,CC(=O)O[C@H]1CC[C@]2(C)[C@H]3CC[C@@]4(C)[C@@H](CC/C/4=C\c5ccccn5)[C@@H]3CC=C2C1,C(=C1CCC2C1CCC1C3CCCCC3=CCC21)c1ccccn1,30
CC(=O)O[C@H]1CC[C@@]2(C)C(=CC[C@@H]3[C@@H]2CC[C@]2(C)/C(=C/c4ccccn4)[C@@H](O)C[C@@H]32)C1,0.0,CC(=O)O[C@H]1CC[C@]2(C)[C@H]3CC[C@@]4(C)[C@@H](C[C@H](O)/C/4=C\c5ccccn5)[C@@H]3CC=C2C1,C(=C1CCC2C1CCC1C3CCCCC3=CCC21)c1ccccn1,31
CC(=O)O[C@H]1CC[C@H]2[C@@H]3[C@H](Sc4ccc(Br)cc4)C(=O)c4cc(O)ccc4[C@H]3CC[C@]12C,1.0,CC(=O)O[C@H]1CC[C@H]2[C@H]3[C@H](CC[C@]12C)c4ccc(O)cc4C(=O)[C@H]3Sc5ccc(Br)cc5,O=C1c2ccccc2C2CCC3CCCC3C2C1Sc1ccccc1,32
CC(=O)Oc1cc2c(c(OC(C)=O)c1)C(=O)OCCCCCCCCCC2,0.0,CC(=O)Oc1cc2CCCCCCCCCCOC(=O)c2c(OC(=O)C)c1,O=C1OCCCCCCCCCCc2ccccc21,27
CC(=O)Oc1cc2c(c(OC(C)=O)c1)C(=O)O[C@H](C)CCCCCCC2,0.0,C[C@@H]1CCCCCCCc2cc(OC(=O)C)cc(OC(=O)C)c2C(=O)O1,O=C1OCCCCCCCCc2ccccc21,26
CC(=O)Oc1ccc(/C(=C(/C)c2ccccc2)c2ccc(OCCN3CCCC3)cc2)cc1,1.0,CC(=O)Oc1ccc(cc1)\C(=C(\C)/c2ccccc2)\c3ccc(OCCN4CCCC4)cc3,C(=C(c1ccccc1)c1ccc(OCCN2CCCC2)cc1)c1ccccc1,33
CC(=O)Oc1ccc(/C(=C(/C)c2ccccc2)c2ccc(OCCN3CCCCC3)cc2)cc1,1.0,CC(=O)Oc1ccc(cc1)\C(=C(\C)/c2ccccc2)\c3ccc(OCCN4CCCCC4)cc3,C(=C(c1ccccc1)c1ccc(OCCN2CCCCC2)cc1)c1ccccc1,34
CC(=O)Oc1ccc(/C(=C(\C)c2ccccc2)c2ccc(OCCN(C)C)cc2)cc1,1.0,CN(C)CCOc1ccc(cc1)\C(=C(\C)/c2ccccc2)\c3ccc(OC(=O)C)cc3,C(=C(c1ccccc1)c1ccccc1)c1ccccc1,31
CC(=O)S[C@@H]1CC2=CC(=O)CC[C@]2(C)[C@H]2CC[C@@]3(C)[C@@H](CC[C@@]34CCC(=O)O4)[C@H]12,0.0,CC(=O)S[C@@H]1CC2=CC(=O)CC[C@]2(C)[C@H]3CC[C@@]4(C)[C@@H](CC[C@@]45CCC(=O)O5)[C@H]13,O=C1C=C2CCC3C(CCC4C3CCC43CCC(=O)O3)C2CC1,29
CC(=O)c1c(C)[nH]c(C(=O)COc2ccc(C#N)cc2)c1C,0.0,CC(=O)c1c(C)[nH]c(C(=O)COc2ccc(cc2)C#N)c1C,O=C(COc1ccccc1)c1ccc[nH]1,22
CC(=O)c1c(COC(=O)c2ccco2)nc2ccccc2[n+]1[O-],0.0,CC(=O)c1c(COC(=O)c2occc2)nc3ccccc3[n+]1[O-],O=C(OCc1c[nH+]c2ccccc2n1)c1ccco1,23
CC(=O)c1cc(-c2cc3ccc(O)cc3s2)ccc1O,0.0,CC(=O)c1cc(ccc1O)c2cc3ccc(O)cc3s2,c1ccc(-c2cc3ccccc3s2)cc1,20
CC(=O)c1cc(-c2ccc(O)c(F)c2)nc2ccc(O)cc12,0.0,CC(=O)c1cc(nc2ccc(O)cc12)c3ccc(O)c(F)c3,c1ccc(-c2ccc3ccccc3n2)cc1,22
CC(=O)c1cc(-c2ccc(O)cc2)nc2ccc(O)cc12,0.0,CC(=O)c1cc(nc2ccc(O)cc12)c3ccc(O)cc3,c1ccc(-c2ccc3ccccc3n2)cc1,21
CC(=O)c1cc(O)cc2cc(-c3ccc(O)cc3)oc12,1.0,CC(=O)c1cc(O)cc2cc(oc12)c3ccc(O)cc3,c1ccc(-c2cc3ccccc3o2)cc1,20
CC(=O)c1ccc(C2=C(c3ccc(O)cc3)Cc3cc(O)ccc32)cc1,1.0,CC(=O)c1ccc(cc1)C2=C(Cc3cc(O)ccc23)c4ccc(O)cc4,c1ccc(C2=C(c3ccccc3)c3ccccc3C2)cc1,26
CC(=O)c1ccc(NCC(=O)N2CCN(c3ccccc3)CC2)cc1,0.0,CC(=O)c1ccc(NCC(=O)N2CCN(CC2)c3ccccc3)cc1,O=C(CNc1ccccc1)N1CCN(c2ccccc2)CC1,25
CC(=O)c1ccc2c(c1)[C@@H]1C=CC[C@@H]1[C@@H](c1cc3c(cc1Br)OCO3)N2,0.0,CC(=O)c1ccc2N[C@@H]([C@H]3CC=C[C@H]3c2c1)c4cc5OCOc5cc4Br,C1=CC2c3ccccc3NC(c3ccc4c(c3)OCO4)C2C1,26
CC(=O)c1ccc2c(c1)[C@@H]1C=CC[C@@H]1[C@H](c1cc3c(cc1Br)OCO3)N2,0.0,CC(=O)c1ccc2N[C@H]([C@H]3CC=C[C@H]3c2c1)c4cc5OCOc5cc4Br,C1=CC2c3ccccc3NC(c3ccc4c(c3)OCO4)C2C1,26
CC(=O)c1cccc(NC(=O)CN2C(=O)NC3(CCCCCCC3)C2=O)c1,0.0,CC(=O)c1cccc(NC(=O)CN2C(=O)NC3(CCCCCCC3)C2=O)c1,O=C(CN1C(=O)NC2(CCCCCCC2)C1=O)Nc1ccccc1,27
CC(=O)c1cccc(NC(=O)Cc2cccs2)c1,0.0,CC(=O)c1cccc(NC(=O)Cc2cccs2)c1,O=C(Cc1cccs1)Nc1ccccc1,18
CC(C#N)(Cc1ccc(O)cc1)c1ccc(O)cc1,1.0,CC(Cc1ccc(O)cc1)(C#N)c2ccc(O)cc2,c1ccc(CCc2ccccc2)cc1,19
CC(C)(C(=O)NC(N)=O)[C@@H]1c2ccc(-c3ccc(C(=O)N4CCOCC4)cc3)nc2Oc2c(F)cccc21,0.0,CC(C)([C@@H]1c2ccc(nc2Oc3c(F)cccc13)c4ccc(cc4)C(=O)N5CCOCC5)C(=O)NC(=O)N,O=C(c1ccc(-c2ccc3c(n2)Oc2ccccc2C3)cc1)N1CCOCC1,38
CC(C)(C(=O)Nc1nccs1)[C@@H](c1ccccc1)c1ccc(O)c(Br)c1,0.0,CC(C)([C@@H](c1ccccc1)c2ccc(O)c(Br)c2)C(=O)Nc3nccs3,O=C(CC(c1ccccc1)c1ccccc1)Nc1nccs1,26
CC(C)(C(=O)Nc1nccs1)[C@@H](c1ccccc1)c1ccc(O)c(F)c1,0.0,CC(C)([C@@H](c1ccccc1)c2ccc(O)c(F)c2)C(=O)Nc3nccs3,O=C(CC(c1ccccc1)c1ccccc1)Nc1nccs1,26
CC(C)(C(=O)Nc1nccs1)[C@@H](c1ccccc1)c1ccc(O)cc1,0.0,CC(C)([C@@H](c1ccccc1)c2ccc(O)cc2)C(=O)Nc3nccs3,O=C(CC(c1ccccc1)c1ccccc1)Nc1nccs1,25
CC(C)(C(=O)Nc1nccs1)[C@H]1c2ccccc2Oc2cc(O)ccc21,0.0,CC(C)([C@H]1c2ccccc2Oc3cc(O)ccc13)C(=O)Nc4nccs4,O=C(CC1c2ccccc2Oc2ccccc21)Nc1nccs1,26
CC(C)(C(=O)Nc1nncs1)[C@@H](c1ccccc1)c1ccc(O)c(F)c1,0.0,CC(C)([C@@H](c1ccccc1)c2ccc(O)c(F)c2)C(=O)Nc3nncs3,O=C(CC(c1ccccc1)c1ccccc1)Nc1nncs1,26
CC(C)(C(=O)Nc1nncs1)[C@@H]1c2ccc(-c3ccc(C(=O)N4CCOCC4)cc3)nc2Oc2c(F)cccc21,0.0,CC(C)([C@@H]1c2ccc(nc2Oc3c(F)cccc13)c4ccc(cc4)C(=O)N5CCOCC5)C(=O)Nc6nncs6,O=C(CC1c2ccccc2Oc2nc(-c3ccc(C(=O)N4CCOCC4)cc3)ccc21)Nc1nncs1,40
CC(C)(C(=O)Nc1nncs1)[C@H]1c2ccccc2Oc2cc(O)ccc21,0.0,CC(C)([C@H]1c2ccccc2Oc3cc(O)ccc13)C(=O)Nc4nncs4,O=C(CC1c2ccccc2Oc2ccccc21)Nc1nncs1,26
CC(C)(C)C(=O)Oc1ccc2c(c1)O[C@H](c1ccc(OCCN3CCCCC3)cc1)C1=C2COc2cc(OC(=O)C(C)(C)C)ccc21,0.0,CC(C)(C)C(=O)Oc1ccc2C3=C(COc2c1)c4ccc(OC(=O)C(C)(C)C)cc4O[C@@H]3c5ccc(OCCN6CCCCC6)cc5,c1ccc2c(c1)OC(c1ccc(OCCN3CCCCC3)cc1)C1=C2COc2ccccc21,47
CC(C)(C)CN(c1ccccc1)S(=O)(=O)c1ccc(O)cc1,0.0,CC(C)(C)CN(c1ccccc1)S(=O)(=O)c2ccc(O)cc2,O=S(=O)(Nc1ccccc1)c1ccccc1,22
CC(C)(C)OC(=O)N(Cc1cccc2ccccc12)c1cc(/C=C/c2ccccc2)nc(NCc2cccc3ccccc23)n1,0.0,CC(C)(C)OC(=O)N(Cc1cccc2ccccc12)c3cc(\C=C\c4ccccc4)nc(NCc5cccc6ccccc56)n3,C(=Cc1cc(NCc2cccc3ccccc23)nc(NCc2cccc3ccccc23)n1)c1ccccc1,45
CC(C)(C)OC(=O)N(Cc1cccc2ccccc12)c1cc(CCc2cccc3ccccc23)nc(NCc2ccccc2)n1,0.0,CC(C)(C)OC(=O)N(Cc1cccc2ccccc12)c3cc(CCc4cccc5ccccc45)nc(NCc6ccccc6)n3,c1ccc(CNc2nc(CCc3cccc4ccccc34)cc(NCc3cccc4ccccc34)n2)cc1,45
CC(C)(C)OC(=O)N(Cc1cccc2ccccc12)c1cc(CCc2ccccc2)nc(NCc2cccc3ccccc23)n1,0.0,CC(C)(C)OC(=O)N(Cc1cccc2ccccc12)c3cc(CCc4ccccc4)nc(NCc5cccc6ccccc56)n3,c1ccc(CCc2cc(NCc3cccc4ccccc34)nc(NCc3cccc4ccccc34)n2)cc1,45
CC(C)(C)OC(=O)N(Cc1ccccc1)c1cc(CCc2cccc3ccccc23)nc(NCc2cccc3ccccc23)n1,0.0,CC(C)(C)OC(=O)N(Cc1ccccc1)c2cc(CCc3cccc4ccccc34)nc(NCc5cccc6ccccc56)n2,c1ccc(CNc2cc(CCc3cccc4ccccc34)nc(NCc3cccc4ccccc34)n2)cc1,45
CC(C)(C)OC(=O)[C@@H](CCC(=O)N1CCN(c2ccc(C#N)cc2)CC1)n1c(=S)[nH]c2ccccc2c1=O,1.0,CC(C)(C)OC(=O)[C@@H](CCC(=O)N1CCN(CC1)c2ccc(cc2)C#N)N3C(=S)Nc4ccccc4C3=O,O=C(CCCn1c(=S)[nH]c2ccccc2c1=O)N1CCN(c2ccccc2)CC1,38
CC(C)(C)SC1=C(C=O)CCc2c1sc1nc3n(c(=O)c21)CCCCC3,0.0,CC(C)(C)SC1=C(CCc2c1sc3N=C4CCCCCN4C(=O)c23)C=O,O=c1c2c3c(sc2nc2n1CCCCC2)C=CCC3,26
CC(C)(C)[C@H]1Sc2cc(O)ccc2O[C@H]1c1ccc(OCCN2CCCCC2)cc1,1.0,CC(C)(C)[C@H]1Sc2cc(O)ccc2O[C@H]1c3ccc(OCCN4CCCCC4)cc3,c1ccc2c(c1)OC(c1ccc(OCCN3CCCCC3)cc1)CS2,30
CC(C)(C)c1cc(-c2nc3ccc(O)cc3o2)ccc1O,0.0,CC(C)(C)c1cc(ccc1O)c2oc3cc(O)ccc3n2,c1ccc(-c2nc3ccccc3o2)cc1,21
CC(C)(COc1ccc([C@@H]2Oc3ccc(O)cc3S[C@@H]2c2ccc(O)cc2)cc1)N1CCCC1,1.0,CC(C)(COc1ccc(cc1)[C@@H]2Oc3ccc(O)cc3S[C@@H]2c4ccc(O)cc4)N5CCCC5,c1ccc(C2Sc3ccccc3OC2c2ccc(OCCN3CCCC3)cc2)cc1,34
CC(C)(Cc1ccc(O)cc1)c1ccc(O)cc1,1.0,CC(C)(Cc1ccc(O)cc1)c2ccc(O)cc2,c1ccc(CCc2ccccc2)cc1,18
CC(C)(F)CN1[C@H](c2ccc(/C=C/C(=O)O)cc2)c2ccc(O)cc2CC1(C)C,1.0,CC(C)(F)CN1[C@H](c2ccc(\C=C\C(=O)O)cc2)c3ccc(O)cc3CC1(C)C,c1ccc(C2NCCc3ccccc32)cc1,29
CC(C)(O)c1ccc2c(c1)C(=O)C[C@H]1[C@@](C)(C(=O)O)CCC[C@]21C,0.0,CC(C)(O)c1ccc2c(c1)C(=O)C[C@H]3[C@](C)(CCC[C@]23C)C(=O)O,O=C1CC2CCCCC2c2ccccc21,24
CC(C)(c1ccc(O)cc1)c1ccc(O)cc1,0.0,CC(C)(c1ccc(O)cc1)c2ccc(O)cc2,c1ccc(Cc2ccccc2)cc1,17
CC(C)=CCc1c(O)cc(O)c2c1OC(c1ccc(O)cc1)CC2=O,1.0,CC(=CCc1c(O)cc(O)c2C(=O)CC(Oc12)c3ccc(O)cc3)C,O=C1CC(c2ccccc2)Oc2ccccc21,25
CC(C)=CCc1c([C@H]2CCc3ccc(O)cc3O2)cc(O)c(O)c1CC=C(C)C,0.0,CC(=CCc1c(O)c(O)cc([C@H]2CCc3ccc(O)cc3O2)c1CC=C(C)C)C,c1ccc(C2CCc3ccccc3O2)cc1,29
CC(C)=CCc1c([C@H]2CCc3ccc(O)cc3O2)ccc(O)c1O,0.0,CC(=CCc1c(O)c(O)ccc1[C@H]2CCc3ccc(O)cc3O2)C,c1ccc(C2CCc3ccccc3O2)cc1,24
CC(C)=CCc1c2c(c3occ(-c4ccc(O)c(O)c4)c(=O)c3c1O)CC(C(C)(C)O)O2,0.0,CC(=CCc1c(O)c2C(=O)C(=COc2c3CC(Oc13)C(C)(C)O)c4ccc(O)c(O)c4)C,O=c1c(-c2ccccc2)coc2c3c(ccc12)OCC3,32
CC(C)C1c2ccc(O)cc2CCN1c1ccccc1,1.0,CC(C)C1N(CCc2cc(O)ccc12)c3ccccc3,c1ccc(N2CCc3ccccc3C2)cc1,20
CC(C)CC(=O)Nc1ccc(C(=O)COc2ccc(-c3nnco3)cc2)cc1,0.0,CC(C)CC(=O)Nc1ccc(cc1)C(=O)COc2ccc(cc2)c3ocnn3,O=C(COc1ccc(-c2nnco2)cc1)c1ccccc1,28
CC(C)CCC[C@@H](C)CCC[C@@H](C)CCC[C@@H]1Cc2cc(O)ccc2[C@H]2CC[C@]3(C)[C@@H](O)CC[C@H]3[C@H]12,1.0,CC(C)CCC[C@@H](C)CCC[C@@H](C)CCC[C@@H]1Cc2cc(O)ccc2[C@H]3CC[C@]4(C)[C@@H](O)CC[C@H]4[C@H]13,c1ccc2c(c1)CCC1C2CCC2CCCC21,36
CC(C)CCNC(=O)COc1ccc2c3c(c(=O)oc2c1)CCC3,0.0,CC(C)CCNC(=O)COc1ccc2C3=C(CCC3)C(=O)Oc2c1,O=c1oc2ccccc2c2c1CCC2,24
CC(C)CCON=C(c1ccc(O)cc1)c1ccc(O)cc1,1.0,CC(C)CCON=C(c1ccc(O)cc1)c2ccc(O)cc2,N=C(c1ccccc1)c1ccccc1,22
CC(C)CCc1c(O)cc(O)c2c1O[C@H](c1ccc(O)cc1)CC2=O,1.0,CC(C)CCc1c(O)cc(O)c2C(=O)C[C@H](Oc12)c3ccc(O)cc3,O=C1CC(c2ccccc2)Oc2ccccc21,25
CC(C)CCc1cc(CCC(C)C)nc(NCC(C)C)n1,0.0,CC(C)CCc1cc(CCC(C)C)nc(NCC(C)C)n1,c1cncnc1,21
CC(C)CCc1cc(CCC(C)C)nc(NCc2cccc3ccccc23)n1,0.0,CC(C)CCc1cc(CCC(C)C)nc(NCc2cccc3ccccc23)n1,c1cnc(NCc2cccc3ccccc23)nc1,28
CC(C)CCc1cc(CCC(C)C)nc(NCc2ccccc2)n1,0.0,CC(C)CCc1cc(CCC(C)C)nc(NCc2ccccc2)n1,c1ccc(CNc2ncccn2)cc1,24
CC(C)CCc1cc(N(C)CC(C)C)nc(N(C)CC(C)C)n1,0.0,CC(C)CCc1cc(nc(n1)N(C)CC(C)C)N(C)CC(C)C,c1cncnc1,23
CC(C)CCc1cc(N(C)CC(C)C)nc(NCC(C)C)n1,0.0,CC(C)CCc1cc(nc(NCC(C)C)n1)N(C)CC(C)C,c1cncnc1,22
CC(C)CCc1cc(N(CC(C)C)C(=O)OC(C)(C)C)nc(NCc2cccc3ccccc23)n1,0.0,CC(C)CCc1cc(nc(NCc2cccc3ccccc23)n1)N(CC(C)C)C(=O)OC(C)(C)C,c1cnc(NCc2cccc3ccccc23)nc1,35
CC(C)CCc1cc(N(CC(C)C)C(=O)OC(C)(C)C)nc(NCc2ccccc2)n1,0.0,CC(C)CCc1cc(nc(NCc2ccccc2)n1)N(CC(C)C)C(=O)OC(C)(C)C,c1ccc(CNc2ncccn2)cc1,31
CC(C)CCc1cc(N(Cc2cccc3ccccc23)C(=O)OC(C)(C)C)nc(NCC(C)C)n1,0.0,CC(C)CCc1cc(nc(NCC(C)C)n1)N(Cc2cccc3ccccc23)C(=O)OC(C)(C)C,c1ccc2c(CNc3ccncn3)cccc2c1,35
CC(C)CCc1cc(N(Cc2cccc3ccccc23)C(=O)OC(C)(C)C)nc(NCc2ccccc2)n1,0.0,CC(C)CCc1cc(nc(NCc2ccccc2)n1)N(Cc3cccc4ccccc34)C(=O)OC(C)(C)C,c1ccc(CNc2nccc(NCc3cccc4ccccc34)n2)cc1,38
CC(C)CCc1cc(N(Cc2ccccc2)C(=O)OC(C)(C)C)nc(NCC(C)C)n1,0.0,CC(C)CCc1cc(nc(NCC(C)C)n1)N(Cc2ccccc2)C(=O)OC(C)(C)C,c1ccc(CNc2ccncn2)cc1,31
CC(C)CCc1cc(N(Cc2ccccc2)C(=O)OC(C)(C)C)nc(NCc2cccc3ccccc23)n1,0.0,CC(C)CCc1cc(nc(NCc2cccc3ccccc23)n1)N(Cc4ccccc4)C(=O)OC(C)(C)C,c1ccc(CNc2ccnc(NCc3cccc4ccccc34)n2)cc1,38
CC(C)CCc1cc(NCC(C)C)nc(N(C)CC(C)C)n1,0.0,CC(C)CCc1cc(NCC(C)C)nc(n1)N(C)CC(C)C,c1cncnc1,22
CC(C)CCc1cc(NCC(C)C)nc(NCC(C)C)n1,0.0,CC(C)CCc1cc(NCC(C)C)nc(NCC(C)C)n1,c1cncnc1,21
CC(C)CCc1cc(NCC(C)C)nc(NCc2cccc3ccccc23)n1,0.0,CC(C)CCc1cc(NCC(C)C)nc(NCc2cccc3ccccc23)n1,c1cnc(NCc2cccc3ccccc23)nc1,28
CC(C)CCc1cc(NCC(C)C)nc(NCc2ccccc2)n1,0.0,CC(C)CCc1cc(NCC(C)C)nc(NCc2ccccc2)n1,c1ccc(CNc2ncccn2)cc1,24
CC(C)CCc1cc(NCC(C)C)nc(OCC(C)C)n1,0.0,CC(C)CCc1cc(NCC(C)C)nc(OCC(C)C)n1,c1cncnc1,21
CC(C)CCc1cc(NCC(C)C)nc(S(=O)(=O)CC(C)C)n1,0.0,CC(C)CCc1cc(NCC(C)C)nc(n1)S(=O)(=O)CC(C)C,c1cncnc1,23
CC(C)CCc1cc(NCC(C)C)nc(SCC(C)C)n1,0.0,CC(C)CCc1cc(NCC(C)C)nc(SCC(C)C)n1,c1cncnc1,21
CC(C)CCc1cc(NCc2cccc3ccccc23)nc(NCC(C)C)n1,0.0,CC(C)CCc1cc(NCc2cccc3ccccc23)nc(NCC(C)C)n1,c1ccc2c(CNc3ccncn3)cccc2c1,28
CC(C)CCc1cc(NCc2cccc3ccccc23)nc(NCc2cccc3ccccc23)n1,0.0,CC(C)CCc1cc(NCc2cccc3ccccc23)nc(NCc4cccc5ccccc45)n1,c1ccc2c(CNc3ccnc(NCc4cccc5ccccc45)n3)cccc2c1,35
CC(C)CCc1cc(NCc2cccc3ccccc23)nc(NCc2ccccc2)n1,0.0,CC(C)CCc1cc(NCc2cccc3ccccc23)nc(NCc4ccccc4)n1,c1ccc(CNc2nccc(NCc3cccc4ccccc34)n2)cc1,31
CC(C)CCc1cc(NCc2ccccc2)nc(NCC(C)C)n1,0.0,CC(C)CCc1cc(NCc2ccccc2)nc(NCC(C)C)n1,c1ccc(CNc2ccncn2)cc1,24
CC(C)CCc1cc(NCc2ccccc2)nc(NCc2cccc3ccccc23)n1,0.0,CC(C)CCc1cc(NCc2ccccc2)nc(NCc3cccc4ccccc34)n1,c1ccc(CNc2ccnc(NCc3cccc4ccccc34)n2)cc1,31
CC(C)CCc1cc(NCc2ccccc2)nc(NCc2ccccc2)n1,0.0,CC(C)CCc1cc(NCc2ccccc2)nc(NCc3ccccc3)n1,c1ccc(CNc2ccnc(NCc3ccccc3)n2)cc1,27
CC(C)CCc1cc(OCC(C)C)nc(OCC(C)C)n1,0.0,CC(C)CCc1cc(OCC(C)C)nc(OCC(C)C)n1,c1cncnc1,21
CC(C)CCc1cc(OCc2ccccc2)nc(OCc2ccccc2)n1,0.0,CC(C)CCc1cc(OCc2ccccc2)nc(OCc3ccccc3)n1,c1ccc(COc2ccnc(OCc3ccccc3)n2)cc1,27
CC(C)CCc1cc(S(=O)(=O)CC(C)C)nc(S(=O)(=O)CC(C)C)n1,0.0,CC(C)CCc1cc(nc(n1)S(=O)(=O)CC(C)C)S(=O)(=O)CC(C)C,c1cncnc1,25
CC(C)CCc1cc(S(=O)(=O)Cc2ccccc2)nc(S(=O)(=O)Cc2ccccc2)n1,0.0,CC(C)CCc1cc(nc(n1)S(=O)(=O)Cc2ccccc2)S(=O)(=O)Cc3ccccc3,O=S(=O)(Cc1ccccc1)c1ccnc(S(=O)(=O)Cc2ccccc2)n1,31
CC(C)CCc1cc(SCC(C)C)nc(SCC(C)C)n1,0.0,CC(C)CCc1cc(SCC(C)C)nc(SCC(C)C)n1,c1cncnc1,21
CC(C)CCc1cc(SCc2ccccc2)nc(SCc2ccccc2)n1,0.0,CC(C)CCc1cc(SCc2ccccc2)nc(SCc3ccccc3)n1,c1ccc(CSc2ccnc(SCc3ccccc3)n2)cc1,27
CC(C)CCc1nc(NCC(C)C)cc(NCC(C)C)n1,0.0,CC(C)CCc1nc(NCC(C)C)cc(NCC(C)C)n1,c1cncnc1,21
CC(C)CCc1nc(NCc2cccc3ccccc23)cc(NCC(C)C)n1,0.0,CC(C)CCc1nc(NCC(C)C)cc(NCc2cccc3ccccc23)n1,c1ccc2c(CNc3ccncn3)cccc2c1,28
CC(C)CCc1nc(NCc2ccccc2)cc(NCC(C)C)n1,0.0,CC(C)CCc1nc(NCC(C)C)cc(NCc2ccccc2)n1,c1ccc(CNc2ccncn2)cc1,24
CC(C)CN(C(=O)COC(=O)c1cc2c(s1)CCC2)C1CCS(=O)(=O)C1,0.0,CC(C)CN(C1CCS(=O)(=O)C1)C(=O)COC(=O)c2cc3CCCc3s2,O=C(COC(=O)c1cc2c(s1)CCC2)NC1CCS(=O)(=O)C1,26
CC(C)CN(C(=O)OC(C)(C)C)c1cc(CCc2cccc3ccccc23)nc(NCc2cccc3ccccc23)n1,0.0,CC(C)CN(C(=O)OC(C)(C)C)c1cc(CCc2cccc3ccccc23)nc(NCc4cccc5ccccc45)n1,c1ccc2c(CCc3ccnc(NCc4cccc5ccccc45)n3)cccc2c1,42
CC(C)CN(C(=O)OC(C)(C)C)c1cc(CCc2cccc3ccccc23)nc(NCc2ccccc2)n1,0.0,CC(C)CN(C(=O)OC(C)(C)C)c1cc(CCc2cccc3ccccc23)nc(NCc4ccccc4)n1,c1ccc(CNc2nccc(CCc3cccc4ccccc34)n2)cc1,38
CC(C)CN(C(=O)OC(C)(C)C)c1cc(CCc2ccccc2)nc(NCc2ccccc2)n1,0.0,CC(C)CN(C(=O)OC(C)(C)C)c1cc(CCc2ccccc2)nc(NCc3ccccc3)n1,c1ccc(CCc2ccnc(NCc3ccccc3)n2)cc1,34
CC(C)CN(C)c1cc(/C=C/c2ccccc2)nc(N(C)CC(C)C)n1,0.0,CC(C)CN(C)c1cc(\C=C\c2ccccc2)nc(n1)N(C)CC(C)C,C(=Cc1ccncn1)c1ccccc1,26
CC(C)CN(C)c1cc(CCc2cccc3ccccc23)nc(N(C)CC(C)C)n1,0.0,CC(C)CN(C)c1cc(CCc2cccc3ccccc23)nc(n1)N(C)CC(C)C,c1ccc2c(CCc3ccncn3)cccc2c1,30
CC(C)CN(C)c1cc(CCc2ccccc2)nc(N(C)CC(C)C)n1,0.0,CC(C)CN(C)c1cc(CCc2ccccc2)nc(n1)N(C)CC(C)C,c1ccc(CCc2ccncn2)cc1,26
CC(C)CN1CCN(c2ccc(C3c4ccc(O)cc4CCN3c3cccc(O)c3)cc2)CC1,1.0,CC(C)CN1CCN(CC1)c2ccc(cc2)C3N(CCc4cc(O)ccc34)c5cccc(O)c5,c1ccc(N2CCc3ccccc3C2c2ccc(N3CCNCC3)cc2)cc1,34
CC(C)CN1CCc2cc(O)ccc2[C@@H]1c1ccc(/C=C/C(=O)O)cc1,1.0,CC(C)CN1CCc2cc(O)ccc2[C@@H]1c3ccc(\C=C\C(=O)O)cc3,c1ccc(C2NCCc3ccccc32)cc1,26
CC(C)CN1CCc2cc(O)ccc2[C@@]1(C)c1ccc(/C=C/C(=O)O)cc1,1.0,CC(C)CN1CCc2cc(O)ccc2[C@@]1(C)c3ccc(\C=C\C(=O)O)cc3,c1ccc(C2NCCc3ccccc32)cc1,27
CC(C)CN1CCc2cc(O)ccc2[C@H]1c1ccc(/C=C/C(=O)O)cc1,1.0,CC(C)CN1CCc2cc(O)ccc2[C@H]1c3ccc(\C=C\C(=O)O)cc3,c1ccc(C2NCCc3ccccc32)cc1,26
CC(C)CN1CCc2cc(O)ccc2[C@]1(C)c1ccc(/C=C/C(=O)O)cc1,0.0,CC(C)CN1CCc2cc(O)ccc2[C@]1(C)c3ccc(\C=C\C(=O)O)cc3,c1ccc(C2NCCc3ccccc32)cc1,27
CC(C)CN1[C@H](C)Cc2cc(O)ccc2[C@@]1(C)c1ccc(/C=C/C(=O)O)cc1,1.0,CC(C)CN1[C@H](C)Cc2cc(O)ccc2[C@@]1(C)c3ccc(\C=C\C(=O)O)cc3,c1ccc(C2NCCc3ccccc32)cc1,28
CC(C)CN1[C@H](c2c(F)cc(/C=C/C(=O)O)cc2F)c2[nH]c3ccccc3c2C[C@H]1C,1.0,CC(C)CN1[C@H](C)Cc2c([nH]c3ccccc23)[C@H]1c4c(F)cc(\C=C\C(=O)O)cc4F,c1ccc(C2NCCc3c2[nH]c2ccccc32)cc1,31
CC(C)CN1[C@H](c2c(F)cc(/C=C/C(=O)O)cc2F)c2ccc(O)cc2CC1(C)C,1.0,CC(C)CN1[C@@H](c2ccc(O)cc2CC1(C)C)c3c(F)cc(\C=C\C(=O)O)cc3F,c1ccc(C2NCCc3ccccc32)cc1,30
CC(C)CN1[C@H](c2ccc(/C=C/C(=O)O)cc2)c2[nH]c3ccccc3c2C[C@H]1C,1.0,CC(C)CN1[C@H](C)Cc2c([nH]c3ccccc23)[C@H]1c4ccc(\C=C\C(=O)O)cc4,c1ccc(C2NCCc3c2[nH]c2ccccc32)cc1,29
CC(C)CN1[C@H](c2ccc(/C=C/C(=O)O)cc2)c2ccc(O)cc2CC1(C)C,1.0,CC(C)CN1[C@H](c2ccc(\C=C\C(=O)O)cc2)c3ccc(O)cc3CC1(C)C,c1ccc(C2NCCc3ccccc32)cc1,28
CC(C)CN1[C@H](c2ccc(/C=C/C(=O)O)cc2)c2ccc(O)cc2C[C@H]1C,1.0,CC(C)CN1[C@H](C)Cc2cc(O)ccc2[C@H]1c3ccc(\C=C\C(=O)O)cc3,c1ccc(C2NCCc3ccccc32)cc1,27
CC(C)CN1[C@H](c2ccc(/C=C/C(=O)O)cc2)c2ccccc2C[C@H]1C,1.0,CC(C)CN1[C@H](C)Cc2ccccc2[C@H]1c3ccc(\C=C\C(=O)O)cc3,c1ccc(C2NCCc3ccccc32)cc1,26
CC(C)CNC(=O)c1c(N)n(/N=C/c2ccccn2)c2nc3ccccc3nc12,0.0,CC(C)CNC(=O)c1c(N)n(\N=C\c2ccccn2)c3nc4ccccc4nc13,C(=Nn1ccc2nc3ccccc3nc21)c1ccccn1,29
CC(C)CNc1cc(/C=C/c2ccccc2)nc(N(C)CC(C)C)n1,0.0,CC(C)CNc1cc(\C=C\c2ccccc2)nc(n1)N(C)CC(C)C,C(=Cc1ccncn1)c1ccccc1,25
CC(C)CNc1cc(/C=C/c2ccccc2)nc(NCC(C)C)n1,0.0,CC(C)CNc1cc(\C=C\c2ccccc2)nc(NCC(C)C)n1,C(=Cc1ccncn1)c1ccccc1,24
CC(C)CNc1cc(/C=C/c2ccccc2)nc(NCc2cccc3ccccc23)n1,0.0,CC(C)CNc1cc(\C=C\c2ccccc2)nc(NCc3cccc4ccccc34)n1,C(=Cc1ccnc(NCc2cccc3ccccc23)n1)c1ccccc1,31
CC(C)CNc1cc(/C=C/c2ccccc2)nc(NCc2ccccc2)n1,0.0,CC(C)CNc1cc(\C=C\c2ccccc2)nc(NCc3ccccc3)n1,C(=Cc1ccnc(NCc2ccccc2)n1)c1ccccc1,27
CC(C)CNc1cc(CC(C)C)nc(NCC(C)C)n1,0.0,CC(C)CNc1cc(CC(C)C)nc(NCC(C)C)n1,c1cncnc1,20
CC(C)CNc1cc(CCc2cccc3ccccc23)nc(N(C)CC(C)C)n1,0.0,CC(C)CNc1cc(CCc2cccc3ccccc23)nc(n1)N(C)CC(C)C,c1ccc2c(CCc3ccncn3)cccc2c1,29
CC(C)CNc1cc(CCc2cccc3ccccc23)nc(NCC(C)C)n1,0.0,CC(C)CNc1cc(CCc2cccc3ccccc23)nc(NCC(C)C)n1,c1ccc2c(CCc3ccncn3)cccc2c1,28
CC(C)CNc1cc(CCc2cccc3ccccc23)nc(NCc2cccc3ccccc23)n1,0.0,CC(C)CNc1cc(CCc2cccc3ccccc23)nc(NCc4cccc5ccccc45)n1,c1ccc2c(CCc3ccnc(NCc4cccc5ccccc45)n3)cccc2c1,35
CC(C)CNc1cc(CCc2cccc3ccccc23)nc(NCc2ccccc2)n1,0.0,CC(C)CNc1cc(CCc2cccc3ccccc23)nc(NCc4ccccc4)n1,c1ccc(CNc2nccc(CCc3cccc4ccccc34)n2)cc1,31
CC(C)CNc1cc(CCc2ccccc2)nc(N(C)CC(C)C)n1,0.0,CC(C)CNc1cc(CCc2ccccc2)nc(n1)N(C)CC(C)C,c1ccc(CCc2ccncn2)cc1,25
CC(C)CNc1cc(CCc2ccccc2)nc(NCC(C)C)n1,0.0,CC(C)CNc1cc(CCc2ccccc2)nc(NCC(C)C)n1,c1ccc(CCc2ccncn2)cc1,24
CC(C)CNc1cc(CCc2ccccc2)nc(NCc2cccc3ccccc23)n1,0.0,CC(C)CNc1cc(CCc2ccccc2)nc(NCc3cccc4ccccc34)n1,c1ccc(CCc2ccnc(NCc3cccc4ccccc34)n2)cc1,31
CC(C)CNc1cc(CCc2ccccc2)nc(NCc2ccccc2)n1,0.0,CC(C)CNc1cc(CCc2ccccc2)nc(NCc3ccccc3)n1,c1ccc(CCc2ccnc(NCc3ccccc3)n2)cc1,27
CC(C)CNc1cc(NCC(C)C)nc(CCc2cccc3ccccc23)n1,0.0,CC(C)CNc1cc(NCC(C)C)nc(CCc2cccc3ccccc23)n1,c1cnc(CCc2cccc3ccccc23)nc1,28
CC(C)CNc1cc(NCC(C)C)nc(Cl)n1,0.0,CC(C)CNc1cc(NCC(C)C)nc(Cl)n1,c1cncnc1,17
CC(C)CNc1cc(NCC(C)C)nc(NCC(C)C)n1,0.0,CC(C)CNc1cc(NCC(C)C)nc(NCC(C)C)n1,c1cncnc1,21
CC(C)CNc1cc(NCC(C)C)ncn1,0.0,CC(C)CNc1cc(NCC(C)C)ncn1,c1cncnc1,16
CC(C)CNc1cc(NCc2ccccc2)nc(NCC(C)C)n1,0.0,CC(C)CNc1cc(NCc2ccccc2)nc(NCC(C)C)n1,c1ccc(CNc2ccncn2)cc1,24
CC(C)CNc1cc(OCC(C)C)nc(NCC(C)C)n1,0.0,CC(C)CNc1cc(OCC(C)C)nc(NCC(C)C)n1,c1cncnc1,21
CC(C)CNc1cc(S(=O)(=O)CC(C)C)nc(NCC(C)C)n1,0.0,CC(C)CNc1cc(nc(NCC(C)C)n1)S(=O)(=O)CC(C)C,c1cncnc1,23
CC(C)CNc1cc(SCC(C)C)nc(NCC(C)C)n1,0.0,CC(C)CNc1cc(SCC(C)C)nc(NCC(C)C)n1,c1cncnc1,21
CC(C)CNc1nc(/C=C/c2ccccc2)cc(/C=C/c2ccccc2)n1,0.0,CC(C)CNc1nc(\C=C\c2ccccc2)cc(\C=C\c3ccccc3)n1,C(=Cc1cc(C=Cc2ccccc2)ncn1)c1ccccc1,27
CC(C)CNc1nc(/C=C/c2ccccc2)cc(N(C)CC(C)C)n1,0.0,CC(C)CNc1nc(\C=C\c2ccccc2)cc(n1)N(C)CC(C)C,C(=Cc1ccncn1)c1ccccc1,25
CC(C)CNc1nc(/C=C/c2ccccc2)cc(N(Cc2ccccc2)C(=O)OC(C)(C)C)n1,0.0,CC(C)CNc1nc(\C=C\c2ccccc2)cc(n1)N(Cc3ccccc3)C(=O)OC(C)(C)C,C(=Cc1cc(NCc2ccccc2)ncn1)c1ccccc1,34
CC(C)CNc1nc(/C=C/c2ccccc2)cc(NCc2ccccc2)n1,0.0,CC(C)CNc1nc(NCc2ccccc2)cc(\C=C\c3ccccc3)n1,C(=Cc1cc(NCc2ccccc2)ncn1)c1ccccc1,27
CC(C)CNc1nc(CCc2cccc3ccccc23)cc(N(C)CC(C)C)n1,0.0,CC(C)CNc1nc(CCc2cccc3ccccc23)cc(n1)N(C)CC(C)C,c1ccc2c(CCc3ccncn3)cccc2c1,29
CC(C)CNc1nc(CCc2cccc3ccccc23)cc(N(CC(C)C)C(=O)OC(C)(C)C)n1,0.0,CC(C)CNc1nc(CCc2cccc3ccccc23)cc(n1)N(CC(C)C)C(=O)OC(C)(C)C,c1ccc2c(CCc3ccncn3)cccc2c1,35
CC(C)CNc1nc(CCc2cccc3ccccc23)cc(N(Cc2cccc3ccccc23)C(=O)OC(C)(C)C)n1,0.0,CC(C)CNc1nc(CCc2cccc3ccccc23)cc(n1)N(Cc4cccc5ccccc45)C(=O)OC(C)(C)C,c1ccc2c(CCc3cc(NCc4cccc5ccccc45)ncn3)cccc2c1,42
CC(C)CNc1nc(CCc2cccc3ccccc23)cc(N(Cc2ccccc2)C(=O)OC(C)(C)C)n1,0.0,CC(C)CNc1nc(CCc2cccc3ccccc23)cc(n1)N(Cc4ccccc4)C(=O)OC(C)(C)C,c1ccc(CNc2cc(CCc3cccc4ccccc34)ncn2)cc1,38
CC(C)CNc1nc(CCc2cccc3ccccc23)cc(NCc2cccc3ccccc23)n1,0.0,CC(C)CNc1nc(CCc2cccc3ccccc23)cc(NCc4cccc5ccccc45)n1,c1ccc2c(CCc3cc(NCc4cccc5ccccc45)ncn3)cccc2c1,35
CC(C)CNc1nc(CCc2cccc3ccccc23)cc(NCc2ccccc2)n1,0.0,CC(C)CNc1nc(CCc2cccc3ccccc23)cc(NCc4ccccc4)n1,c1ccc(CNc2cc(CCc3cccc4ccccc34)ncn2)cc1,31
CC(C)CNc1nc(CCc2ccccc2)cc(CCc2ccccc2)n1,0.0,CC(C)CNc1nc(CCc2ccccc2)cc(CCc3ccccc3)n1,c1ccc(CCc2cc(CCc3ccccc3)ncn2)cc1,27
CC(C)CNc1nc(CCc2ccccc2)cc(N(C)CC(C)C)n1,0.0,CC(C)CNc1nc(CCc2ccccc2)cc(n1)N(C)CC(C)C,c1ccc(CCc2ccncn2)cc1,25
CC(C)CNc1nc(CCc2ccccc2)cc(N(Cc2ccccc2)C(=O)OC(C)(C)C)n1,0.0,CC(C)CNc1nc(CCc2ccccc2)cc(n1)N(Cc3ccccc3)C(=O)OC(C)(C)C,c1ccc(CCc2cc(NCc3ccccc3)ncn2)cc1,34
CC(C)CNc1nc(CCc2ccccc2)cc(NCc2cccc3ccccc23)n1,0.0,CC(C)CNc1nc(CCc2ccccc2)cc(NCc3cccc4ccccc34)n1,c1ccc(CCc2cc(NCc3cccc4ccccc34)ncn2)cc1,31
CC(C)CNc1nc(CCc2ccccc2)cc(NCc2ccccc2)n1,0.0,CC(C)CNc1nc(CCc2ccccc2)cc(NCc3ccccc3)n1,c1ccc(CCc2cc(NCc3ccccc3)ncn2)cc1,27
CC(C)COc1cc(/C=C/c2ccccc2)nc(OCC(C)C)n1,0.0,CC(C)COc1cc(\C=C\c2ccccc2)nc(OCC(C)C)n1,C(=Cc1ccncn1)c1ccccc1,24
CC(C)COc1cc(CCc2ccccc2)nc(OCC(C)C)n1,0.0,CC(C)COc1cc(CCc2ccccc2)nc(OCC(C)C)n1,c1ccc(CCc2ccncn2)cc1,24
CC(C)COc1cc(OCC(C)C)nc(OCC(C)C)n1,0.0,CC(C)COc1cc(OCC(C)C)nc(OCC(C)C)n1,c1cncnc1,21
CC(C)CS(=O)(=O)c1cc(CCc2ccccc2)nc(S(=O)(=O)CC(C)C)n1,0.0,CC(C)CS(=O)(=O)c1cc(CCc2ccccc2)nc(n1)S(=O)(=O)CC(C)C,c1ccc(CCc2ccncn2)cc1,28
CC(C)CSc1cc(CCc2ccccc2)nc(SCC(C)C)n1,0.0,CC(C)CSc1cc(CCc2ccccc2)nc(SCC(C)C)n1,c1ccc(CCc2ccncn2)cc1,24
CC(C)CSc1cc(SCC(C)C)nc(SCC(C)C)n1,0.0,CC(C)CSc1cc(SCC(C)C)nc(SCC(C)C)n1,c1cncnc1,21
CC(C)C[C@H]1Sc2cc(O)ccc2O[C@H]1c1ccc(OCCN2CCCCC2)cc1,1.0,CC(C)C[C@H]1Sc2cc(O)ccc2O[C@H]1c3ccc(OCCN4CCCCC4)cc3,c1ccc2c(c1)OC(c1ccc(OCCN3CCCCC3)cc1)CS2,30
CC(C)Cc1c(O)cc(O)c2c1O[C@H](c1ccc(O)cc1)CC2=O,1.0,CC(C)Cc1c(O)cc(O)c2C(=O)C[C@H](Oc12)c3ccc(O)cc3,O=C1CC(c2ccccc2)Oc2ccccc21,24
CC(C)Cc1cc(O)c(=O)n(Cc2ccc3ccccc3c2)c1-c1ccnc(Cc2ccccc2)c1,0.0,CC(C)CC1=C(N(Cc2ccc3ccccc3c2)C(=O)C(=C1)O)c4ccnc(Cc5ccccc5)c4,O=c1cccc(-c2ccnc(Cc3ccccc3)c2)n1Cc1ccc2ccccc2c1,36
CC(C)Cc1cc2cc(O)ccc2c(Oc2ccc(/C=C/C(=O)O)cc2)c1-c1ccccc1,1.0,CC(C)Cc1cc2cc(O)ccc2c(Oc3ccc(\C=C\C(=O)O)cc3)c1c4ccccc4,c1ccc(Oc2c(-c3ccccc3)ccc3ccccc23)cc1,33
CC(C)N(CC(C)(O)c1ccccc1)S(=O)(=O)c1ccc(O)cc1,0.0,CC(C)N(CC(C)(O)c1ccccc1)S(=O)(=O)c2ccc(O)cc2,O=S(=O)(NCCc1ccccc1)c1ccccc1,24
CC(C)N(CCOc1ccc([C@@H]2Oc3cc(O)ccc3C3=C2c2ccc(O)cc2OCC3)cc1)C(C)C,1.0,CC(C)N(CCOc1ccc(cc1)[C@@H]2Oc3cc(O)ccc3C4=C2c5ccc(O)cc5OCC4)C(C)C,c1ccc(C2Oc3ccccc3C3=C2c2ccccc2OCC3)cc1,37
CC(C)N(CCOc1ccc([C@H]2Oc3cc(O)ccc3C3=C2c2ccc(O)cc2OCC3)cc1)C(C)C,1.0,CC(C)N(CCOc1ccc(cc1)[C@H]2Oc3cc(O)ccc3C4=C2c5ccc(O)cc5OCC4)C(C)C,c1ccc(C2Oc3ccccc3C3=C2c2ccccc2OCC3)cc1,37
CC(C)N1CCN(c2ccc(C(=O)c3c(-c4ccc(O)cc4)sc4cc(O)ccc34)cc2)CC1,1.0,CC(C)N1CCN(CC1)c2ccc(cc2)C(=O)c3c(sc4cc(O)ccc34)c5ccc(O)cc5,O=C(c1ccc(N2CCNCC2)cc1)c1c(-c2ccccc2)sc2ccccc12,34
CC(C)N1CCN(c2ccc(C3c4ccc(O)cc4CCN3c3cccc(O)c3)cc2)CC1,1.0,CC(C)N1CCN(CC1)c2ccc(cc2)C3N(CCc4cc(O)ccc34)c5cccc(O)c5,c1ccc(N2CCc3ccccc3C2c2ccc(N3CCNCC3)cc2)cc1,33
CC(C)S(=O)(=O)N1CCN(c2nc(NCCc3ccc(O)cc3)nc(N(C)CCCc3ccc(Cl)cc3)n2)CC1,0.0,CC(C)S(=O)(=O)N1CCN(CC1)c2nc(NCCc3ccc(O)cc3)nc(n2)N(C)CCCc4ccc(Cl)cc4,c1ccc(CCCNc2nc(NCCc3ccccc3)nc(N3CCNCC3)n2)cc1,40
CC(C)S(=O)(=O)c1ccc(-c2ccc3cc(O)ccc3c2Oc2ccc(OCCN3CCCCC3)cc2)cc1,1.0,CC(C)S(=O)(=O)c1ccc(cc1)c2ccc3cc(O)ccc3c2Oc4ccc(OCCN5CCCCC5)cc4,c1ccc(-c2ccc3ccccc3c2Oc2ccc(OCCN3CCCCC3)cc2)cc1,39
CC(C)[C@@H](COc1ccc([C@@H]2Oc3ccc(O)cc3S[C@@H]2c2ccc(O)cc2)cc1)N1CCCC1,1.0,CC(C)[C@@H](COc1ccc(cc1)[C@@H]2Oc3ccc(O)cc3S[C@@H]2c4ccc(O)cc4)N5CCCC5,c1ccc(C2Sc3ccccc3OC2c2ccc(OCCN3CCCC3)cc2)cc1,35
CC(C)[C@@H]1C(=O)c2ccc(O)cc2O[C@@H]1c1ccc(OCCN2CCCCC2)cc1,1.0,CC(C)[C@H]1[C@H](Oc2cc(O)ccc2C1=O)c3ccc(OCCN4CCCCC4)cc3,O=C1CC(c2ccc(OCCN3CCCCC3)cc2)Oc2ccccc21,30
CC(C)[C@@H]1CCN(CCOc2ccc([C@@H]3Oc4ccc(O)cc4S[C@@H]3c3ccc(O)cc3)cc2)C1,1.0,CC(C)[C@@H]1CCN(CCOc2ccc(cc2)[C@@H]3Oc4ccc(O)cc4S[C@@H]3c5ccc(O)cc5)C1,c1ccc(C2Sc3ccccc3OC2c2ccc(OCCN3CCCC3)cc2)cc1,35
CC(C)[C@H](COc1ccc([C@@H]2Oc3ccc(O)cc3S[C@@H]2c2ccc(O)cc2)cc1)N1CCCC1,1.0,CC(C)[C@H](COc1ccc(cc1)[C@@H]2Oc3ccc(O)cc3S[C@@H]2c4ccc(O)cc4)N5CCCC5,c1ccc(C2Sc3ccccc3OC2c2ccc(OCCN3CCCC3)cc2)cc1,35
CC(C)[C@H]1C(=O)c2ccc(O)cc2O[C@@H]1c1ccc(OCCN2CCCCC2)cc1,1.0,CC(C)[C@@H]1[C@H](Oc2cc(O)ccc2C1=O)c3ccc(OCCN4CCCCC4)cc3,O=C1CC(c2ccc(OCCN3CCCCC3)cc2)Oc2ccccc21,30
CC(C)[C@H]1CCN(CCOc2ccc([C@@H]3Oc4ccc(O)cc4S[C@@H]3c3ccc(O)cc3)cc2)C1,1.0,CC(C)[C@H]1CCN(CCOc2ccc(cc2)[C@@H]3Oc4ccc(O)cc4S[C@@H]3c5ccc(O)cc5)C1,c1ccc(C2Sc3ccccc3OC2c2ccc(OCCN3CCCC3)cc2)cc1,35
CC(C)[C@H]1Sc2cc(O)ccc2O[C@H]1c1ccc(OCCN2CCCCC2)cc1,1.0,CC(C)[C@H]1Sc2cc(O)ccc2O[C@H]1c3ccc(OCCN4CCCCC4)cc3,c1ccc2c(c1)OC(c1ccc(OCCN3CCCCC3)cc1)CS2,29
CC(C)c1ccc(-c2sc3cc(O)ccc3c2Oc2ccc(OCCN3CCCCC3)cc2)cc1,1.0,CC(C)c1ccc(cc1)c2sc3cc(O)ccc3c2Oc4ccc(OCCN5CCCCC5)cc4,c1ccc(-c2sc3ccccc3c2Oc2ccc(OCCN3CCCCC3)cc2)cc1,35
CC(C)c1ccc(N2CCc3cc(O)ccc3C2(C)c2ccc(OCCN3CCCC3)cc2)cc1,1.0,CC(C)c1ccc(cc1)N2CCc3cc(O)ccc3C2(C)c4ccc(OCCN5CCCC5)cc4,c1ccc(N2CCc3ccccc3C2c2ccc(OCCN3CCCC3)cc2)cc1,35
CC(C)c1ccc(N2CCc3cc(O)ccc3C2(C)c2ccc(OCCN3CCCCC3)cc2)cc1,1.0,CC(C)c1ccc(cc1)N2CCc3cc(O)ccc3C2(C)c4ccc(OCCN5CCCCC5)cc4,c1ccc(N2CCc3ccccc3C2c2ccc(OCCN3CCCCC3)cc2)cc1,36
CC(C)c1cccc(N2CCc3cc(O)ccc3C2(C)c2ccc(OCCN3CCCCC3)cc2)c1,1.0,CC(C)c1cccc(c1)N2CCc3cc(O)ccc3C2(C)c4ccc(OCCN5CCCCC5)cc4,c1ccc(N2CCc3ccccc3C2c2ccc(OCCN3CCCCC3)cc2)cc1,36
CC(C)c1nc2cc(O)cc(O)c2c(=O)n1-c1ccc(O)cc1,0.0,CC(C)C1=Nc2cc(O)cc(O)c2C(=O)N1c3ccc(O)cc3,O=c1c2ccccc2ncn1-c1ccccc1,23
CC(C)c1onc(-c2c(Cl)cccc2Cl)c1COc1ccc(N(C)Cc2ccc(C(=O)O)cc2)c(C(F)(F)F)n1,0.0,CC(C)c1onc(c1COc2ccc(N(C)Cc3ccc(cc3)C(=O)O)c(n2)C(F)(F)F)c4c(Cl)cccc4Cl,c1ccc(CNc2ccc(OCc3conc3-c3ccccc3)nc2)cc1,40
CC(C)n1nc(-c2ccc(O)cc2)c2cccc(C(F)(F)F)c21,1.0,CC(C)n1nc(c2ccc(O)cc2)c3cccc(c13)C(F)(F)F,c1ccc(-c2n[nH]c3ccccc23)cc1,23
CC(CCc1ccc(O)cc1)NC(=O)Cc1c(-c2ccccc2)[nH]c2ccccc12,1.0,CC(CCc1ccc(O)cc1)NC(=O)Cc2c([nH]c3ccccc23)c4ccccc4,O=C(Cc1c(-c2ccccc2)[nH]c2ccccc12)NCCCc1ccccc1,30
CC(CCc1ccccc1)NC(=O)Cc1c(-c2ccccc2)[nH]c2ccccc12,1.0,CC(CCc1ccccc1)NC(=O)Cc2c([nH]c3ccccc23)c4ccccc4,O=C(Cc1c(-c2ccccc2)[nH]c2ccccc12)NCCCc1ccccc1,29
CC(Cc1ccc(O)c(O)c1)C(C)Cc1ccc(O)c(O)c1,0.0,CC(Cc1ccc(O)c(O)c1)C(C)Cc2ccc(O)c(O)c2,c1ccc(CCCCc2ccccc2)cc1,22
CC(Cc1ccc(O)cc1)c1ccc(O)cc1,1.0,CC(Cc1ccc(O)cc1)c2ccc(O)cc2,c1ccc(CCc2ccccc2)cc1,17
CC(NC(=O)CCSc1nc(-c2ccc3c(c2)OCO3)cc(C(F)(F)F)n1)c1ccccc1,0.0,CC(NC(=O)CCSc1nc(cc(n1)C(F)(F)F)c2ccc3OCOc3c2)c4ccccc4,O=C(CCSc1nccc(-c2ccc3c(c2)OCO3)n1)NCc1ccccc1,33
CC(O)(CN(C1CC1)S(=O)(=O)c1ccc(O)cc1)c1c(F)cccc1F,0.0,CC(O)(CN(C1CC1)S(=O)(=O)c2ccc(O)cc2)c3c(F)cccc3F,O=S(=O)(c1ccccc1)N(CCc1ccccc1)C1CC1,26
CC(O)(CN(C1CC1)S(=O)(=O)c1ccc(O)cc1)c1cc[nH]n1,0.0,CC(O)(CN(C1CC1)S(=O)(=O)c2ccc(O)cc2)c3cc[nH]n3,O=S(=O)(c1ccccc1)N(CCc1cc[nH]n1)C1CC1,23
CC(O)(CN(C1CC1)S(=O)(=O)c1ccc(O)cc1)c1ccc(O)cc1,0.0,CC(O)(CN(C1CC1)S(=O)(=O)c2ccc(O)cc2)c3ccc(O)cc3,O=S(=O)(c1ccccc1)N(CCc1ccccc1)C1CC1,25
CC(O)(CN(C1CC1)S(=O)(=O)c1ccc(O)cc1)c1ccccc1,0.0,CC(O)(CN(C1CC1)S(=O)(=O)c2ccc(O)cc2)c3ccccc3,O=S(=O)(c1ccccc1)N(CCc1ccccc1)C1CC1,24
CC(O)(CN(C1CC1)S(=O)(=O)c1ccc(O)cc1)c1ccccc1F,0.0,CC(O)(CN(C1CC1)S(=O)(=O)c2ccc(O)cc2)c3ccccc3F,O=S(=O)(c1ccccc1)N(CCc1ccccc1)C1CC1,25
CC(O)(CS(=O)(=O)c1ccc(F)cc1)C(=O)Nc1ccc(C#N)c(C(F)(F)F)c1,0.0,CC(O)(CS(=O)(=O)c1ccc(F)cc1)C(=O)Nc2ccc(C#N)c(c2)C(F)(F)F,O=C(CCS(=O)(=O)c1ccccc1)Nc1ccccc1,29
CC(O)c1cc(-c2ccc(O)c(F)c2)nc2ccc(O)cc12,0.0,CC(O)c1cc(nc2ccc(O)cc12)c3ccc(O)c(F)c3,c1ccc(-c2ccc3ccccc3n2)cc1,22
CC(Oc1ccc(Cl)cc1Cl)C(=O)Nc1ccc2oc(-c3ccncc3)nc2c1,0.0,CC(Oc1ccc(Cl)cc1Cl)C(=O)Nc2ccc3oc(nc3c2)c4ccncc4,O=C(COc1ccccc1)Nc1ccc2oc(-c3ccncc3)nc2c1,29
CC/C(=C(/CC)c1ccc(O)cc1)c1ccc(O)cc1,1.0,CC\C(=C(\CC)/c1ccc(O)cc1)\c2ccc(O)cc2,C(=Cc1ccccc1)c1ccccc1,20
CC/C(=C(/CC)c1ccc(OCCCC(=O)NCc2ccc(-c3c4ccc(=O)cc-4oc4cc(O)ccc34)c(C(=O)O)c2)cc1)c1ccc(O)cc1,1.0,CC\C(=C(\CC)/c1ccc(OCCCC(=O)NCc2ccc(C3=C4C=CC(=O)C=C4Oc5cc(O)ccc35)c(c2)C(=O)O)cc1)\c6ccc(O)cc6,O=C(CCCOc1ccc(C=Cc2ccccc2)cc1)NCc1ccc(-c2c3ccc(=O)cc-3oc3ccccc23)cc1,52
CC/C(=C(/c1ccc(/C=C/C(=O)O)c(C)c1)c1ccc2[nH]ncc2c1)c1ccccc1,1.0,CC\C(=C(\c1ccc(\C=C\C(=O)O)c(C)c1)/c2ccc3[nH]ncc3c2)\c4ccccc4,C(=C(c1ccccc1)c1ccc2[nH]ncc2c1)c1ccccc1,31
CC/C(=C(/c1ccc(/C=C/C(=O)O)c(OC)c1)c1ccc2[nH]ncc2c1)c1ccccc1,1.0,CC\C(=C(\c1ccc(\C=C\C(=O)O)c(OC)c1)/c2ccc3[nH]ncc3c2)\c4ccccc4,C(=C(c1ccccc1)c1ccc2[nH]ncc2c1)c1ccccc1,32
CC/C(=C(/c1ccc(/C=C/C(=O)O)cc1)c1ccc(O)nc1)c1ccccc1,0.0,CC\C(=C(\c1ccc(\C=C\C(=O)O)cc1)/c2ccc(O)nc2)\c3ccccc3,C(=C(c1ccccc1)c1cccnc1)c1ccccc1,28
CC/C(=C(/c1ccc(/C=C/C(=O)O)cc1)c1ccc2[nH]c(=O)oc2c1)c1ccccc1,1.0,CC\C(=C(\c1ccc(\C=C\C(=O)O)cc1)/c2ccc3NC(=O)Oc3c2)\c4ccccc4,O=c1[nH]c2ccc(C(=Cc3ccccc3)c3ccccc3)cc2o1,31
CC/C(=C(/c1ccc(/C=C/C(=O)O)cc1)c1ccc2[nH]c(=O)sc2c1)c1ccccc1,1.0,CC\C(=C(\c1ccc(\C=C\C(=O)O)cc1)/c2ccc3NC(=O)Sc3c2)\c4ccccc4,O=c1[nH]c2ccc(C(=Cc3ccccc3)c3ccccc3)cc2s1,31
CC/C(=C(/c1ccc(/C=C/C(=O)O)cc1)c1ccc2[nH]ccc2c1)c1ccccc1,1.0,CC\C(=C(\c1ccc(\C=C\C(=O)O)cc1)/c2ccc3[nH]ccc3c2)\c4ccccc4,C(=C(c1ccccc1)c1ccc2[nH]ccc2c1)c1ccccc1,30
CC/C(=C(/c1ccc(/C=C/C(=O)O)cc1)c1ccc2[nH]ncc2c1)c1ccc(C#N)cc1,1.0,CC\C(=C(\c1ccc(\C=C\C(=O)O)cc1)/c2ccc3[nH]ncc3c2)\c4ccc(cc4)C#N,C(=C(c1ccccc1)c1ccc2[nH]ncc2c1)c1ccccc1,32
CC/C(=C(/c1ccc(/C=C/C(=O)O)cc1)c1ccc2[nH]ncc2c1)c1ccc(C#N)cc1C,1.0,CC\C(=C(\c1ccc(\C=C\C(=O)O)cc1)/c2ccc3[nH]ncc3c2)\c4ccc(cc4C)C#N,C(=C(c1ccccc1)c1ccc2[nH]ncc2c1)c1ccccc1,33
CC/C(=C(/c1ccc(/C=C/C(=O)O)cc1)c1ccc2[nH]ncc2c1)c1ccc(C#N)cc1Cl,1.0,CC\C(=C(\c1ccc(\C=C\C(=O)O)cc1)/c2ccc3[nH]ncc3c2)\c4ccc(cc4Cl)C#N,C(=C(c1ccccc1)c1ccc2[nH]ncc2c1)c1ccccc1,33
CC/C(=C(/c1ccc(/C=C/C(=O)O)cc1)c1ccc2[nH]ncc2c1)c1ccc(Cl)cc1,1.0,CC\C(=C(\c1ccc(\C=C\C(=O)O)cc1)/c2ccc3[nH]ncc3c2)\c4ccc(Cl)cc4,C(=C(c1ccccc1)c1ccc2[nH]ncc2c1)c1ccccc1,31
CC/C(=C(/c1ccc(/C=C/C(=O)O)cc1)c1ccc2[nH]ncc2c1)c1ccc(F)cc1Cl,1.0,CC\C(=C(\c1ccc(\C=C\C(=O)O)cc1)/c2ccc3[nH]ncc3c2)\c4ccc(F)cc4Cl,C(=C(c1ccccc1)c1ccc2[nH]ncc2c1)c1ccccc1,32
CC/C(=C(/c1ccc(/C=C/C(=O)O)cc1)c1ccc2[nH]ncc2c1)c1cccc(C#N)c1,1.0,CC\C(=C(\c1ccc(\C=C\C(=O)O)cc1)/c2ccc3[nH]ncc3c2)\c4cccc(c4)C#N,C(=C(c1ccccc1)c1ccc2[nH]ncc2c1)c1ccccc1,32
CC/C(=C(/c1ccc(/C=C/C(=O)O)cc1)c1ccc2[nH]ncc2c1)c1cccc(Cl)c1,1.0,CC\C(=C(\c1ccc(\C=C\C(=O)O)cc1)/c2ccc3[nH]ncc3c2)\c4cccc(Cl)c4,C(=C(c1ccccc1)c1ccc2[nH]ncc2c1)c1ccccc1,31
CC/C(=C(/c1ccc(/C=C/C(=O)O)cc1)c1ccc2[nH]ncc2c1)c1ccccc1,1.0,CC\C(=C(\c1ccc(\C=C\C(=O)O)cc1)/c2ccc3[nH]ncc3c2)\c4ccccc4,C(=C(c1ccccc1)c1ccc2[nH]ncc2c1)c1ccccc1,30
CC/C(=C(/c1ccc(/C=C/C(=O)O)cc1)c1ccc2[nH]ncc2c1)c1ccccc1C,1.0,CC\C(=C(\c1ccc(\C=C\C(=O)O)cc1)/c2ccc3[nH]ncc3c2)\c4ccccc4C,C(=C(c1ccccc1)c1ccc2[nH]ncc2c1)c1ccccc1,31
CC/C(=C(/c1ccc(/C=C/C(=O)O)cc1)c1ccc2[nH]ncc2c1)c1ccccc1C#N,1.0,CC\C(=C(\c1ccc(\C=C\C(=O)O)cc1)/c2ccc3[nH]ncc3c2)\c4ccccc4C#N,C(=C(c1ccccc1)c1ccc2[nH]ncc2c1)c1ccccc1,32
CC/C(=C(/c1ccc(/C=C/C(=O)O)cc1)c1ccc2[nH]ncc2c1)c1ccccc1Cl,1.0,CC\C(=C(\c1ccc(\C=C\C(=O)O)cc1)/c2ccc3[nH]ncc3c2)\c4ccccc4Cl,C(=C(c1ccccc1)c1ccc2[nH]ncc2c1)c1ccccc1,31
CC/C(=C(/c1ccc(/C=C/C(=O)O)cc1)c1ccc2[nH]ncc2c1)c1ccccc1OC,1.0,CC\C(=C(\c1ccc(\C=C\C(=O)O)cc1)/c2ccc3[nH]ncc3c2)\c4ccccc4OC,C(=C(c1ccccc1)c1ccc2[nH]ncc2c1)c1ccccc1,32
CC/C(=C(/c1ccc(/C=C/C(=O)O)cc1)c1ccc2[nH]ncc2c1)c1ccccc1S(C)(=O)=O,1.0,CC\C(=C(\c1ccc(\C=C\C(=O)O)cc1)/c2ccc3[nH]ncc3c2)\c4ccccc4S(=O)(=O)C,C(=C(c1ccccc1)c1ccc2[nH]ncc2c1)c1ccccc1,34
CC/C(=C(/c1ccc(/C=C/C(=O)O)cc1)c1ccc2[nH]ncc2c1)c1cccnc1C,1.0,CC\C(=C(\c1ccc(\C=C\C(=O)O)cc1)/c2ccc3[nH]ncc3c2)\c4cccnc4C,C(=C(c1ccccc1)c1ccc2[nH]ncc2c1)c1cccnc1,31
CC/C(=C(/c1ccc(/C=C/C(=O)O)cc1)c1ccc2[nH]ncc2c1)c1ccncc1C,1.0,CC\C(=C(\c1ccc(\C=C\C(=O)O)cc1)/c2ccc3[nH]ncc3c2)\c4ccncc4C,C(=C(c1ccccc1)c1ccc2[nH]ncc2c1)c1ccncc1,31
CC/C(=C(/c1ccc(/C=C/C(=O)O)cc1)c1ccc2[nH]ncc2c1)c1ccncc1Cl,1.0,CC\C(=C(\c1ccc(\C=C\C(=O)O)cc1)/c2ccc3[nH]ncc3c2)\c4ccncc4Cl,C(=C(c1ccccc1)c1ccc2[nH]ncc2c1)c1ccncc1,31
CC/C(=C(/c1ccc(/C=C/C(=O)O)cc1)c1ccc2[nH]ncc2c1)c1cnccc1C,1.0,CC\C(=C(\c1ccc(\C=C\C(=O)O)cc1)/c2ccc3[nH]ncc3c2)\c4cnccc4C,C(=C(c1ccccc1)c1ccc2[nH]ncc2c1)c1cccnc1,31
CC/C(=C(/c1ccc(/C=C/C(=O)O)cc1)c1ccc2[nH]ncc2c1)c1cscc1C,1.0,CC\C(=C(\c1ccc(\C=C\C(=O)O)cc1)/c2ccc3[nH]ncc3c2)\c4cscc4C,C(=C(c1ccccc1)c1ccc2[nH]ncc2c1)c1ccsc1,30
CC/C(=C(/c1ccc(/C=C/C(=O)O)cc1)c1ccc2[nH]nnc2c1)c1ccccc1,1.0,CC\C(=C(\c1ccc(\C=C\C(=O)O)cc1)/c2ccc3[nH]nnc3c2)\c4ccccc4,C(=C(c1ccccc1)c1ccc2[nH]nnc2c1)c1ccccc1,30
CC/C(=C(/c1ccc(/C=C/C(=O)O)cc1)c1cccc2[nH]ncc12)c1ccccc1,1.0,CC\C(=C(\c1ccc(\C=C\C(=O)O)cc1)/c2cccc3[nH]ncc23)\c4ccccc4,C(=C(c1ccccc1)c1cccc2[nH]ncc12)c1ccccc1,30
CC/C(=C(/c1ccc(/C=C/C(=O)O)nc1)c1ccc2[nH]ncc2c1)c1ccccc1,1.0,CC\C(=C(\c1ccc(\C=C\C(=O)O)nc1)/c2ccc3[nH]ncc3c2)\c4ccccc4,C(=C(c1cccnc1)c1ccc2[nH]ncc2c1)c1ccccc1,30
CC/C(=C(/c1ccc(N)cc1)c1ccc(OCCN)cc1)c1ccc(O)cc1,1.0,CC\C(=C(\c1ccc(N)cc1)/c2ccc(OCCN)cc2)\c3ccc(O)cc3,C(=C(c1ccccc1)c1ccccc1)c1ccccc1,28
CC/C(=C(/c1ccc(O)cc1)c1ccc(CCCN)cc1)c1ccccc1,1.0,CC\C(=C(\c1ccc(O)cc1)/c2ccc(CCCN)cc2)\c3ccccc3,C(=C(c1ccccc1)c1ccccc1)c1ccccc1,27
CC/C(=C(/c1ccc(O)cc1)c1ccc(OCCCN)cc1)c1ccccc1,1.0,CC\C(=C(\c1ccc(O)cc1)/c2ccc(OCCCN)cc2)\c3ccccc3,C(=C(c1ccccc1)c1ccccc1)c1ccccc1,28
CC/C(=C(/c1ccc(O)cc1)c1ccc(OCCN)cc1)c1ccc(F)cc1,1.0,CC\C(=C(\c1ccc(O)cc1)/c2ccc(OCCN)cc2)\c3ccc(F)cc3,C(=C(c1ccccc1)c1ccccc1)c1ccccc1,28
CC/C(=C(/c1ccc(O)cc1)c1ccc(OCCN)cc1)c1ccc(O)cc1,1.0,CC\C(=C(\c1ccc(O)cc1)/c2ccc(OCCN)cc2)\c3ccc(O)cc3,C(=C(c1ccccc1)c1ccccc1)c1ccccc1,28
CC/C(=C(/c1ccc(O)cc1)c1ccc(OCCN)cc1)c1ccccc1,1.0,CC\C(=C(\c1ccc(O)cc1)/c2ccc(OCCN)cc2)\c3ccccc3,C(=C(c1ccccc1)c1ccccc1)c1ccccc1,27
CC/C(=C(/c1ccc(O)cc1)c1cccc(OCC(=O)O)c1)c1ccccc1,1.0,CC\C(=C(\c1ccc(O)cc1)/c2cccc(OCC(=O)O)c2)\c3ccccc3,C(=C(c1ccccc1)c1ccccc1)c1ccccc1,28
CC/C(=C(\c1ccc(O)cc1)c1ccc(/C=C/C(=O)O)cc1)c1ccccc1,1.0,CC\C(=C(/c1ccc(O)cc1)\c2ccc(\C=C\C(=O)O)cc2)\c3ccccc3,C(=C(c1ccccc1)c1ccccc1)c1ccccc1,28
CC/C(=C(\c1ccc(O)cc1)c1ccc(OCCN(C)C)cc1)c1ccccc1,1.0,CC\C(=C(/c1ccc(O)cc1)\c2ccc(OCCN(C)C)cc2)\c3ccccc3,C(=C(c1ccccc1)c1ccccc1)c1ccccc1,29
CC/C(=C(\c1ccc(O)cc1)c1ccc(OCCN)cc1)c1ccccc1,1.0,CC\C(=C(/c1ccc(O)cc1)\c2ccc(OCCN)cc2)\c3ccccc3,C(=C(c1ccccc1)c1ccccc1)c1ccccc1,27
CC/C(=C(\c1ccc(O)cc1)c1ccc(OCCNCCCCCCCCCCF)cc1)c1ccccc1,1.0,CC\C(=C(/c1ccc(O)cc1)\c2ccc(OCCNCCCCCCCCCCF)cc2)\c3ccccc3,C(=C(c1ccccc1)c1ccccc1)c1ccccc1,38
CC/C(=C(\c1ccc2[nH]ncc2c1)c1ccc(/C=C/C(=O)O)cc1C)c1ccccc1,1.0,CC\C(=C(/c1ccc2[nH]ncc2c1)\c3ccc(\C=C\C(=O)O)cc3C)\c4ccccc4,C(=C(c1ccccc1)c1ccc2[nH]ncc2c1)c1ccccc1,31
CC/C(=C(\c1ccc2[nH]ncc2c1)c1ccc(/C=C/C(=O)O)cc1OC)c1ccccc1,1.0,CC\C(=C(/c1ccc2[nH]ncc2c1)\c3ccc(\C=C\C(=O)O)cc3OC)\c4ccccc4,C(=C(c1ccccc1)c1ccc2[nH]ncc2c1)c1ccccc1,32
CC/C(=C(\c1ccccc1)c1ccc(/C=C/C(=O)O)cc1)c1ccc(O)cc1,1.0,CC\C(=C(/c1ccccc1)\c2ccc(\C=C\C(=O)O)cc2)\c3ccc(O)cc3,C(=C(c1ccccc1)c1ccccc1)c1ccccc1,28
CC/C(=C(\c1ccccc1)c1ccc(/C=C/C(=O)O)cc1)c1ccccc1,1.0,CC\C(=C(/c1ccccc1)\c2ccc(\C=C\C(=O)O)cc2)\c3ccccc3,C(=C(c1ccccc1)c1ccccc1)c1ccccc1,27
CC/C(=C(\c1ccccc1)c1ccc(OCCN(C)C)cc1)c1ccc(O)cc1,1.0,CC\C(=C(/c1ccccc1)\c2ccc(OCCN(C)C)cc2)\c3ccc(O)cc3,C(=C(c1ccccc1)c1ccccc1)c1ccccc1,29
CC/C(=C(\c1ccccc1)c1ccc(OCCN(C)C)cc1)c1ccccc1,1.0,CC\C(=C(/c1ccccc1)\c2ccc(OCCN(C)C)cc2)\c3ccccc3,C(=C(c1ccccc1)c1ccccc1)c1ccccc1,28
CC/C(=C(\c1ccccc1)c1ccc(OCCN(C)Cc2ccc(NC(=O)CCCCCCC(=O)NO)cc2)cc1)c1ccccc1,1.0,CC\C(=C(/c1ccccc1)\c2ccc(OCCN(C)Cc3ccc(NC(=O)CCCCCCC(=O)NO)cc3)cc2)\c4ccccc4,C(=C(c1ccccc1)c1ccc(OCCNCc2ccccc2)cc1)c1ccccc1,47
CC/C(=C(\c1ccccc1)c1ccc(OCC[N+](C)(C)C(C)C)cc1)c1ccccc1,1.0,[Br-].CC\C(=C(/c1ccccc1)\c2ccc(OCC[N+](C)(C)C(C)C)cc2)\c3ccccc3,C(=C(c1ccccc1)c1ccccc1)c1ccccc1,31
CC/C(=C(\c1ccccc1)c1ccc(OCC[N+](C)(C)C)cc1)c1ccccc1,1.0,[I-].CC\C(=C(/c1ccccc1)\c2ccc(OCC[N+](C)(C)C)cc2)\c3ccccc3,C(=C(c1ccccc1)c1ccccc1)c1ccccc1,29
CC/C(=C(\c1ccccc1)c1ccc(OCC[N+](C)(C)CC)cc1)c1ccccc1,1.0,[Br-].CC\C(=C(/c1ccccc1)\c2ccc(OCC[N+](C)(C)CC)cc2)\c3ccccc3,C(=C(c1ccccc1)c1ccccc1)c1ccccc1,30
CC/C(=C\c1ccc(O)cc1)c1ccc(O)cc1,1.0,CC\C(=C/c1ccc(O)cc1)\c2ccc(O)cc2,C(=Cc1ccccc1)c1ccccc1,18
CC/C=C\[C@]12CC[C@H](O)CC1=CCC1C2CC[C@@]2(C)C1CC[C@@H]2O,0.0,CC\C=C/[C@]12CC[C@H](O)CC1=CCC3C4CC[C@H](O)[C@@]4(C)CCC23,C1=C2CCCCC2C2CCC3CCCC3C2C1,24
CC/N=C1/C(c2ccc(O)cc2)=C(O)c2cc(O)cc(O)c21,0.0,CC\N=C/1\C(=C(O)c2cc(O)cc(O)c12)c3ccc(O)cc3,N=C1C(c2ccccc2)=Cc2ccccc21,22
CC1(C)C(=O)CC[C@]2(C)[C@@]3(C)c4[nH]c5ccccc5c4C[C@@H]3CC[C@@]12O,0.0,CC1(C)C(=O)CC[C@@]2(C)[C@@]1(O)CC[C@H]3Cc4c([nH]c5ccccc45)[C@]23C,O=C1CCC2C(CCC3Cc4c([nH]c5ccccc45)C32)C1,26
CC1(C)CC(=O)c2cnc(NCC3CCCO3)nc2C1,0.0,CC1(C)CC(=O)c2cnc(NCC3CCCO3)nc2C1,O=C1CCCc2nc(NCC3CCCO3)ncc21,20
CC1(C)CCCN1CCOc1ccc([C@@H]2Oc3ccc(O)cc3S[C@@H]2c2ccc(O)cc2)cc1,1.0,CC1(C)CCCN1CCOc2ccc(cc2)[C@@H]3Oc4ccc(O)cc4S[C@@H]3c5ccc(O)cc5,c1ccc(C2Sc3ccccc3OC2c2ccc(OCCN3CCCC3)cc2)cc1,34
CC1(C)CCN(CCOc2ccc([C@@H]3Oc4ccc(O)cc4S[C@@H]3c3ccc(O)cc3)cc2)C1,1.0,CC1(C)CCN(CCOc2ccc(cc2)[C@@H]3Oc4ccc(O)cc4S[C@@H]3c5ccc(O)cc5)C1,c1ccc(C2Sc3ccccc3OC2c2ccc(OCCN3CCCC3)cc2)cc1,34
CC1(C)CN(Cc2ccccc2)C(=O)[C@@H]1Oc1ccc(C#N)c(C(F)(F)F)c1,0.0,CC1(C)CN(Cc2ccccc2)C(=O)[C@@H]1Oc3ccc(C#N)c(c3)C(F)(F)F,O=C1C(Oc2ccccc2)CCN1Cc1ccccc1,28
CC1(C)Cc2c(sc3c4nnnn4c4nnnn4c23)CO1,0.0,CC1(C)Cc2c(CO1)sc3c4nnnn4c5nnnn5c23,C1Cc2c(sc3c4nnnn4c4nnnn4c23)CO1,21
CC1(C)Oc2cc(O)cc(O)c2N=C1c1ccc(O)c(Br)c1,0.0,CC1(C)Oc2cc(O)cc(O)c2N=C1c3ccc(O)c(Br)c3,c1ccc(C2=Nc3ccccc3OC2)cc1,22
CC1(C)Oc2cc(O)ccc2N=C1c1ccc(O)cc1,0.0,CC1(C)Oc2cc(O)ccc2N=C1c3ccc(O)cc3,c1ccc(C2=Nc3ccccc3OC2)cc1,20
CC1(C)[C@H](O)CC[C@]2(C)[C@@]3(C)c4[nH]c5ccccc5c4C[C@@H]3CC[C@@]12O,0.0,CC1(C)[C@H](O)CC[C@@]2(C)[C@@]1(O)CC[C@H]3Cc4c([nH]c5ccccc45)[C@]23C,c1ccc2c3c([nH]c2c1)C1C(CCC2CCCCC21)C3,26
CC1(c2ccc(OCCN3CCCC3)cc2)c2ccc(O)cc2CCN1c1ccc(Cl)cc1,1.0,CC1(N(CCc2cc(O)ccc12)c3ccc(Cl)cc3)c4ccc(OCCN5CCCC5)cc4,c1ccc(N2CCc3ccccc3C2c2ccc(OCCN3CCCC3)cc2)cc1,33
CC1(c2ccc(OCCN3CCCC3)cc2)c2ccc(O)cc2CCN1c1ccc(F)cc1,1.0,CC1(N(CCc2cc(O)ccc12)c3ccc(F)cc3)c4ccc(OCCN5CCCC5)cc4,c1ccc(N2CCc3ccccc3C2c2ccc(OCCN3CCCC3)cc2)cc1,33
CC1(c2ccc(OCCN3CCCC3)cc2)c2ccc(O)cc2CCN1c1cccc(Cl)c1,1.0,CC1(N(CCc2cc(O)ccc12)c3cccc(Cl)c3)c4ccc(OCCN5CCCC5)cc4,c1ccc(N2CCc3ccccc3C2c2ccc(OCCN3CCCC3)cc2)cc1,33
CC1(c2ccc(OCCN3CCCC3)cc2)c2ccc(O)cc2CCN1c1cccc(F)c1,1.0,CC1(N(CCc2cc(O)ccc12)c3cccc(F)c3)c4ccc(OCCN5CCCC5)cc4,c1ccc(N2CCc3ccccc3C2c2ccc(OCCN3CCCC3)cc2)cc1,33
CC1(c2ccc(OCCN3CCCC3)cc2)c2ccc(O)cc2CCN1c1cccc(O)c1,1.0,CC1(N(CCc2cc(O)ccc12)c3cccc(O)c3)c4ccc(OCCN5CCCC5)cc4,c1ccc(N2CCc3ccccc3C2c2ccc(OCCN3CCCC3)cc2)cc1,33
CC1(c2ccc(OCCN3CCCC3)cc2)c2ccc(O)cc2CCN1c1ccccc1,1.0,CC1(N(CCc2cc(O)ccc12)c3ccccc3)c4ccc(OCCN5CCCC5)cc4,c1ccc(N2CCc3ccccc3C2c2ccc(OCCN3CCCC3)cc2)cc1,32
CC1(c2ccc(OCCN3CCCCC3)cc2)c2ccc(O)cc2CCN1c1ccc(Cl)cc1,1.0,CC1(N(CCc2cc(O)ccc12)c3ccc(Cl)cc3)c4ccc(OCCN5CCCCC5)cc4,c1ccc(N2CCc3ccccc3C2c2ccc(OCCN3CCCCC3)cc2)cc1,34
CC1(c2ccc(OCCN3CCCCC3)cc2)c2ccc(O)cc2CCN1c1ccc(F)cc1,1.0,CC1(N(CCc2cc(O)ccc12)c3ccc(F)cc3)c4ccc(OCCN5CCCCC5)cc4,c1ccc(N2CCc3ccccc3C2c2ccc(OCCN3CCCCC3)cc2)cc1,34
CC1(c2ccc(OCCN3CCCCC3)cc2)c2ccc(O)cc2CCN1c1cccc(Cl)c1,1.0,CC1(N(CCc2cc(O)ccc12)c3cccc(Cl)c3)c4ccc(OCCN5CCCCC5)cc4,c1ccc(N2CCc3ccccc3C2c2ccc(OCCN3CCCCC3)cc2)cc1,34
CC1(c2ccc(OCCN3CCCCC3)cc2)c2ccc(O)cc2CCN1c1cccc(O)c1,1.0,CC1(N(CCc2cc(O)ccc12)c3cccc(O)c3)c4ccc(OCCN5CCCCC5)cc4,c1ccc(N2CCc3ccccc3C2c2ccc(OCCN3CCCCC3)cc2)cc1,34
CC1(c2ccc(OCCN3CCCCC3)cc2)c2ccc(O)cc2CCN1c1ccccc1,1.0,CC1(N(CCc2cc(O)ccc12)c3ccccc3)c4ccc(OCCN5CCCCC5)cc4,c1ccc(N2CCc3ccccc3C2c2ccc(OCCN3CCCCC3)cc2)cc1,33
CC1(c2ccc(OCCN3CCCCCC3)cc2)c2ccc(O)cc2CCN1c1ccccc1,1.0,CC1(N(CCc2cc(O)ccc12)c3ccccc3)c4ccc(OCCN5CCCCCC5)cc4,c1ccc(N2CCc3ccccc3C2c2ccc(OCCN3CCCCCC3)cc2)cc1,34
CC12CC(C)(C(=O)Nc3nccs3)C(c3ccccc31)c1ccccc12,0.0,CC1(CC2(C)c3ccccc3C1c4ccccc24)C(=O)Nc5nccs5,O=C(Nc1nccs1)C1CC2c3ccccc3C1c1ccccc12,26
CC12CC(C)(C(=O)Nc3nncs3)C(c3ccccc31)c1ccccc12,0.0,CC1(CC2(C)c3ccccc3C1c4ccccc24)C(=O)Nc5nncs5,O=C(Nc1nncs1)C1CC2c3ccccc3C1c1ccccc12,26
CC12CCC(=O)C=C1c1ccc(O)cc1C2,0.0,CC12CCC(=O)C=C1c3ccc(O)cc3C2,O=C1C=C2c3ccccc3CC2CC1,16
CC1=C(C#N)[C@@H](c2ccc(F)cc2Cl)C(C(=O)OC(C)(C)C)=C(C)N1,0.0,CC1=C(C#N)[C@H](C(=C(C)N1)C(=O)OC(C)(C)C)c2ccc(F)cc2Cl,C1=CC(c2ccccc2)C=CN1,25
CC1=C(SCCC#N)S/C(=C2\SC(C)=C(SCCC#N)S2)S1,0.0,CC1=C(SCCC#N)S\C(=C\2/SC(=C(SCCC#N)S2)C)\S1,C1=CSC(=C2SC=CS2)S1,22
CC1=C(c2ccc(O)cc2)C(=O)c2c(O)cc(O)cc21,1.0,CC1=C(C(=O)c2c(O)cc(O)cc12)c3ccc(O)cc3,O=C1C(c2ccccc2)=Cc2ccccc21,20
CC1=C(c2ccc(O)cc2)C(=O)c2cc(O)ccc21,1.0,CC1=C(C(=O)c2cc(O)ccc12)c3ccc(O)cc3,O=C1C(c2ccccc2)=Cc2ccccc21,19
CC1=C(c2ccc(O)cc2)C(=O)c2ccc(O)cc21,1.0,CC1=C(C(=O)c2ccc(O)cc12)c3ccc(O)cc3,O=C1C(c2ccccc2)=Cc2ccccc21,19
CC1=C(c2ccc(O)cc2)C2(Cc3ccccc3C2)c2ccc(O)cc21,1.0,CC1=C(c2ccc(O)cc2)C3(Cc4ccccc4C3)c5ccc(O)cc15,C1=C(c2ccccc2)C2(Cc3ccccc3C2)c2ccccc21,26
CC1=C2c3ccc(O)cc3CC2(CC(C)C)CCC1=O,1.0,CC(C)CC12CCC(=O)C(=C1c3ccc(O)cc3C2)C,O=C1C=C2c3ccccc3CC2CC1,20
CC1=C2c3ccc(O)cc3CC2(CCO)CCC1=O,0.0,CC1=C2c3ccc(O)cc3CC2(CCO)CCC1=O,O=C1C=C2c3ccccc3CC2CC1,19
CC1=C2c3ccc(O)cc3CC2(Cc2ccc(Cl)cc2)CCC1=O,1.0,CC1=C2c3ccc(O)cc3CC2(Cc4ccc(Cl)cc4)CCC1=O,O=C1C=C2c3ccccc3CC2(Cc2ccccc2)CC1,24
CC1=C2c3ccc(O)cc3CC2(Cc2ccccc2)CCC1=O,1.0,CC1=C2c3ccc(O)cc3CC2(Cc4ccccc4)CCC1=O,O=C1C=C2c3ccccc3CC2(Cc2ccccc2)CC1,23
CC1=C2c3ccc4[nH]ncc4c3CC2(C)CCC1=O,0.0,CC1=C2c3ccc4[nH]ncc4c3CC2(C)CCC1=O,O=C1C=C2c3ccc4[nH]ncc4c3CC2CC1,19
CC1=C2c3ccc4[nH]ncc4c3CC2(Cc2ccc(F)cc2)CCC1=O,1.0,CC1=C2c3ccc4[nH]ncc4c3CC2(Cc5ccc(F)cc5)CCC1=O,O=C1C=C2c3ccc4[nH]ncc4c3CC2(Cc2ccccc2)CC1,26
CC1=C2c3ccc4[nH]ncc4c3CC2(Cc2ccc3ccccc3c2)CCC1=O,0.0,CC1=C2c3ccc4[nH]ncc4c3CC2(Cc5ccc6ccccc6c5)CCC1=O,O=C1C=C2c3ccc4[nH]ncc4c3CC2(Cc2ccc3ccccc3c2)CC1,29
CC1=C2c3ccc4[nH]ncc4c3CC2(Cc2cccc(F)c2)CCC1=O,0.0,CC1=C2c3ccc4[nH]ncc4c3CC2(Cc5cccc(F)c5)CCC1=O,O=C1C=C2c3ccc4[nH]ncc4c3CC2(Cc2ccccc2)CC1,26
CC1=C2c3ccc4[nH]ncc4c3CC2(Cc2ccccc2)CCC1=O,1.0,CC1=C2c3ccc4[nH]ncc4c3CC2(Cc5ccccc5)CCC1=O,O=C1C=C2c3ccc4[nH]ncc4c3CC2(Cc2ccccc2)CC1,25
CC1=C2c3ccc4[nH]ncc4c3CC2(Cc2ccccc2F)CCC1=O,1.0,CC1=C2c3ccc4[nH]ncc4c3CC2(Cc5ccccc5F)CCC1=O,O=C1C=C2c3ccc4[nH]ncc4c3CC2(Cc2ccccc2)CC1,26
CC1=C2c3ccc4[nH]nnc4c3CC2(Cc2ccc(F)cc2)CCC1=O,0.0,CC1=C2c3ccc4[nH]nnc4c3CC2(Cc5ccc(F)cc5)CCC1=O,O=C1C=C2c3ccc4[nH]nnc4c3CC2(Cc2ccccc2)CC1,26
CC1=C2c3ccc4[nH]nnc4c3CC2(Cc2ccccc2)CCC1=O,0.0,CC1=C2c3ccc4[nH]nnc4c3CC2(Cc5ccccc5)CCC1=O,O=C1C=C2c3ccc4[nH]nnc4c3CC2(Cc2ccccc2)CC1,25
CC1=CC(C)(C)[C@@]2(O)CO[C@@H](c3ccc(O)cc3)[C@@H]1C2,1.0,CC1=CC(C)(C)[C@@]2(O)CO[C@H]([C@@H]1C2)c3ccc(O)cc3,C1=CC2CC(C1)COC2c1ccccc1,20
CC1=CC(C)(C)[C@@]2(O)CO[C@@H](c3ccc(O)cc3Cl)[C@@H]1C2,1.0,CC1=CC(C)(C)[C@@]2(O)CO[C@H]([C@@H]1C2)c3ccc(O)cc3Cl,C1=CC2CC(C1)COC2c1ccccc1,21
CC1=CC2=CC[C@H]3[C@@H]4CC[C@H](O)[C@@]4(C)CC[C@@H]3[C@@]2(C)CC1,1.0,CC1=CC2=CC[C@H]3[C@@H]4CC[C@H](O)[C@@]4(C)CC[C@@H]3[C@@]2(C)CC1,C1=CC2=CCC3C4CCCC4CCC3C2CC1,21
CC1=CC[C@@H]2C[C@H]1[C@H](c1ccc(O)c(C)c1)OC2(C)C,1.0,CC1=CC[C@@H]2C[C@H]1[C@@H](OC2(C)C)c3ccc(O)c(C)c3,C1=CC2CC(C1)COC2c1ccccc1,20
CC1=CC[C@@]2(CO)COC(c3ccc(O)cc3)[C@@H]1C2,0.0,CC1=CC[C@@]2(CO)COC([C@@H]1C2)c3ccc(O)cc3,C1=CC2CC(C1)COC2c1ccccc1,19
CC1=CC[C@@]2(CO)CO[C@@H](c3ccc(O)c(C)c3)[C@@H]1C2,1.0,CC1=CC[C@@]2(CO)CO[C@H]([C@@H]1C2)c3ccc(O)c(C)c3,C1=CC2CC(C1)COC2c1ccccc1,20
CC1=CC[C@@]2(CO)CO[C@@H](c3ccc(O)c(Cl)c3)[C@@H]1C2,1.0,CC1=CC[C@@]2(CO)CO[C@H]([C@@H]1C2)c3ccc(O)c(Cl)c3,C1=CC2CC(C1)COC2c1ccccc1,20
CC1=CC[C@@]2(CO)CO[C@@H](c3ccc(O)c(F)c3)[C@@H]1C2,1.0,CC1=CC[C@@]2(CO)CO[C@H]([C@@H]1C2)c3ccc(O)c(F)c3,C1=CC2CC(C1)COC2c1ccccc1,20
CC1=CC[C@@]2(CO)CO[C@@H](c3ccc(O)c(F)c3)[C@]1(C)C2,1.0,CC1=CC[C@@]2(CO)CO[C@@H](c3ccc(O)c(F)c3)[C@]1(C)C2,C1=CC2CC(C1)COC2c1ccccc1,21
CC1=CC[C@@]2(CO)CO[C@@H](c3ccc(O)c(O)c3)[C@@H]1C2,0.0,CC1=CC[C@@]2(CO)CO[C@H]([C@@H]1C2)c3ccc(O)c(O)c3,C1=CC2CC(C1)COC2c1ccccc1,20
CC1=CC[C@@]2(CO)CO[C@@H](c3ccc(O)cc3)[C@@H]1C2,1.0,CC1=CC[C@@]2(CO)CO[C@H]([C@@H]1C2)c3ccc(O)cc3,C1=CC2CC(C1)COC2c1ccccc1,19
CC1=CC[C@@]2(CO)CO[C@@H](c3ccc(O)cc3C)[C@@H]1C2,1.0,CC1=CC[C@@]2(CO)CO[C@H]([C@@H]1C2)c3ccc(O)cc3C,C1=CC2CC(C1)COC2c1ccccc1,20
CC1=CC[C@@]2(CO)CO[C@@H](c3ccc(O)cc3Cl)[C@@H]1C2,1.0,CC1=CC[C@@]2(CO)CO[C@H]([C@@H]1C2)c3ccc(O)cc3Cl,C1=CC2CC(C1)COC2c1ccccc1,20
CC1=CC[C@@]2(CO)CO[C@@H](c3ccc(O)cc3Cl)[C@]1(C)C2,1.0,CC1=CC[C@@]2(CO)CO[C@@H](c3ccc(O)cc3Cl)[C@]1(C)C2,C1=CC2CC(C1)COC2c1ccccc1,21
CC1=CC[C@@]2(CO)CO[C@@H](c3ccc(O)cc3F)[C@@H]1C2,1.0,CC1=CC[C@@]2(CO)CO[C@H]([C@@H]1C2)c3ccc(O)cc3F,C1=CC2CC(C1)COC2c1ccccc1,20
CC1=CC[C@@]2(CO)CO[C@@H](c3ccc(O)cc3F)[C@]1(C)C2,1.0,CC1=CC[C@@]2(CO)CO[C@@H](c3ccc(O)cc3F)[C@]1(C)C2,C1=CC2CC(C1)COC2c1ccccc1,21
CC1=CC[C@@]2(CO)CO[C@@H](c3ccc(O)cc3O)[C@@H]1C2,1.0,CC1=CC[C@@]2(CO)CO[C@H]([C@@H]1C2)c3ccc(O)cc3O,C1=CC2CC(C1)COC2c1ccccc1,20
CC1=CC[C@@]2(O)CO[C@@H](c3ccc(O)cc3)[C@@H]1C2(C)C,1.0,CC1=CC[C@@]2(O)CO[C@H]([C@@H]1C2(C)C)c3ccc(O)cc3,C1=CC2CC(C1)COC2c1ccccc1,20
CC1=CC[C@]2(O)C[C@H]1[C@H](c1ccc(O)c(F)c1)OC2(C)C,1.0,CC1=CC[C@]2(O)C[C@H]1[C@@H](OC2(C)C)c3ccc(O)c(F)c3,C1=CC2CC(C1)COC2c1ccccc1,21
CC1=CC[C@]2(O)C[C@H]1[C@H](c1ccc(O)cc1)OC2(C)C,1.0,CC1=CC[C@]2(O)C[C@H]1[C@@H](OC2(C)C)c3ccc(O)cc3,C1=CC2CC(C1)COC2c1ccccc1,20
CC1=CC[C@]2(O)C[C@H]1[C@H](c1ccc(O)cc1Cl)OC2(C)C,1.0,CC1=CC[C@]2(O)C[C@H]1[C@@H](OC2(C)C)c3ccc(O)cc3Cl,C1=CC2CC(C1)COC2c1ccccc1,21
CC1=CC[C@]2(O)C[C@H]1[C@H](c1ccc(O)cc1F)OC2(C)C,1.0,CC1=CC[C@]2(O)C[C@H]1[C@@H](OC2(C)C)c3ccc(O)cc3F,C1=CC2CC(C1)COC2c1ccccc1,21
CC1=N[C@H](c2ccc(O)cc2Cl)[C@H](c2c(Cl)cc(O)cc2Cl)N1,0.0,CC1=N[C@@H]([C@@H](N1)c2c(Cl)cc(O)cc2Cl)c3ccc(O)cc3Cl,C1=NC(c2ccccc2)C(c2ccccc2)N1,23
CC1C(=O)c2cc(O)ccc2OC1c1ccc(O)cc1,1.0,CC1C(Oc2ccc(O)cc2C1=O)c3ccc(O)cc3,O=C1CC(c2ccccc2)Oc2ccccc21,20
CC1CC(C(F)(F)C(F)(F)F)n2nc(C(=O)O)cc2N1,0.0,CC1CC(n2nc(cc2N1)C(=O)O)C(F)(F)C(F)(F)F,c1cc2n(n1)CCCN2,20
CC1CCC2(CC1)NC(=O)N(CC(=O)c1ccc[nH]1)C2=O,0.0,CC1CCC2(CC1)NC(=O)N(CC(=O)c3ccc[nH]3)C2=O,O=C(CN1C(=O)NC2(CCCCC2)C1=O)c1ccc[nH]1,21
CC1CCCC(C)N1CCOc1ccc([C@@H]2Oc3ccc(O)cc3S[C@@H]2c2cccc(O)c2)cc1,1.0,CC1CCCC(C)N1CCOc2ccc(cc2)[C@@H]3Oc4ccc(O)cc4S[C@@H]3c5cccc(O)c5,c1ccc(C2Sc3ccccc3OC2c2ccc(OCCN3CCCCC3)cc2)cc1,35
CC1CCCN(C(=O)COC(=O)c2[nH]nc3ccccc23)C1,0.0,CC1CCCN(C1)C(=O)COC(=O)c2[nH]nc3ccccc23,O=C(OCC(=O)N1CCCCC1)c1[nH]nc2ccccc12,22
CC1CCN(CCOc2ccc([C@@H]3Oc4ccc(O)cc4S[C@@H]3c3cccc(O)c3)cc2)CC1,1.0,CC1CCN(CCOc2ccc(cc2)[C@@H]3Oc4ccc(O)cc4S[C@@H]3c5cccc(O)c5)CC1,c1ccc(C2Sc3ccccc3OC2c2ccc(OCCN3CCCCC3)cc2)cc1,34
CC1CCN(S(=O)(=O)c2ccc(NC(=O)Cc3cccs3)cc2)CC1,0.0,CC1CCN(CC1)S(=O)(=O)c2ccc(NC(=O)Cc3cccs3)cc2,O=C(Cc1cccs1)Nc1ccc(S(=O)(=O)N2CCCCC2)cc1,25
CC1CCc2c(sc(NC(=O)c3ccc(Cn4cc(Br)cn4)o3)c2C(N)=O)C1,0.0,CC1CCc2c(C1)sc(NC(=O)c3oc(Cn4cc(Br)cn4)cc3)c2C(=O)N,O=C(Nc1cc2c(s1)CCCC2)c1ccc(Cn2cccn2)o1,28
CC1CCc2c(sc(NC(=O)c3ccc(Cn4cc([N+](=O)[O-])cn4)o3)c2C#N)C1,0.0,CC1CCc2c(C1)sc(NC(=O)c3oc(Cn4cc(cn4)[N+](=O)[O-])cc3)c2C#N,O=C(Nc1cc2c(s1)CCCC2)c1ccc(Cn2cccn2)o1,29
CC1CN(c2ccc(C3c4ccc(O)cc4CCN3c3ccccc3)cc2)CCN1C,1.0,CC1CN(CCN1C)c2ccc(cc2)C3N(CCc4cc(O)ccc34)c5ccccc5,c1ccc(N2CCc3ccccc3C2c2ccc(N3CCNCC3)cc2)cc1,31
CC1Cc2ccccc2N1C(=O)CSc1nnc(-c2ccc(S(=O)(=O)N3CCCC3)cc2)o1,0.0,CC1Cc2ccccc2N1C(=O)CSc3oc(nn3)c4ccc(cc4)S(=O)(=O)N5CCCC5,O=C(CSc1nnc(-c2ccc(S(=O)(=O)N3CCCC3)cc2)o1)N1CCc2ccccc21,33
CC1Cc2ccccc2N1C(=O)CSc1nnc(NC(=O)Cc2cccs2)s1,0.0,CC1Cc2ccccc2N1C(=O)CSc3nnc(NC(=O)Cc4cccs4)s3,O=C(Cc1cccs1)Nc1nnc(SCC(=O)N2CCc3ccccc32)s1,28
CC1Oc2cc(O)cc(O)c2N=C1c1ccc(O)cc1,1.0,CC1Oc2cc(O)cc(O)c2N=C1c3ccc(O)cc3,c1ccc(C2=Nc3ccccc3OC2)cc1,20
CC1Oc2cc(O)ccc2N=C1c1ccc(O)cc1,1.0,CC1Oc2cc(O)ccc2N=C1c3ccc(O)cc3,c1ccc(C2=Nc3ccccc3OC2)cc1,19
CCC(=C(c1ccc(/C=C/C(=O)O)cc1)c1ccc(B(O)O)cc1)c1ccccc1,1.0,CCC(=C(c1ccc(\C=C\C(=O)O)cc1)c2ccc(cc2)B(O)O)c3ccccc3,C(=C(c1ccccc1)c1ccccc1)c1ccccc1,30
CCC(=C(c1ccc(N)cc1)c1ccc(N)cc1)c1ccc([N+](=O)[O-])cc1,1.0,CCC(=C(c1ccc(N)cc1)c2ccc(N)cc2)c3ccc(cc3)[N+](=O)[O-],C(=C(c1ccccc1)c1ccccc1)c1ccccc1,27
CCC(=C(c1ccc(O)cc1)c1ccc(O)cc1)c1ccc(O)cc1,1.0,CCC(=C(c1ccc(O)cc1)c2ccc(O)cc2)c3ccc(O)cc3,C(=C(c1ccccc1)c1ccccc1)c1ccccc1,25
CCC(=C(c1ccc(O)cc1)c1ccc(O)cc1)c1ccccc1,1.0,CCC(=C(c1ccc(O)cc1)c2ccc(O)cc2)c3ccccc3,C(=C(c1ccccc1)c1ccccc1)c1ccccc1,24
CCC(=C(c1ccc(O)cc1)c1ccc(OCCN)cc1)c1ccccc1,1.0,CCC(=C(c1ccc(O)cc1)c2ccc(OCCN)cc2)c3ccccc3,C(=C(c1ccccc1)c1ccccc1)c1ccccc1,27
CCC(=O)Nc1nonc1-c1nc2ccccc2n1N(C(=O)CC)C(=O)CC,0.0,CCC(=O)Nc1nonc1c2nc3ccccc3n2N(C(=O)CC)C(=O)CC,c1ccc2[nH]c(-c3cnon3)nc2c1,28
CCC(=O)Oc1ccc(/C(CC)=C(\CC)c2ccc(OC(=O)CC)cc2)cc1,0.0,CCC(=O)Oc1ccc(cc1)\C(=C(/CC)\c2ccc(OC(=O)CC)cc2)\CC,C(=Cc1ccccc1)c1ccccc1,28
CCC(=O)Oc1ccc(C(CC)C(CC)c2ccc(OC(=O)CC)cc2)cc1,0.0,CCC(C(CC)c1ccc(OC(=O)CC)cc1)c2ccc(OC(=O)CC)cc2,c1ccc(CCc2ccccc2)cc1,28
CCC(=O)c1cc(O)cc2cc(-c3ccc(O)cc3)oc12,1.0,CCC(=O)c1cc(O)cc2cc(oc12)c3ccc(O)cc3,c1ccc(-c2cc3ccccc3o2)cc1,21
CCC(C)(Cc1ccc(O)cc1)c1ccc(O)cc1,1.0,CCC(C)(Cc1ccc(O)cc1)c2ccc(O)cc2,c1ccc(CCc2ccccc2)cc1,19
CCC(C)n1[nH]c(=O)cc1N,0.0,CCC(C)N1NC(=O)C=C1N,O=c1cc[nH][nH]1,11
CCC(CC)(c1cc(C)c(O)c(C)c1)c1cc(C)c(O)c(C)c1,1.0,CCC(CC)(c1cc(C)c(O)c(C)c1)c2cc(C)c(O)c(C)c2,c1ccc(Cc2ccccc2)cc1,23
CCC(CC)(c1ccc(N)c(C)c1)c1ccc(O)c(C)c1,1.0,CCC(CC)(c1ccc(N)c(C)c1)c2ccc(O)c(C)c2,c1ccc(Cc2ccccc2)cc1,21
CCC(CC)(c1ccc(O)c(C)c1)c1ccc(O)c(C)c1,1.0,CCC(CC)(c1ccc(O)c(C)c1)c2ccc(O)c(C)c2,c1ccc(Cc2ccccc2)cc1,21
CCC(CC)(c1ccc(O)cc1)c1ccc(O)c(C)c1,1.0,CCC(CC)(c1ccc(O)cc1)c2ccc(O)c(C)c2,c1ccc(Cc2ccccc2)cc1,20
CCC(CC)(c1ccc(O)cc1)c1ccc(O)cc1,1.0,CCC(CC)(c1ccc(O)cc1)c2ccc(O)cc2,c1ccc(Cc2ccccc2)cc1,19
CCC(Cc1ccc(O)cc1)c1ccc(O)cn1,1.0,CCC(Cc1ccc(O)cc1)c2ccc(O)cn2,c1ccc(CCc2ccccn2)cc1,18
CCC/C(=N/Nc1ccc(Cl)cc1)c1cnnc(-c2ccccc2)n1,0.0,CCC\C(=N\Nc1ccc(Cl)cc1)\c2cnnc(n2)c3ccccc3,C(=NNc1ccccc1)c1cnnc(-c2ccccc2)n1,25
CCC1(C)NC(=O)N(CC(=O)Nc2sc3c(c2C(N)=O)CCC3)C1=O,0.0,CCC1(C)NC(=O)N(CC(=O)Nc2sc3CCCc3c2C(=O)N)C1=O,O=C(CN1C(=O)CNC1=O)Nc1cc2c(s1)CCC2,25
CCC1(CC)NC(=O)N(CC(=O)c2ccc(Cl)s2)C1=O,0.0,CCC1(CC)NC(=O)N(CC(=O)c2ccc(Cl)s2)C1=O,O=C(CN1C(=O)CNC1=O)c1cccs1,20
CCC12CCC(=O)C(Br)=C1c1ccc3[nH]nc(F)c3c1C2,1.0,CCC12CCC(=O)C(=C1c3ccc4[nH]nc(F)c4c3C2)Br,O=C1C=C2c3ccc4[nH]ncc4c3CC2CC1,21
CCC12CCC(=O)C(Br)=C1c1ccc3[nH]ncc3c1C2=O,1.0,CCC12CCC(=O)C(=C1c3ccc4[nH]ncc4c3C2=O)Br,O=C1C=C2c3ccc4[nH]ncc4c3C(=O)C2CC1,21
CCC12CCC(=O)C(Br)=C1c1ccc3[nH]nnc3c1C2,0.0,CCC12CCC(=O)C(=C1c3ccc4[nH]nnc4c3C2)Br,O=C1C=C2c3ccc4[nH]nnc4c3CC2CC1,20
CCC12CCC(=O)C(C(=O)OC)=C1c1ccc3[nH]ncc3c1C2,0.0,CCC12CCC(=O)C(=C1c3ccc4[nH]ncc4c3C2)C(=O)OC,O=C1C=C2c3ccc4[nH]ncc4c3CC2CC1,23
CCC12CCC(=O)C(C)=C1c1ccc3[nH]nc(Br)c3c1C2,0.0,CCC12CCC(=O)C(=C1c3ccc4[nH]nc(Br)c4c3C2)C,O=C1C=C2c3ccc4[nH]ncc4c3CC2CC1,21
CCC12CCC(=O)C(C)=C1c1ccc3[nH]nc(Cl)c3c1C2,0.0,CCC12CCC(=O)C(=C1c3ccc4[nH]nc(Cl)c4c3C2)C,O=C1C=C2c3ccc4[nH]ncc4c3CC2CC1,21
CCC12CCC(=O)C(c3ccc(O)cc3)=C1c1ccc3[nH]nnc3c1C2,1.0,CCC12CCC(=O)C(=C1c3ccc4[nH]nnc4c3C2)c5ccc(O)cc5,O=C1CCC2Cc3c(ccc4[nH]nnc34)C2=C1c1ccccc1,26
CCC12CCC(=O)C=C1c1ccc(O)cc1C2,0.0,CCC12CCC(=O)C=C1c3ccc(O)cc3C2,O=C1C=C2c3ccccc3CC2CC1,17
CCC12CCC(=O)C=C1c1ccc3[nH]ncc3c1C2,0.0,CCC12CCC(=O)C=C1c3ccc4[nH]ncc4c3C2,O=C1C=C2c3ccc4[nH]ncc4c3CC2CC1,19
CCC12CCC(=O)C=C1c1ccc3[nH]nnc3c1C2,0.0,CCC12CCC(=O)C=C1c3ccc4[nH]nnc4c3C2,O=C1C=C2c3ccc4[nH]nnc4c3CC2CC1,19
CCC1=C(c2ccc(O)cc2)C(C(=O)Nc2ccc(OCCN(C)C)cc2)c2cc(O)ccc21,1.0,CCC1=C(C(C(=O)Nc2ccc(OCCN(C)C)cc2)c3cc(O)ccc13)c4ccc(O)cc4,O=C(Nc1ccccc1)C1C(c2ccccc2)=Cc2ccccc21,34
CCC1=C(c2ccc(O)cc2)C(C(=O)Nc2ccc(OCCN3CCCCC3)cc2)c2cc(O)ccc21,1.0,CCC1=C(C(C(=O)Nc2ccc(OCCN3CCCCC3)cc2)c4cc(O)ccc14)c5ccc(O)cc5,O=C(Nc1ccc(OCCN2CCCCC2)cc1)C1C(c2ccccc2)=Cc2ccccc21,37
CCC1=C(c2ccc(O)cc2)C(C(=O)O)c2cc(O)ccc21,1.0,CCC1=C(C(C(=O)O)c2cc(O)ccc12)c3ccc(O)cc3,C1=C(c2ccccc2)Cc2ccccc21,22
CCC1=C(c2ccc(O)cc2)C(CC)c2cc(O)ccc21,1.0,CCC1C(=C(CC)c2ccc(O)cc12)c3ccc(O)cc3,C1=C(c2ccccc2)Cc2ccccc21,21
CCC1=C(c2ccc(O)cc2)Cc2cc(O)ccc21,1.0,CCC1=C(Cc2cc(O)ccc12)c3ccc(O)cc3,C1=C(c2ccccc2)Cc2ccccc21,19
CCC1=C2c3ccc4[nH]ncc4c3CC2(CC)CCC1=O,1.0,CCC1=C2c3ccc4[nH]ncc4c3CC2(CC)CCC1=O,O=C1C=C2c3ccc4[nH]ncc4c3CC2CC1,21
CCC1=C2c3ccc4[nH]nnc4c3C[C@@]2(CC)CCC1=O,0.0,CCC1=C2c3ccc4[nH]nnc4c3C[C@@]2(CC)CCC1=O,O=C1C=C2c3ccc4[nH]nnc4c3CC2CC1,21
CCC1=C2c3ccc4[nH]nnc4c3C[C@]2(CC)CCC1=O,1.0,CCC1=C2c3ccc4[nH]nnc4c3C[C@]2(CC)CCC1=O,O=C1C=C2c3ccc4[nH]nnc4c3CC2CC1,21
CCC1=NN2C(=N)/C(=C\c3ccc(SCc4ccco4)o3)C(=O)N=C2S1,0.0,CCC1=NN2C(=NC(=O)\C(=C\c3oc(SCc4occc4)cc3)\C2=N)S1,N=C1C(=Cc2ccc(SCc3ccco3)o2)C(=O)N=C2SC=NN12,26
CCC1=N[C@H](c2ccc(OCCN3CCCCC3)cc2)[C@H](c2ccc(O)cc2)N1,1.0,CCC1=N[C@@H]([C@@H](N1)c2ccc(O)cc2)c3ccc(OCCN4CCCCC4)cc3,C1=NC(c2ccc(OCCN3CCCCC3)cc2)C(c2ccccc2)N1,29
CCC1CN(c2ccc(C3c4ccc(O)cc4CCN3c3ccccc3)cc2)CCN1C,1.0,CCC1CN(CCN1C)c2ccc(cc2)C3N(CCc4cc(O)ccc34)c5ccccc5,c1ccc(N2CCc3ccccc3C2c2ccc(N3CCNCC3)cc2)cc1,32
CCC1Oc2c(ccc(O)c2C)-c2c(C)cc(O)c(C)c21,1.0,CCC1Oc2c(C)c(O)ccc2c3c(C)cc(O)c(C)c13,c1ccc2c(c1)COc1ccccc1-2,21
CCC1Oc2c(ccc(O)c2C)-c2ccc(O)c(C)c21,1.0,CCC1Oc2c(C)c(O)ccc2c3ccc(O)c(C)c13,c1ccc2c(c1)COc1ccccc1-2,20
CCC1Oc2cc(O)cc(C)c2N=C1c1ccc(O)c(Br)c1,1.0,CCC1Oc2cc(O)cc(C)c2N=C1c3ccc(O)c(Br)c3,c1ccc(C2=Nc3ccccc3OC2)cc1,22
CCC1Oc2cc(O)cc(O)c2N=C1c1ccc(O)c(Br)c1,0.0,CCC1Oc2cc(O)cc(O)c2N=C1c3ccc(O)c(Br)c3,c1ccc(C2=Nc3ccccc3OC2)cc1,22
CCC1Oc2cc(O)cc(O)c2N=C1c1ccc(O)cc1,1.0,CCC1Oc2cc(O)cc(O)c2N=C1c3ccc(O)cc3,c1ccc(C2=Nc3ccccc3OC2)cc1,21
CCC1Oc2cc(O)ccc2N=C1c1ccc(O)cc1,1.0,CCC1Oc2cc(O)ccc2N=C1c3ccc(O)cc3,c1ccc(C2=Nc3ccccc3OC2)cc1,20
CCCC(=O)Oc1ccc(/C(=C(/C)c2ccccc2)c2ccc(OCCN(C)C)cc2)cc1,1.0,CCCC(=O)Oc1ccc(cc1)\C(=C(\C)/c2ccccc2)\c3ccc(OCCN(C)C)cc3,C(=C(c1ccccc1)c1ccccc1)c1ccccc1,33
CCCC(=O)Oc1ccc(/C(=C(/C)c2ccccc2)c2ccc(OCCN3CCCC3)cc2)cc1,1.0,CCCC(=O)Oc1ccc(cc1)\C(=C(\C)/c2ccccc2)\c3ccc(OCCN4CCCC4)cc3,C(=C(c1ccccc1)c1ccc(OCCN2CCCC2)cc1)c1ccccc1,35
CCCC(=O)Oc1ccc(/C(=C(/C)c2ccccc2)c2ccc(OCCN3CCCCC3)cc2)cc1,1.0,CCCC(=O)Oc1ccc(cc1)\C(=C(\C)/c2ccccc2)\c3ccc(OCCN4CCCCC4)cc3,C(=C(c1ccccc1)c1ccc(OCCN2CCCCC2)cc1)c1ccccc1,36
CCCC(C)(Cc1ccc(O)cc1)c1ccc(O)cc1,1.0,CCCC(C)(Cc1ccc(O)cc1)c2ccc(O)cc2,c1ccc(CCc2ccccc2)cc1,20
CCCC(CCC)(c1ccc(O)c(C)c1)c1ccc(O)c(C)c1,1.0,CCCC(CCC)(c1ccc(O)c(C)c1)c2ccc(O)c(C)c2,c1ccc(Cc2ccccc2)cc1,23
CCCC(CCC)(c1ccc(O)cc1)c1ccc(O)cc1,1.0,CCCC(CCC)(c1ccc(O)cc1)c2ccc(O)cc2,c1ccc(Cc2ccccc2)cc1,21
CCCC(Cc1ccc(O)cc1)c1ccc(O)cc1,1.0,CCCC(Cc1ccc(O)cc1)c2ccc(O)cc2,c1ccc(CCc2ccccc2)cc1,19
CCCC12CCC(=O)C(Br)=C1c1ccc(O)cc1C2,1.0,CCCC12CCC(=O)C(=C1c3ccc(O)cc3C2)Br,O=C1C=C2c3ccccc3CC2CC1,19
CCCC12CCC(=O)C(Br)=C1c1ccc3[nH]nnc3c1C2,0.0,CCCC12CCC(=O)C(=C1c3ccc4[nH]nnc4c3C2)Br,O=C1C=C2c3ccc4[nH]nnc4c3CC2CC1,21
CCCC12CCC(=O)C(C)=C1c1ccc3[nH]nnc3c1C2,0.0,CCCC12CCC(=O)C(=C1c3ccc4[nH]nnc4c3C2)C,O=C1C=C2c3ccc4[nH]nnc4c3CC2CC1,21
CCCC12CCC(=O)C(CC)=C1c1ccc3[nH]nnc3c1C2,1.0,CCCC12CCC(=O)C(=C1c3ccc4[nH]nnc4c3C2)CC,O=C1C=C2c3ccc4[nH]nnc4c3CC2CC1,22
CCCC12CCC(=O)C=C1c1ccc(O)cc1C2,0.0,CCCC12CCC(=O)C=C1c3ccc(O)cc3C2,O=C1C=C2c3ccccc3CC2CC1,18
CCCC1=C(C(=O)OCC)[C@H](c2ccnc3ccccc23)C(C#N)=C(C)N1,0.0,CCCC1=C([C@@H](C(=C(C)N1)C#N)c2ccnc3ccccc23)C(=O)OCC,C1=CC(c2ccnc3ccccc23)C=CN1,27
CCCCC(CCCC)(c1ccc(O)c(C)c1)c1ccc(O)c(C)c1,1.0,CCCCC(CCCC)(c1ccc(O)c(C)c1)c2ccc(O)c(C)c2,c1ccc(Cc2ccccc2)cc1,25
CCCCC(CCCC)(c1ccc(O)c(CC)c1)c1ccc(O)c(CC)c1,0.0,CCCCC(CCCC)(c1ccc(O)c(CC)c1)c2ccc(O)c(CC)c2,c1ccc(Cc2ccccc2)cc1,27
CCCCC(CCCC)(c1ccc(O)cc1)c1ccc(O)cc1,1.0,CCCCC(CCCC)(c1ccc(O)cc1)c2ccc(O)cc2,c1ccc(Cc2ccccc2)cc1,23
CCCCC(O)(CN(C1CC1)S(=O)(=O)c1ccc(O)cc1)c1ccccc1,0.0,CCCCC(O)(CN(C1CC1)S(=O)(=O)c2ccc(O)cc2)c3ccccc3,O=S(=O)(c1ccccc1)N(CCc1ccccc1)C1CC1,27
CCCCC12CCC(=O)C(Br)=C1c1ccc(O)cc1C2,1.0,CCCCC12CCC(=O)C(=C1c3ccc(O)cc3C2)Br,O=C1C=C2c3ccccc3CC2CC1,20
CCCCC12CCC(=O)C(Br)=C1c1ccc3[nH]nnc3c1C2,1.0,CCCCC12CCC(=O)C(=C1c3ccc4[nH]nnc4c3C2)Br,O=C1C=C2c3ccc4[nH]nnc4c3CC2CC1,22
CCCCC12CCC(=O)C(C(F)(F)F)=C1c1ccc(O)cc1C2,1.0,CCCCC12CCC(=O)C(=C1c3ccc(O)cc3C2)C(F)(F)F,O=C1C=C2c3ccccc3CC2CC1,23
CCCCC12CCC(=O)C(C)=C1c1ccc3[nH]nnc3c1C2,0.0,CCCCC12CCC(=O)C(=C1c3ccc4[nH]nnc4c3C2)C,O=C1C=C2c3ccc4[nH]nnc4c3CC2CC1,22
CCCCC12CCC(=O)C(CCC)=C1c1ccc(O)cc1C2,1.0,CCCCC12CCC(=O)C(=C1c3ccc(O)cc3C2)CCC,O=C1C=C2c3ccccc3CC2CC1,22
CCCCC12CCC(=O)C(Cl)=C1c1ccc(O)cc1C2,1.0,CCCCC12CCC(=O)C(=C1c3ccc(O)cc3C2)Cl,O=C1C=C2c3ccccc3CC2CC1,20
CCCCC12CCC(=O)C(I)=C1c1ccc(O)cc1C2,1.0,CCCCC12CCC(=O)C(=C1c3ccc(O)cc3C2)I,O=C1C=C2c3ccccc3CC2CC1,20
CCCCC12CCC(=O)C(c3ccccc3)=C1c1ccc(O)cc1C2,1.0,CCCCC12CCC(=O)C(=C1c3ccc(O)cc3C2)c4ccccc4,O=C1CCC2Cc3ccccc3C2=C1c1ccccc1,25
CCCCC12CCC(=O)C(c3ccco3)=C1c1ccc(O)cc1C2,1.0,CCCCC12CCC(=O)C(=C1c3ccc(O)cc3C2)c4occc4,O=C1CCC2Cc3ccccc3C2=C1c1ccco1,24
CCCCC12CCC(=O)C(c3cccs3)=C1c1ccc(O)cc1C2,1.0,CCCCC12CCC(=O)C(=C1c3ccc(O)cc3C2)c4cccs4,O=C1CCC2Cc3ccccc3C2=C1c1cccs1,24
CCCCC12CCC(=O)C=C1c1ccc(O)cc1C2,0.0,CCCCC12CCC(=O)C=C1c3ccc(O)cc3C2,O=C1C=C2c3ccccc3CC2CC1,19
CCCCC12CCC(=O)C=C1c1ccc3[nH]ncc3c1C2,0.0,CCCCC12CCC(=O)C=C1c3ccc4[nH]ncc4c3C2,O=C1C=C2c3ccc4[nH]ncc4c3CC2CC1,21
CCCCC1=C2c3ccc(O)cc3CC2(Cc2ccccc2)CCC1=O,1.0,CCCCC1=C2c3ccc(O)cc3CC2(Cc4ccccc4)CCC1=O,O=C1C=C2c3ccccc3CC2(Cc2ccccc2)CC1,26
CCCCC1C(=O)N(c2ccccc2)N(c2ccccc2)C1=O,0.0,CCCCC1C(=O)N(N(C1=O)c2ccccc2)c3ccccc3,O=C1CC(=O)N(c2ccccc2)N1c1ccccc1,23
CCCCCC12CCC(=O)C=C1c1ccc(O)cc1C2,0.0,CCCCCC12CCC(=O)C=C1c3ccc(O)cc3C2,O=C1C=C2c3ccccc3CC2CC1,20
CCCCCCCCCC(=O)Oc1ccc(/C(=C(/C)c2ccccc2)c2ccc(OCCN(C)C)cc2)cc1,1.0,CCCCCCCCCC(=O)Oc1ccc(cc1)\C(=C(\C)/c2ccccc2)\c3ccc(OCCN(C)C)cc3,C(=C(c1ccccc1)c1ccccc1)c1ccccc1,39
CCCCCCCCCC(=O)Oc1ccc(/C(=C(/C)c2ccccc2)c2ccc(OCCN3CCCC3)cc2)cc1,1.0,CCCCCCCCCC(=O)Oc1ccc(cc1)\C(=C(\C)/c2ccccc2)\c3ccc(OCCN4CCCC4)cc3,C(=C(c1ccccc1)c1ccc(OCCN2CCCC2)cc1)c1ccccc1,41
CCCCCCCCCC(=O)Oc1ccc(/C(=C(/C)c2ccccc2)c2ccc(OCCN3CCCCC3)cc2)cc1,1.0,CCCCCCCCCC(=O)Oc1ccc(cc1)\C(=C(\C)/c2ccccc2)\c3ccc(OCCN4CCCCC4)cc3,C(=C(c1ccccc1)c1ccc(OCCN2CCCCC2)cc1)c1ccccc1,42
CCCCCCCCCCCCCCCCCCNCCOc1ccc(/C(=C(/CC)c2ccccc2)c2ccc(O)cc2)cc1,0.0,CCCCCCCCCCCCCCCCCCNCCOc1ccc(cc1)\C(=C(\CC)/c2ccccc2)\c3ccc(O)cc3,C(=C(c1ccccc1)c1ccccc1)c1ccccc1,45
CCCCCCCCCCCCCCCCCCNCCOc1ccc(C(=O)c2c(-c3ccc(O)cc3)sc3cc(O)ccc23)cc1,1.0,CCCCCCCCCCCCCCCCCCNCCOc1ccc(cc1)C(=O)c2c(sc3cc(O)ccc23)c4ccc(O)cc4,O=C(c1ccccc1)c1c(-c2ccccc2)sc2ccccc12,47
CCCCCCCCCCCCCCCCNCCOc1ccc(/C(=C(/CC)c2ccccc2)c2ccc(O)cc2)cc1,1.0,CCCCCCCCCCCCCCCCNCCOc1ccc(cc1)\C(=C(\CC)/c2ccccc2)\c3ccc(O)cc3,C(=C(c1ccccc1)c1ccccc1)c1ccccc1,43
CCCCCCCCCCCCCCCCNCCOc1ccc(C(=O)c2c(-c3ccc(O)cc3)sc3cc(O)ccc23)cc1,1.0,CCCCCCCCCCCCCCCCNCCOc1ccc(cc1)C(=O)c2c(sc3cc(O)ccc23)c4ccc(O)cc4,O=C(c1ccccc1)c1c(-c2ccccc2)sc2ccccc12,45
CCCCCCCCCCCCCCNCCOc1ccc(/C(=C(/CC)c2ccccc2)c2ccc(O)cc2)cc1,1.0,CCCCCCCCCCCCCCNCCOc1ccc(cc1)\C(=C(\CC)/c2ccccc2)\c3ccc(O)cc3,C(=C(c1ccccc1)c1ccccc1)c1ccccc1,41
CCCCCCCCCCCCCCNCCOc1ccc(C(=O)c2c(-c3ccc(O)cc3)sc3cc(O)ccc23)cc1,1.0,CCCCCCCCCCCCCCNCCOc1ccc(cc1)C(=O)c2c(sc3cc(O)ccc23)c4ccc(O)cc4,O=C(c1ccccc1)c1c(-c2ccccc2)sc2ccccc12,43
CCCCCCCCCCCCNCCOc1ccc(/C(=C(/CC)c2ccccc2)c2ccc(O)cc2)cc1,1.0,CCCCCCCCCCCCNCCOc1ccc(cc1)\C(=C(\CC)/c2ccccc2)\c3ccc(O)cc3,C(=C(c1ccccc1)c1ccccc1)c1ccccc1,39
CCCCCCCCCCCCNCCOc1ccc(C(=O)c2c(-c3ccc(O)cc3)sc3cc(O)ccc23)cc1,1.0,CCCCCCCCCCCCNCCOc1ccc(cc1)C(=O)c2c(sc3cc(O)ccc23)c4ccc(O)cc4,O=C(c1ccccc1)c1c(-c2ccccc2)sc2ccccc12,41
CCCCCCCCCCCCNc1c(Cc2ccccc2C)c(=O)oc2ccccc12,1.0,CCCCCCCCCCCCNC1=C(Cc2ccccc2C)C(=O)Oc3ccccc13,O=c1oc2ccccc2cc1Cc1ccccc1,32
CCCCCCCCCCNCCOc1ccc(/C(=C(/CC)c2ccccc2)c2ccc(O)cc2)cc1,1.0,CCCCCCCCCCNCCOc1ccc(cc1)\C(=C(\CC)/c2ccccc2)\c3ccc(O)cc3,C(=C(c1ccccc1)c1ccccc1)c1ccccc1,37
CCCCCCCCCCNCCOc1ccc(C(=O)c2c(-c3ccc(O)cc3)sc3cc(O)ccc23)cc1,1.0,CCCCCCCCCCNCCOc1ccc(cc1)C(=O)c2c(sc3cc(O)ccc23)c4ccc(O)cc4,O=C(c1ccccc1)c1c(-c2ccccc2)sc2ccccc12,39
CCCCCCCCNCCOc1ccc(/C(=C(/CC)c2ccccc2)c2ccc(O)cc2)cc1,1.0,CCCCCCCCNCCOc1ccc(cc1)\C(=C(\CC)/c2ccccc2)\c3ccc(O)cc3,C(=C(c1ccccc1)c1ccccc1)c1ccccc1,35
CCCCCCCCNCCOc1ccc(C(=O)c2c(-c3ccc(O)cc3)sc3cc(O)ccc23)cc1,1.0,CCCCCCCCNCCOc1ccc(cc1)C(=O)c2c(sc3cc(O)ccc23)c4ccc(O)cc4,O=C(c1ccccc1)c1c(-c2ccccc2)sc2ccccc12,37
CCCCCCCCc1cc2cc(O)ccc2c(Oc2ccc(/C=C/C(=O)O)cc2)c1-c1ccccc1,1.0,CCCCCCCCc1cc2cc(O)ccc2c(Oc3ccc(\C=C\C(=O)O)cc3)c1c4ccccc4,c1ccc(Oc2c(-c3ccccc3)ccc3ccccc23)cc1,37
CCCCCCCCc1ccc(O)cc1,0.0,CCCCCCCCc1ccc(O)cc1,c1ccccc1,15
CCCCCCNCCOc1ccc(/C(=C(/CC)c2ccccc2)c2ccc(O)cc2)cc1,1.0,CCCCCCNCCOc1ccc(cc1)\C(=C(\CC)/c2ccccc2)\c3ccc(O)cc3,C(=C(c1ccccc1)c1ccccc1)c1ccccc1,33
CCCCCCNCCOc1ccc(C(=O)c2c(-c3ccc(O)cc3)sc3cc(O)ccc23)cc1,1.0,CCCCCCNCCOc1ccc(cc1)C(=O)c2c(sc3cc(O)ccc23)c4ccc(O)cc4,O=C(c1ccccc1)c1c(-c2ccccc2)sc2ccccc12,35
CCCCCCc1cc2cc(-c3nnc(-c4ccccc4)o3)c(=O)oc2cc1O,0.0,CCCCCCc1cc2C=C(C(=O)Oc2cc1O)c3oc(nn3)c4ccccc4,O=c1oc2ccccc2cc1-c1nnc(-c2ccccc2)o1,29
CCCCCc1cc(O)cc2c1C(=O)[C@@H](c1ccc(O)cc1)[C@@H](c1ccc(OCCN3CCCCC3)cc1)O2,1.0,CCCCCc1cc(O)cc2O[C@@H]([C@@H](C(=O)c12)c3ccc(O)cc3)c4ccc(OCCN5CCCCC5)cc4,O=C1c2ccccc2OC(c2ccc(OCCN3CCCCC3)cc2)C1c1ccccc1,39
CCCCCc1cc2cc(O)ccc2c(Oc2ccc(/C=C/C(=O)O)cc2)c1-c1ccccc1,1.0,CCCCCc1cc2cc(O)ccc2c(Oc3ccc(\C=C\C(=O)O)cc3)c1c4ccccc4,c1ccc(Oc2c(-c3ccccc3)ccc3ccccc23)cc1,34
CCCCN(C)C(=O)CCCCCCCCCCS[C@@H]1C(=O)c2cc(O)ccc2[C@H]2CC[C@]3(C)[C@@H](O)CC[C@H]3[C@H]12,1.0,CCCCN(C)C(=O)CCCCCCCCCCS[C@H]1[C@@H]2[C@H](CC[C@]3(C)[C@@H](O)CC[C@@H]23)c4ccc(O)cc4C1=O,O=C1CC2C(CCC3CCCC32)c2ccccc21,40
CCCCN(C)C(=O)CCCCCCCCCCS[C@@H]1Cc2cc(O)ccc2[C@H]2CC[C@]3(C)[C@@H](O)CC[C@H]3[C@@H]21,1.0,CCCCN(C)C(=O)CCCCCCCCCCS[C@@H]1Cc2cc(O)ccc2[C@H]3CC[C@]4(C)[C@@H](O)CC[C@H]4[C@H]13,c1ccc2c(c1)CCC1C2CCC2CCCC21,39
CCCCN(C)C(=O)CCCCCCCCCCS[C@H]1[C@@H]2[C@H](CC[C@]3(C)[C@@H](O)CC[C@@H]23)c2ccc(O)cc2[C@H]1O,1.0,CCCCN(C)C(=O)CCCCCCCCCCS[C@@H]1[C@H](O)c2cc(O)ccc2[C@H]3CC[C@]4(C)[C@@H](O)CC[C@H]4[C@H]13,c1ccc2c(c1)CCC1C2CCC2CCCC21,40
CCCCN(C)C(=O)CCCCCCCCCC[C@@H]1Cc2cc(O)ccc2[C@H]2CC[C@]3(C)[C@@H](O)CC[C@H]3[C@H]12,1.0,CCCCN(C)C(=O)CCCCCCCCCC[C@@H]1Cc2cc(O)ccc2[C@H]3CC[C@]4(C)[C@@H](O)CC[C@H]4[C@H]13,c1ccc2c(c1)CCC1C2CCC2CCCC21,38
CCCCN(C)CCOc1ccc(Cn2c(-c3ccc(O)cc3)c(C)c3cc(O)ccc32)cc1,1.0,CCCCN(C)CCOc1ccc(Cn2c(c(C)c3cc(O)ccc23)c4ccc(O)cc4)cc1,c1ccc(Cn2c(-c3ccccc3)cc3ccccc32)cc1,34
CCCCN(O)C(=O)CCCCCCCCCC[C@@H]1Cc2cc(O)ccc2[C@H]2CC[C@]3(C)[C@@H](O)CC[C@H]3[C@H]12,0.0,CCCCN(O)C(=O)CCCCCCCCCC[C@@H]1Cc2cc(O)ccc2[C@H]3CC[C@]4(C)[C@@H](O)CC[C@H]4[C@H]13,c1ccc2c(c1)CCC1C2CCC2CCCC21,38
CCCCN(O)C(=O)c1cccc(NC(=O)CCCCCS[C@@H]2Cc3cc(O)ccc3[C@H]3CC[C@]4(C)[C@@H](O)CC[C@H]4[C@@H]32)c1,1.0,CCCCN(O)C(=O)c1cccc(NC(=O)CCCCCS[C@@H]2Cc3cc(O)ccc3[C@H]4CC[C@]5(C)[C@@H](O)CC[C@H]5[C@H]24)c1,O=C(CCCCCSC1Cc2ccccc2C2CCC3CCCC3C12)Nc1ccccc1,43
CCCCOC(=O)c1cc(-c2ccc(/C=N/n3cnnc3)o2)ccc1Cl,0.0,CCCCOC(=O)c1cc(ccc1Cl)c2oc(\C=N\n3cnnc3)cc2,C(=Nn1cnnc1)c1ccc(-c2ccccc2)o1,26
CCCCON=C(c1ccc(O)cc1)c1ccc(O)cc1,1.0,CCCCON=C(c1ccc(O)cc1)c2ccc(O)cc2,N=C(c1ccccc1)c1ccccc1,21
CCCCOc1cc(-c2nc3ccc(O)cc3o2)ccc1O,0.0,CCCCOc1cc(ccc1O)c2oc3cc(O)ccc3n2,c1ccc(-c2nc3ccccc3o2)cc1,22
CCCCOc1ccc(/C=C/c2cc(OC)cc(OC)c2)cc1,0.0,CCCCOc1ccc(\C=C\c2cc(OC)cc(OC)c2)cc1,C(=Cc1ccccc1)c1ccccc1,23
CCCCOc1ccc(/C=C\c2cc(OC)cc(OC)c2)cc1,0.0,CCCCOc1ccc(\C=C/c2cc(OC)cc(OC)c2)cc1,C(=Cc1ccccc1)c1ccccc1,23
CCCCSc1n[nH]c2c3ccccc3nc-2n1,0.0,CCCCSc1n[nH]c2c3ccccc3nc2n1,c1ccc2c3[nH]ncnc-3nc2c1,18
CCCC[C@@H]1C[C@H]1[C@@H](NC(=O)c1ccccc1)c1ccc(-c2ccc(O)cc2)cc1F,0.0,CCCC[C@@H]1C[C@H]1[C@@H](NC(=O)c2ccccc2)c3ccc(cc3F)c4ccc(O)cc4,O=C(NC(c1ccc(-c2ccccc2)cc1)C1CC1)c1ccccc1,31
CCCC[C@@]12CCC(=O)C(Br)=C1c1ccc(O)cc1C2,1.0,CCCC[C@@]12CCC(=O)C(=C1c3ccc(O)cc3C2)Br,O=C1C=C2c3ccccc3CC2CC1,20
CCCC[C@@]12CCC(=O)C(C(=O)OC)=C1c1ccc3[nH]ncc3c1C2,0.0,CCCC[C@@]12CCC(=O)C(=C1c3ccc4[nH]ncc4c3C2)C(=O)OC,O=C1C=C2c3ccc4[nH]ncc4c3CC2CC1,25
CCCC[C@@]12CCC(=O)C(C(F)(F)F)=C1c1ccc3[nH]nc(F)c3c1C2,1.0,CCCC[C@@]12CCC(=O)C(=C1c3ccc4[nH]nc(F)c4c3C2)C(F)(F)F,O=C1C=C2c3ccc4[nH]ncc4c3CC2CC1,26
CCCC[C@@]12CCC(=O)C(C(F)(F)F)=C1c1ccc3[nH]ncc3c1C2,1.0,CCCC[C@@]12CCC(=O)C(=C1c3ccc4[nH]ncc4c3C2)C(F)(F)F,O=C1C=C2c3ccc4[nH]ncc4c3CC2CC1,25
CCCC[C@@]12CCC(=O)C(C(F)(F)F)=C1c1ccc3[nH]ncc3c1C2=O,1.0,CCCC[C@@]12CCC(=O)C(=C1c3ccc4[nH]ncc4c3C2=O)C(F)(F)F,O=C1C=C2c3ccc4[nH]ncc4c3C(=O)C2CC1,26
CCCC[C@@]12CCC(=O)C(C(F)(F)F)=C1c1ccc3[nH]nnc3c1C2,1.0,CCCC[C@@]12CCC(=O)C(=C1c3ccc4[nH]nnc4c3C2)C(F)(F)F,O=C1C=C2c3ccc4[nH]nnc4c3CC2CC1,25
CCCC[C@@]12CCC(=O)C(CC)=C1c1ccc3[nH]nc(F)c3c1C2,1.0,CCCC[C@@]12CCC(=O)C(=C1c3ccc4[nH]nc(F)c4c3C2)CC,O=C1C=C2c3ccc4[nH]ncc4c3CC2CC1,24
CCCC[C@@]12CCC(=O)C(CC)=C1c1ccc3[nH]ncc3c1C2,1.0,CCCC[C@@]12CCC(=O)C(=C1c3ccc4[nH]ncc4c3C2)CC,O=C1C=C2c3ccc4[nH]ncc4c3CC2CC1,23
CCCC[C@@]12CCC(=O)C(CC)=C1c1ccc3[nH]nnc3c1C2,1.0,CCCC[C@@]12CCC(=O)C(=C1c3ccc4[nH]nnc4c3C2)CC,O=C1C=C2c3ccc4[nH]nnc4c3CC2CC1,23
CCCC[C@@]12CCC(=O)C(c3cccs3)=C1c1ccc3[nH]nnc3c1C2,1.0,CCCC[C@@]12CCC(=O)C(=C1c3ccc4[nH]nnc4c3C2)c5cccs5,O=C1CCC2Cc3c(ccc4[nH]nnc34)C2=C1c1cccs1,26
CCCC[C@]12CCC(=O)C(Br)=C1c1ccc(O)cc1C2,0.0,CCCC[C@]12CCC(=O)C(=C1c3ccc(O)cc3C2)Br,O=C1C=C2c3ccccc3CC2CC1,20
CCCC[C@]12CCC(=O)C(C)=C1c1ccc(O)cc1C2,0.0,CCCC[C@]12CCC(=O)C(=C1c3ccc(O)cc3C2)C,O=C1C=C2c3ccccc3CC2CC1,20
CCCC[C@]12CCC(=O)C(CC)=C1c1ccc3[nH]nnc3c1C2,0.0,CCCC[C@]12CCC(=O)C(=C1c3ccc4[nH]nnc4c3C2)CC,O=C1C=C2c3ccc4[nH]nnc4c3CC2CC1,23
CCCC[N+](C)(C)CCOc1ccc(/C(=C(/CC)c2ccccc2)c2ccccc2)cc1,1.0,[Br-].CCCC[N+](C)(C)CCOc1ccc(cc1)\C(=C(\CC)/c2ccccc2)\c3ccccc3,C(=C(c1ccccc1)c1ccccc1)c1ccccc1,32
CCCCc1cc(NCCC)nc(NCCC)n1,0.0,CCCCc1cc(NCCC)nc(NCCC)n1,c1cncnc1,18
CCCCc1cc2cc(O)ccc2c(Oc2ccc(/C=C/C(=O)O)cc2)c1-c1ccccc1,1.0,CCCCc1cc2cc(O)ccc2c(Oc3ccc(\C=C\C(=O)O)cc3)c1c4ccccc4,c1ccc(Oc2c(-c3ccccc3)ccc3ccccc23)cc1,33
CCCCc1cc2ccccc2c(Oc2ccc(/C=C/C(=O)O)cc2)c1-c1ccc(O)cc1,1.0,CCCCc1cc2ccccc2c(Oc3ccc(\C=C\C(=O)O)cc3)c1c4ccc(O)cc4,c1ccc(Oc2c(-c3ccccc3)ccc3ccccc23)cc1,33
CCCCc1ccc(-c2sc3cc(O)ccc3c2C(=O)c2ccc(OCCN3CCCCC3)cc2)cc1,1.0,CCCCc1ccc(cc1)c2sc3cc(O)ccc3c2C(=O)c4ccc(OCCN5CCCCC5)cc4,O=C(c1ccc(OCCN2CCCCC2)cc1)c1c(-c2ccccc2)sc2ccccc12,37
CCCCc1nc2cc(O)cc(O)c2c(=O)n1-c1ccc(O)cc1,1.0,CCCCC1=Nc2cc(O)cc(O)c2C(=O)N1c3ccc(O)cc3,O=c1c2ccccc2ncn1-c1ccccc1,24
CCCCn1c(NC(=O)CC)c(C#N)c2nc3ccccc3nc21,0.0,CCCCn1c(NC(=O)CC)c(C#N)c2nc3ccccc3nc12,c1ccc2nc3[nH]ccc3nc2c1,24
CCCCn1nc(-c2ccc(O)cc2)c2cccc(Cl)c21,1.0,CCCCn1nc(c2ccc(O)cc2)c3cccc(Cl)c13,c1ccc(-c2n[nH]c3ccccc23)cc1,21
CCCCn1nc(-c2ccc(O)cc2O)c2ccc(O)cc21,1.0,CCCCn1nc(c2ccc(O)cc2O)c3ccc(O)cc13,c1ccc(-c2n[nH]c3ccccc23)cc1,22
CCCN(CCC)CCOc1ccc(Cn2c(-c3ccc(O)cc3)c(C)c3cc(O)ccc32)cc1,1.0,CCCN(CCC)CCOc1ccc(Cn2c(c(C)c3cc(O)ccc23)c4ccc(O)cc4)cc1,c1ccc(Cn2c(-c3ccccc3)cc3ccccc32)cc1,35
CCCN(CCC)S(=O)(=O)c1ccc(NC(=O)Cc2cccs2)cc1,0.0,CCCN(CCC)S(=O)(=O)c1ccc(NC(=O)Cc2cccs2)cc1,O=C(Cc1cccs1)Nc1ccccc1,25
CCCN(Cc1ccccn1)c1cc(-c2ccccc2)cc(-c2ccc(O)c(C)c2)n1,1.0,CCCN(Cc1ccccn1)c2cc(cc(n2)c3ccc(O)c(C)c3)c4ccccc4,c1ccc(-c2cc(NCc3ccccn3)nc(-c3ccccc3)c2)cc1,31
CCCN(c1c(C)cccc1C)S(=O)(=O)c1ccc(O)c(C)c1,1.0,CCCN(c1c(C)cccc1C)S(=O)(=O)c2ccc(O)c(C)c2,O=S(=O)(Nc1ccccc1)c1ccccc1,23
CCCN(c1c(C)cccc1CC)S(=O)(=O)c1ccc(O)c(C)c1,1.0,CCCN(c1c(C)cccc1CC)S(=O)(=O)c2ccc(O)c(C)c2,O=S(=O)(Nc1ccccc1)c1ccccc1,24
CCCN(c1c(C)cccc1Cl)S(=O)(=O)c1ccc(O)c(C)c1,1.0,CCCN(c1c(C)cccc1Cl)S(=O)(=O)c2ccc(O)c(C)c2,O=S(=O)(Nc1ccccc1)c1ccccc1,23
CCCN(c1c(C)cccc1Cl)S(=O)(=O)c1ccc(O)cc1,1.0,CCCN(c1c(C)cccc1Cl)S(=O)(=O)c2ccc(O)cc2,O=S(=O)(Nc1ccccc1)c1ccccc1,22
CCCN(c1ccccc1-c1ccccc1)S(=O)(=O)c1ccc(O)c(C)c1,0.0,CCCN(c1ccccc1c2ccccc2)S(=O)(=O)c3ccc(O)c(C)c3,O=S(=O)(Nc1ccccc1-c1ccccc1)c1ccccc1,27
CCCN(c1ccccc1Br)S(=O)(=O)c1ccc(O)cc1,1.0,CCCN(c1ccccc1Br)S(=O)(=O)c2ccc(O)cc2,O=S(=O)(Nc1ccccc1)c1ccccc1,21
CCCN(c1ccccc1Cl)S(=O)(=O)c1ccc(O)cc1,1.0,CCCN(c1ccccc1Cl)S(=O)(=O)c2ccc(O)cc2,O=S(=O)(Nc1ccccc1)c1ccccc1,21
CCCN(c1ccccc1F)S(=O)(=O)c1ccc(O)cc1,1.0,CCCN(c1ccccc1F)S(=O)(=O)c2ccc(O)cc2,O=S(=O)(Nc1ccccc1)c1ccccc1,21
CCCN1C=N[C@@H](c2ccc(O)cc2Cl)[C@H]1c1ccc(O)cc1Cl,1.0,CCCN1C=N[C@H]([C@H]1c2ccc(O)cc2Cl)c3ccc(O)cc3Cl,C1=NC(c2ccccc2)C(c2ccccc2)N1,24
CCCN1CC(c2ccc(O)cc2)Cc2ccc(O)cc21,0.0,CCCN1CC(Cc2ccc(O)cc12)c3ccc(O)cc3,c1ccc(C2CNc3ccccc3C2)cc1,21
CCCN1CCN(c2ccc(C(=O)c3c(-c4ccc(O)cc4)sc4cc(O)ccc34)cc2)CC1,1.0,CCCN1CCN(CC1)c2ccc(cc2)C(=O)c3c(sc4cc(O)ccc34)c5ccc(O)cc5,O=C(c1ccc(N2CCNCC2)cc1)c1c(-c2ccccc2)sc2ccccc12,34
CCCNC(=O)c1ccc(-c2nc3ccccc3s2)s1,0.0,CCCNC(=O)c1ccc(s1)c2nc3ccccc3s2,c1csc(-c2nc3ccccc3s2)c1,20
CCCOC(=O)[C@H]1CC[C@H]2[C@@H]3CCc4cc(O)ccc4[C@H]3CC[C@]12C,1.0,CCCOC(=O)[C@H]1CC[C@H]2[C@@H]3CCc4cc(O)ccc4[C@H]3CC[C@]12C,c1ccc2c(c1)CCC1C2CCC2CCCC21,25
CCCSc1nc(C)c(-c2csc(C(C#N)=C3CCCC3)n2)cc1C#N,0.0,CCCSc1nc(C)c(cc1C#N)c2csc(n2)C(=C3CCCC3)C#N,C(=C1CCCC1)c1nc(-c2cccnc2)cs1,26
CCC[C@@H]1CC[C@@H]2C[C@]13Cc1cc(O)ccc1C3=C(C)C2=O,1.0,CCC[C@@H]1CC[C@@H]2C[C@]13Cc4cc(O)ccc4C3=C(C)C2=O,O=C1C=C2c3ccccc3CC23CCCC1C3,22
CCC[C@@H]1C[C@@H]2C[C@]13Cc1cc(O)ccc1C3=C(C)C2=O,1.0,CCC[C@@H]1C[C@@H]2C[C@]13Cc4cc(O)ccc4C3=C(C)C2=O,O=C1C=C2c3ccccc3CC23CCC1C3,21
CCC[C@]12CC[C@H](O)CC1=CCC1C2CC[C@@]2(C)C1CC[C@@H]2O,0.0,CCC[C@]12CC[C@H](O)CC1=CCC3C4CC[C@H](O)[C@@]4(C)CCC23,C1=C2CCCCC2C2CCC3CCCC3C2C1,23
CCC[Si](CCC)(c1ccc(O)c(C)c1)c1ccc(O)c(C)c1,1.0,CCC[Si](CCC)(c1ccc(O)c(C)c1)c2ccc(O)c(C)c2,c1ccc([SiH2]c2ccccc2)cc1,23
CCCc1c(-c2ccc(O)cc2)cn(-c2ccc(O)cc2)c1-c1ccc(O)cc1,1.0,CCCc1c(cn(c2ccc(O)cc2)c1c3ccc(O)cc3)c4ccc(O)cc4,c1ccc(-c2cc(-c3ccccc3)n(-c3ccccc3)c2)cc1,29
CCCc1c(-c2ccc(O)cc2)nn(-c2ccc(O)cc2)c1-c1ccc(O)cc1,1.0,CCCc1c(nn(c2ccc(O)cc2)c1c3ccc(O)cc3)c4ccc(O)cc4,c1ccc(-c2cc(-c3ccccc3)n(-c3ccccc3)n2)cc1,29
CCCc1c(-c2ccc(O)cc2)oc(-c2ccc(O)cc2)c1-c1ccc(OCCN2CCCCC2)cc1,1.0,CCCc1c(oc(c2ccc(O)cc2)c1c3ccc(OCCN4CCCCC4)cc3)c5ccc(O)cc5,c1ccc(-c2cc(-c3ccc(OCCN4CCCCC4)cc3)c(-c3ccccc3)o2)cc1,37
CCCc1c(O)cc(O)c2c1O[C@H](c1ccc(O)cc1)CC2=O,1.0,CCCc1c(O)cc(O)c2C(=O)C[C@H](Oc12)c3ccc(O)cc3,O=C1CC(c2ccccc2)Oc2ccccc21,23
CCCc1c(O)cc2ncn(-c3ccc(O)cc3)c(=O)c2c1O,0.0,CCCc1c(O)cc2N=CN(C(=O)c2c1O)c3ccc(O)cc3,O=c1c2ccccc2ncn1-c1ccccc1,23
CCCc1cc(-c2cc3ccc(O)cc3s2)ccc1O,1.0,CCCc1cc(ccc1O)c2cc3ccc(O)cc3s2,c1ccc(-c2cc3ccccc3s2)cc1,20
CCCc1cc(-c2noc3cc(O)ccc23)c(CC)cc1O,1.0,CCCc1cc(c(CC)cc1O)c2noc3cc(O)ccc23,c1ccc(-c2noc3ccccc23)cc1,22
CCCc1cc(-c2noc3cc(O)ccc23)c(CCC)cc1O,1.0,CCCc1cc(c(CCC)cc1O)c2noc3cc(O)ccc23,c1ccc(-c2noc3ccccc23)cc1,23
CCCc1cc(-n2ccnc2)n2c(nc3ccccc32)c1C#N,0.0,CCCc1cc(n2ccnc2)n3c4ccccc4nc3c1C#N,c1ccc2c(c1)nc1cccc(-n3ccnc3)n12,23
CCCc1cc(O)ccc1-c1noc2cc(O)ccc12,1.0,CCCc1cc(O)ccc1c2noc3cc(O)ccc23,c1ccc(-c2noc3ccccc23)cc1,20
CCCc1cc2c(=O)c(-c3ccc4c(c3)OCCO4)coc2cc1OC(=O)c1ccco1,0.0,CCCc1cc2C(=O)C(=COc2cc1OC(=O)c3occc3)c4ccc5OCCOc5c4,O=C(Oc1ccc2c(=O)c(-c3ccc4c(c3)OCCO4)coc2c1)c1ccco1,32
CCCc1ccc(C(=O)N(c2ccc(O)cc2)c2ccc(O)cc2)cc1,1.0,CCCc1ccc(cc1)C(=O)N(c2ccc(O)cc2)c3ccc(O)cc3,O=C(c1ccccc1)N(c1ccccc1)c1ccccc1,26
CCCc1ccc(S(=O)(=O)N2CCc3cc(O)ccc3C2c2ccc(OCCN3CCCC3)cc2)cc1,1.0,CCCc1ccc(cc1)S(=O)(=O)N2CCc3cc(O)ccc3C2c4ccc(OCCN5CCCC5)cc4,O=S(=O)(c1ccccc1)N1CCc2ccccc2C1c1ccc(OCCN2CCCC2)cc1,37
CCCc1nc2cc(O)cc(O)c2c(=O)n1-c1ccc(O)cc1,0.0,CCCC1=Nc2cc(O)cc(O)c2C(=O)N1c3ccc(O)cc3,O=c1c2ccccc2ncn1-c1ccccc1,23
CCCc1nnc2n1N=C(c1ccc(-c3cc(Cl)ccc3Cl)o1)CS2,0.0,CCCc1nnc2SCC(=Nn12)c3oc(cc3)c4cc(Cl)ccc4Cl,c1ccc(-c2ccc(C3=Nn4cnnc4SC3)o2)cc1,25
CCCn1c(-c2ccc(O)cc2)cc(-c2ccc(O)cc2)c1-c1ccc(O)cc1,1.0,CCCn1c(cc(c2ccc(O)cc2)c1c3ccc(O)cc3)c4ccc(O)cc4,c1ccc(-c2cc(-c3ccccc3)c(-c3ccccc3)[nH]2)cc1,29
CCCn1c(-c2ccc(O)cc2)cc(-c2ccc(O)cc2)c1-c1ccc(O)cc1Cl,1.0,CCCn1c(cc(c2ccc(O)cc2)c1c3ccc(O)cc3Cl)c4ccc(O)cc4,c1ccc(-c2cc(-c3ccccc3)c(-c3ccccc3)[nH]2)cc1,30
CCCn1c(-c2ccc(O)cc2)cc(-c2ccc(O)cc2)c1-c1ccc(O)cc1F,1.0,CCCn1c(cc(c2ccc(O)cc2)c1c3ccc(O)cc3F)c4ccc(O)cc4,c1ccc(-c2cc(-c3ccccc3)c(-c3ccccc3)[nH]2)cc1,30
CCCn1c(-c2ccc(O)cc2)cc(-c2ccc(O)cc2F)c1-c1ccc(O)cc1,1.0,CCCn1c(cc(c2ccc(O)cc2F)c1c3ccc(O)cc3)c4ccc(O)cc4,c1ccc(-c2cc(-c3ccccc3)c(-c3ccccc3)[nH]2)cc1,30
CCCn1c(-c2ccc(O)cc2Cl)cc(-c2ccc(O)cc2)c1-c1ccc(O)cc1,1.0,CCCn1c(cc(c2ccc(O)cc2)c1c3ccc(O)cc3)c4ccc(O)cc4Cl,c1ccc(-c2cc(-c3ccccc3)c(-c3ccccc3)[nH]2)cc1,30
CCCn1c(-c2ccc(O)cc2F)cc(-c2ccc(O)cc2)c1-c1ccc(O)cc1,1.0,CCCn1c(cc(c2ccc(O)cc2)c1c3ccc(O)cc3)c4ccc(O)cc4F,c1ccc(-c2cc(-c3ccccc3)c(-c3ccccc3)[nH]2)cc1,30
CCCn1c(-c2ccc(O)cc2F)cc(-c2ccc(O)cc2)c1-c1ccc(O)cc1F,1.0,CCCn1c(cc(c2ccc(O)cc2)c1c3ccc(O)cc3F)c4ccc(O)cc4F,c1ccc(-c2cc(-c3ccccc3)c(-c3ccccc3)[nH]2)cc1,31
CCCn1c(-c2ccc(O)cc2F)cc(-c2ccc(O)cc2F)c1-c1ccc(O)cc1F,1.0,CCCn1c(cc(c2ccc(O)cc2F)c1c3ccc(O)cc3F)c4ccc(O)cc4F,c1ccc(-c2cc(-c3ccccc3)c(-c3ccccc3)[nH]2)cc1,32
CCCn1c(N)c(-c2nc(-c3ccco3)c(C(=O)c3ccccc3)s2)c(=O)n(C)c1=O,0.0,CCCN1C(=C(C(=O)N(C)C1=O)c2nc(c3occc3)c(s2)C(=O)c4ccccc4)N,O=C(c1ccccc1)c1sc(-c2c[nH]c(=O)[nH]c2=O)nc1-c1ccco1,31
CCCn1nc(-c2ccc(O)cc2)c2cccc(C)c21,1.0,CCCn1nc(c2ccc(O)cc2)c3cccc(C)c13,c1ccc(-c2n[nH]c3ccccc23)cc1,20
CCCn1nc(-c2ccc(O)cc2)c2cccc(Cl)c21,1.0,CCCn1nc(c2ccc(O)cc2)c3cccc(Cl)c13,c1ccc(-c2n[nH]c3ccccc23)cc1,20
CCCn1nc(-c2ccc(O)cc2O)c2ccc(O)cc21,1.0,CCCn1nc(c2ccc(O)cc2O)c3ccc(O)cc13,c1ccc(-c2n[nH]c3ccccc23)cc1,21
CCCn1nc(C(=O)OCC(=O)c2ccc3c(c2)NC(=O)CO3)c2ccccc2c1=O,0.0,CCCN1N=C(C(=O)OCC(=O)c2ccc3OCC(=O)Nc3c2)c4ccccc4C1=O,O=C1COc2ccc(C(=O)COC(=O)c3n[nH]c(=O)c4ccccc34)cc2N1,31
CCN(C)C(=O)c1ccc(-c2ccc3c(n2)Oc2ccccc2[C@H]3C(C)(C)C(=O)Nc2nncs2)cc1F,0.0,CCN(C)C(=O)c1ccc(cc1F)c2ccc3[C@@H](c4ccccc4Oc3n2)C(C)(C)C(=O)Nc5nncs5,O=C(CC1c2ccccc2Oc2nc(-c3ccccc3)ccc21)Nc1nncs1,38
CCN(CC)C(=O)N1CCN(c2nc(NCCc3ccc(O)cc3)nc(N(C)CCCc3ccc(Cl)cc3)n2)CC1,0.0,CCN(CC)C(=O)N1CCN(CC1)c2nc(NCCc3ccc(O)cc3)nc(n2)N(C)CCCc4ccc(Cl)cc4,c1ccc(CCCNc2nc(NCCc3ccccc3)nc(N3CCNCC3)n2)cc1,41
CCN(CC)CCCOc1ccc(-n2c3c(c4ccc(OC)cc4c2=O)C(=O)c2cc(OC)ccc2-3)cc1,0.0,CCN(CC)CCCOc1ccc(cc1)N2C(=O)c3cc(OC)ccc3C4=C2c5ccc(OC)cc5C4=O,O=C1c2ccccc2-c2c1c1ccccc1c(=O)n2-c1ccccc1,38
CCN(CC)CCOc1ccc(-n2c3c(c4ccc(O)cc4c2=O)C(=O)c2cc(O)ccc2-3)cc1,0.0,CCN(CC)CCOc1ccc(cc1)N2C(=O)c3cc(O)ccc3C4=C2c5ccc(O)cc5C4=O,O=C1c2ccccc2-c2c1c1ccccc1c(=O)n2-c1ccccc1,35
CCN(CC)CCOc1ccc(-n2c3c(c4ccc(OC)cc4c2=O)C(=O)c2cc(OC)ccc2-3)cc1,0.0,CCN(CC)CCOc1ccc(cc1)N2C(=O)c3cc(OC)ccc3C4=C2c5ccc(OC)cc5C4=O,O=C1c2ccccc2-c2c1c1ccccc1c(=O)n2-c1ccccc1,37
CCN(CC)CCOc1ccc(/C(=C(/Cl)c2ccccc2)c2ccccc2)cc1,1.0,CCN(CC)CCOc1ccc(cc1)\C(=C(\Cl)/c2ccccc2)\c3ccccc3,C(=C(c1ccccc1)c1ccccc1)c1ccccc1,29
CCN(CC)CCOc1ccc(C(=C(C#N)c2ccccc2)c2ccc(OCCN(CC)CC)cc2)cc1,0.0,CCN(CC)CCOc1ccc(cc1)C(=C(C#N)c2ccccc2)c3ccc(OCCN(CC)CC)cc3,C(=C(c1ccccc1)c1ccccc1)c1ccccc1,38
CCN(CC)CCOc1ccc(Cn2c(-c3ccc(O)cc3)c(C)c3cc(O)ccc32)cc1,1.0,CCN(CC)CCOc1ccc(Cn2c(c(C)c3cc(O)ccc23)c4ccc(O)cc4)cc1,c1ccc(Cn2c(-c3ccccc3)cc3ccccc32)cc1,33
CCN(CC)CCOc1ccc(Cn2c3ccc(O)cc3c3sc4cc(O)ccc4c32)cc1,1.0,CCN(CC)CCOc1ccc(Cn2c3ccc(O)cc3c4sc5cc(O)ccc5c24)cc1,c1ccc(Cn2c3ccccc3c3sc4ccccc4c32)cc1,33
CCN(CC)CCOc1ccc(Cn2c3ccccc3c3sc4cc(O)ccc4c32)cc1,1.0,CCN(CC)CCOc1ccc(Cn2c3ccccc3c4sc5cc(O)ccc5c24)cc1,c1ccc(Cn2c3ccccc3c3sc4ccccc4c32)cc1,32
CCN(CC)CCOc1ccc([C@@H]2Oc3cc(F)ccc3C3=C2c2ccc(O)cc2OCC3)cc1,1.0,CCN(CC)CCOc1ccc(cc1)[C@@H]2Oc3cc(F)ccc3C4=C2c5ccc(O)cc5OCC4,c1ccc(C2Oc3ccccc3C3=C2c2ccccc2OCC3)cc1,35
CCN(CC)CCOc1ccc([C@@H]2Oc3ccccc3C3=C2c2ccc(O)cc2OCC3)cc1,1.0,CCN(CC)CCOc1ccc(cc1)[C@@H]2Oc3ccccc3C4=C2c5ccc(O)cc5OCC4,c1ccc(C2Oc3ccccc3C3=C2c2ccccc2OCC3)cc1,34
CCN(CC)CCOc1ccc([C@H]2Oc3cc(F)ccc3C3=C2c2ccc(O)cc2OCC3)cc1,1.0,CCN(CC)CCOc1ccc(cc1)[C@H]2Oc3cc(F)ccc3C4=C2c5ccc(O)cc5OCC4,c1ccc(C2Oc3ccccc3C3=C2c2ccccc2OCC3)cc1,35
CCN(CC)CCOc1ccc([C@H]2Oc3ccccc3C3=C2c2ccc(O)cc2OCC3)cc1,1.0,CCN(CC)CCOc1ccc(cc1)[C@H]2Oc3ccccc3C4=C2c5ccc(O)cc5OCC4,c1ccc(C2Oc3ccccc3C3=C2c2ccccc2OCC3)cc1,34
CCN(CC)c1ccc(-c2nn3c(-c4ccccc4OC)nnc3s2)cc1,0.0,CCN(CC)c1ccc(cc1)c2nn3c(nnc3s2)c4ccccc4OC,c1ccc(-c2nn3c(-c4ccccc4)nnc3s2)cc1,27
CCN(CC)c1ccc2c(c1)oc(=O)c1c(Cl)cc(=O)oc12,0.0,CCN(CC)c1ccc2C3=C(C(=CC(=O)O3)Cl)C(=O)Oc2c1,O=c1ccc2c(=O)oc3ccccc3c2o1,22
CCN(Cc1ccc(C(=O)N2CCc3ccc(O)cc3C2)cc1)Cc1ccccn1,0.0,CCN(Cc1ccc(cc1)C(=O)N2CCc3ccc(O)cc3C2)Cc4ccccn4,O=C(c1ccc(CNCc2ccccn2)cc1)N1CCc2ccccc2C1,30
CCN(Cc1ccc(C(=O)N2CCc3ccc(OS(N)(=O)=O)cc3C2)cc1)Cc1ccccn1,0.0,CCN(Cc1ccc(cc1)C(=O)N2CCc3ccc(OS(=O)(=O)N)cc3C2)Cc4ccccn4,O=C(c1ccc(CNCc2ccccn2)cc1)N1CCc2ccccc2C1,34
CCN(c1ccccc1)S(=O)(=O)c1cc(C(=O)O)ccc1C,0.0,CCN(c1ccccc1)S(=O)(=O)c2cc(ccc2C)C(=O)O,O=S(=O)(Nc1ccccc1)c1ccccc1,22
CCN(c1ccccc1)S(=O)(=O)c1ccc(O)c(C)c1,0.0,CCN(c1ccccc1)S(=O)(=O)c2ccc(O)c(C)c2,O=S(=O)(Nc1ccccc1)c1ccccc1,20
CCN(c1ccccc1)S(=O)(=O)c1ccc2ncc(C(=O)NCCOC)c(O)c2c1,0.0,CCN(c1ccccc1)S(=O)(=O)c2ccc3ncc(C(=O)NCCOC)c(O)c3c2,O=S(=O)(Nc1ccccc1)c1ccc2ncccc2c1,30
CCN(c1ccccc1OC)S(=O)(=O)c1ccc(O)cc1,0.0,CCN(c1ccccc1OC)S(=O)(=O)c2ccc(O)cc2,O=S(=O)(Nc1ccccc1)c1ccccc1,21
CCN1C(=O)/C(=C2/Sc3ccc(OC)cc3N2C)S/C1=N\c1cccc(O)c1,0.0,CCN1\C(=N\c2cccc(O)c2)\S\C(=C\3/Sc4ccc(OC)cc4N3C)\C1=O,O=C1NC(=Nc2ccccc2)SC1=C1Nc2ccccc2S1,28
CCN1C=N[C@@H](c2ccc(O)cc2Cl)[C@H]1c1ccc(O)cc1Cl,1.0,CCN1C=N[C@H]([C@H]1c2ccc(O)cc2Cl)c3ccc(O)cc3Cl,C1=NC(c2ccccc2)C(c2ccccc2)N1,23
CCN1CC(c2ccc(O)cc2)Cc2ccc(O)cc21,0.0,CCN1CC(Cc2ccc(O)cc12)c3ccc(O)cc3,c1ccc(C2CNc3ccccc3C2)cc1,20
CCN1CCN(c2ccc(C3c4ccc(O)cc4CCN3c3ccccc3)cc2)CC1C,1.0,CCN1CCN(CC1C)c2ccc(cc2)C3N(CCc4cc(O)ccc34)c5ccccc5,c1ccc(N2CCc3ccccc3C2c2ccc(N3CCNCC3)cc2)cc1,32
CCN1CCN(c2ccc([C@@H]3Oc4ccc(O)cc4S[C@@H]3c3ccc(O)cc3)cc2)CC1,1.0,CCN1CCN(CC1)c2ccc(cc2)[C@@H]3Oc4ccc(O)cc4S[C@@H]3c5ccc(O)cc5,c1ccc(C2Sc3ccccc3OC2c2ccc(N3CCNCC3)cc2)cc1,32
CCN1CCc2nc(NC(=O)Cc3ccc4c(c3)OCCO4)sc2C1,0.0,CCN1CCc2nc(NC(=O)Cc3ccc4OCCOc4c3)sc2C1,O=C(Cc1ccc2c(c1)OCCO2)Nc1nc2c(s1)CNCC2,25
CCN=c1ccc(Br)cc(C(=O)/C=C/c2ccccc2Cl)c1O,0.0,CCN=C1C=CC(=CC(=C1O)C(=O)\C=C\c2ccccc2Cl)Br,N=c1ccccc(C(=O)C=Cc2ccccc2)c1,23
CCNc1c(/C=N/O)ccc(-c2ccccc2)c1-c1ccccc1,1.0,CCNc1c(\C=N\O)ccc(c2ccccc2)c1c3ccccc3,c1ccc(-c2ccccc2-c2ccccc2)cc1,24
CCOC(=O)C(C)Oc1cccc2c(=O)n(CC(=O)Nc3ccc4c(c3)OCCO4)ccc12,0.0,CCOC(=O)C(C)Oc1cccc2C(=O)N(CC(=O)Nc3ccc4OCCOc4c3)C=Cc12,O=C(Cn1ccc2ccccc2c1=O)Nc1ccc2c(c1)OCCO2,33
CCOC(=O)C1(C#N)Cc2ccc([C@]3(O)CC[C@H]4[C@@H]5CCc6cc(O)ccc6[C@H]5CC[C@@]43C)cc2C1,1.0,CCOC(=O)C1(Cc2ccc(cc2C1)[C@]3(O)CC[C@H]4[C@@H]5CCc6cc(O)ccc6[C@H]5CC[C@]34C)C#N,c1ccc2c(c1)CCC1C2CCC2C(c3ccc4c(c3)CCC4)CCC21,36
CCOC(=O)C1(C(=O)OCC)Cc2ccc([C@]3(O)CC[C@H]4[C@@H]5CCc6cc(O)ccc6[C@H]5CC[C@@]43C)cc2C1,1.0,CCOC(=O)C1(Cc2ccc(cc2C1)[C@]3(O)CC[C@H]4[C@@H]5CCc6cc(O)ccc6[C@H]5CC[C@]34C)C(=O)OCC,c1ccc2c(c1)CCC1C2CCC2C(c3ccc4c(c3)CCC4)CCC21,39
CCOC(=O)C1(C(C)=O)Cc2ccc([C@]3(O)CC[C@H]4[C@@H]5CCc6cc(O)ccc6[C@H]5CC[C@@]43C)cc2C1,1.0,CCOC(=O)C1(Cc2ccc(cc2C1)[C@]3(O)CC[C@H]4[C@@H]5CCc6cc(O)ccc6[C@H]5CC[C@]34C)C(=O)C,c1ccc2c(c1)CCC1C2CCC2C(c3ccc4c(c3)CCC4)CCC21,37
CCOC(=O)C1=C(C)S/C(=C\N(C)C)C1=O,0.0,CCOC(=O)C1=C(C)S\C(=C/N(C)C)\C1=O,C=C1SC=CC1=O,16
CCOC(=O)C1=C(N)Oc2cc(O)ccc2C1c1ccc(F)cc1F,0.0,CCOC(=O)C1=C(N)Oc2cc(O)ccc2C1c3ccc(F)cc3F,C1=CC(c2ccccc2)c2ccccc2O1,25
CCOC(=O)C1=C(Nc2ccc(C)cc2)S/C(=C\c2cn(CC(=O)NCC3CCCO3)c3ccccc23)C1=O,0.0,CCOC(=O)C1=C(Nc2ccc(C)cc2)S\C(=C/c3cn(CC(=O)NCC4CCCO4)c5ccccc35)\C1=O,O=C(Cn1cc(C=C2SC(Nc3ccccc3)=CC2=O)c2ccccc21)NCC1CCCO1,39
CCOC(=O)C1=C(O)/C(=C\c2ccc(CNC(=O)C(=O)Nc3ccc(C)c(C)c3)o2)N=C1C,0.0,CCOC(=O)C1=C(O)\C(=C/c2oc(CNC(=O)C(=O)Nc3ccc(C)c(C)c3)cc2)\N=C1C,O=C(NCc1ccc(C=C2C=CC=N2)o1)C(=O)Nc1ccccc1,33
CCOC(=O)C1=C(O)/C(=C\c2ccc(CNC(=O)C(=O)Nc3ccccc3)o2)N=C1C,0.0,CCOC(=O)C1=C(O)\C(=C/c2oc(CNC(=O)C(=O)Nc3ccccc3)cc2)\N=C1C,O=C(NCc1ccc(C=C2C=CC=N2)o1)C(=O)Nc1ccccc1,31
CCOC(=O)C1=c2/c(=C/c3ccccc3OC)c(N)c(C#N)n2C(=O)C(c2ccccc2OC)S1,0.0,CCOC(=O)C1=C2N(C(=O)C(S1)c3ccccc3OC)C(=C(N)/C/2=C\c4ccccc4OC)C#N,O=C1C(c2ccccc2)SC=c2c(=Cc3ccccc3)ccn21,35
CCOC(=O)C1CCCN(C(=O)c2cc3ncc(Br)cn3n2)C1,0.0,CCOC(=O)C1CCCN(C1)C(=O)c2cc3ncc(Br)cn3n2,O=C(c1cc2ncccn2n1)N1CCCCC1,23
CCOC(=O)CCC(=O)Nc1ccccc1C(N)=O,0.0,CCOC(=O)CCC(=O)Nc1ccccc1C(=O)N,c1ccccc1,19
CCOC(=O)COc1ccc(-c2ccc(OCCN(C)C)c(Cc3ccc(-c4ccccc4)cc3)c2)cc1,0.0,CCOC(=O)COc1ccc(cc1)c2ccc(OCCN(C)C)c(Cc3ccc(cc3)c4ccccc4)c2,c1ccc(-c2ccc(Cc3cccc(-c4ccccc4)c3)cc2)cc1,38
CCOC(=O)COc1ccc(-c2ccc(OCCN(C)C)cc2)cc1CC1CCCCC1,0.0,CCOC(=O)COc1ccc(cc1CC2CCCCC2)c3ccc(OCCN(C)C)cc3,c1ccc(-c2cccc(CC3CCCCC3)c2)cc1,32
CCOC(=O)COc1ccc(-c2ccc(OCCN(C)C)cc2)cc1Cc1ccc2ccccc2c1,0.0,CCOC(=O)COc1ccc(cc1Cc2ccc3ccccc3c2)c4ccc(OCCN(C)C)cc4,c1ccc(-c2cccc(Cc3ccc4ccccc4c3)c2)cc1,36
CCOC(=O)CSc1nn(C)c(=S)s1,0.0,CCOC(=O)CSC1=NN(C)C(=S)S1,S=c1[nH]ncs1,14
CCOC(=O)Cc1cc(O)n2nc(-c3ccc(C)cc3)cc2n1,0.0,CCOC(=O)Cc1cc(O)n2nc(cc2n1)c3ccc(C)cc3,c1ccc(-c2cc3ncccn3n2)cc1,23
CCOC(=O)Cc1ccc(NS(=O)(=O)c2ccc(SC)cc2)cc1,0.0,CCOC(=O)Cc1ccc(NS(=O)(=O)c2ccc(SC)cc2)cc1,O=S(=O)(Nc1ccccc1)c1ccccc1,24
CCOC(=O)Cn1c(-c2nonc2NC(=O)c2ccccc2F)nc2ccccc21,0.0,CCOC(=O)Cn1c(nc2ccccc12)c3nonc3NC(=O)c4ccccc4F,O=C(Nc1nonc1-c1nc2ccccc2[nH]1)c1ccccc1,30
CCOC(=O)N1CCN(S(=O)(=O)c2ccc(C(=O)Nc3nc4ccc(F)cc4s3)cc2)CC1,0.0,CCOC(=O)N1CCN(CC1)S(=O)(=O)c2ccc(cc2)C(=O)Nc3nc4ccc(F)cc4s3,O=C(Nc1nc2ccccc2s1)c1ccc(S(=O)(=O)N2CCNCC2)cc1,33
CCOC(=O)N1CCc2cc(O)ccc2C1c1ccc(OCCN2CCCC2)cc1,1.0,CCOC(=O)N1CCc2cc(O)ccc2C1c3ccc(OCCN4CCCC4)cc3,c1ccc2c(c1)CCNC2c1ccc(OCCN2CCCC2)cc1,30
CCOC(=O)N1c2ccccc2C=CC1OCC,0.0,CCOC1C=Cc2ccccc2N1C(=O)OCC,C1=Cc2ccccc2NC1,18
CCOC(=O)[N-]c1c[n+](N2CCOCC2)no1,0.0,CCOC(=O)[N-]c1on[n+](c1)N2CCOCC2,c1c[n+](N2CCOCC2)no1,17
CCOC(=O)c1[nH]c2c(c1C)C(=O)CC(c1ccco1)C2,0.0,CCOC(=O)c1[nH]c2CC(CC(=O)c2c1C)c3occc3,O=C1CC(c2ccco2)Cc2[nH]ccc21,21
CCOC(=O)c1c(C)[nH]c(C)c1C(=O)CSc1nnc(-c2cc(OC)c(OC)c(OC)c2)o1,0.0,CCOC(=O)c1c(C)[nH]c(C)c1C(=O)CSc2oc(nn2)c3cc(OC)c(OC)c(OC)c3,O=C(CSc1nnc(-c2ccccc2)o1)c1cc[nH]c1,33
CCOC(=O)c1c(C)oc2c1c(/C=N/C1CCS(=O)(=O)C1)c(O)c1ccccc12,0.0,CCOC(=O)c1c(C)oc2c3ccccc3c(O)c(\C=N\C4CCS(=O)(=O)C4)c12,O=S1(=O)CCC(N=Cc2cc3ccccc3c3occc23)C1,29
CCOC(=O)c1c(C)oc2c1c(C(c1cccnc1)N1CCCCC1)c(O)c1ccccc12,0.0,CCOC(=O)c1c(C)oc2c3ccccc3c(O)c(C(N4CCCCC4)c5cccnc5)c12,c1cncc(C(c2cc3ccccc3c3occc23)N2CCCCC2)c1,33
CCOC(=O)c1c(NC(=O)CSc2nnc(-c3ccccc3)o2)sc(C(C)=O)c1C,0.0,CCOC(=O)c1c(C)c(sc1NC(=O)CSc2oc(nn2)c3ccccc3)C(=O)C,O=C(CSc1nnc(-c2ccccc2)o1)Nc1cccs1,30
CCOC(=O)c1c(NC(=O)CSc2nnc(CNC(=O)c3ccco3)n2C)sc2c1CCC2,0.0,CCOC(=O)c1c2CCCc2sc1NC(=O)CSc3nnc(CNC(=O)c4occc4)n3C,O=C(CSc1nnc(CNC(=O)c2ccco2)[nH]1)Nc1cc2c(s1)CCC2,33
CCOC(=O)c1c(Nc2nc(C)c(C(=O)NC)s2)sc(C)c1C,0.0,CCOC(=O)c1c(C)c(C)sc1Nc2nc(C)c(s2)C(=O)NC,c1csc(Nc2nccs2)c1,23
CCOC(=O)c1c2c(n(C)c1COC)C(=O)C(=O)c1ccc(Br)cc1-2,0.0,CCOC(=O)c1c(COC)n(C)c2C(=O)C(=O)c3ccc(Br)cc3c12,O=C1C(=O)c2[nH]ccc2-c2ccccc21,25
CCOC(=O)c1cc(O)cc2nc(-c3ccc(O)cc3)oc12,0.0,CCOC(=O)c1cc(O)cc2nc(oc12)c3ccc(O)cc3,c1ccc(-c2nc3ccccc3o2)cc1,22
CCOC(=O)c1cc2c(c(CSc3nc4ccccc4c(=O)n3Cc3ccco3)c1)OCOC2,0.0,CCOC(=O)c1cc(CSC2=Nc3ccccc3C(=O)N2Cc4occc4)c5OCOCc5c1,O=c1c2ccccc2nc(SCc2cccc3c2OCOC3)n1Cc1ccco1,34
CCOC(=O)c1cc2ccccc2n1CCN(CC)CC,0.0,Cl.CCOC(=O)c1cc2ccccc2n1CCN(CC)CC,c1ccc2[nH]ccc2c1,21
CCOC(=O)c1cc2nc(C)[nH]c2cc1[N+](=O)[O-],0.0,CCOC(=O)c1cc2nc(C)[nH]c2cc1[N+](=O)[O-],c1ccc2[nH]cnc2c1,18
CCOC(=O)c1ccc(NC(=O)CSc2nc(C)cc(O)n2)cc1,0.0,CCOC(=O)c1ccc(NC(=O)CSc2nc(C)cc(O)n2)cc1,O=C(CSc1ncccn1)Nc1ccccc1,24
CCOC(=O)c1ccc(NC(=O)CSc2nnc(CNc3ccc(OC)cc3)n2C)cc1,0.0,CCOC(=O)c1ccc(NC(=O)CSc2nnc(CNc3ccc(OC)cc3)n2C)cc1,O=C(CSc1nnc(CNc2ccccc2)[nH]1)Nc1ccccc1,32
CCOC(=O)c1ccc(O)cc1,0.0,CCOC(=O)c1ccc(O)cc1,c1ccccc1,12
CCOC(=O)c1sc(NC(=O)c2ccc3ncsc3c2)nc1C,0.0,CCOC(=O)c1sc(NC(=O)c2ccc3ncsc3c2)nc1C,O=C(Nc1nccs1)c1ccc2ncsc2c1,23
CCOCC(=O)Nc1cccc(C(=O)OCC)c1,0.0,CCOCC(=O)Nc1cccc(c1)C(=O)OCC,c1ccccc1,18
CCOCCCNC(=O)c1cnc2ccc(S(=O)(=O)Nc3cccc(OC)c3)cc2c1O,0.0,CCOCCCNC(=O)c1cnc2ccc(cc2c1O)S(=O)(=O)Nc3cccc(OC)c3,O=S(=O)(Nc1ccccc1)c1ccc2ncccc2c1,32
CCOCCN(CCOCC)c1cc(-c2ccccc2)cc(-c2ccc(O)c(C)c2)n1,0.0,CCOCCN(CCOCC)c1cc(cc(n1)c2ccc(O)c(C)c2)c3ccccc3,c1ccc(-c2ccnc(-c3ccccc3)c2)cc1,31
CCOCc1cc(O)cc2c1O[C@@H](c1ccc(O)cc1)[C@H]1CCC[C@@H]21,1.0,CCOCc1cc(O)cc2[C@@H]3CCC[C@@H]3[C@@H](Oc12)c4ccc(O)cc4,c1ccc(C2Oc3ccccc3C3CCCC32)cc1,25
CCOP(=O)(OCC)C1(NS(=O)(=O)c2ccccc2)C=C(Br)C(=O)c2ccccc21,0.0,CCOP(=O)(OCC)C1(NS(=O)(=O)c2ccccc2)C=C(Br)C(=O)c3ccccc13,O=C1C=CC(NS(=O)(=O)c2ccccc2)c2ccccc21,30
CCOP(=O)(OCC)C1(NS(=O)(=O)c2ccccc2)C=C(Cl)C(=O)c2ccccc21,0.0,CCOP(=O)(OCC)C1(NS(=O)(=O)c2ccccc2)C=C(Cl)C(=O)c3ccccc13,O=C1C=CC(NS(=O)(=O)c2ccccc2)c2ccccc21,30
CCOc1cc(N2CCOCC2)c(OCC)cc1NC(=O)c1cc(-c2ccco2)nc2ccccc12,0.0,CCOc1cc(N2CCOCC2)c(OCC)cc1NC(=O)c3cc(nc4ccccc34)c5occc5,O=C(Nc1ccc(N2CCOCC2)cc1)c1cc(-c2ccco2)nc2ccccc12,36
CCOc1ccc(-c2c(C)c3cc(O)ccc3n2Cc2ccc(OCCN3CCCCC3)cc2)cc1,1.0,CCOc1ccc(cc1)c2c(C)c3cc(O)ccc3n2Cc4ccc(OCCN5CCCCC5)cc4,c1ccc(-c2cc3ccccc3n2Cc2ccc(OCCN3CCCCC3)cc2)cc1,36
CCOc1ccc(-c2c(C)c3cc(O)ccc3n2Cc2ccc(OCCN3CCCCCC3)cc2)cc1,1.0,CCOc1ccc(cc1)c2c(C)c3cc(O)ccc3n2Cc4ccc(OCCN5CCCCCC5)cc4,c1ccc(-c2cc3ccccc3n2Cc2ccc(OCCN3CCCCCC3)cc2)cc1,37
CCOc1ccc(/C=c2\sc3nc(-c4ccco4)nn3c2=O)cc1OCC,0.0,CCOc1ccc(\C=C\2/Sc3nc(nn3C2=O)c4occc4)cc1OCC,O=c1c(=Cc2ccccc2)sc2nc(-c3ccco3)nn12,27
CCOc1ccc(C2=C(c3ccccc3)CCCc3cc(O)ccc32)cc1,1.0,CCOc1ccc(cc1)C2=C(CCCc3cc(O)ccc23)c4ccccc4,c1ccc(C2=C(c3ccccc3)c3ccccc3CCC2)cc1,27
CCOc1ccc(CC2SC(Nc3ccccn3)=NC2=O)cc1,0.0,CCOc1ccc(CC2SC(=NC2=O)Nc3ccccn3)cc1,O=C1N=C(Nc2ccccn2)SC1Cc1ccccc1,23
CCOc1ccc(N2CSC3=C(C#N)C(c4ccco4)CC(=O)N3C2)cc1,0.0,CCOc1ccc(cc1)N2CSC3=C(C#N)C(CC(=O)N3C2)c4occc4,O=C1CC(c2ccco2)C=C2SCN(c3ccccc3)CN12,27
CCOc1ccc(NC(=O)c2cc3cc4ccc(OC)cc4nc3o2)cc1,0.0,CCOc1ccc(NC(=O)c2oc3nc4cc(OC)ccc4cc3c2)cc1,O=C(Nc1ccccc1)c1cc2cc3ccccc3nc2o1,27
CCOc1ccc(NC2=NC(=O)S/C2=C\c2ccc(OC)cc2)cc1,0.0,CCOc1ccc(NC2=NC(=O)S/C/2=C\c3ccc(OC)cc3)cc1,O=C1N=C(Nc2ccccc2)C(=Cc2ccccc2)S1,25
CCOc1ccc(Nc2oc(-c3ccccc3Cl)nc2C#N)cc1,0.0,CCOc1ccc(Nc2oc(nc2C#N)c3ccccc3Cl)cc1,c1ccc(Nc2cnc(-c3ccccc3)o2)cc1,24
CCOc1ccc2c(Oc3ccc(/C=C/C(=O)O)cc3)c(-c3ccc(OC(F)(F)F)cc3C)c(=O)oc2c1,1.0,CCOc1ccc2C(=C(C(=O)Oc2c1)c3ccc(OC(F)(F)F)cc3C)Oc4ccc(\C=C\C(=O)O)cc4,O=c1oc2ccccc2c(Oc2ccccc2)c1-c1ccccc1,38
CCOc1ccc2c(c1)CCCC(c1ccccc1)=C2c1ccc(O)cc1,1.0,CCOc1ccc2C(=C(CCCc2c1)c3ccccc3)c4ccc(O)cc4,c1ccc(C2=C(c3ccccc3)c3ccccc3CCC2)cc1,27
CCOc1ccc2c(c1)CCCC(c1ccccc1)=C2c1ccc(OCCN(C)C)cc1,1.0,CCOc1ccc2C(=C(CCCc2c1)c3ccccc3)c4ccc(OCCN(C)C)cc4,c1ccc(C2=C(c3ccccc3)c3ccccc3CCC2)cc1,32
CCOc1cccc(-c2nnc3sc(-c4cc(OC)c(OC)c(OC)c4)nn23)c1,0.0,CCOc1cccc(c1)c2nnc3sc(nn23)c4cc(OC)c(OC)c(OC)c4,c1ccc(-c2nn3c(-c4ccccc4)nnc3s2)cc1,29
CCOc1cccc2c1-c1ccc(NS(C)(=O)=O)cc1C(c1ccccc1)O2,0.0,CCOc1cccc2OC(c3ccccc3)c4cc(NS(=O)(=O)C)ccc4c12,c1ccc(C2Oc3ccccc3-c3ccccc32)cc1,28
CCOc1cccc2cc(-c3cn4cc(C)ccc4n3)c(=O)oc12,0.0,CCOc1cccc2C=C(C(=O)Oc12)c3cn4cc(C)ccc4n3,O=c1oc2ccccc2cc1-c1cn2ccccc2n1,24
CCOc1cccc2cc(-c3nnc(NCc4ccco4)s3)c(=O)oc12,0.0,CCOc1cccc2C=C(C(=O)Oc12)c3nnc(NCc4occc4)s3,O=c1oc2ccccc2cc1-c1nnc(NCc2ccco2)s1,26
CCOc1ccccc1-c1nc(-c2ccc(NC(=O)c3ccc(Br)o3)cc2)no1,0.0,CCOc1ccccc1c2onc(n2)c3ccc(NC(=O)c4oc(Br)cc4)cc3,O=C(Nc1ccc(-c2noc(-c3ccccc3)n2)cc1)c1ccco1,29
CCOc1ccccc1/C=c1\sc2nc(-c3ccco3)nn2c1=O,0.0,CCOc1ccccc1\C=C\2/Sc3nc(nn3C2=O)c4occc4,O=c1c(=Cc2ccccc2)sc2nc(-c3ccco3)nn12,24
CCOc1ccccc1C1C(C#N)=C(N)Nc2onc(-c3ccccc3)c21,0.0,CCOc1ccccc1C2C(=C(N)Nc3onc(c4ccccc4)c23)C#N,C1=CC(c2ccccc2)c2c(-c3ccccc3)noc2N1,27
CCOc1ccccc1N1C(=O)NC(=O)C(CCc2ccncc2)(CCc2ccncc2)C1=O,0.0,CCOc1ccccc1N2C(=O)NC(=O)C(CCc3ccncc3)(CCc4ccncc4)C2=O,O=C1NC(=O)C(CCc2ccncc2)(CCc2ccncc2)C(=O)N1c1ccccc1,34
CCOc1ccccc1N1CSC2=C(C#N)C(c3c(OC)ccc4ccccc34)CC(=O)N2C1,0.0,CCOc1ccccc1N2CSC3=C(C#N)C(CC(=O)N3C2)c4c(OC)ccc5ccccc45,O=C1CC(c2cccc3ccccc23)C=C2SCN(c3ccccc3)CN12,34
CCS(=O)(=O)c1ccc(-c2ccc3cc(O)ccc3c2Oc2ccc(OCCN3CCCCC3)cc2)cc1,1.0,CCS(=O)(=O)c1ccc(cc1)c2ccc3cc(O)ccc3c2Oc4ccc(OCCN5CCCCC5)cc4,c1ccc(-c2ccc3ccccc3c2Oc2ccc(OCCN3CCCCC3)cc2)cc1,38
CCS(=O)(=O)c1ccc(-c2sc3cc(O)ccc3c2Oc2ccc(OCCN3CCCCC3)cc2)cc1,1.0,CCS(=O)(=O)c1ccc(cc1)c2sc3cc(O)ccc3c2Oc4ccc(OCCN5CCCCC5)cc4,c1ccc(-c2sc3ccccc3c2Oc2ccc(OCCN3CCCCC3)cc2)cc1,37
CCSC1=C(c2ccc(O)cc2)C(=O)c2cc(O)ccc21,1.0,CCSC1=C(C(=O)c2cc(O)ccc12)c3ccc(O)cc3,O=C1C(c2ccccc2)=Cc2ccccc21,21
CCSc1nc(O)c2cnn(-c3ccc(C)cc3)c2n1,0.0,CCSc1nc(O)c2cnn(c3ccc(C)cc3)c2n1,c1ccc(-n2ncc3cncnc32)cc1,20
CCSc1nnc(NC(=O)C2Cc3ccccc3CN2C(=O)c2ccco2)s1,0.0,CCSc1nnc(NC(=O)C2Cc3ccccc3CN2C(=O)c4occc4)s1,O=C(Nc1nncs1)C1Cc2ccccc2CN1C(=O)c1ccco1,28
CC[C@@H](CN1CCCC1)Oc1ccc([C@@H]2Oc3ccc(O)cc3S[C@@H]2c2ccc(O)cc2)cc1,1.0,CC[C@@H](CN1CCCC1)Oc2ccc(cc2)[C@@H]3Oc4ccc(O)cc4S[C@@H]3c5ccc(O)cc5,c1ccc(C2Sc3ccccc3OC2c2ccc(OCCN3CCCC3)cc2)cc1,34
CC[C@@H](COc1ccc([C@@H]2Oc3ccc(O)cc3S[C@@H]2c2ccc(O)cc2)cc1)N1CCCC1,1.0,CC[C@@H](COc1ccc(cc1)[C@@H]2Oc3ccc(O)cc3S[C@@H]2c4ccc(O)cc4)N5CCCC5,c1ccc(C2Sc3ccccc3OC2c2ccc(OCCN3CCCC3)cc2)cc1,34
CC[C@@H]1CCN(CCOc2ccc([C@@H]3Oc4ccc(O)cc4S[C@@H]3c3ccc(O)cc3)cc2)C1,1.0,CC[C@@H]1CCN(CCOc2ccc(cc2)[C@@H]3Oc4ccc(O)cc4S[C@@H]3c5ccc(O)cc5)C1,c1ccc(C2Sc3ccccc3OC2c2ccc(OCCN3CCCC3)cc2)cc1,34
CC[C@@H]1CC[C@@H]2C[C@]13Cc1cc(O)ccc1C3=C(C)C2=O,1.0,CC[C@@H]1CC[C@@H]2C[C@]13Cc4cc(O)ccc4C3=C(C)C2=O,O=C1C=C2c3ccccc3CC23CCCC1C3,21
CC[C@@H]1c2cc(O)ccc2O[C@@H](c2ccc(OCCN3CCCCC3)cc2)[C@H]1c1ccc(O)cc1,1.0,CC[C@H]1[C@@H]([C@@H](Oc2ccc(O)cc12)c3ccc(OCCN4CCCCC4)cc3)c5ccc(O)cc5,c1ccc(C2Cc3ccccc3OC2c2ccc(OCCN3CCCCC3)cc2)cc1,35
CC[C@@]12CCC(=O)C(Br)=C1c1ccc3[nH]ncc3c1C2,1.0,CC[C@@]12CCC(=O)C(=C1c3ccc4[nH]ncc4c3C2)Br,O=C1C=C2c3ccc4[nH]ncc4c3CC2CC1,20
CC[C@@]12CCC(=O)C(C(F)(F)F)=C1c1ccc3[nH]nc(F)c3c1C2,1.0,CC[C@@]12CCC(=O)C(=C1c3ccc4[nH]nc(F)c4c3C2)C(F)(F)F,O=C1C=C2c3ccc4[nH]ncc4c3CC2CC1,24
CC[C@@]12CCC(=O)C(C(F)(F)F)=C1c1ccc3[nH]ncc3c1C2,1.0,CC[C@@]12CCC(=O)C(=C1c3ccc4[nH]ncc4c3C2)C(F)(F)F,O=C1C=C2c3ccc4[nH]ncc4c3CC2CC1,23
CC[C@@]12CCC(=O)C(C(F)(F)F)=C1c1ccc3[nH]ncc3c1C2=O,1.0,CC[C@@]12CCC(=O)C(=C1c3ccc4[nH]ncc4c3C2=O)C(F)(F)F,O=C1C=C2c3ccc4[nH]ncc4c3C(=O)C2CC1,24
CC[C@@]12CCC(=O)C(C)=C1c1ccc3[nH]ncc3c1C2,1.0,CC[C@@]12CCC(=O)C(=C1c3ccc4[nH]ncc4c3C2)C,O=C1C=C2c3ccc4[nH]ncc4c3CC2CC1,20
CC[C@@]12CCC(=O)C(Cl)=C1c1ccc3[nH]nc(F)c3c1C2,1.0,CC[C@@]12CCC(=O)C(=C1c3ccc4[nH]nc(F)c4c3C2)Cl,O=C1C=C2c3ccc4[nH]ncc4c3CC2CC1,21
CC[C@@]12CCC(=O)C(Cl)=C1c1ccc3[nH]ncc3c1C2,1.0,CC[C@@]12CCC(=O)C(=C1c3ccc4[nH]ncc4c3C2)Cl,O=C1C=C2c3ccc4[nH]ncc4c3CC2CC1,20
CC[C@@]12CCC(=O)C(Cl)=C1c1ccc3[nH]ncc3c1C2=O,1.0,CC[C@@]12CCC(=O)C(=C1c3ccc4[nH]ncc4c3C2=O)Cl,O=C1C=C2c3ccc4[nH]ncc4c3C(=O)C2CC1,21
CC[C@@]12CCC(=O)C(c3ccccc3)=C1c1ccc3[nH]ncc3c1C2,1.0,CC[C@@]12CCC(=O)C(=C1c3ccc4[nH]ncc4c3C2)c5ccccc5,O=C1CCC2Cc3c(ccc4[nH]ncc34)C2=C1c1ccccc1,25
CC[C@@]12C[C@@](C)(O)[C@](O)(c3ccccc3)C[C@H]1CCc1cc(O)ccc12,0.0,CC[C@@]12C[C@@](C)(O)[C@@](O)(C[C@H]1CCc3cc(O)ccc23)c4ccccc4,c1ccc(C2CCC3c4ccccc4CCC3C2)cc1,26
CC[C@@]12C[C@H](O)[C@](O)(c3ccccc3)C[C@H]1CCc1cc(O)ccc12,0.0,CC[C@@]12C[C@H](O)[C@@](O)(C[C@H]1CCc3cc(O)ccc23)c4ccccc4,c1ccc(C2CCC3c4ccccc4CCC3C2)cc1,25
CC[C@@]12C[C@H](O)[C@](O)(c3ccccc3)C[C@H]1CCc1cc(OCc3cccnc3C)ccc12,0.0,CC[C@@]12C[C@H](O)[C@@](O)(C[C@H]1CCc3cc(OCc4cccnc4C)ccc23)c5ccccc5,c1ccc(C2CCC3c4ccc(OCc5cccnc5)cc4CCC3C2)cc1,33
CC[C@H](C)[C@@H]1NC(=O)[C@H](NC(=O)[C@@H](N)CCCCN)CSSC[C@@H](C(=O)N[C@@H](CCCNC(=N)N)C(=O)N[C@@H](CC(C)C)C(=O)N[C@@H](CC(C)C)C(=O)N[C@@H](CCC(N)=O)C(N)=O)NC(=O)[C@H](CC(C)C)NC1=O,1.0,CC[C@H](C)[C@@H]1NC(=O)[C@@H](CSSC[C@H](NC(=O)[C@H](CC(C)C)NC1=O)C(=O)N[C@@H](CCCNC(=N)N)C(=O)N[C@@H](CC(C)C)C(=O)N[C@@H](CC(C)C)C(=O)N[C@@H](CCC(=O)N)C(=O)N)NC(=O)[C@@H](N)CCCCN,O=C1CCSSCCNC(=O)CNC(=O)CN1,74
CC[C@H](C)[C@@H]1NC(=O)[C@H](NC(=O)[C@@H](N)CCCNC(=N)N)C/C=C\C[C@@H](C(=O)N[C@@H](CCCNC(=N)N)C(=O)NC(CC(C)(C)C)C(=O)N[C@@H](CC(C)C)C(=O)N[C@@H](CCC(N)=O)C(N)=O)NC(=O)[C@H](CC(C)C)NC1=O,1.0,CC[C@H](C)[C@@H]1NC(=O)[C@@H](C\C=C/C[C@H](NC(=O)[C@H](CC(C)C)NC1=O)C(=O)N[C@@H](CCCNC(=N)N)C(=O)NC(CC(C)(C)C)C(=O)N[C@@H](CC(C)C)C(=O)N[C@@H](CCC(=O)N)C(=O)N)NC(=O)[C@@H](N)CCCNC(=N)N,O=C1CCC=CCCNC(=O)CNC(=O)CN1,77
CC[C@H](C)[C@@H]1NC(=O)[C@H](NC(=O)[C@@H](N)CCCNC(=N)N)CSSC[C@@H](C(=O)N[C@@H](CCCNC(=N)N)C(=O)NC(CC(C)(C)C)C(=O)N[C@@H](CC(C)C)C(=O)N[C@@H](CCC(N)=O)C(N)=O)NC(=O)[C@H](CC(C)C)NC1=O,1.0,CC[C@H](C)[C@@H]1NC(=O)[C@@H](CSSC[C@H](NC(=O)[C@H](CC(C)C)NC1=O)C(=O)N[C@@H](CCCNC(=N)N)C(=O)NC(CC(C)(C)C)C(=O)N[C@@H](CC(C)C)C(=O)N[C@@H](CCC(=O)N)C(=O)N)NC(=O)[C@@H](N)CCCNC(=N)N,O=C1CCSSCCNC(=O)CNC(=O)CN1,77
CC[C@H](CN1CCCC1)Oc1ccc([C@@H]2Oc3ccc(O)cc3S[C@@H]2c2ccc(O)cc2)cc1,1.0,CC[C@H](CN1CCCC1)Oc2ccc(cc2)[C@@H]3Oc4ccc(O)cc4S[C@@H]3c5ccc(O)cc5,c1ccc(C2Sc3ccccc3OC2c2ccc(OCCN3CCCC3)cc2)cc1,34
CC[C@H](COc1ccc([C@@H]2Oc3ccc(O)cc3S[C@@H]2c2ccc(O)cc2)cc1)N1CCCC1,1.0,CC[C@H](COc1ccc(cc1)[C@@H]2Oc3ccc(O)cc3S[C@@H]2c4ccc(O)cc4)N5CCCC5,c1ccc(C2Sc3ccccc3OC2c2ccc(OCCN3CCCC3)cc2)cc1,34
CC[C@H](c1ccc(O)cc1)[C@@H](C#N)c1ccc(O)cc1,1.0,CC[C@@H]([C@@H](C#N)c1ccc(O)cc1)c2ccc(O)cc2,c1ccc(CCc2ccccc2)cc1,20
CC[C@H](c1ccc(O)cc1)[C@H](CC)c1ccc(O)cn1,1.0,CC[C@@H]([C@H](CC)c1ccc(O)cn1)c2ccc(O)cc2,c1ccc(CCc2ccccn2)cc1,20
CC[C@H](c1ccc(O)cn1)[C@@H](C)c1ccc(O)cc1,1.0,CC[C@@H]([C@@H](C)c1ccc(O)cc1)c2ccc(O)cn2,c1ccc(CCc2ccccn2)cc1,19
CC[C@H](c1ccc(O)cn1)[C@@H](CC)c1ccc(O)cc1,1.0,CC[C@H]([C@H](CC)c1ccc(O)cn1)c2ccc(O)cc2,c1ccc(CCc2ccccn2)cc1,20
CC[C@H]1CCN(CCOc2ccc([C@@H]3Oc4ccc(O)cc4S[C@@H]3c3ccc(O)cc3)cc2)C1,1.0,CC[C@H]1CCN(CCOc2ccc(cc2)[C@@H]3Oc4ccc(O)cc4S[C@@H]3c5ccc(O)cc5)C1,c1ccc(C2Sc3ccccc3OC2c2ccc(OCCN3CCCC3)cc2)cc1,34
CC[C@](C)(c1ccccc1)[C@@H](c1ccc(O)cc1)c1ccc(OCCCC(=O)O)cc1,0.0,CC[C@@](C)([C@@H](c1ccc(O)cc1)c2ccc(OCCCC(=O)O)cc2)c3ccccc3,c1ccc(CC(c2ccccc2)c2ccccc2)cc1,31
CC[C@]12CCC(=O)C(C)=C1c1ccc3[nH]ncc3c1C2,0.0,CC[C@]12CCC(=O)C(=C1c3ccc4[nH]ncc4c3C2)C,O=C1C=C2c3ccc4[nH]ncc4c3CC2CC1,20
CC[C@]12CC[C@H](O)CC1=CCC1C2CC[C@@]2(C)C1CC[C@@H]2O,0.0,CC[C@]12CC[C@H](O)CC1=CCC3C4CC[C@H](O)[C@@]4(C)CCC23,C1=C2CCCCC2C2CCC3CCCC3C2C1,22
CC[C@]12CC[C@H](O)CC1=CC[C@@H]1[C@@H]2CC[C@]2(C)[C@@H](O)CC[C@@H]12,0.0,CC[C@]12CC[C@H](O)CC1=CC[C@H]3[C@@H]4CC[C@H](O)[C@@]4(C)CC[C@H]23,C1=C2CCCCC2C2CCC3CCCC3C2C1,22
CC[Si](CC)(c1ccc(O)c(C)c1)c1ccc(O)c(C)c1,1.0,CC[Si](CC)(c1ccc(O)c(C)c1)c2ccc(O)c(C)c2,c1ccc([SiH2]c2ccccc2)cc1,21
CC[Si](CC)(c1ccc(O)cc1)c1ccc(O)cc1,1.0,CC[Si](CC)(c1ccc(O)cc1)c2ccc(O)cc2,c1ccc([SiH2]c2ccccc2)cc1,19
CCc1c(-c2ccc(O)cc2)n(Cc2ccc(OCCN3CCCCC3)cc2)c2ccc(O)cc12,1.0,CCc1c(c2ccc(O)cc2)n(Cc3ccc(OCCN4CCCCC4)cc3)c5ccc(O)cc15,c1ccc(-c2cc3ccccc3n2Cc2ccc(OCCN3CCCCC3)cc2)cc1,35
CCc1c(-c2ccc(O)cc2)oc(-c2ccc(O)cc2)c1-c1ccc(OC)cc1,1.0,CCc1c(oc(c2ccc(O)cc2)c1c3ccc(OC)cc3)c4ccc(O)cc4,c1ccc(-c2cc(-c3ccccc3)c(-c3ccccc3)o2)cc1,29
CCc1c(-c2ccc(O)cc2)oc(-c2ccc(O)cc2)c1-c1ccc(OCCN2CCCCC2)cc1,1.0,CCc1c(oc(c2ccc(O)cc2)c1c3ccc(OCCN4CCCCC4)cc3)c5ccc(O)cc5,c1ccc(-c2cc(-c3ccc(OCCN4CCCCC4)cc3)c(-c3ccccc3)o2)cc1,36
CCc1c(-c2ccc(O)cc2)oc(-c2ccccc2)c1-c1ccc(OCCN2CCCCC2)cc1,1.0,CCc1c(oc(c2ccccc2)c1c3ccc(OCCN4CCCCC4)cc3)c5ccc(O)cc5,c1ccc(-c2cc(-c3ccc(OCCN4CCCCC4)cc3)c(-c3ccccc3)o2)cc1,35
CCc1c(-c2ccc(OCCN3CCCCC3)cc2)oc(-c2ccc(O)cc2)c1-c1ccc(O)cc1,1.0,CCc1c(oc(c2ccc(O)cc2)c1c3ccc(O)cc3)c4ccc(OCCN5CCCCC5)cc4,c1ccc(-c2cc(-c3ccc(OCCN4CCCCC4)cc3)oc2-c2ccccc2)cc1,36
CCc1c(-c2ccccc2)oc(-c2ccc(O)cc2)c1-c1ccc(OCCN2CCCCC2)cc1,1.0,CCc1c(oc(c2ccc(O)cc2)c1c3ccc(OCCN4CCCCC4)cc3)c5ccccc5,c1ccc(-c2cc(-c3ccc(OCCN4CCCCC4)cc3)c(-c3ccccc3)o2)cc1,35
CCc1c(O)ccc2c1O[C@H](c1ccc(OCCN3CCCCC3)cc1)[C@H](c1ccc(O)cc1)S2,1.0,CCc1c(O)ccc2S[C@H]([C@H](Oc12)c3ccc(OCCN4CCCCC4)cc3)c5ccc(O)cc5,c1ccc(C2Sc3ccccc3OC2c2ccc(OCCN3CCCCC3)cc2)cc1,35
CCc1c(O)ccc2c1oc(=O)c1cc(Br)ccc12,0.0,CCc1c(O)ccc2c1OC(=O)c3cc(Br)ccc23,O=c1oc2ccccc2c2ccccc12,19
CCc1cc(-c2cc3ccc(O)cc3s2)ccc1O,1.0,CCc1cc(ccc1O)c2cc3ccc(O)cc3s2,c1ccc(-c2cc3ccccc3s2)cc1,19
CCc1cc(NCC(C)C)nc(NCC(C)C)n1,0.0,CCc1cc(NCC(C)C)nc(NCC(C)C)n1,c1cncnc1,18
CCc1cc(O)cc2c1C(=O)[C@@H](c1ccc(O)cc1)[C@@H](c1ccc(OCCN3CCCCC3)cc1)O2,1.0,CCc1cc(O)cc2O[C@@H]([C@@H](C(=O)c12)c3ccc(O)cc3)c4ccc(OCCN5CCCCC5)cc4,O=C1c2ccccc2OC(c2ccc(OCCN3CCCCC3)cc2)C1c1ccccc1,36
CCc1cc(O)cc2c1S[C@@H](c1ccc(O)cc1)[C@@H](c1ccc(OCCN3CCCCC3)cc1)O2,1.0,CCc1cc(O)cc2O[C@@H]([C@@H](Sc12)c3ccc(O)cc3)c4ccc(OCCN5CCCCC5)cc4,c1ccc(C2Sc3ccccc3OC2c2ccc(OCCN3CCCCC3)cc2)cc1,35
CCc1cc(O)cc2ccc(-c3ccc(O)c(F)c3)cc12,1.0,CCc1cc(O)cc2ccc(cc12)c3ccc(O)c(F)c3,c1ccc(-c2ccc3ccccc3c2)cc1,21
CCc1cc(O)cc2ncn(-c3ccc(O)cc3)c(=O)c12,0.0,CCc1cc(O)cc2N=CN(C(=O)c12)c3ccc(O)cc3,O=c1c2ccccc2ncn1-c1ccccc1,21
CCc1cc(O)cc2ncn(-c3ccc(O)cc3)c(=S)c12,0.0,CCc1cc(O)cc2N=CN(C(=S)c12)c3ccc(O)cc3,S=c1c2ccccc2ncn1-c1ccccc1,21
CCc1cc(OC)cc2c(=O)oc3c(C)c(O)ccc3c12,0.0,CCc1cc(OC)cc2C(=O)Oc3c(C)c(O)ccc3c12,O=c1oc2ccccc2c2ccccc12,21
CCc1ccc(NC(=O)c2noc3c2CCC3)cc1,0.0,CCc1ccc(NC(=O)c2noc3CCCc23)cc1,O=C(Nc1ccccc1)c1noc2c1CCC2,19
CCc1ccc(Nc2nc(N)nc(CSc3nnnn3-c3ccccc3)n2)cc1,0.0,CCc1ccc(Nc2nc(N)nc(CSc3nnnn3c4ccccc4)n2)cc1,c1ccc(Nc2ncnc(CSc3nnnn3-c3ccccc3)n2)cc1,29
CCc1ccc2c(c1)C(c1ccc(OCCN3CCCCC3)cc1)Cc1cc(O)cc(C)c1-2,1.0,CCc1ccc2c(c1)C(Cc3cc(O)cc(C)c23)c4ccc(OCCN5CCCCC5)cc4,c1ccc2c(c1)CC(c1ccc(OCCN3CCCCC3)cc1)c1ccccc1-2,33
CCc1ccc2c(c1)C(c1ccc(OCCN3CCOCC3)cc1)Cc1cc(O)cc(C)c1-2,1.0,CCc1ccc2c(c1)C(Cc3cc(O)cc(C)c23)c4ccc(OCCN5CCOCC5)cc4,c1ccc2c(c1)CC(c1ccc(OCCN3CCOCC3)cc1)c1ccccc1-2,33
CCc1ccc2nc(NC(=O)c3ccc4c(O)nc(CN5CCOCC5)nc4c3)sc2c1,0.0,CCc1ccc2nc(NC(=O)c3ccc4c(O)nc(CN5CCOCC5)nc4c3)sc2c1,O=C(Nc1nc2ccccc2s1)c1ccc2cnc(CN3CCOCC3)nc2c1,32
CCc1ccc2nc(O)c(C3C(C#N)=C(N)Oc4c3ccc3cccnc43)cc2c1,0.0,CCc1ccc2nc(O)c(cc2c1)C3C(=C(N)Oc4c3ccc5cccnc45)C#N,C1=CC(c2cnc3ccccc3c2)c2ccc3cccnc3c2O1,30
CCc1ccc2nc(O)c(CN(Cc3ccc4c(c3)OCO4)C(=O)c3ccco3)cc2c1,0.0,CCc1ccc2nc(O)c(CN(Cc3ccc4OCOc4c3)C(=O)c5occc5)cc2c1,O=C(c1ccco1)N(Cc1ccc2c(c1)OCO2)Cc1cnc2ccccc2c1,32
CCc1ccc2nc(SCC(=O)N3CC(=O)Nc4ccccc43)c(C#N)cc2c1,0.0,CCc1ccc2nc(SCC(=O)N3CC(=O)Nc4ccccc34)c(cc2c1)C#N,O=C1CN(C(=O)CSc2ccc3ccccc3n2)c2ccccc2N1,29
CCc1cccc2c(C(=O)Cn3nnc(-c4ccc(OC)c(OC)c4)n3)c[nH]c12,0.0,CCc1cccc2c(c[nH]c12)C(=O)Cn3nnc(n3)c4ccc(OC)c(OC)c4,O=C(Cn1nnc(-c2ccccc2)n1)c1c[nH]c2ccccc12,29
CCc1cn(CCO)c(CC)c1Oc1ccc(C#N)cc1,0.0,CCc1cn(CCO)c(CC)c1Oc2ccc(cc2)C#N,c1ccc(Oc2cc[nH]c2)cc1,21
CCc1n[nH]c2c1C(c1cccc(OC(=O)N3CCOCC3)c1)C(C#N)=C(N)O2,0.0,CCc1n[nH]c2OC(=C(C#N)C(c3cccc(OC(=O)N4CCOCC4)c3)c12)N,O=C(Oc1cccc(C2C=COc3[nH]ncc32)c1)N1CCOCC1,29
CCc1nc2cc(O)cc(O)c2c(=O)n1-c1ccc(O)cc1,0.0,CCC1=Nc2cc(O)cc(O)c2C(=O)N1c3ccc(O)cc3,O=c1c2ccccc2ncn1-c1ccccc1,22
CCc1nc2cc(O)ccc2c(Oc2ccc(/C=C/C(=O)N(C)C)cc2)c1-c1ccccc1,1.0,CCc1nc2cc(O)ccc2c(Oc3ccc(\C=C\C(=O)N(C)C)cc3)c1c4ccccc4,c1ccc(Oc2c(-c3ccccc3)cnc3ccccc23)cc1,33
CCc1nc2cc(O)ccc2c(Oc2ccc(/C=C/C(=O)N3CCCCC3)cc2)c1-c1ccccc1,1.0,CCc1nc2cc(O)ccc2c(Oc3ccc(\C=C\C(=O)N4CCCCC4)cc3)c1c5ccccc5,O=C(C=Cc1ccc(Oc2c(-c3ccccc3)cnc3ccccc23)cc1)N1CCCCC1,36
CCc1nc2cc(O)ccc2c(Oc2ccc(/C=C/C(=O)NC(C)C)cc2)c1-c1ccccc1,1.0,CCc1nc2cc(O)ccc2c(Oc3ccc(\C=C\C(=O)NC(C)C)cc3)c1c4ccccc4,c1ccc(Oc2c(-c3ccccc3)cnc3ccccc23)cc1,34
CCc1nc2cc(O)ccc2c(Oc2ccc(/C=C/C(N)=O)cc2)c1-c1ccccc1,1.0,CCc1nc2cc(O)ccc2c(Oc3ccc(\C=C\C(=O)N)cc3)c1c4ccccc4,c1ccc(Oc2c(-c3ccccc3)cnc3ccccc23)cc1,31
CCc1nc2cc(O)ccc2c(Oc2ccc(OCCN(C)C)cc2)c1-c1ccccc1,1.0,CCc1nc2cc(O)ccc2c(Oc3ccc(OCCN(C)C)cc3)c1c4ccccc4,c1ccc(Oc2c(-c3ccccc3)cnc3ccccc23)cc1,32
CCc1nc2cc(O)ccc2c(Oc2cccc(/C=C/C(=O)O)c2)c1-c1ccccc1,0.0,CCc1nc2cc(O)ccc2c(Oc3cccc(\C=C\C(=O)O)c3)c1c4ccccc4,c1ccc(Oc2c(-c3ccccc3)cnc3ccccc23)cc1,31
CCc1nnc(NC(=O)C2Cc3ccccc3CN2S(=O)(=O)c2cccs2)s1,0.0,CCc1nnc(NC(=O)C2Cc3ccccc3CN2S(=O)(=O)c4cccs4)s1,O=C(Nc1nncs1)C1Cc2ccccc2CN1S(=O)(=O)c1cccs1,28
CCc1nnc2n1N=C(c1ccc(-c3cc(Cl)ccc3Cl)o1)CS2,0.0,CCc1nnc2SCC(=Nn12)c3oc(cc3)c4cc(Cl)ccc4Cl,c1ccc(-c2ccc(C3=Nn4cnnc4SC3)o2)cc1,24
CCc1nnc2sc(-c3ccc(NC(=O)c4ccc5c(c4)OCCO5)cc3)nn12,0.0,CCc1nnc2sc(nn12)c3ccc(NC(=O)c4ccc5OCCOc5c4)cc3,O=C(Nc1ccc(-c2nn3cnnc3s2)cc1)c1ccc2c(c1)OCCO2,29
CCn1/c(=N/C(=O)c2ccc(N3C(=O)CCC3=O)cc2)sc2c(OC)ccc(OC)c21,0.0,CCN1\C(=N\C(=O)c2ccc(cc2)N3C(=O)CCC3=O)\Sc4c(OC)ccc(OC)c14,O=C(N=c1[nH]c2ccccc2s1)c1ccc(N2C(=O)CCC2=O)cc1,31
CCn1c(SCC(=O)Nc2ccc(NC(=O)c3ccco3)c(OC)c2)nc2ccccc2c1=O,0.0,CCN1C(=O)c2ccccc2N=C1SCC(=O)Nc3ccc(NC(=O)c4occc4)c(OC)c3,O=C(CSc1nc2ccccc2c(=O)[nH]1)Nc1ccc(NC(=O)c2ccco2)cc1,34
CCn1c(SCC(=O)Nc2ccc3c(c2)c2ccccc2n3CC)nnc1-c1ccco1,0.0,CCn1c(SCC(=O)Nc2ccc3c(c2)c4ccccc4n3CC)nnc1c5occc5,O=C(CSc1nnc(-c2ccco2)[nH]1)Nc1ccc2[nH]c3ccccc3c2c1,32
CCn1c(SCC(=O)Nc2ccc3c(c2)c2ccccc2n3CC)nnc1-c1cnccn1,0.0,CCn1c(SCC(=O)Nc2ccc3c(c2)c4ccccc4n3CC)nnc1c5cnccn5,O=C(CSc1nnc(-c2cnccn2)[nH]1)Nc1ccc2[nH]c3ccccc3c2c1,33
CCn1c(SCC(=O)Nc2ccc3c(c2)oc2ccccc23)nnc1-c1ccc(N)cc1,0.0,CCn1c(SCC(=O)Nc2ccc3c(oc4ccccc34)c2)nnc1c5ccc(N)cc5,O=C(CSc1nnc(-c2ccccc2)[nH]1)Nc1ccc2c(c1)oc1ccccc12,32
CCn1c(SCC(=O)Nc2cccc(F)c2)nnc1-c1cc2cc(Br)ccc2o1,0.0,CCn1c(SCC(=O)Nc2cccc(F)c2)nnc1c3oc4ccc(Br)cc4c3,O=C(CSc1nnc(-c2cc3ccccc3o2)[nH]1)Nc1ccccc1,29
CCn1c(SCC(=O)c2ccc(CNC(C)=O)o2)nnc1-c1cccs1,0.0,CCn1c(SCC(=O)c2oc(CNC(=O)C)cc2)nnc1c3cccs3,O=C(CSc1nnc(-c2cccs2)[nH]1)c1ccco1,26
CCn1c2ccccc2c2cc(NC(=O)CSc3nnc(-c4ccc(OC)cc4)n3N)ccc21,0.0,CCn1c2ccccc2c3cc(NC(=O)CSc4nnc(c5ccc(OC)cc5)n4N)ccc13,O=C(CSc1nnc(-c2ccccc2)[nH]1)Nc1ccc2[nH]c3ccccc3c2c1,34
CCn1c2ccccc2c2nnc(SCC(=O)Nc3ccc4c(c3)OCO4)nc21,0.0,CCn1c2ccccc2c3nnc(SCC(=O)Nc4ccc5OCOc5c4)nc13,O=C(CSc1nnc2c(n1)[nH]c1ccccc12)Nc1ccc2c(c1)OCO2,29
CCn1nc(-c2ccc(O)cc2O)c2ccc(O)cc21,0.0,CCn1nc(c2ccc(O)cc2O)c3ccc(O)cc13,c1ccc(-c2n[nH]c3ccccc23)cc1,20
CCn1nnc(NC(=O)CSc2ccc(Cl)cc2)n1,0.0,CCn1nnc(NC(=O)CSc2ccc(Cl)cc2)n1,O=C(CSc1ccccc1)Nc1nn[nH]n1,19
CN(/N=C/c1cccnc1)c1cnn(-c2ccc(F)c(Cl)c2)c(=O)c1Cl,0.0,CN(\N=C\c1cccnc1)C2=C(Cl)C(=O)N(N=C2)c3ccc(F)c(Cl)c3,O=c1cc(NN=Cc2cccnc2)cnn1-c1ccccc1,26
CN(C)C(=O)/C=C/c1ccc(N2CCc3cc(O)ccc3C2c2ccccc2)cc1,1.0,CN(C)C(=O)\C=C\c1ccc(cc1)N2CCc3cc(O)ccc3C2c4ccccc4,c1ccc(C2c3ccccc3CCN2c2ccccc2)cc1,30
CN(C)C(=O)/C=C/c1ccc(S[C@@H]2Cc3cc(O)ccc3[C@H]3CC[C@]4(C)[C@@H](O)CC[C@H]4[C@@H]32)cc1,1.0,CN(C)C(=O)\C=C\c1ccc(S[C@@H]2Cc3cc(O)ccc3[C@H]4CC[C@]5(C)[C@@H](O)CC[C@H]5[C@H]24)cc1,c1ccc(SC2Cc3ccccc3C3CCC4CCCC4C23)cc1,34
CN(C)C(=O)CN1CCN(c2nc(NCCc3ccc(O)cc3)nc(N(C)CCCc3ccc(Cl)cc3)n2)CC1,0.0,CN(C)C(=O)CN1CCN(CC1)c2nc(NCCc3ccc(O)cc3)nc(n2)N(C)CCCc4ccc(Cl)cc4,c1ccc(CCCNc2nc(NCCc3ccccc3)nc(N3CCNCC3)n2)cc1,40
CN(C)C(=O)c1ccc(-c2ccc3c(n2)Oc2ccccc2[C@@H]3C(C)(C)C(=O)Nc2nncs2)cc1,0.0,CN(C)C(=O)c1ccc(cc1)c2ccc3[C@H](c4ccccc4Oc3n2)C(C)(C)C(=O)Nc5nncs5,O=C(CC1c2ccccc2Oc2nc(-c3ccccc3)ccc21)Nc1nncs1,36
CN(C)C(=O)c1ccc(-c2ccc3c(n2)Oc2ccccc2[C@H]3C(C)(C)C(=O)Nc2nncs2)cc1F,0.0,CN(C)C(=O)c1ccc(cc1F)c2ccc3[C@@H](c4ccccc4Oc3n2)C(C)(C)C(=O)Nc5nncs5,O=C(CC1c2ccccc2Oc2nc(-c3ccccc3)ccc21)Nc1nncs1,37
CN(C)C(=O)c1ccc(-c2ccc3cc(O)ccc3c2Oc2ccc(OCCN3CCCCC3)cc2)cc1,1.0,CN(C)C(=O)c1ccc(cc1)c2ccc3cc(O)ccc3c2Oc4ccc(OCCN5CCCCC5)cc4,c1ccc(-c2ccc3ccccc3c2Oc2ccc(OCCN3CCCCC3)cc2)cc1,38
CN(C)CC(=O)N1CCC2(CC1)C(=O)Nc1cc(/C=C3\c4ccccc4COc4cc(F)ccc43)ccc12,0.0,CN(C)CC(=O)N1CCC2(CC1)C(=O)Nc3cc(\C=C\4/c5ccccc5COc6cc(F)ccc46)ccc23,O=C1Nc2cc(C=C3c4ccccc4COc4ccccc43)ccc2C12CCNCC2,38
CN(C)CC(=O)N1c2ccccc2CCc2ccc(NC(=O)c3ccc(N)cc3)cc21,0.0,Cl.CN(C)CC(=O)N1c2ccccc2CCc3ccc(NC(=O)c4ccc(N)cc4)cc13,O=C(Nc1ccc2c(c1)Nc1ccccc1CC2)c1ccccc1,31
CN(C)CCOc1ccc(-c2c(-c3ccc(O)cc3)nn3c(C(F)(F)F)cc(C(F)(F)F)nc23)cc1,1.0,CN(C)CCOc1ccc(cc1)c2c(nn3c(cc(nc23)C(F)(F)F)C(F)(F)F)c4ccc(O)cc4,c1ccc(-c2nn3cccnc3c2-c2ccccc2)cc1,36
CN(C)CCOc1ccc(-n2c3c(c4ccc(O)cc4c2=O)C(=O)c2cc(O)ccc2-3)cc1,0.0,CN(C)CCOc1ccc(cc1)N2C(=O)c3cc(O)ccc3C4=C2c5ccc(O)cc5C4=O,O=C1c2ccccc2-c2c1c1ccccc1c(=O)n2-c1ccccc1,33
CN(C)CCOc1ccc(/C(=C(/CCCC#N)c2ccccc2)c2ccc(O)cc2)cc1,1.0,CN(C)CCOc1ccc(cc1)\C(=C(\CCCC#N)/c2ccccc2)\c3ccc(O)cc3,C(=C(c1ccccc1)c1ccccc1)c1ccccc1,32
CN(C)CCOc1ccc(/C(=C(/CCCCO)c2ccccc2)c2ccc(O)cc2)cc1,1.0,CN(C)CCOc1ccc(cc1)\C(=C(\CCCCO)/c2ccccc2)\c3ccc(O)cc3,C(=C(c1ccccc1)c1ccccc1)c1ccccc1,32
CN(C)CCOc1ccc(/C(=C(/CCCCl)c2ccccc2)c2ccc(O)cc2)cc1,1.0,CN(C)CCOc1ccc(cc1)\C(=C(\CCCCl)/c2ccccc2)\c3ccc(O)cc3,C(=C(c1ccccc1)c1ccccc1)c1ccccc1,31
CN(C)CCOc1ccc(/C(=C(/CCCF)c2ccccc2)c2ccc(O)cc2)cc1,1.0,Cl.CN(C)CCOc1ccc(cc1)\C(=C(\CCCF)/c2ccccc2)\c3ccc(O)cc3,C(=C(c1ccccc1)c1ccccc1)c1ccccc1,31
CN(C)CCOc1ccc(/C(=C(/CCCN=[N+]=[N-])c2ccccc2)c2ccc(O)cc2)cc1,1.0,CN(C)CCOc1ccc(cc1)\C(=C(\CCCN=[N+]=[N-])/c2ccccc2)\c3ccc(O)cc3,C(=C(c1ccccc1)c1ccccc1)c1ccccc1,33
CN(C)CCOc1ccc(/C(=C(/CCCO)c2ccccc2)c2ccc(Br)cc2)cc1,0.0,Cl.CN(C)CCOc1ccc(cc1)\C(=C(\CCCO)/c2ccccc2)\c3ccc(Br)cc3,C(=C(c1ccccc1)c1ccccc1)c1ccccc1,31
CN(C)CCOc1ccc(/C(=C(/CCCl)c2ccccc2)c2ccc(O)cc2)cc1,1.0,CN(C)CCOc1ccc(cc1)\C(=C(\CCCl)/c2ccccc2)\c3ccc(O)cc3,C(=C(c1ccccc1)c1ccccc1)c1ccccc1,30
CN(C)CCOc1ccc(/C(=C(/CCN=[N+]=[N-])c2ccccc2)c2ccc(O)cc2)cc1,1.0,CN(C)CCOc1ccc(cc1)\C(=C(\CCN=[N+]=[N-])/c2ccccc2)\c3ccc(O)cc3,C(=C(c1ccccc1)c1ccccc1)c1ccccc1,32
CN(C)CCOc1ccc(C(=C(C#N)c2ccccc2)c2ccccc2)cc1,1.0,Cl.CN(C)CCOc1ccc(cc1)C(=C(C#N)c2ccccc2)c3ccccc3,C(=C(c1ccccc1)c1ccccc1)c1ccccc1,28
CN(C)CCOc1ccc(C(=C(C#N)c2cccs2)c2ccc(OCCN(C)C)cc2)cc1,0.0,CN(C)CCOc1ccc(cc1)C(=C(C#N)c2cccs2)c3ccc(OCCN(C)C)cc3,C(=C(c1ccccc1)c1ccccc1)c1cccs1,33
CN(C)CCOc1ccc(C23CC4CC(CC(c5ccc(O)cc5)(C4)C2)C3)cc1,1.0,CN(C)CCOc1ccc(cc1)C23CC4CC(CC(C4)(C2)c5ccc(O)cc5)C3,c1ccc(C23CC4CC(C2)CC(c2ccccc2)(C4)C3)cc1,29
CN(C)CCOc1ccc(C2=C3c4ccc(O)cc4CC3(Cc3ccccc3)CCC2=O)cc1,1.0,CN(C)CCOc1ccc(cc1)C2=C3c4ccc(O)cc4CC3(Cc5ccccc5)CCC2=O,O=C1CCC2(Cc3ccccc3)Cc3ccccc3C2=C1c1ccccc1,34
CN(C)CCOc1ccc(Cn2c3ccc(O)cc3c3sc4cc(O)ccc4c32)cc1,1.0,CN(C)CCOc1ccc(Cn2c3ccc(O)cc3c4sc5cc(O)ccc5c24)cc1,c1ccc(Cn2c3ccccc3c3sc4ccccc4c32)cc1,31
CN(C)CCOc1ccc(Cn2c3ccccc3c3sc4cc(O)ccc4c32)cc1,1.0,CN(C)CCOc1ccc(Cn2c3ccccc3c4sc5cc(O)ccc5c24)cc1,c1ccc(Cn2c3ccccc3c3sc4ccccc4c32)cc1,30
CN(C)CCOc1ccc([C@@H]2Oc3cc(O)ccc3C3=C2c2ccc(O)cc2OCC3)cc1,1.0,CN(C)CCOc1ccc(cc1)[C@@H]2Oc3cc(O)ccc3C4=C2c5ccc(O)cc5OCC4,c1ccc(C2Oc3ccccc3C3=C2c2ccccc2OCC3)cc1,33
CN(C)CCOc1ccc([C@@H]2Oc3cc(O)ccc3C3=C2c2ccccc2OCC3)cc1,1.0,CN(C)CCOc1ccc(cc1)[C@@H]2Oc3cc(O)ccc3C4=C2c5ccccc5OCC4,c1ccc(C2Oc3ccccc3C3=C2c2ccccc2OCC3)cc1,32
CN(C)CCOc1ccc([C@@H]2Oc3ccc(O)cc3S[C@@H]2c2cccc(O)c2)cc1,1.0,CN(C)CCOc1ccc(cc1)[C@@H]2Oc3ccc(O)cc3S[C@@H]2c4cccc(O)c4,c1ccc(C2Oc3ccccc3SC2c2ccccc2)cc1,30
CN(C)CCOc1ccc([C@@H]2Oc3ccccc3C3=C2c2ccc(O)cc2OCC3)cc1,1.0,CN(C)CCOc1ccc(cc1)[C@@H]2Oc3ccccc3C4=C2c5ccc(O)cc5OCC4,c1ccc(C2Oc3ccccc3C3=C2c2ccccc2OCC3)cc1,32
CN(C)CCOc1ccc([C@H]2C[C@]3(C)[C@@H](O)CC[C@H]3[C@@H]3CCc4cc(O)ccc4[C@H]32)cc1,1.0,CN(C)CCOc1ccc(cc1)[C@H]2C[C@]3(C)[C@@H](O)CC[C@H]3[C@@H]4CCc5cc(O)ccc5[C@@H]24,c1ccc(C2CC3CCCC3C3CCc4ccccc4C23)cc1,32
CN(C)CCOc1ccc([C@H]2N=CN[C@H]2c2ccc(O)cc2)cc1,0.0,CN(C)CCOc1ccc(cc1)[C@H]2N=CN[C@H]2c3ccc(O)cc3,C1=NC(c2ccccc2)C(c2ccccc2)N1,24
CN(C)CCOc1ccc([C@H]2Oc3cc(O)ccc3C3=C2c2ccc(O)cc2OCC3)cc1,1.0,CN(C)CCOc1ccc(cc1)[C@H]2Oc3cc(O)ccc3C4=C2c5ccc(O)cc5OCC4,c1ccc(C2Oc3ccccc3C3=C2c2ccccc2OCC3)cc1,33
CN(C)CCOc1ccc([C@H]2Oc3cc(O)ccc3C3=C2c2ccccc2OCC3)cc1,1.0,CN(C)CCOc1ccc(cc1)[C@H]2Oc3cc(O)ccc3C4=C2c5ccccc5OCC4,c1ccc(C2Oc3ccccc3C3=C2c2ccccc2OCC3)cc1,32
CN(C)CCOc1ccc([C@H]2Oc3ccccc3C3=C2c2ccc(O)cc2OCC3)cc1,1.0,CN(C)CCOc1ccc(cc1)[C@H]2Oc3ccccc3C4=C2c5ccc(O)cc5OCC4,c1ccc(C2Oc3ccccc3C3=C2c2ccccc2OCC3)cc1,32
CN(C)CCOc1ccc2c(c1)CCCC(c1ccccc1)=C2c1ccc(O)cc1,1.0,CN(C)CCOc1ccc2C(=C(CCCc2c1)c3ccccc3)c4ccc(O)cc4,c1ccc(C2=C(c3ccccc3)c3ccccc3CCC2)cc1,30
CN(C)S(=O)(=O)N(CC(=O)N(Cc1ccccc1)Cc1ccccc1)c1ccccc1,0.0,CN(C)S(=O)(=O)N(CC(=O)N(Cc1ccccc1)Cc2ccccc2)c3ccccc3,O=C(CNc1ccccc1)N(Cc1ccccc1)Cc1ccccc1,31
CN(C)S(=O)(=O)c1ccc(-c2ccc3cc(O)ccc3c2Oc2ccc(OCCN3CCCCC3)cc2)cc1,1.0,CN(C)S(=O)(=O)c1ccc(cc1)c2ccc3cc(O)ccc3c2Oc4ccc(OCCN5CCCCC5)cc4,c1ccc(-c2ccc3ccccc3c2Oc2ccc(OCCN3CCCCC3)cc2)cc1,39
CN(C)c1ccc(C(=O)c2sc3cc(O)ccc3c2-c2ccc(F)cc2)cc1,1.0,CN(C)c1ccc(cc1)C(=O)c2sc3cc(O)ccc3c2c4ccc(F)cc4,O=C(c1ccccc1)c1sc2ccccc2c1-c1ccccc1,28
CN(C)c1cccc(N2CCc3cc(O)ccc3C2(C)c2ccc(OCCN3CCCC3)cc2)c1,1.0,CN(C)c1cccc(c1)N2CCc3cc(O)ccc3C2(C)c4ccc(OCCN5CCCC5)cc4,c1ccc(N2CCc3ccccc3C2c2ccc(OCCN3CCCC3)cc2)cc1,35
CN(C)c1cccc(N2CCc3cc(O)ccc3C2(C)c2ccc(OCCN3CCCCC3)cc2)c1,1.0,CN(C)c1cccc(c1)N2CCc3cc(O)ccc3C2(C)c4ccc(OCCN5CCCCC5)cc4,c1ccc(N2CCc3ccccc3C2c2ccc(OCCN3CCCCC3)cc2)cc1,36
CN(C)c1cccc(N2CCc3cc(O)ccc3C2c2ccc(OCCN3CCCCC3)cc2)c1,1.0,CN(C)c1cccc(c1)N2CCc3cc(O)ccc3C2c4ccc(OCCN5CCCCC5)cc4,c1ccc(N2CCc3ccccc3C2c2ccc(OCCN3CCCCC3)cc2)cc1,35
CN(C)c1nc(N/N=C\c2ccc(Cl)c([N+](=O)[O-])c2)nc(Nc2ccc(F)cc2)n1,0.0,CN(C)c1nc(N\N=C/c2ccc(Cl)c(c2)[N+](=O)[O-])nc(Nc3ccc(F)cc3)n1,C(=NNc1ncnc(Nc2ccccc2)n1)c1ccccc1,30
CN(CC(=O)NC(=O)NCc1ccco1)Cc1nc(O)c2ccccc2n1,0.0,CN(CC(=O)NC(=O)NCc1occc1)Cc2nc(O)c3ccccc3n2,O=C(CNCc1ncc2ccccc2n1)NC(=O)NCc1ccco1,27
CN(CC(C)(O)c1ccccc1)S(=O)(=O)c1ccc(O)cc1,0.0,CN(CC(C)(O)c1ccccc1)S(=O)(=O)c2ccc(O)cc2,O=S(=O)(NCCc1ccccc1)c1ccccc1,22
CN(CCCC1CCCCC1)c1nc(NCCc2ccc(O)cc2)nc(N2CCNCC2)n1,0.0,CN(CCCC1CCCCC1)c2nc(NCCc3ccc(O)cc3)nc(n2)N4CCNCC4,c1ccc(CCNc2nc(NCCCC3CCCCC3)nc(N3CCNCC3)n2)cc1,33
CN(CCCc1ccc(Cl)cc1)c1nc(NCCc2ccc(O)cc2)nc(N2CCN(C(=O)CCc3ccccc3)CC2)n1,0.0,CN(CCCc1ccc(Cl)cc1)c2nc(NCCc3ccc(O)cc3)nc(n2)N4CCN(CC4)C(=O)CCc5ccccc5,O=C(CCc1ccccc1)N1CCN(c2nc(NCCCc3ccccc3)nc(NCCc3ccccc3)n2)CC1,44
CN(CCCc1ccc(Cl)cc1)c1nc(NCCc2ccc(O)cc2)nc(N2CCN(C(=O)N3CCOCC3)CC2)n1,0.0,CN(CCCc1ccc(Cl)cc1)c2nc(NCCc3ccc(O)cc3)nc(n2)N4CCN(CC4)C(=O)N5CCOCC5,O=C(N1CCOCC1)N1CCN(c2nc(NCCCc3ccccc3)nc(NCCc3ccccc3)n2)CC1,42
CN(CCCc1ccc(Cl)cc1)c1nc(NCCc2ccc(O)cc2)nc(N2CCN(CC(=O)C(C)(C)C)CC2)n1,0.0,CN(CCCc1ccc(Cl)cc1)c2nc(NCCc3ccc(O)cc3)nc(n2)N4CCN(CC(=O)C(C)(C)C)CC4,c1ccc(CCCNc2nc(NCCc3ccccc3)nc(N3CCNCC3)n2)cc1,41
CN(CCCc1ccc(Cl)cc1)c1nc(NCCc2ccc(O)cc2)nc(N2CCN(CC(=O)c3ccccc3)CC2)n1,0.0,CN(CCCc1ccc(Cl)cc1)c2nc(NCCc3ccc(O)cc3)nc(n2)N4CCN(CC(=O)c5ccccc5)CC4,O=C(CN1CCN(c2nc(NCCCc3ccccc3)nc(NCCc3ccccc3)n2)CC1)c1ccccc1,43
CN(CCCc1ccc(Cl)cc1)c1nc(NCCc2ccc(O)cc2)nc(N2CCN(CCO)CC2)n1,1.0,CN(CCCc1ccc(Cl)cc1)c2nc(NCCc3ccc(O)cc3)nc(n2)N4CCN(CCO)CC4,c1ccc(CCCNc2nc(NCCc3ccccc3)nc(N3CCNCC3)n2)cc1,37
CN(CCCc1ccc(Cl)cc1)c1nc(NCCc2ccc(O)cc2)nc(N2CCN(S(=O)(=O)/C=C/c3ccccc3)CC2)n1,0.0,CN(CCCc1ccc(Cl)cc1)c2nc(NCCc3ccc(O)cc3)nc(n2)N4CCN(CC4)S(=O)(=O)\C=C\c5ccccc5,O=S(=O)(C=Cc1ccccc1)N1CCN(c2nc(NCCCc3ccccc3)nc(NCCc3ccccc3)n2)CC1,45
CN(CCCc1ccc(Cl)cc1)c1nc(NCCc2ccc(O)cc2)nc(N2CCN(S(=O)(=O)Cc3ccccc3)CC2)n1,0.0,CN(CCCc1ccc(Cl)cc1)c2nc(NCCc3ccc(O)cc3)nc(n2)N4CCN(CC4)S(=O)(=O)Cc5ccccc5,O=S(=O)(Cc1ccccc1)N1CCN(c2nc(NCCCc3ccccc3)nc(NCCc3ccccc3)n2)CC1,44
CN(CCCc1ccc(Cl)cc1)c1nc(NCCc2ccc(O)cc2)nc(N2CCN(c3ccccc3)CC2)n1,0.0,CN(CCCc1ccc(Cl)cc1)c2nc(NCCc3ccc(O)cc3)nc(n2)N4CCN(CC4)c5ccccc5,c1ccc(CCCNc2nc(NCCc3ccccc3)nc(N3CCN(c4ccccc4)CC3)n2)cc1,40
CN(CCCc1ccc(Cl)cc1)c1nc(NCCc2ccc(O)cc2)nc(N2CCNCC2)n1,1.0,CN(CCCc1ccc(Cl)cc1)c2nc(NCCc3ccc(O)cc3)nc(n2)N4CCNCC4,c1ccc(CCCNc2nc(NCCc3ccccc3)nc(N3CCNCC3)n2)cc1,34
CN(CCCc1ccc(Cl)cc1)c1nc(NCCc2ccc(O)cc2)nc(N2C[C@@H]3C[C@H]2CN3)n1,0.0,CN(CCCc1ccc(Cl)cc1)c2nc(NCCc3ccc(O)cc3)nc(n2)N4C[C@@H]5C[C@H]4CN5,c1ccc(CCCNc2nc(NCCc3ccccc3)nc(N3CC4CC3CN4)n2)cc1,35
CN(CCc1ccccc1)c1cc(-c2ccc(O)cc2)cc(-c2ccc(O)cc2)n1,0.0,CN(CCc1ccccc1)c2cc(cc(n2)c3ccc(O)cc3)c4ccc(O)cc4,c1ccc(CCNc2cc(-c3ccccc3)cc(-c3ccccc3)n2)cc1,30
CN(C[C@@H]1C[C@@H]1c1ccccc1)c1nc(NCCc2ccc(O)cc2)nc(N2CCNCC2)n1,0.0,CN(C[C@@H]1C[C@@H]1c2ccccc2)c3nc(NCCc4ccc(O)cc4)nc(n3)N5CCNCC5,c1ccc(CCNc2nc(NCC3CC3c3ccccc3)nc(N3CCNCC3)n2)cc1,34
CN(C[C@@H]1C[C@H]1c1ccccc1)c1nc(NCCc2ccc(O)cc2)nc(N2CCNCC2)n1,0.0,CN(C[C@@H]1C[C@H]1c2ccccc2)c3nc(NCCc4ccc(O)cc4)nc(n3)N5CCNCC5,c1ccc(CCNc2nc(NCC3CC3c3ccccc3)nc(N3CCNCC3)n2)cc1,34
CN(Cc1ccc(C(=O)O)cc1)c1ccc(OCc2c(-c3c(Cl)cccc3Cl)noc2C2CC2)nc1C(F)(F)F,0.0,CN(Cc1ccc(cc1)C(=O)O)c2ccc(OCc3c(onc3c4c(Cl)cccc4Cl)C5CC5)nc2C(F)(F)F,c1ccc(CNc2ccc(OCc3c(-c4ccccc4)noc3C3CC3)nc2)cc1,40
CN(Cc1cccc(C(=O)O)c1)c1ccc(OCc2c(-c3c(Cl)cccc3Cl)noc2C2CC2)nc1C(F)(F)F,0.0,CN(Cc1cccc(c1)C(=O)O)c2ccc(OCc3c(onc3c4c(Cl)cccc4Cl)C5CC5)nc2C(F)(F)F,c1ccc(CNc2ccc(OCc3c(-c4ccccc4)noc3C3CC3)nc2)cc1,40
CN(c1ccccc1C(=O)O)S(=O)(=O)c1ccc2c3c(cccc13)C(=O)N2,0.0,CN(c1ccccc1C(=O)O)S(=O)(=O)c2ccc3NC(=O)c4cccc2c34,O=C1Nc2ccc(S(=O)(=O)Nc3ccccc3)c3cccc1c23,27
CN1C(=O)CSc2ccc(NC(=O)N3CCC(N4CCCCC4)CC3)cc21,0.0,CN1C(=O)CSc2ccc(NC(=O)N3CCC(CC3)N4CCCCC4)cc12,O=C1CSc2ccc(NC(=O)N3CCC(N4CCCCC4)CC3)cc2N1,27
CN1CC(c2ccc(O)cc2)Cc2ccc(O)cc21,0.0,CN1CC(Cc2ccc(O)cc12)c3ccc(O)cc3,c1ccc(C2CNc3ccccc3C2)cc1,19
CN1CCC(c2ccc(C3c4ccc(O)cc4CCN3c3ccc(F)cc3)cc2)CC1,1.0,CN1CCC(CC1)c2ccc(cc2)C3N(CCc4cc(O)ccc34)c5ccc(F)cc5,c1ccc(N2CCc3ccccc3C2c2ccc(C3CCNCC3)cc2)cc1,31
CN1CCC(c2ccc(C3c4ccc(O)cc4CCN3c3cccc(F)c3)cc2)CC1,1.0,CN1CCC(CC1)c2ccc(cc2)C3N(CCc4cc(O)ccc34)c5cccc(F)c5,c1ccc(N2CCc3ccccc3C2c2ccc(C3CCNCC3)cc2)cc1,31
CN1CCC(c2ccc(C3c4ccc(O)cc4CCN3c3cccc(O)c3)cc2)CC1,1.0,CN1CCC(CC1)c2ccc(cc2)C3N(CCc4cc(O)ccc34)c5cccc(O)c5,c1ccc(N2CCc3ccccc3C2c2ccc(C3CCNCC3)cc2)cc1,31
CN1CCC(c2ccc(C3c4ccc(O)cc4CCN3c3ccccc3)cc2)CC1,1.0,CN1CCC(CC1)c2ccc(cc2)C3N(CCc4cc(O)ccc34)c5ccccc5,c1ccc(N2CCc3ccccc3C2c2ccc(C3CCNCC3)cc2)cc1,30
CN1CCCN(c2ccc([C@@H]3Oc4ccc(O)cc4S[C@@H]3c3ccc(O)cc3)cc2)CC1,1.0,CN1CCCN(CC1)c2ccc(cc2)[C@@H]3Oc4ccc(O)cc4S[C@@H]3c5ccc(O)cc5,c1ccc(C2Sc3ccccc3OC2c2ccc(N3CCCNCC3)cc2)cc1,32
CN1CCN(CCOc2ccc(-n3c4c(c5ccc(O)cc5c3=O)C(=O)c3cc(O)ccc3-4)cc2)CC1,0.0,CN1CCN(CCOc2ccc(cc2)N3C(=O)c4cc(O)ccc4C5=C3c6ccc(O)cc6C5=O)CC1,O=C1c2ccccc2-c2c1c1ccccc1c(=O)n2-c1ccc(OCCN2CCNCC2)cc1,37
CN1CCN(CCOc2ccc(C(=C(C#N)c3ccccc3)c3ccc(OCCN4CCN(C)CC4)cc3)cc2)CC1,0.0,Cl.Cl.Cl.Cl.Cl.CN1CCN(CCOc2ccc(cc2)C(=C(C#N)c3ccccc3)c4ccc(OCCN5CCN(C)CC5)cc4)CC1.CN6CCN(CCOc7ccc(cc7)C(=C(C#N)c8ccccc8)c9ccc(OCCN%10CCN(C)CC%10)cc9)CC6,C(=C(c1ccc(OCCN2CCNCC2)cc1)c1ccc(OCCN2CCNCC2)cc1)c1ccccc1,42
CN1CCN(CCOc2ccc([C@H]3Oc4cc(O)ccc4C4=C3c3ccc(O)cc3OCC4)cc2)CC1,1.0,CN1CCN(CCOc2ccc(cc2)[C@H]3Oc4cc(O)ccc4C5=C3c6ccc(O)cc6OCC5)CC1,c1ccc2c(c1)OC(c1ccc(OCCN3CCNCC3)cc1)C1=C2CCOc2ccccc21,37
CN1CCN(c2ccc(C3c4ccc(O)cc4CCN3c3cccc(O)c3)cc2)CC1,1.0,CN1CCN(CC1)c2ccc(cc2)C3N(CCc4cc(O)ccc34)c5cccc(O)c5,c1ccc(N2CCc3ccccc3C2c2ccc(N3CCNCC3)cc2)cc1,31
CN1CCN(c2ccc(C3c4ccc(O)cc4CCN3c3ccccc3)cc2)CC1,1.0,CN1CCN(CC1)c2ccc(cc2)C3N(CCc4cc(O)ccc34)c5ccccc5,c1ccc(N2CCc3ccccc3C2c2ccc(N3CCNCC3)cc2)cc1,30
CN1CCN(c2ccc([C@@H]3Oc4ccc(O)cc4S[C@@H]3c3ccc(O)cc3)cc2)CC1,1.0,CN1CCN(CC1)c2ccc(cc2)[C@@H]3Oc4ccc(O)cc4S[C@@H]3c5ccc(O)cc5,c1ccc(C2Sc3ccccc3OC2c2ccc(N3CCNCC3)cc2)cc1,31
CN1CCN(c2nc(NCCCc3ccccc3)nc(N3CCCC(c4ccc(O)cc4)C3)n2)CC1,0.0,CN1CCN(CC1)c2nc(NCCCc3ccccc3)nc(n2)N4CCCC(C4)c5ccc(O)cc5,c1ccc(CCCNc2nc(N3CCNCC3)nc(N3CCCC(c4ccccc4)C3)n2)cc1,36
CN1CCN(c2nc(NCCCc3ccccc3)nc(N3CCc4cc(O)ccc4C3)n2)CC1,0.0,CN1CCN(CC1)c2nc(NCCCc3ccccc3)nc(n2)N4CCc5cc(O)ccc5C4,c1ccc(CCCNc2nc(N3CCNCC3)nc(N3CCc4ccccc4C3)n2)cc1,34
CN1CCN(c2nc(NCCCc3ccccc3)nc(NC3CCc4ccc(O)cc4C3)n2)CC1,0.0,CN1CCN(CC1)c2nc(NCCCc3ccccc3)nc(NC4CCc5ccc(O)cc5C4)n2,c1ccc(CCCNc2nc(NC3CCc4ccccc4C3)nc(N3CCNCC3)n2)cc1,35
CN1CCN(c2nc(NCCCc3ccccc3)nc(NCCc3ccc(O)cc3)n2)CC1,0.0,CN1CCN(CC1)c2nc(NCCCc3ccccc3)nc(NCCc4ccc(O)cc4)n2,c1ccc(CCCNc2nc(NCCc3ccccc3)nc(N3CCNCC3)n2)cc1,33
CN1CCN(c2nc(NCCCc3ccccc3)nc(NCCc3cccc(O)c3)n2)CC1,0.0,CN1CCN(CC1)c2nc(NCCCc3ccccc3)nc(NCCc4cccc(O)c4)n2,c1ccc(CCCNc2nc(NCCc3ccccc3)nc(N3CCNCC3)n2)cc1,33
CN1CCN(c2nc(NCCCc3ccccc3)nc(NCc3ccc(O)cc3)n2)CC1,0.0,CN1CCN(CC1)c2nc(NCCCc3ccccc3)nc(NCc4ccc(O)cc4)n2,c1ccc(CCCNc2nc(NCc3ccccc3)nc(N3CCNCC3)n2)cc1,32
CN1CCN(c2nc(NCCc3ccc(O)cc3)nc(NC3CCc4ccccc43)n2)CC1,0.0,CN1CCN(CC1)c2nc(NCCc3ccc(O)cc3)nc(NC4CCc5ccccc45)n2,c1ccc(CCNc2nc(NC3CCc4ccccc43)nc(N3CCNCC3)n2)cc1,33
CN1CCN(c2nc(NCCc3ccc(O)cc3)nc(OCCCc3ccccc3)n2)CC1,0.0,CN1CCN(CC1)c2nc(NCCc3ccc(O)cc3)nc(OCCCc4ccccc4)n2,c1ccc(CCCOc2nc(NCCc3ccccc3)nc(N3CCNCC3)n2)cc1,33
CN1CCc2nc(SCC(=O)Nc3ccc(F)cc3)c(C#N)cc2C1,0.0,CN1CCc2nc(SCC(=O)Nc3ccc(F)cc3)c(cc2C1)C#N,O=C(CSc1ccc2c(n1)CCNC2)Nc1ccccc1,25
CN1Cc2cc(C(=O)c3cc(Cl)cc(CSc4ncccn4)c3O)cnc2NC1=O,0.0,CN1Cc2cc(cnc2NC1=O)C(=O)c3cc(Cl)cc(CSc4ncccn4)c3O,O=C1NCc2cc(C(=O)c3cccc(CSc4ncccn4)c3)cnc2N1,30
CNC(=O)Cn1cc(C2CC2)c(Oc2ccc(C#N)cc2)c1C1CC1,0.0,CNC(=O)Cn1cc(C2CC2)c(Oc3ccc(cc3)C#N)c1C4CC4,c1ccc(Oc2c(C3CC3)c[nH]c2C2CC2)cc1,25
CNCCOc1ccc(/C(=C(/CCCO)c2ccccc2)c2ccc(O)cc2)cc1,0.0,Cl.CNCCOc1ccc(cc1)\C(=C(\CCCO)/c2ccccc2)\c3ccc(O)cc3,C(=C(c1ccccc1)c1ccccc1)c1ccccc1,30
CNCCOc1ccc(C2=C(c3ccccc3)CCCc3cc(O)ccc32)cc1,1.0,CNCCOc1ccc(cc1)C2=C(CCCc3cc(O)ccc23)c4ccccc4,c1ccc(C2=C(c3ccccc3)c3ccccc3CCC2)cc1,29
CNCCOc1ccc2c(c1)CCCC(c1ccccc1)=C2c1ccc(O)cc1,1.0,CNCCOc1ccc2C(=C(CCCc2c1)c3ccccc3)c4ccc(O)cc4,c1ccc(C2=C(c3ccccc3)c3ccccc3CCC2)cc1,29
CN[C@@H](C(=O)N(C)[C@H]1CC[C@@]2(C)C(=CC[C@H]3[C@@H]4CC[C@@H]5[C@H](C)N(C)C[C@@]54CC[C@@H]32)C1)C(C)C,0.0,CN[C@H](C(C)C)C(=O)N(C)[C@H]1CC[C@]2(C)[C@H]3CC[C@]45CN(C)[C@@H](C)[C@H]4CC[C@H]5[C@@H]3CC=C2C1,C1=C2CCCCC2C2CCC34CNCC3CCC4C2C1,33
CNc1c(/C=N/O)ccc(-c2ccc(O)cc2)c1-c1ccccc1,1.0,CNc1c(\C=N\O)ccc(c2ccc(O)cc2)c1c3ccccc3,c1ccc(-c2ccccc2-c2ccccc2)cc1,24
CNc1c(/C=N/O)ccc(-c2ccccc2)c1-c1ccccc1,1.0,CNc1c(\C=N\O)ccc(c2ccccc2)c1c3ccccc3,c1ccc(-c2ccccc2-c2ccccc2)cc1,23
CNc1nnc(-c2cc3cc(Cl)ccc3oc2=O)s1,0.0,CNc1nnc(s1)C2=Cc3cc(Cl)ccc3OC2=O,O=c1oc2ccccc2cc1-c1nncs1,19
CO/C=C/[C@]12CC[C@H](O)CC1=CCC1C2CC[C@@]2(C)C1CC[C@@H]2O,0.0,CO\C=C\[C@]12CC[C@H](O)CC1=CCC3C4CC[C@H](O)[C@@]4(C)CCC23,C1=C2CCCCC2C2CCC3CCCC3C2C1,24
CO/C=C\[C@]12CC[C@H](O)CC1=CCC1C2CC[C@@]2(C)C1CC[C@@H]2O,0.0,CO\C=C/[C@]12CC[C@H](O)CC1=CCC3C4CC[C@H](O)[C@@]4(C)CCC23,C1=C2CCCCC2C2CCC3CCCC3C2C1,24
CO/N=C/c1ccc(-c2ccccc2)c(-c2ccccc2)c1O,1.0,CO\N=C\c1ccc(c2ccccc2)c(c1O)c3ccccc3,c1ccc(-c2ccccc2-c2ccccc2)cc1,23
COC(=O)/C(=C\Nc1ccc(Cl)c2ccccc12)c1ncc(C(F)(F)F)cc1Cl,0.0,COC(=O)\C(=C/Nc1ccc(Cl)c2ccccc12)\c3ncc(cc3Cl)C(F)(F)F,C(=Cc1ccccn1)Nc1cccc2ccccc12,29
COC(=O)C(=CC1(C)CC2C=CC1CC2C(C)(C)CCNC(=O)CCC(C)C)C(=O)OC,0.0,COC(=O)C(=CC1(C)CC2C=CC1CC2C(C)(C)CCNC(=O)CCC(C)C)C(=O)OC,C1=CC2CCC1CC2,32
COC(=O)C(CC1(C)CC2CCC1CC2C(C)(C)CCNC(=O)CCC(C)C)C(=O)O,0.0,COC(=O)C(CC1(C)CC2CCC1CC2C(C)(C)CCNC(=O)CCC(C)C)C(=O)O,C1CC2CCC1CC2,31
COC(=O)C(CC1(C)CC2CCC1CC2C(C)(C)CCNC(=O)CCC(C)C)C(=O)OC,0.0,COC(=O)C(CC1(C)CC2CCC1CC2C(C)(C)CCNC(=O)CCC(C)C)C(=O)OC,C1CC2CCC1CC2,32
COC(=O)C(CC1(C)CC2CCC1CC2C(C)(C)CCNC(=O)CCC(C)C)NC(=O)OCc1ccccc1,0.0,COC(=O)C(CC1(C)CC2CCC1CC2C(C)(C)CCNC(=O)CCC(C)C)NC(=O)OCc3ccccc3,O=C(NCCC1CC2CCC1CC2)OCc1ccccc1,39
COC(=O)C(Cc1ccc(O)cc1)c1ccc(O)cc1,1.0,COC(=O)C(Cc1ccc(O)cc1)c2ccc(O)cc2,c1ccc(CCc2ccccc2)cc1,20
COC(=O)C(N)CC1(C)CC2CCC1CC2C(C)(C)CCNC(=O)CCC(C)C,0.0,COC(=O)C(N)CC1(C)CC2CCC1CC2C(C)(C)CCNC(=O)CCC(C)C,C1CC2CCC1CC2,29
COC(=O)C1=C(N)Oc2cc(O)ccc2C1c1ccc(OCc2ccc(C)cc2)cc1,1.0,COC(=O)C1=C(N)Oc2cc(O)ccc2C1c3ccc(OCc4ccc(C)cc4)cc3,C1=CC(c2ccc(OCc3ccccc3)cc2)c2ccccc2O1,31
COC(=O)C1=C(N)Oc2cc(O)ccc2C1c1ccc(OCc2ccccc2F)cc1,1.0,COC(=O)C1=C(N)Oc2cc(O)ccc2C1c3ccc(OCc4ccccc4F)cc3,C1=CC(c2ccc(OCc3ccccc3)cc2)c2ccccc2O1,31
COC(=O)C1=C(O)/C(=C\c2ccc(CNC(=O)C(=O)Nc3ccc(C)c(C)c3)o2)N=C1C,0.0,COC(=O)C1=C(O)\C(=C/c2oc(CNC(=O)C(=O)Nc3ccc(C)c(C)c3)cc2)\N=C1C,O=C(NCc1ccc(C=C2C=CC=N2)o1)C(=O)Nc1ccccc1,32
COC(=O)CCCCCCC(=O)Nc1ccc(OS(=O)(=O)C2CC3OC2C(c2ccc(O)cc2)=C3c2ccc(O)cc2)cc1,1.0,COC(=O)CCCCCCC(=O)Nc1ccc(OS(=O)(=O)C2CC3OC2C(=C3c4ccc(O)cc4)c5ccc(O)cc5)cc1,O=S(=O)(Oc1ccccc1)C1CC2OC1C(c1ccccc1)=C2c1ccccc1,44
COC(=O)CCCCCCC(=O)Nc1cccc(OS(=O)(=O)C2CC3OC2C(c2ccc(O)cc2)=C3c2ccc(O)cc2)c1,1.0,COC(=O)CCCCCCC(=O)Nc1cccc(OS(=O)(=O)C2CC3OC2C(=C3c4ccc(O)cc4)c5ccc(O)cc5)c1,O=S(=O)(Oc1ccccc1)C1CC2OC1C(c1ccccc1)=C2c1ccccc1,44
COC(=O)COc1ccc(C2Oc3cc(O)ccc3C3=C2c2ccc(O)cc2OCC3)cc1,1.0,COC(=O)COc1ccc(cc1)C2Oc3cc(O)ccc3C4=C2c5ccc(O)cc5OCC4,c1ccc(C2Oc3ccccc3C3=C2c2ccccc2OCC3)cc1,33
COC(=O)COc1ccc(S(=O)(=O)Nc2ccc3c(c2)OCO3)cc1,0.0,COC(=O)COc1ccc(cc1)S(=O)(=O)Nc2ccc3OCOc3c2,O=S(=O)(Nc1ccc2c(c1)OCO2)c1ccccc1,25
COC(=O)Oc1c(Br)c(=O)oc2ccccc12,0.0,COC(=O)OC1=C(Br)C(=O)Oc2ccccc12,O=c1ccc2ccccc2o1,17
COC(=O)[C@@H]1CC2=CC(=O)CC[C@]2(C)C2C1C1CC[C@@]3(CCC(=O)O3)[C@@]1(C)[C@H]1O[C@@H]21,0.0,COC(=O)[C@@H]1CC2=CC(=O)CC[C@]2(C)C3[C@@H]4O[C@@H]4[C@@]5(C)C(CC[C@@]56CCC(=O)O6)C13,O=C1C=C2CCC3C4CCC5(CCC(=O)O5)C4C4OC4C3C2CC1,30
COC(=O)[C@@H]1CC2=CC(=O)CC[C@]2(C)[C@@]23O[C@@H]2C[C@@]2(C)[C@@H](CC[C@@]24CCC(=O)O4)[C@H]13,0.0,COC(=O)[C@@H]1CC2=CC(=O)CC[C@]2(C)[C@@]34O[C@@H]3C[C@@]5(C)[C@@H](CC[C@@]56CCC(=O)O6)[C@H]14,O=C1C=C2CCC3C4CCC5(CCC(=O)O5)C4CC4OC43C2CC1,30
COC(=O)c1c(-c2ccncc2)csc1NC(=O)c1ccoc1C,0.0,COC(=O)c1c(NC(=O)c2ccoc2C)scc1c3ccncc3,O=C(Nc1cc(-c2ccncc2)cs1)c1ccoc1,24
COC(=O)c1cc(NC(=O)Cn2c(=O)cnc3ccccc32)cc(C(=O)OC)c1,0.0,COC(=O)c1cc(NC(=O)CN2C(=O)C=Nc3ccccc23)cc(c1)C(=O)OC,O=C(Cn1c(=O)cnc2ccccc21)Nc1ccccc1,29
COC(=O)c1cc(NC2c3ccccc3C(=O)N2c2ccc(Cl)cn2)cc(C(=O)OC)c1,0.0,COC(=O)c1cc(NC2N(C(=O)c3ccccc23)c4ccc(Cl)cn4)cc(c1)C(=O)OC,O=C1c2ccccc2C(Nc2ccccc2)N1c1ccccn1,32
COC(=O)c1cc(O)cc2nc(-c3ccc(O)cc3)oc12,0.0,COC(=O)c1cc(O)cc2nc(oc12)c3ccc(O)cc3,c1ccc(-c2nc3ccccc3o2)cc1,21
COC(=O)c1cc(O)cc2ncn(-c3ccc(O)cc3)c(=O)c12,0.0,COC(=O)c1cc(O)cc2N=CN(C(=O)c12)c3ccc(O)cc3,O=c1c2ccccc2ncn1-c1ccccc1,23
COC(=O)c1cc2ccsc2n1CC(=O)Nc1ccc(N(C)C)cc1,0.0,COC(=O)c1cc2ccsc2n1CC(=O)Nc3ccc(cc3)N(C)C,O=C(Cn1ccc2ccsc21)Nc1ccccc1,25
COC(=O)c1ccc(COC(=O)c2ccc(S(=O)(=O)N3CCC(C)CC3)cc2)o1,0.0,COC(=O)c1oc(COC(=O)c2ccc(cc2)S(=O)(=O)N3CCC(C)CC3)cc1,O=C(OCc1ccco1)c1ccc(S(=O)(=O)N2CCCCC2)cc1,29
COC(=O)c1ccc(CSc2nc(C)nc3sc(C)c(C)c23)o1,0.0,COC(=O)c1oc(CSc2nc(C)nc3sc(C)c(C)c23)cc1,c1coc(CSc2ncnc3sccc23)c1,23
COC(=O)c1ccc(CSc2nc(O)c3cnn(-c4ccc(C)c(C)c4)c3n2)o1,0.0,COC(=O)c1oc(CSc2nc(O)c3cnn(c4ccc(C)c(C)c4)c3n2)cc1,c1ccc(-n2ncc3cnc(SCc4ccco4)nc32)cc1,29
COC(=O)c1ccc(CSc2nc(O)c3cnn(-c4ccc(F)cc4)c3n2)o1,0.0,COC(=O)c1oc(CSc2nc(O)c3cnn(c4ccc(F)cc4)c3n2)cc1,c1ccc(-n2ncc3cnc(SCc4ccco4)nc32)cc1,28
COC(=O)c1ccc2c(=O)n(CC3CCCO3)c(SCC(=O)Nc3ccccc3Cl)nc2c1,0.0,COC(=O)c1ccc2C(=O)N(CC3CCCO3)C(=Nc2c1)SCC(=O)Nc4ccccc4Cl,O=C(CSc1nc2ccccc2c(=O)n1CC1CCCO1)Nc1ccccc1,33
COC(=O)c1ccc2c(=O)n(CCCC(=O)N3CCN(c4cccc(Cl)c4)CC3)c(=S)[nH]c2c1,0.0,COC(=O)c1ccc2C(=O)N(CCCC(=O)N3CCN(CC3)c4cccc(Cl)c4)C(=S)Nc2c1,O=C(CCCn1c(=S)[nH]c2ccccc2c1=O)N1CCN(c2ccccc2)CC1,34
COC(=O)c1ccc2c(=O)n(CCCCCC(=O)NCc3ccc4c(c3)OCO4)c(=O)[nH]c2c1,0.0,COC(=O)c1ccc2C(=O)N(CCCCCC(=O)NCc3ccc4OCOc4c3)C(=O)Nc2c1,O=C(CCCCCn1c(=O)[nH]c2ccccc2c1=O)NCc1ccc2c(c1)OCO2,34
COC(=O)c1ccc2c(c1)N(Cc1nc(-c3cccc(C)c3)oc1C)C(=O)C1CCCN21,0.0,COC(=O)c1ccc2N3CCCC3C(=O)N(Cc4nc(oc4C)c5cccc(C)c5)c2c1,O=C1C2CCCN2c2ccccc2N1Cc1coc(-c2ccccc2)n1,32
COC(=O)c1cnn2c(C(F)(F)F)cc(-c3ccco3)nc12,0.0,COC(=O)c1cnn2c(cc(nc12)c3occc3)C(F)(F)F,c1coc(-c2ccn3nccc3n2)c1,22
COC(=O)c1oc2ccc(Br)cc2c1NC(=O)CCCN1C(=O)c2ccccc2C1=O,0.0,COC(=O)c1oc2ccc(Br)cc2c1NC(=O)CCCN3C(=O)c4ccccc4C3=O,O=C(CCCN1C(=O)c2ccccc2C1=O)Nc1coc2ccccc12,31
COC(=O)c1sc2nc(-c3ccco3)ccc2c1N,0.0,COC(=O)c1sc2nc(ccc2c1N)c3occc3,c1coc(-c2ccc3ccsc3n2)c1,19
COCCCCCC[C@H]1C[C@H]2[C@@H](CCC3[C@H](O)CC[C@@H]32)c2ccc(O)cc21,1.0,COCCCCCC[C@H]1C[C@@H]2[C@H]3CC[C@@H](O)C3CC[C@H]2c4ccc(O)cc14,c1ccc2c(c1)CCC1C2CCC2CCCC21,27
COCCCNC(=O)c1ccc2c(=O)n(Cc3ccc4c(c3)OCO4)c(=S)[nH]c2c1,0.0,COCCCNC(=O)c1ccc2C(=O)N(Cc3ccc4OCOc4c3)C(=S)Nc2c1,O=c1c2ccccc2[nH]c(=S)n1Cc1ccc2c(c1)OCO2,30
COCCCn1c2nc3ccccc3nc2c2c(=O)n(-c3ccccc3OC)c(C)nc21,0.0,COCCCn1c2N=C(C)N(C(=O)c2c3nc4ccccc4nc13)c5ccccc5OC,O=c1c2c(ncn1-c1ccccc1)[nH]c1nc3ccccc3nc12,32
COCCNC(=O)c1c(N)n(/N=C/c2cccs2)c2nc3ccccc3nc12,0.0,COCCNC(=O)c1c(N)n(\N=C\c2cccs2)c3nc4ccccc4nc13,C(=Nn1ccc2nc3ccccc3nc21)c1cccs1,28
COCCOC(=O)c1[nH]c2c(c1C)C(=O)CC(c1ccco1)C2,0.0,COCCOC(=O)c1[nH]c2CC(CC(=O)c2c1C)c3occc3,O=C1CC(c2ccco2)Cc2[nH]ccc21,23
COC[C@@H]1C[C@@H]2[C@H](CCC3C(O)CC[C@H]32)c2ccc(O)cc21,0.0,COC[C@@H]1C[C@H]2[C@@H]3CCC(O)C3CC[C@@H]2c4ccc(O)cc14,c1ccc2c(c1)CCC1C2CCC2CCCC21,22
COC[C@H](C)CN1[C@H](c2c(F)cc(/C=C/C(=O)O)cc2F)c2ccc(O)cc2CC1(C)C,1.0,COC[C@H](C)CN1[C@@H](c2ccc(O)cc2CC1(C)C)c3c(F)cc(\C=C\C(=O)O)cc3F,c1ccc(C2NCCc3ccccc32)cc1,32
COC[C@H](C)CN1[C@H](c2c(F)cc(/C=C/C(=O)O)cc2F)c2ccc(O)cc2C[C@H]1C,1.0,COC[C@H](C)CN1[C@H](C)Cc2cc(O)ccc2[C@H]1c3c(F)cc(\C=C\C(=O)O)cc3F,c1ccc(C2NCCc3ccccc32)cc1,31
COC[C@H](C)CN1[C@H](c2ccc(/C=C/C(=O)O)cc2)c2ccc(O)cc2C[C@H]1C,1.0,COC[C@H](C)CN1[C@H](C)Cc2cc(O)ccc2[C@H]1c3ccc(\C=C\C(=O)O)cc3,c1ccc(C2NCCc3ccccc32)cc1,29
COCc1cc(O)cc2c1O[C@@H](c1ccc(O)cc1)[C@H]1CC(F)(F)C[C@@H]21,1.0,COCc1cc(O)cc2[C@@H]3CC(F)(F)C[C@@H]3[C@@H](Oc12)c4ccc(O)cc4,c1ccc(C2Oc3ccccc3C3CCCC32)cc1,26
COCc1cc(O)cc2c1O[C@@H](c1ccc(O)cc1)[C@H]1CCC[C@@H]21,1.0,COCc1cc(O)cc2[C@@H]3CCC[C@@H]3[C@@H](Oc12)c4ccc(O)cc4,c1ccc(C2Oc3ccccc3C3CCCC32)cc1,24
COc1c(C)cc2c(=O)oc3c(C)c(O)ccc3c2c1C,0.0,COc1c(C)cc2C(=O)Oc3c(C)c(O)ccc3c2c1C,O=c1oc2ccccc2c2ccccc12,21
COc1cc(-c2cc(=O)c3cc(O)ccc3o2)ccc1O,0.0,COc1cc(ccc1O)C2=CC(=O)c3cc(O)ccc3O2,O=c1cc(-c2ccccc2)oc2ccccc12,21
COc1cc(-c2ccc(O)cc2)nc2ccc(O)cc12,0.0,COc1cc(nc2ccc(O)cc12)c3ccc(O)cc3,c1ccc(-c2ccc3ccccc3n2)cc1,20
COc1cc(-c2nnc(-c3ccc(S(=O)(=O)c4ccccc4)cc3)o2)cc(OC)c1OC,0.0,COc1cc(cc(OC)c1OC)c2oc(nn2)c3ccc(cc3)S(=O)(=O)c4ccccc4,O=S(=O)(c1ccccc1)c1ccc(-c2nnc(-c3ccccc3)o2)cc1,32
COc1cc(/C=C/c2ccc(F)cc2)cc(OC)c1,0.0,COc1cc(OC)cc(\C=C\c2ccc(F)cc2)c1,C(=Cc1ccccc1)c1ccccc1,19
COc1cc(/C=C2/C(=N)N3C=CSC3=NC2=O)ccc1OCCCOc1ccccc1C,0.0,COc1cc(\C=C/2\C(=N)N3C=CSC3=NC2=O)ccc1OCCCOc4ccccc4C,N=C1C(=Cc2ccc(OCCCOc3ccccc3)cc2)C(=O)N=C2SC=CN12,32
COc1cc(/C=C2\SC(=O)NC2=O)ccc1Oc1ccc(C#N)cc1C(F)(F)F,0.0,COc1cc(\C=C\2/SC(=O)NC2=O)ccc1Oc3ccc(cc3C(F)(F)F)C#N,O=C1NC(=O)C(=Cc2ccc(Oc3ccccc3)cc2)S1,29
COc1cc(/C=C\c2ccc(F)cc2)cc(OC)c1,0.0,COc1cc(OC)cc(\C=C/c2ccc(F)cc2)c1,C(=Cc1ccccc1)c1ccccc1,19
COc1cc(/C=N/NC(=O)c2cc3c(ccc4ccccc43)o2)cc(OC)c1O,0.0,COc1cc(\C=N\NC(=O)c2oc3ccc4ccccc4c3c2)cc(OC)c1O,O=C(NN=Cc1ccccc1)c1cc2c(ccc3ccccc32)o1,29
COc1cc(/C=c2\s/c(=C(/C#N)C(=O)N3CCCC3)n(-c3ccccc3)c2=O)ccc1O,0.0,COc1cc(\C=C\2/S\C(=C(\C#N)/C(=O)N3CCCC3)\N(C2=O)c4ccccc4)ccc1O,O=C(C=c1sc(=Cc2ccccc2)c(=O)n1-c1ccccc1)N1CCCC1,32
COc1cc(/C=c2\sc3nc(-c4ccncc4)nn3c2=O)ccc1OC(C)=O,0.0,COc1cc(\C=C\2/Sc3nc(nn3C2=O)c4ccncc4)ccc1OC(=O)C,O=c1c(=Cc2ccccc2)sc2nc(-c3ccncc3)nn12,28
COc1cc(Br)c2c(c1)C(=O)N(c1ccc(O)cc1)C2=O,0.0,COc1cc(Br)c2C(=O)N(C(=O)c2c1)c3ccc(O)cc3,O=C1c2ccccc2C(=O)N1c1ccccc1,21
COc1cc(C(=O)CCc2cc3c(cc2OC)CC[C@@H]2[C@@H]3CC[C@]3(C)[C@@H](O)CC[C@@H]23)ccc1O,0.0,COc1cc(ccc1O)C(=O)CCc2cc3[C@H]4CC[C@]5(C)[C@@H](O)CC[C@H]5[C@@H]4CCc3cc2OC,O=C(CCc1ccc2c(c1)C1CCC3CCCC3C1CC2)c1ccccc1,34
COc1cc(C(=O)Nc2nnc(-c3sccc3C)s2)cc(OC)c1OC,0.0,COc1cc(cc(OC)c1OC)C(=O)Nc2nnc(s2)c3sccc3C,O=C(Nc1nnc(-c2cccs2)s1)c1ccccc1,26
COc1cc(C(=O)OCC(=O)Nc2c(F)c(F)c(F)c(F)c2F)cc(OC)c1OC,0.0,COc1cc(cc(OC)c1OC)C(=O)OCC(=O)Nc2c(F)c(F)c(F)c(F)c2F,O=C(COC(=O)c1ccccc1)Nc1ccccc1,30
COc1cc(C)c(S(=O)(=O)NCc2ccc3c(c2)OCO3)cc1C,0.0,COc1cc(C)c(cc1C)S(=O)(=O)NCc2ccc3OCOc3c2,O=S(=O)(NCc1ccc2c(c1)OCO2)c1ccccc1,24
COc1cc(C2C(C#N)=C(N)Oc3cc(C)oc(=O)c32)cc2c1OCO2,0.0,COc1cc(cc2OCOc12)C3C(=C(N)OC4=C3C(=O)OC(=C4)C)C#N,O=c1occc2c1C(c1ccc3c(c1)OCO3)C=CO2,26
COc1cc(CNC(=O)[C@@]2(Cc3ccccc3)OC(=O)N([C@@H]3CCc4ccccc43)C2=O)cc(OC)c1,0.0,COc1cc(CNC(=O)[C@@]2(Cc3ccccc3)OC(=O)N([C@@H]4CCc5ccccc45)C2=O)cc(OC)c1,O=C1OC(Cc2ccccc2)(C(=O)NCc2ccccc2)C(=O)N1C1CCc2ccccc21,37
COc1cc(Cn2c(-c3ccc(O)cc3)c(C)c3cc(O)ccc32)ccc1OCCN1CCCCC1,1.0,COc1cc(Cn2c(c(C)c3cc(O)ccc23)c4ccc(O)cc4)ccc1OCCN5CCCCC5,c1ccc(-c2cc3ccccc3n2Cc2ccc(OCCN3CCCCC3)cc2)cc1,36
COc1cc(Cn2c(-c3ccc(O)cc3)c(C)c3cc(O)ccc32)ccc1OCCN1CCCCCC1,1.0,COc1cc(Cn2c(c(C)c3cc(O)ccc23)c4ccc(O)cc4)ccc1OCCN5CCCCCC5,c1ccc(-c2cc3ccccc3n2Cc2ccc(OCCN3CCCCCC3)cc2)cc1,37
COc1cc(F)ccc1-c1c(Cc2ccc(/C=C/C(=O)O)cc2)c2ccc(O)cc2oc1=O,1.0,COc1cc(F)ccc1C2=C(Cc3ccc(\C=C\C(=O)O)cc3)c4ccc(O)cc4OC2=O,O=c1oc2ccccc2c(Cc2ccccc2)c1-c1ccccc1,33
COc1cc(NC(=O)COc2ccc(-n3cnnn3)cc2)c(OC)cc1Cl,0.0,COc1cc(NC(=O)COc2ccc(cc2)n3cnnn3)c(OC)cc1Cl,O=C(COc1ccc(-n2cnnn2)cc1)Nc1ccccc1,27
COc1cc(NC(=O)CSc2nc3ccccc3c(=O)n2C)ccc1NC(=O)c1ccco1,0.0,COc1cc(NC(=O)CSC2=Nc3ccccc3C(=O)N2C)ccc1NC(=O)c4occc4,O=C(CSc1nc2ccccc2c(=O)[nH]1)Nc1ccc(NC(=O)c2ccco2)cc1,33
COc1cc(NC(=O)c2cc3c(=O)n(C)c4ccccc4c3n2C)cc(OC)c1OC,0.0,COc1cc(NC(=O)c2cc3C(=O)N(C)c4ccccc4c3n2C)cc(OC)c1OC,O=C(Nc1ccccc1)c1cc2c(=O)[nH]c3ccccc3c2[nH]1,31
COc1cc(NC(=O)c2cccs2)c(C(=O)OCC(=O)NCc2ccco2)cc1OC,0.0,COc1cc(NC(=O)c2cccs2)c(cc1OC)C(=O)OCC(=O)NCc3occc3,O=C(COC(=O)c1ccccc1NC(=O)c1cccs1)NCc1ccco1,31
COc1cc(O)c(/C=C\C(C)(C)O)c(O)c1C(=O)/C=C/c1ccc(O)cc1,0.0,COc1cc(O)c(\C=C/C(C)(C)O)c(O)c1C(=O)\C=C\c2ccc(O)cc2,O=C(C=Cc1ccccc1)c1ccccc1,27
COc1cc(O)c(/C=C\C(C)(C)O)c2c1C(=O)CC(c1ccc(O)cc1)O2,0.0,COc1cc(O)c(\C=C/C(C)(C)O)c2OC(CC(=O)c12)c3ccc(O)cc3,O=C1CC(c2ccccc2)Oc2ccccc21,27
COc1cc(O)c(/C=C\C(C)(C)O)c2c1C(=O)C[C@@H](c1ccccc1)O2,0.0,COc1cc(O)c(\C=C/C(C)(C)O)c2O[C@@H](CC(=O)c12)c3ccccc3,O=C1CC(c2ccccc2)Oc2ccccc21,26
COc1cc(O)c(Br)c2cc(-c3ccc(O)cc3)oc12,1.0,COc1cc(O)c(Br)c2cc(oc12)c3ccc(O)cc3,c1ccc(-c2cc3ccccc3o2)cc1,20
COc1cc(O)c(Br)c2nc(-c3ccc(O)c(F)c3)oc12,0.0,COc1cc(O)c(Br)c2nc(oc12)c3ccc(O)c(F)c3,c1ccc(-c2nc3ccccc3o2)cc1,21
COc1cc(O)c(Cl)c2cc(-c3ccc(O)cc3)oc12,1.0,COc1cc(O)c(Cl)c2cc(oc12)c3ccc(O)cc3,c1ccc(-c2cc3ccccc3o2)cc1,20
COc1cc(O)c2c(=O)c3c(oc2c1)oc1cc(O)ccc13,0.0,COc1cc(O)c2C(=O)c3c(Oc2c1)oc4cc(O)ccc34,O=c1c2ccccc2oc2oc3ccccc3c12,22
COc1cc(O)c2c(=O)n(-c3ccc(O)cc3)cnc2c1,0.0,COc1cc(O)c2C(=O)N(C=Nc2c1)c3ccc(O)cc3,O=c1c2ccccc2ncn1-c1ccccc1,21
COc1cc(O)c2c(C=O)c(-c3ccc(O)cc3O)oc2c1,1.0,COc1cc(O)c2c(C=O)c(oc2c1)c3ccc(O)cc3O,c1ccc(-c2cc3ccccc3o2)cc1,22
COc1cc(O)cc2nc(-c3ccc(O)cc3)oc12,0.0,COc1cc(O)cc2nc(oc12)c3ccc(O)cc3,c1ccc(-c2nc3ccccc3o2)cc1,19
COc1cc(O)ccc1-c1ccc2cc(O)ccc2c1,1.0,COc1cc(O)ccc1c2ccc3cc(O)ccc3c2,c1ccc(-c2ccc3ccccc3c2)cc1,20
COc1cc(O)ccc1[C@@H]1C(=O)c2ccc(O)cc2O[C@@H]1c1ccc(OCCN2CCCCC2)cc1,1.0,COc1cc(O)ccc1[C@H]2[C@H](Oc3cc(O)ccc3C2=O)c4ccc(OCCN5CCCCC5)cc4,O=C1c2ccccc2OC(c2ccc(OCCN3CCCCC3)cc2)C1c1ccccc1,36
COc1cc(OC)cc(-c2nnc([C@@]3(Cc4ccccc4)OC(=O)N([C@H](C)c4ccccc4)C3=O)o2)c1,0.0,COc1cc(OC)cc(c1)c2oc(nn2)[C@@]3(Cc4ccccc4)OC(=O)N([C@H](C)c5ccccc5)C3=O,O=C1OC(Cc2ccccc2)(c2nnc(-c3ccccc3)o2)C(=O)N1Cc1ccccc1,37
COc1cc(OC)nc(NC(=O)C(C)C)n1,0.0,COc1cc(OC)nc(NC(=O)C(C)C)n1,c1cncnc1,16
COc1cc([C@H](O)[C@H]2CCCC3=Cc4c(cnn4-c4ccc(F)cc4)C[C@@]32C)cc(F)c1F,0.0,COc1cc(cc(F)c1F)[C@H](O)[C@H]2CCCC3=Cc4c(C[C@]23C)cnn4c5ccc(F)cc5,C1=C2CCCC(Cc3ccccc3)C2Cc2cnn(-c3ccccc3)c21,33
COc1cc([C@H]2O[C@@H](c3cc(OC)c4c(c3)OCO4)[C@@H](CO)[C@@H]2COC(C)=O)cc2c1OCO2,0.0,COc1cc(cc2OCOc12)[C@@H]3O[C@@H]([C@@H](COC(=O)C)[C@@H]3CO)c4cc(OC)c5OCOc5c4,c1cc2c(cc1C1CCC(c3ccc4c(c3)OCO4)O1)OCO2,34
COc1cc([C@H]2[C@H](c3ccc(O)cc3)C(=O)N2c2ccc(O)cc2)cc(OC)c1OC,0.0,COc1cc(cc(OC)c1OC)[C@H]2[C@@H](C(=O)N2c3ccc(O)cc3)c4ccc(O)cc4,O=C1C(c2ccccc2)C(c2ccccc2)N1c1ccccc1,31
COc1cc2[nH]c(=S)n(CCCC(=O)N3CCN(c4cccc(Cl)c4)CC3)c(=O)c2cc1OC,0.0,COc1cc2NC(=S)N(CCCC(=O)N3CCN(CC3)c4cccc(Cl)c4)C(=O)c2cc1OC,O=C(CCCn1c(=S)[nH]c2ccccc2c1=O)N1CCN(c2ccccc2)CC1,34
COc1cc2c(=O)oc3c(C)c(O)ccc3c2cc1Br,0.0,COc1cc2C(=O)Oc3c(C)c(O)ccc3c2cc1Br,O=c1oc2ccccc2c2ccccc12,20
COc1cc2c(cc1C=O)[C@H]1CC[C@]3(C)[C@@H](OC(C)=O)CC[C@H]3[C@@H]1CC2,0.0,COc1cc2CC[C@@H]3[C@H](CC[C@]4(C)[C@H](CC[C@@H]34)OC(=O)C)c2cc1C=O,c1ccc2c(c1)CCC1C2CCC2CCCC21,26
COc1cc2c(cc1O)CC[C@@H]1[C@@H]2CC[C@]2(C)C(=O)CCC[C@@H]12,0.0,COc1cc2[C@H]3CC[C@@]4(C)[C@@H](CCCC4=O)[C@@H]3CCc2cc1O,O=C1CCCC2C1CCC1c3ccccc3CCC12,23
COc1cc2c(cc1O)CC[C@@H]1[C@@H]2CC[C@]2(C)C(=O)CC[C@@H]12,0.0,COc1cc2[C@H]3CC[C@@]4(C)[C@@H](CCC4=O)[C@@H]3CCc2cc1O,O=C1CCC2C1CCC1c3ccccc3CCC12,22
COc1cc2cc(C(c3nnnn3C3CCCC3)N3CCc4ccccc43)c(O)nc2cc1OC,0.0,COc1cc2cc(C(N3CCc4ccccc34)c5nnnn5C6CCCC6)c(O)nc2cc1OC,c1ccc2c(c1)CCN2C(c1cnc2ccccc2c1)c1nnnn1C1CCCC1,35
COc1cc2oc(-c3ccc(O)cc3O)cc2cc1O,1.0,COc1cc2oc(cc2cc1O)c3ccc(O)cc3O,c1ccc(-c2cc3ccccc3o2)cc1,20
COc1ccc(-c2c(C#N)c(C)nc3c2C(=O)c2ccccc2-3)cc1,0.0,COc1ccc(cc1)c2c(C#N)c(C)nc3c4ccccc4C(=O)c23,O=C1c2ccccc2-c2nccc(-c3ccccc3)c21,25
COc1ccc(-c2c(Cc3ccc(/C=C/C(=O)O)cc3)c3ccc(O)cc3oc2=O)cc1,1.0,COc1ccc(cc1)C2=C(Cc3ccc(\C=C\C(=O)O)cc3)c4ccc(O)cc4OC2=O,O=c1oc2ccccc2c(Cc2ccccc2)c1-c1ccccc1,32
COc1ccc(-c2cc(-c3cccs3)c(C#N)c(SCC(=O)NCc3ccco3)n2)cc1,0.0,COc1ccc(cc1)c2cc(c3cccs3)c(C#N)c(SCC(=O)NCc4occc4)n2,O=C(CSc1cc(-c2cccs2)cc(-c2ccccc2)n1)NCc1ccco1,32
COc1ccc(-c2cc(C(F)(F)F)n3ncc(C(=O)NCc4ccco4)c3n2)cc1,0.0,COc1ccc(cc1)c2cc(n3ncc(C(=O)NCc4occc4)c3n2)C(F)(F)F,O=C(NCc1ccco1)c1cnn2ccc(-c3ccccc3)nc12,30
COc1ccc(-c2ccc(-c3noc(-c4cccs4)n3)c(OC)n2)cc1,0.0,COc1ccc(cc1)c2ccc(c(OC)n2)c3noc(n3)c4cccs4,c1ccc(-c2ccc(-c3noc(-c4cccs4)n3)cn2)cc1,26
COc1ccc(-c2cccc(-c3ccc(OC)cc3)c2)cc1,0.0,COc1ccc(cc1)c2cccc(c2)c3ccc(OC)cc3,c1ccc(-c2cccc(-c3ccccc3)c2)cc1,22
COc1ccc(-c2cn3c(C)c(C(=O)Nc4ccncc4)sc3n2)cc1,0.0,COc1ccc(cc1)c2cn3c(C)c(sc3n2)C(=O)Nc4ccncc4,O=C(Nc1ccncc1)c1cn2cc(-c3ccccc3)nc2s1,26
COc1ccc(-c2nc(C(N)=O)c3nc(O)n(-c4cccc(Cl)c4)c3n2)cc1OC,0.0,COc1ccc(cc1OC)c2nc(C(=O)N)c3nc(O)n(c4cccc(Cl)c4)c3n2,c1ccc(-c2ncc3ncn(-c4ccccc4)c3n2)cc1,30
COc1ccc(-c2nn(C)c(=O)c3ccccc23)cc1NC(=O)Cn1nc(C)c2ccccc2c1=O,0.0,COc1ccc(cc1NC(=O)CN2N=C(C)c3ccccc3C2=O)C4=NN(C)C(=O)c5ccccc45,O=C(Cn1ncc2ccccc2c1=O)Nc1cccc(-c2n[nH]c(=O)c3ccccc23)c1,36
COc1ccc(-c2nnc(-c3cc4c(ccc5ccccc54)oc3=O)o2)cc1,0.0,COc1ccc(cc1)c2oc(nn2)C3=Cc4c(OC3=O)ccc5ccccc45,O=c1oc2ccc3ccccc3c2cc1-c1nnc(-c2ccccc2)o1,28
COc1ccc(-c2nnc(SC/C(O)=C(/C#N)C(C)=N)o2)cc1,0.0,COc1ccc(cc1)c2oc(SC\C(=C(\C#N)/C(=N)C)\O)nn2,c1ccc(-c2nnco2)cc1,23
COc1ccc(-c2nnc(SCC(=O)c3cc(C)n(Cc4cccs4)c3C)o2)cc1,0.0,COc1ccc(cc1)c2oc(SCC(=O)c3cc(C)n(Cc4cccs4)c3C)nn2,O=C(CSc1nnc(-c2ccccc2)o1)c1ccn(Cc2cccs2)c1,30
COc1ccc(-c2sc3cc(O)ccc3c2Oc2ccc(OCCN3CCCCC3)cc2)cc1,1.0,COc1ccc(cc1)c2sc3cc(O)ccc3c2Oc4ccc(OCCN5CCCCC5)cc4,c1ccc(-c2sc3ccccc3c2Oc2ccc(OCCN3CCCCC3)cc2)cc1,34
COc1ccc(-n2c(SCC(=O)Nc3ccc4c(c3)OCO4)nnc2C(C)N2CCCCC2)cc1,0.0,COc1ccc(cc1)n2c(SCC(=O)Nc3ccc4OCOc4c3)nnc2C(C)N5CCCCC5,O=C(CSc1nnc(CN2CCCCC2)n1-c1ccccc1)Nc1ccc2c(c1)OCO2,35
COc1ccc(-n2c(SCC(=O)Nc3nccs3)nc3sc4c(c3c2=O)CCN(C)C4)cc1,0.0,COc1ccc(cc1)N2C(=Nc3sc4CN(C)CCc4c3C2=O)SCC(=O)Nc5nccs5,O=C(CSc1nc2sc3c(c2c(=O)n1-c1ccccc1)CCNC3)Nc1nccs1,33
COc1ccc(-n2nc(C(=O)Nc3ccc(OC)c(OC)c3)c3c4ccccc4n(C)c3c2=O)cc1,0.0,COc1ccc(cc1)N2N=C(C(=O)Nc3ccc(OC)c(OC)c3)c4c(C2=O)n(C)c5ccccc45,O=C(Nc1ccccc1)c1nn(-c2ccccc2)c(=O)c2[nH]c3ccccc3c12,36
COc1ccc(/C=C/C(O)=C2\C(=O)N(C)C3(C)CC2c2ccccc2O3)cc1,0.0,COc1ccc(\C=C\C(=C/2\C3CC(C)(Oc4ccccc34)N(C)C2=O)\O)cc1,O=C1NC2CC(C1=CC=Cc1ccccc1)c1ccccc1O2,28
COc1ccc(/C=C/c2cc(Cl)cc(Cl)c2)cc1,0.0,COc1ccc(\C=C\c2cc(Cl)cc(Cl)c2)cc1,C(=Cc1ccccc1)c1ccccc1,18
COc1ccc(/C=C/c2cc(F)cc(F)c2)cc1,0.0,COc1ccc(\C=C\c2cc(F)cc(F)c2)cc1,C(=Cc1ccccc1)c1ccccc1,18
COc1ccc(/C=C\c2cc(Cl)cc(Cl)c2)cc1,0.0,COc1ccc(\C=C/c2cc(Cl)cc(Cl)c2)cc1,C(=Cc1ccccc1)c1ccccc1,18
COc1ccc(/C=C\c2cc(F)cc(F)c2)cc1,0.0,COc1ccc(\C=C/c2cc(F)cc(F)c2)cc1,C(=Cc1ccccc1)c1ccccc1,18
COc1ccc(/N=C(\c2ccc(O)cc2)c2ccc(O)cc2O)cc1,1.0,COc1ccc(cc1)\N=C(/c2ccc(O)cc2)\c3ccc(O)cc3O,c1ccc(N=C(c2ccccc2)c2ccccc2)cc1,25
COc1ccc(Br)cc1CNC(=O)C1CCCN(c2nc3ccccc3o2)C1,0.0,COc1ccc(Br)cc1CNC(=O)C2CCCN(C2)c3oc4ccccc4n3,O=C(NCc1ccccc1)C1CCCN(c2nc3ccccc3o2)C1,28
COc1ccc(C(=O)COC(=O)c2ccc(O)cc2)cc1,0.0,COc1ccc(cc1)C(=O)COC(=O)c2ccc(O)cc2,O=C(COC(=O)c1ccccc1)c1ccccc1,21
COc1ccc(C(=O)CSc2nnc(C3CCCCC3)n2N)c(OC)c1,0.0,COc1ccc(C(=O)CSc2nnc(C3CCCCC3)n2N)c(OC)c1,O=C(CSc1nnc(C2CCCCC2)[nH]1)c1ccccc1,26
COc1ccc(C(=O)N2CCN(c3nc(NCCc4ccc(O)cc4)nc(N(C)CCCc4ccc(Cl)cc4)n3)CC2)cc1,0.0,COc1ccc(cc1)C(=O)N2CCN(CC2)c3nc(NCCc4ccc(O)cc4)nc(n3)N(C)CCCc5ccc(Cl)cc5,O=C(c1ccccc1)N1CCN(c2nc(NCCCc3ccccc3)nc(NCCc3ccccc3)n2)CC1,44
COc1ccc(C(=O)Nc2nc(O)c3cc(OC)c(OC)cc3n2)cc1,0.0,COc1ccc(cc1)C(=O)Nc2nc(O)c3cc(OC)c(OC)cc3n2,O=C(Nc1ncc2ccccc2n1)c1ccccc1,26
COc1ccc(C)cc1-n1nnnc1SCC(=O)NC(=O)NCc1ccco1,0.0,COc1ccc(C)cc1n2nnnc2SCC(=O)NC(=O)NCc3occc3,O=C(CSc1nnnn1-c1ccccc1)NC(=O)NCc1ccco1,28
COc1ccc(C2=C(c3ccccc3)CCCc3cc(O)ccc32)cc1,1.0,COc1ccc(cc1)C2=C(CCCc3cc(O)ccc23)c4ccccc4,c1ccc(C2=C(c3ccccc3)c3ccccc3CCC2)cc1,26
COc1ccc(C2C=C(c3ccc(Cl)cc3)Nc3nc(NC(C)=O)nn32)cc1,0.0,COc1ccc(cc1)C2C=C(Nc3nc(NC(=O)C)nn23)c4ccc(Cl)cc4,C1=C(c2ccccc2)Nc2ncnn2C1c1ccccc1,28
COc1ccc(C2CC(c3c(O)nc4ccc(Cl)cc4c3-c3ccccc3)=NN2S(C)(=O)=O)cc1OC,0.0,COc1ccc(cc1OC)C2CC(=NN2S(=O)(=O)C)c3c(O)nc4ccc(Cl)cc4c3c5ccccc5,c1ccc(-c2c(C3=NNC(c4ccccc4)C3)cnc3ccccc23)cc1,37
COc1ccc(C2Oc3ccc(O)cc3C(=O)C2C)cc1,0.0,COc1ccc(cc1)C2Oc3ccc(O)cc3C(=O)C2C,O=C1CC(c2ccccc2)Oc2ccccc21,21
COc1ccc(C2Sc3cc(O)ccc3OC2c2ccc(OCCN3CCCCC3)cc2)cc1,1.0,COc1ccc(cc1)C2Sc3cc(O)ccc3OC2c4ccc(OCCN5CCCCC5)cc4,c1ccc(C2Sc3ccccc3OC2c2ccc(OCCN3CCCCC3)cc2)cc1,34
COc1ccc(CCCc2ccc(O)cc2)c(O)c1,0.0,COc1ccc(CCCc2ccc(O)cc2)c(O)c1,c1ccc(CCCc2ccccc2)cc1,19
COc1ccc(CCn2c(SCC(=O)Nc3cc(C)on3)nc3ccsc3c2=O)cc1OC,0.0,COc1ccc(CCN2C(=O)c3sccc3N=C2SCC(=O)Nc4cc(C)on4)cc1OC,O=C(CSc1nc2ccsc2c(=O)n1CCc1ccccc1)Nc1ccon1,33
COc1ccc(CNC(=O)c2cc(-c3cccs3)on2)cc1,0.0,COc1ccc(CNC(=O)c2cc(on2)c3cccs3)cc1,O=C(NCc1ccccc1)c1cc(-c2cccs2)on1,22
COc1ccc(Cc2nc3cc(S(=O)(=O)N4CCOCC4)ccc3[nH]2)cc1,0.0,COc1ccc(Cc2nc3cc(ccc3[nH]2)S(=O)(=O)N4CCOCC4)cc1,O=S(=O)(c1ccc2[nH]c(Cc3ccccc3)nc2c1)N1CCOCC1,27
COc1ccc(Cl)cc1NC(=O)c1oc(C)nc1C,0.0,COc1ccc(Cl)cc1NC(=O)c2oc(C)nc2C,O=C(Nc1ccccc1)c1cnco1,19
COc1ccc(Cl)cc1NC(=O)c1ocnc1C,0.0,COc1ccc(Cl)cc1NC(=O)c2ocnc2C,O=C(Nc1ccccc1)c1cnco1,18
COc1ccc(Cn2c(=O)[nH]c3cc(C(=O)NCc4ccc5c(c4)OCO5)ccc3c2=O)cc1,0.0,COc1ccc(CN2C(=O)Nc3cc(ccc3C2=O)C(=O)NCc4ccc5OCOc5c4)cc1,O=C(NCc1ccc2c(c1)OCO2)c1ccc2c(=O)n(Cc3ccccc3)c(=O)[nH]c2c1,34
COc1ccc(Cn2c(N)c(C(=O)NCc3ccco3)c3nc4ccccc4nc32)cc1,0.0,COc1ccc(Cn2c(N)c(C(=O)NCc3occc3)c4nc5ccccc5nc24)cc1,O=C(NCc1ccco1)c1cn(Cc2ccccc2)c2nc3ccccc3nc12,32
COc1ccc(N(CN2C(=O)C3C4C=CC(C4)C3C2=O)C(=O)c2ccco2)cc1,0.0,COc1ccc(cc1)N(CN2C(=O)C3C4CC(C=C4)C3C2=O)C(=O)c5occc5,O=C1C2C3C=CC(C3)C2C(=O)N1CN(C(=O)c1ccco1)c1ccccc1,29
COc1ccc(N2C(=O)c3ccc(O)cc3C2=O)c(OC)c1,0.0,COc1ccc(N2C(=O)c3ccc(O)cc3C2=O)c(OC)c1,O=C1c2ccccc2C(=O)N1c1ccccc1,22
COc1ccc(N2C(=O)c3ccc(O)cc3C2=O)c([N+](=O)[O-])c1,0.0,COc1ccc(N2C(=O)c3ccc(O)cc3C2=O)c(c1)[N+](=O)[O-],O=C1c2ccccc2C(=O)N1c1ccccc1,23
COc1ccc(N2C(=O)c3ccc(O)cc3C2=O)cc1,0.0,COc1ccc(cc1)N2C(=O)c3ccc(O)cc3C2=O,O=C1c2ccccc2C(=O)N1c1ccccc1,20
COc1ccc(N2CCN(C(=O)CCCn3c(=S)[nH]c4ccccc4c3=O)CC2)cc1,0.0,COc1ccc(cc1)N2CCN(CC2)C(=O)CCCN3C(=S)Nc4ccccc4C3=O,O=C(CCCn1c(=S)[nH]c2ccccc2c1=O)N1CCN(c2ccccc2)CC1,31
COc1ccc(N2Cc3cccc(C(=O)N4CCN(C(=O)c5ccco5)CC4)c3C2=O)cc1,0.0,COc1ccc(cc1)N2Cc3cccc(C(=O)N4CCN(CC4)C(=O)c5occc5)c3C2=O,O=C(c1ccco1)N1CCN(C(=O)c2cccc3c2C(=O)N(c2ccccc2)C3)CC1,33
COc1ccc(N2Cc3cccc(C(=O)O)c3C2=O)cc1,0.0,COc1ccc(cc1)N2Cc3cccc(C(=O)O)c3C2=O,O=C1c2ccccc2CN1c1ccccc1,21
COc1ccc(NC(=O)c2ccco2)cc1N,0.0,COc1ccc(NC(=O)c2occc2)cc1N,O=C(Nc1ccccc1)c1ccco1,17
COc1ccc(NC2=NC(=O)S/C2=C\c2ccc(N(C)C)cc2)cc1,0.0,COc1ccc(NC2=NC(=O)S/C/2=C\c3ccc(cc3)N(C)C)cc1,O=C1N=C(Nc2ccccc2)C(=Cc2ccccc2)S1,25
COc1ccc(OC)c(/C=N/c2oc(-c3ccco3)c(-c3ccco3)c2C#N)c1,0.0,COc1ccc(OC)c(\C=N\c2oc(c3occc3)c(c4occc4)c2C#N)c1,C(=Nc1cc(-c2ccco2)c(-c2ccco2)o1)c1ccccc1,29
COc1ccc(OC)c(C(=O)CSc2nnc(-c3ccc(OC)c(OC)c3)o2)c1,0.0,COc1ccc(OC)c(c1)C(=O)CSc2oc(nn2)c3ccc(OC)c(OC)c3,O=C(CSc1nnc(-c2ccccc2)o1)c1ccccc1,29
COc1ccc(OC)c(N2C(=O)[C@@H]3C(c4ccccc4Cl)=NO[C@@H]3C2=O)c1,0.0,COc1ccc(OC)c(c1)N2C(=O)[C@H]3ON=C([C@H]3C2=O)c4ccccc4Cl,O=C1C2ON=C(c3ccccc3)C2C(=O)N1c1ccccc1,27
COc1ccc(OC)c(NC(=O)c2cc(-c3ccc(C)cc3O)[nH]n2)c1,0.0,COc1ccc(OC)c(NC(=O)c2cc([nH]n2)c3ccc(C)cc3O)c1,O=C(Nc1ccccc1)c1cc(-c2ccccc2)[nH]n1,26
COc1ccc(OCCC(=O)OCC(=O)NCc2ccco2)cc1,0.0,COc1ccc(OCCC(=O)OCC(=O)NCc2occc2)cc1,O=C(COC(=O)CCOc1ccccc1)NCc1ccco1,24
COc1ccc(OS(=O)(=O)C2CC3OC2C(c2ccc(NC(=O)CCCCCCC(=O)O)cc2)=C3c2ccc(O)cc2)cc1,0.0,COc1ccc(OS(=O)(=O)C2CC3OC2C(=C3c4ccc(O)cc4)c5ccc(NC(=O)CCCCCCC(=O)O)cc5)cc1,O=S(=O)(Oc1ccccc1)C1CC2OC1C(c1ccccc1)=C2c1ccccc1,44
COc1ccc(OS(=O)(=O)[C@H]2C[C@H]3C(c4ccc(O)c(C)c4)=C(c4ccc(O)c(C)c4)[C@@H]2S3=O)cc1,0.0,COc1ccc(OS(=O)(=O)[C@H]2C[C@H]3C(=C([C@@H]2S3=O)c4ccc(O)c(C)c4)c5ccc(O)c(C)c5)cc1,O=S1C2CC(S(=O)(=O)Oc3ccccc3)C1C(c1ccccc1)=C2c1ccccc1,36
COc1ccc([C@@H](Oc2ccc3c(cnn3-c3ccc(F)cc3)c2)[C@H](C)NC(=O)C2CC2)cn1,0.0,COc1ccc(cn1)[C@@H](Oc2ccc3c(cnn3c4ccc(F)cc4)c2)[C@H](C)NC(=O)C5CC5,O=C(NCC(Oc1ccc2c(cnn2-c2ccccc2)c1)c1cccnc1)C1CC1,34
COc1ccc([C@H]2[C@H](C(O)c3ccc(O)cc3)C(=O)N2c2cc(OC)c(OC)c(OC)c2)cc1,1.0,COc1ccc(cc1)[C@H]2[C@H](C(O)c3ccc(O)cc3)C(=O)N2c4cc(OC)c(OC)c(OC)c4,O=C1C(Cc2ccccc2)C(c2ccccc2)N1c1ccccc1,34
COc1ccc2[nH]c3c(c2c1)CCn1c-3nc2ccccc2c1=O,0.0,COc1ccc2[nH]c3C4=Nc5ccccc5C(=O)N4CCc3c2c1,O=c1c2ccccc2nc2n1CCc1c-2[nH]c2ccccc12,24
COc1ccc2[nH]c3nc(SCc4nnc(-c5ccc(C)cc5)o4)nnc3c2c1,0.0,COc1ccc2[nH]c3nc(SCc4oc(nn4)c5ccc(C)cc5)nnc3c2c1,c1ccc(-c2nnc(CSc3nnc4c(n3)[nH]c3ccccc34)o2)cc1,29
COc1ccc2c(Cc3ccc(/C=C/C(=O)O)cc3)c(-c3ccc(OC(F)(F)F)cc3)c(=O)oc2c1,0.0,COc1ccc2C(=C(C(=O)Oc2c1)c3ccc(OC(F)(F)F)cc3)Cc4ccc(\C=C\C(=O)O)cc4,O=c1oc2ccccc2c(Cc2ccccc2)c1-c1ccccc1,36
COc1ccc2c(c1)C(=O)c1c-2n(-c2ccc(OCCCN(C)C)cc2)c(=O)c2cc(OC)ccc12,0.0,COc1ccc2C3=C(N(C(=O)c2c1)c4ccc(OCCCN(C)C)cc4)c5ccc(OC)cc5C3=O,O=C1c2ccccc2-c2c1c1ccccc1c(=O)n2-c1ccccc1,36
COc1ccc2c(c1)C(=O)c1c-2n(-c2ccc(OCCCN3CCCC3)cc2)c(=O)c2cc(OC)ccc12,0.0,COc1ccc2C3=C(N(C(=O)c2c1)c4ccc(OCCCN5CCCC5)cc4)c6ccc(OC)cc6C3=O,O=C1c2ccccc2-c2c1c1ccccc1c(=O)n2-c1ccc(OCCCN2CCCC2)cc1,38
COc1ccc2c(c1)C(=O)c1c-2n(-c2ccc(OCCCN3CCCCC3)cc2)c(=O)c2cc(OC)ccc12,0.0,COc1ccc2C3=C(N(C(=O)c2c1)c4ccc(OCCCN5CCCCC5)cc4)c6ccc(OC)cc6C3=O,O=C1c2ccccc2-c2c1c1ccccc1c(=O)n2-c1ccc(OCCCN2CCCCC2)cc1,39
COc1ccc2c(c1)C(=O)c1c-2n(-c2ccc(OCCCN3CCN(C)CC3)cc2)c(=O)c2cc(OC)ccc12,0.0,COc1ccc2C3=C(N(C(=O)c2c1)c4ccc(OCCCN5CCN(C)CC5)cc4)c6ccc(OC)cc6C3=O,O=C1c2ccccc2-c2c1c1ccccc1c(=O)n2-c1ccc(OCCCN2CCNCC2)cc1,40
COc1ccc2c(c1)C(=O)c1c-2n(-c2ccc(OCCCN3CCOCC3)cc2)c(=O)c2cc(OC)ccc12,0.0,COc1ccc2C3=C(N(C(=O)c2c1)c4ccc(OCCCN5CCOCC5)cc4)c6ccc(OC)cc6C3=O,O=C1c2ccccc2-c2c1c1ccccc1c(=O)n2-c1ccc(OCCCN2CCOCC2)cc1,39
COc1ccc2c(c1)C(=O)c1c-2n(-c2ccc(OCCN(C)C)cc2)c(=O)c2cc(OC)ccc12,0.0,COc1ccc2C3=C(N(C(=O)c2c1)c4ccc(OCCN(C)C)cc4)c5ccc(OC)cc5C3=O,O=C1c2ccccc2-c2c1c1ccccc1c(=O)n2-c1ccccc1,35
COc1ccc2c(c1)C(=O)c1c-2n(-c2ccc(OCCN3CCCC3)cc2)c(=O)c2cc(OC)ccc12,0.0,COc1ccc2C3=C(N(C(=O)c2c1)c4ccc(OCCN5CCCC5)cc4)c6ccc(OC)cc6C3=O,O=C1c2ccccc2-c2c1c1ccccc1c(=O)n2-c1ccc(OCCN2CCCC2)cc1,37
COc1ccc2c(c1)C(=O)c1c-2n(-c2ccc(OCCN3CCCCC3)cc2)c(=O)c2cc(OC)ccc12,0.0,COc1ccc2C3=C(N(C(=O)c2c1)c4ccc(OCCN5CCCCC5)cc4)c6ccc(OC)cc6C3=O,O=C1c2ccccc2-c2c1c1ccccc1c(=O)n2-c1ccc(OCCN2CCCCC2)cc1,38
COc1ccc2c(c1)C(=O)c1c-2n(-c2ccc(OCCN3CCN(C)CC3)cc2)c(=O)c2cc(OC)ccc12,0.0,COc1ccc2C3=C(N(C(=O)c2c1)c4ccc(OCCN5CCN(C)CC5)cc4)c6ccc(OC)cc6C3=O,O=C1c2ccccc2-c2c1c1ccccc1c(=O)n2-c1ccc(OCCN2CCNCC2)cc1,39
COc1ccc2c(c1)C(=O)c1c-2n(-c2ccc(OCCN3CCOCC3)cc2)c(=O)c2cc(OC)ccc12,0.0,COc1ccc2C3=C(N(C(=O)c2c1)c4ccc(OCCN5CCOCC5)cc4)c6ccc(OC)cc6C3=O,O=C1c2ccccc2-c2c1c1ccccc1c(=O)n2-c1ccc(OCCN2CCOCC2)cc1,38
COc1ccc2c(c1)CC/C(=C\c1ccc(OC)c(Cn3nc(C)cc3C)c1)C2=O,0.0,COc1ccc2C(=O)\C(=C\c3ccc(OC)c(Cn4nc(C)cc4C)c3)\CCc2c1,O=C1C(=Cc2cccc(Cn3cccn3)c2)CCc2ccccc21,30
COc1ccc2c(c1)CCC1=CC(=O)CC[C@@]12Cc1ccccc1,0.0,COc1ccc2c(CCC3=CC(=O)CC[C@]23Cc4ccccc4)c1,O=C1C=C2CCc3ccccc3C2(Cc2ccccc2)CC1,24
COc1ccc2c(c1)CCCC(c1ccccc1)=C2c1ccc(O)cc1,1.0,COc1ccc2C(=C(CCCc2c1)c3ccccc3)c4ccc(O)cc4,c1ccc(C2=C(c3ccccc3)c3ccccc3CCC2)cc1,26
COc1ccc2c(c1)CCN(C(=O)C(F)(F)F)C2,0.0,COc1ccc2CN(CCc2c1)C(=O)C(F)(F)F,c1ccc2c(c1)CCNC2,18
COc1ccc2c(c1)CC[C@@H]1[C@@H]2CC[C@@]2(C)[C@H]1CC[C@@]2(O)/C=C/CC(F)(F)C(F)(F)C(F)(F)C(F)(F)C(F)(F)C(F)(F)F,0.0,COc1ccc2[C@H]3CC[C@@]4(C)[C@@H](CC[C@@]4(O)\C=C\CC(F)(F)C(F)(F)C(F)(F)C(F)(F)C(F)(F)C(F)(F)F)[C@@H]3CCc2c1,c1ccc2c(c1)CCC1C2CCC2CCCC21,43
COc1ccc2c(c1)CC[C@@H]1[C@@H]2CC[C@@]2(C)[C@H]1CC[C@@]2(O)/C=C/CC(F)(F)C(F)(F)C(F)(F)F,0.0,COc1ccc2[C@H]3CC[C@@]4(C)[C@@H](CC[C@@]4(O)\C=C\CC(F)(F)C(F)(F)C(F)(F)F)[C@@H]3CCc2c1,c1ccc2c(c1)CCC1C2CCC2CCCC21,34
COc1ccc2c(c1)CC[C@@H]1[C@@H]2CC[C@@]2(C)[C@H]1CC[C@@]2(O)C/C=C/CC(F)(F)C(F)(F)C(F)(F)C(F)(F)C(F)(F)C(F)(F)F,0.0,COc1ccc2[C@H]3CC[C@@]4(C)[C@@H](CC[C@@]4(O)C\C=C\CC(F)(F)C(F)(F)C(F)(F)C(F)(F)C(F)(F)C(F)(F)F)[C@@H]3CCc2c1,c1ccc2c(c1)CCC1C2CCC2CCCC21,44
COc1ccc2c(c1)CC[C@@H]1[C@@H]2CC[C@]2(C)[C@@H](OC(C)=O)CC[C@@H]12,0.0,COc1ccc2[C@H]3CC[C@]4(C)[C@H](CC[C@H]4[C@@H]3CCc2c1)OC(=O)C,c1ccc2c(c1)CCC1C2CCC2CCCC21,24
COc1ccc2c(c1)CO[C@H](c1ccccc1)[C@@H]2c1ccc(OCCN2CCCC2)cc1,1.0,COc1ccc2[C@H]([C@H](OCc2c1)c3ccccc3)c4ccc(OCCN5CCCC5)cc4,c1ccc(C2OCc3ccccc3C2c2ccc(OCCN3CCCC3)cc2)cc1,32
COc1ccc2c(c1)CS[C@H](c1ccccc1)[C@@H]2c1ccc(OCCN2CCCC2)cc1,1.0,COc1ccc2[C@H]([C@H](SCc2c1)c3ccccc3)c4ccc(OCCN5CCCC5)cc4,c1ccc(C2SCc3ccccc3C2c2ccc(OCCN3CCCC3)cc2)cc1,32
COc1ccc2c(c1)C[C@@H](C)N(CC(C)C)[C@@H]2c1ccc(/C=C/C(=O)O)cc1,1.0,COc1ccc2[C@H](N(CC(C)C)[C@H](C)Cc2c1)c3ccc(\C=C\C(=O)O)cc3,c1ccc(C2NCCc3ccccc32)cc1,28
COc1ccc2c(c1)OCCC(c1ccc(O)cc1)=C2c1ccc(OCCN2CCC2)cc1,1.0,COc1ccc2C(=C(CCOc2c1)c3ccc(O)cc3)c4ccc(OCCN5CCC5)cc4,c1ccc(C2=C(c3ccc(OCCN4CCC4)cc3)c3ccccc3OCC2)cc1,33
COc1ccc2c(c1)OCCC(c1ccc(O)cc1)=C2c1ccc(OCCN2CCCC2)cc1,1.0,COc1ccc2C(=C(CCOc2c1)c3ccc(O)cc3)c4ccc(OCCN5CCCC5)cc4,c1ccc(C2=C(c3ccc(OCCN4CCCC4)cc3)c3ccccc3OCC2)cc1,34
COc1ccc2c(c1)OCCC1=C2[C@@H](c2ccc(OCCN3CCCCC3)cc2)Oc2cc(O)ccc21,1.0,COc1ccc2C3=C(CCOc2c1)c4ccc(O)cc4O[C@@H]3c5ccc(OCCN6CCCCC6)cc5,c1ccc2c(c1)OC(c1ccc(OCCN3CCCCC3)cc1)C1=C2CCOc2ccccc21,37
COc1ccc2c(c1)OCCC1=C2[C@H](c2ccc(OCCN3CCCCC3)cc2)Oc2cc(O)ccc21,1.0,COc1ccc2C3=C(CCOc2c1)c4ccc(O)cc4O[C@H]3c5ccc(OCCN6CCCCC6)cc5,c1ccc2c(c1)OC(c1ccc(OCCN3CCCCC3)cc1)C1=C2CCOc2ccccc21,37
COc1ccc2c(c1)OC[C@]1(O)c3cc4c(cc3O[C@H]21)OCO4,0.0,COc1ccc2[C@H]3Oc4cc5OCOc5cc4[C@@]3(O)COc2c1,c1ccc2c(c1)OCC1c3cc4c(cc3OC21)OCO4,23
COc1ccc2c(c1)O[C@@H](c1ccc(OCCN3CCCCC3)cc1)C1=C2CCOc2cc(O)ccc21,1.0,COc1ccc2C3=C([C@@H](Oc2c1)c4ccc(OCCN5CCCCC5)cc4)c6ccc(O)cc6OCC3,c1ccc2c(c1)OC(c1ccc(OCCN3CCCCC3)cc1)C1=C2CCOc2ccccc21,37
COc1ccc2c(c1)O[C@@H](c1ccc(OCCN3CCCCC3)cc1)C1=C2CCOc2cc(OC)ccc21,0.0,COc1ccc2C3=C(CCOc2c1)c4ccc(OC)cc4O[C@H]3c5ccc(OCCN6CCCCC6)cc5,c1ccc2c(c1)OC(c1ccc(OCCN3CCCCC3)cc1)C1=C2CCOc2ccccc21,38
COc1ccc2c(c1)O[C@H](c1ccc(OCCN3CCCCC3)cc1)C1=C2CCOc2cc(O)ccc21,1.0,COc1ccc2C3=C([C@H](Oc2c1)c4ccc(OCCN5CCCCC5)cc4)c6ccc(O)cc6OCC3,c1ccc2c(c1)OC(c1ccc(OCCN3CCCCC3)cc1)C1=C2CCOc2ccccc21,37
COc1ccc2c(c1)O[C@H](c1ccc(OCCN3CCCCC3)cc1)C1=C2CCOc2cc(OC)ccc21,1.0,COc1ccc2C3=C(CCOc2c1)c4ccc(OC)cc4O[C@@H]3c5ccc(OCCN6CCCCC6)cc5,c1ccc2c(c1)OC(c1ccc(OCCN3CCCCC3)cc1)C1=C2CCOc2ccccc21,38
COc1ccc2c(c1)c(=O)oc1c(C)c(O)ccc12,0.0,COc1ccc2c(c1)C(=O)Oc3c(C)c(O)ccc23,O=c1oc2ccccc2c2ccccc12,19
COc1ccc2c(c1)c(=O)oc1cc(OCC(=O)N3CCC(C)CC3)ccc12,0.0,COc1ccc2c(c1)C(=O)Oc3cc(OCC(=O)N4CCC(C)CC4)ccc23,O=C(COc1ccc2c(c1)oc(=O)c1ccccc12)N1CCCCC1,28
COc1ccc2c(c1)c(=O)oc1cc(OCC(=O)NC3CCCCC3)ccc12,0.0,COc1ccc2c(c1)C(=O)Oc3cc(OCC(=O)NC4CCCCC4)ccc23,O=C(COc1ccc2c(c1)oc(=O)c1ccccc12)NC1CCCCC1,28
COc1ccc2c(c1)c(=O)oc1cc3oc(C)c(C)c3cc12,0.0,COc1ccc2c(c1)C(=O)Oc3cc4oc(C)c(C)c4cc23,O=c1oc2cc3occc3cc2c2ccccc12,22
COc1ccc2cc(CCC(C)=O)ccc2c1,0.0,COc1ccc2cc(CCC(=O)C)ccc2c1,c1ccc2ccccc2c1,17
COc1ccc2cc3c(N)nn(C(=O)Cc4ccc(Cl)cc4)c3nc2c1,0.0,COc1ccc2cc3c(N)nn(C(=O)Cc4ccc(Cl)cc4)c3nc2c1,O=C(Cc1ccccc1)n1ncc2cc3ccccc3nc21,26
COc1ccc2nc3oc(C(=O)N4CCN(c5cccc(C(F)(F)F)c5)CC4)cc3cc2c1,0.0,COc1ccc2nc3oc(cc3cc2c1)C(=O)N4CCN(CC4)c5cccc(c5)C(F)(F)F,O=C(c1cc2cc3ccccc3nc2o1)N1CCN(c2ccccc2)CC1,33
COc1cccc(-c2c(C)c3cc(O)ccc3n2Cc2ccc(OCCN3CCCCC3)cc2)c1,1.0,COc1cccc(c1)c2c(C)c3cc(O)ccc3n2Cc4ccc(OCCN5CCCCC5)cc4,c1ccc(-c2cc3ccccc3n2Cc2ccc(OCCN3CCCCC3)cc2)cc1,35
COc1cccc(-c2c(Cc3ccc(/C=C/C(=O)O)cc3)c3ccc(O)cc3oc2=O)c1,1.0,COc1cccc(c1)C2=C(Cc3ccc(\C=C\C(=O)O)cc3)c4ccc(O)cc4OC2=O,O=c1oc2ccccc2c(Cc2ccccc2)c1-c1ccccc1,32
COc1cccc(-c2cc(C(=O)Nc3cc(C)nn3-c3ccccc3)no2)c1,0.0,COc1cccc(c1)c2onc(c2)C(=O)Nc3cc(C)nn3c4ccccc4,O=C(Nc1ccnn1-c1ccccc1)c1cc(-c2ccccc2)on1,28
COc1cccc(-c2nnc(NC(=O)Cc3cccs3)s2)c1,0.0,COc1cccc(c1)c2nnc(NC(=O)Cc3cccs3)s2,O=C(Cc1cccs1)Nc1nnc(-c2ccccc2)s1,22
COc1cccc(-n2nnnc2SCC(=O)Nc2ccc(C(C)=O)cc2)c1,0.0,COc1cccc(c1)n2nnnc2SCC(=O)Nc3ccc(cc3)C(=O)C,O=C(CSc1nnnn1-c1ccccc1)Nc1ccccc1,27
COc1cccc(/C=C/c2cc(Cl)cc(Cl)c2)c1,0.0,COc1cccc(\C=C\c2cc(Cl)cc(Cl)c2)c1,C(=Cc1ccccc1)c1ccccc1,18
COc1cccc(/C=C2\N=C(c3c(-c4ccccc4)noc3C)OC2=O)c1OC,0.0,COc1cccc(\C=C\2/N=C(OC2=O)c3c(C)onc3c4ccccc4)c1OC,O=C1OC(c2conc2-c2ccccc2)=NC1=Cc1ccccc1,29
COc1cccc(/C=C\c2cc(Cl)cc(Cl)c2)c1,0.0,COc1cccc(\C=C/c2cc(Cl)cc(Cl)c2)c1,C(=Cc1ccccc1)c1ccccc1,18
COc1cccc(C2CC(c3ccc(F)cc3)Nc3nc(N)nn32)c1,0.0,COc1cccc(c1)C2CC(Nc3nc(N)nn23)c4ccc(F)cc4,c1ccc(C2CC(c3ccccc3)n3ncnc3N2)cc1,25
COc1cccc(COc2ccc3c4c(c(=O)oc3c2)CCC4)c1,0.0,COc1cccc(COc2ccc3C4=C(CCC4)C(=O)Oc3c2)c1,O=c1oc2cc(OCc3ccccc3)ccc2c2c1CCC2,24
COc1cccc(OCc2nnc(SCC(=O)NCc3ccco3)n2CCc2ccccc2)c1,0.0,COc1cccc(OCc2nnc(SCC(=O)NCc3occc3)n2CCc4ccccc4)c1,O=C(CSc1nnc(COc2ccccc2)n1CCc1ccccc1)NCc1ccco1,34
COc1cccc(OS(=O)(=O)C2CC3OC2C(c2ccc(NC(=O)CCCCCCC(=O)O)cc2)=C3c2ccc(O)cc2)c1,0.0,COc1cccc(OS(=O)(=O)C2CC3OC2C(=C3c4ccc(O)cc4)c5ccc(NC(=O)CCCCCCC(=O)O)cc5)c1,O=S(=O)(Oc1ccccc1)C1CC2OC1C(c1ccccc1)=C2c1ccccc1,44
COc1cccc2c1-c1ccc(NS(C)(=O)=O)c(Br)c1C(c1ccccc1)O2,0.0,COc1cccc2OC(c3ccccc3)c4c(Br)c(NS(=O)(=O)C)ccc4c12,c1ccc(C2Oc3ccccc3-c3ccccc32)cc1,28
COc1cccc2c1-c1ccc(NS(C)(=O)=O)cc1C(c1ccc(C)cc1)O2,0.0,COc1cccc2OC(c3ccc(C)cc3)c4cc(NS(=O)(=O)C)ccc4c12,c1ccc(C2Oc3ccccc3-c3ccccc32)cc1,28
COc1cccc2c1-c1ccc(NS(C)(=O)=O)cc1C(c1ccc(F)cc1)O2,0.0,COc1cccc2OC(c3ccc(F)cc3)c4cc(NS(=O)(=O)C)ccc4c12,c1ccc(C2Oc3ccccc3-c3ccccc32)cc1,28
COc1cccc2c1-c1ccc(NS(C)(=O)=O)cc1C(c1cccc(Cl)c1)O2,0.0,COc1cccc2OC(c3cccc(Cl)c3)c4cc(NS(=O)(=O)C)ccc4c12,c1ccc(C2Oc3ccccc3-c3ccccc32)cc1,28
COc1cccc2c1-c1ccc(NS(C)(=O)=O)cc1C(c1cccc(F)c1)O2,0.0,COc1cccc2OC(c3cccc(F)c3)c4cc(NS(=O)(=O)C)ccc4c12,c1ccc(C2Oc3ccccc3-c3ccccc32)cc1,28
COc1cccc2c1-c1ccc(NS(C)(=O)=O)cc1C(c1ccccc1)O2,0.0,COc1cccc2OC(c3ccccc3)c4cc(NS(=O)(=O)C)ccc4c12,c1ccc(C2Oc3ccccc3-c3ccccc32)cc1,27
COc1cccc2c1-c1ccc(NS(C)(=O)=O)cc1C(c1cccs1)O2,0.0,COc1cccc2OC(c3cccs3)c4cc(NS(=O)(=O)C)ccc4c12,c1csc(C2Oc3ccccc3-c3ccccc32)c1,26
COc1cccc2cc(-c3cn4ccc(C)cc4n3)c(=O)oc12,0.0,COc1cccc2C=C(C(=O)Oc12)c3cn4ccc(C)cc4n3,O=c1oc2ccccc2cc1-c1cn2ccccc2n1,23
COc1cccc2oc3cc(O)ccc3c(=O)c12,0.0,COc1cccc2Oc3cc(O)ccc3C(=O)c12,O=c1c2ccccc2oc2ccccc12,18
COc1cccc2sc(Nc3nnc(-c4ccc(F)cc4)o3)nc12,0.0,COc1cccc2sc(Nc3oc(nn3)c4ccc(F)cc4)nc12,c1ccc(-c2nnc(Nc3nc4ccccc4s3)o2)cc1,24
COc1ccccc1-c1[nH]c2ccccc2c1C#C[C@]1(O)CC[C@H]2[C@@H]3CCc4cc(O)ccc4[C@H]3CC[C@@]21C,1.0,COc1ccccc1c2[nH]c3ccccc3c2C#C[C@]4(O)CC[C@H]5[C@@H]6CCc7cc(O)ccc7[C@H]6CC[C@]45C,C(#CC1CCC2C1CCC1c3ccccc3CCC12)c1c(-c2ccccc2)[nH]c2ccccc12,39
COc1ccccc1-n1c(SCC(=O)NC2CCCCC2)nc2c(c1=O)SCC2,0.0,COc1ccccc1N2C(=O)C3=C(CCS3)N=C2SCC(=O)NC4CCCCC4,O=C(CSc1nc2c(c(=O)n1-c1ccccc1)SCC2)NC1CCCCC1,29
COc1ccccc1/C=c1\sc2nc(-c3ccco3)nn2c1=O,0.0,COc1ccccc1\C=C\2/Sc3nc(nn3C2=O)c4occc4,O=c1c(=Cc2ccccc2)sc2nc(-c3ccco3)nn12,23
COc1ccccc1C(=O)Nc1nc(-c2cccs2)c(NC(C)=O)s1,0.0,COc1ccccc1C(=O)Nc2nc(c(NC(=O)C)s2)c3cccs3,O=C(Nc1nc(-c2cccs2)cs1)c1ccccc1,25
COc1ccccc1CNC(=O)c1cc(C(F)(F)F)nn1-c1cccc(CNC(=O)[C@H](C)N)c1,0.0,COc1ccccc1CNC(=O)c2cc(nn2c3cccc(CNC(=O)[C@H](C)N)c3)C(F)(F)F,O=C(NCc1ccccc1)c1ccnn1-c1ccccc1,34
COc1ccccc1CNC(=O)c1cc(C(F)(F)F)nn1-c1csc(CNC(=O)[C@H](C)N)c1,0.0,COc1ccccc1CNC(=O)c2cc(nn2c3csc(CNC(=O)[C@H](C)N)c3)C(F)(F)F,O=C(NCc1ccccc1)c1ccnn1-c1ccsc1,33
COc1ccccc1N1CCN(C(=O)c2cc3c(s2)CCC3)CC1,0.0,COc1ccccc1N2CCN(CC2)C(=O)c3cc4CCCc4s3,O=C(c1cc2c(s1)CCC2)N1CCN(c2ccccc2)CC1,24
COc1ccccc1NC(=O)c1ccccc1NC(=O)c1cc(Cl)ccc1NC(=O)c1ccco1,0.0,COc1ccccc1NC(=O)c2ccccc2NC(=O)c3cc(Cl)ccc3NC(=O)c4occc4,O=C(Nc1ccccc1C(=O)Nc1ccccc1C(=O)Nc1ccccc1)c1ccco1,35
COc1ccccc1OS(=O)(=O)C1CC2OC1C(c1ccc(NC(=O)CCCCCCC(=O)NO)cc1)=C2c1ccc(O)cc1,0.0,COc1ccccc1OS(=O)(=O)C2CC3OC2C(=C3c4ccc(O)cc4)c5ccc(NC(=O)CCCCCCC(=O)NO)cc5,O=S(=O)(Oc1ccccc1)C1CC2OC1C(c1ccccc1)=C2c1ccccc1,45
COc1ccccc1OS(=O)(=O)C1CC2OC1C(c1ccc(NC(=O)CCCCCCC(=O)O)cc1)=C2c1ccc(O)cc1,1.0,COc1ccccc1OS(=O)(=O)C2CC3OC2C(=C3c4ccc(O)cc4)c5ccc(NC(=O)CCCCCCC(=O)O)cc5,O=S(=O)(Oc1ccccc1)C1CC2OC1C(c1ccccc1)=C2c1ccccc1,44
COc1ccccc1Oc1coc2cc(O)ccc2c1=O,0.0,COc1ccccc1OC2=COc3cc(O)ccc3C2=O,O=c1c(Oc2ccccc2)coc2ccccc12,21
COc1ccccc1[C@H](c1cccc2ccccc12)[C@@](C)(C#N)C(=O)N1CCC(c2cccc(C(F)(F)F)c2)CC1,0.0,COc1ccccc1[C@H](c2cccc3ccccc23)[C@@](C)(C#N)C(=O)N4CCC(CC4)c5cccc(c5)C(F)(F)F,O=C(CC(c1ccccc1)c1cccc2ccccc12)N1CCC(c2ccccc2)CC1,41
COc1nc(-c2ccc(Cl)cc2)ccc1-c1noc(-c2ccco2)n1,0.0,COc1nc(ccc1c2noc(n2)c3occc3)c4ccc(Cl)cc4,c1ccc(-c2ccc(-c3noc(-c4ccco4)n3)cn2)cc1,25
COc1nc(C2=NN(c3ccc(C#N)c(C)c3)[C@@H](C3CCCC3)C2)ccc1C(=O)O,0.0,COc1nc(ccc1C(=O)O)C2=NN([C@H](C2)C3CCCC3)c4ccc(C#N)c(C)c4,c1ccc(N2N=C(c3ccccn3)CC2C2CCCC2)cc1,30
COc1nnc(-c2ccc(C(=O)N3C[C@@H]4C[C@H](C3)c3cccc(=O)n3C4)cc2)c2ccccc12,0.0,COc1nnc(c2ccc(cc2)C(=O)N3C[C@@H]4C[C@H](C3)C5=CC=CC(=O)N5C4)c6ccccc16,O=C(c1ccc(-c2nncc3ccccc23)cc1)N1CC2CC(C1)c1cccc(=O)n1C2,34
COc1nnc(-c2ccc(C)c(S(=O)(=O)NCCO)c2)c2ccccc12,0.0,COc1nnc(c2ccc(C)c(c2)S(=O)(=O)NCCO)c3ccccc13,c1ccc(-c2nncc3ccccc23)cc1,26
CS(=O)(=O)C1CC=C(c2ccc3cc(O)ccc3c2Oc2ccc(OCCN3CCCCC3)cc2)CC1,1.0,CS(=O)(=O)C1CCC(=CC1)c2ccc3cc(O)ccc3c2Oc4ccc(OCCN5CCCCC5)cc4,C1=C(c2ccc3ccccc3c2Oc2ccc(OCCN3CCCCC3)cc2)CCCC1,37
CS(=O)(=O)N(CC(=O)NCc1ccco1)c1ccc2c(c1)OCO2,0.0,CS(=O)(=O)N(CC(=O)NCc1occc1)c2ccc3OCOc3c2,O=C(CNc1ccc2c(c1)OCO2)NCc1ccco1,24
CS(=O)(=O)N1CC(c2ccc(O)cc2)Cc2ccc(O)cc21,0.0,CS(=O)(=O)N1CC(Cc2ccc(O)cc12)c3ccc(O)cc3,c1ccc(C2CNc3ccccc3C2)cc1,22
CS(=O)(=O)N1CCc2cc(O)ccc2C1,0.0,CS(=O)(=O)N1CCc2cc(O)ccc2C1,c1ccc2c(c1)CCNC2,15
CS(=O)(=O)Nc1ccc2c(c1)C(c1ccccc1)Oc1cccc(OC(F)F)c1-2,0.0,CS(=O)(=O)Nc1ccc2c(c1)C(Oc3cccc(OC(F)F)c23)c4ccccc4,c1ccc(C2Oc3ccccc3-c3ccccc32)cc1,29
CS(=O)(=O)c1ccc(-c2ccc3cc(O)ccc3c2Oc2ccc(OCCN3CCCCC3)cc2)cc1,1.0,CS(=O)(=O)c1ccc(cc1)c2ccc3cc(O)ccc3c2Oc4ccc(OCCN5CCCCC5)cc4,c1ccc(-c2ccc3ccccc3c2Oc2ccc(OCCN3CCCCC3)cc2)cc1,37
CS(=O)(=O)c1ccc(-c2sc3cc(O)ccc3c2Oc2ccc(OCCN3CCCCC3)cc2)cc1,1.0,CS(=O)(=O)c1ccc(cc1)c2sc3cc(O)ccc3c2Oc4ccc(OCCN5CCCCC5)cc4,c1ccc(-c2sc3ccccc3c2Oc2ccc(OCCN3CCCCC3)cc2)cc1,36
CS(=O)(=O)c1ccc(C2=C(c3ccc(OCCN4CCCC4)cc3)c3ccc(F)cc3OCC2)cc1,0.0,CS(=O)(=O)c1ccc(cc1)C2=C(c3ccc(OCCN4CCCC4)cc3)c5ccc(F)cc5OCC2,c1ccc(C2=C(c3ccc(OCCN4CCCC4)cc3)c3ccccc3OCC2)cc1,36
CS(=O)(=O)c1ccc2nc(NC(=O)CCC(=O)c3cccs3)sc2c1,0.0,CS(=O)(=O)c1ccc2nc(NC(=O)CCC(=O)c3cccs3)sc2c1,O=C(CCC(=O)c1cccs1)Nc1nc2ccccc2s1,25
CSC1=C(c2ccc(O)cc2)C(=O)c2cc(O)cc(O)c21,1.0,CSC1=C(C(=O)c2cc(O)cc(O)c12)c3ccc(O)cc3,O=C1C(c2ccccc2)=Cc2ccccc21,21
CSC1=C(c2ccc(O)cc2)C(=O)c2cc(O)ccc21,1.0,CSC1=C(C(=O)c2cc(O)ccc12)c3ccc(O)cc3,O=C1C(c2ccccc2)=Cc2ccccc21,20
CSC1=C(c2ccc(O)cc2)C(=O)c2ccc(O)cc21,1.0,CSC1=C(C(=O)c2ccc(O)cc12)c3ccc(O)cc3,O=C1C(c2ccccc2)=Cc2ccccc21,20
CSC1=N/C(=C\c2ccc(Br)o2)C(=O)S1,0.0,CSC1=N\C(=C/c2oc(Br)cc2)\C(=O)S1,O=C1SC=NC1=Cc1ccco1,15
CSCCC/C(=C(\c1ccc(O)cc1)c1ccc(OCCN(C)C)cc1)c1ccccc1,1.0,CSCCC\C(=C(/c1ccc(O)cc1)\c2ccc(OCCN(C)C)cc2)\c3ccccc3,C(=C(c1ccccc1)c1ccccc1)c1ccccc1,32
CSCCC1NC(=O)NC1=O,0.0,CSCCC1NC(=O)NC1=O,O=C1CNC(=O)N1,11
CSCCOC(=O)c1[nH]c2c(c1C)C(=O)CC(c1ccco1)C2,0.0,CSCCOC(=O)c1[nH]c2CC(CC(=O)c2c1C)c3occc3,O=C1CC(c2ccco2)Cc2[nH]ccc21,23
CSc1ccc(C2C(C#N)=C(N)Oc3c2ccc(=O)c2c(C)oc(C)c32)cc1,0.0,CSc1ccc(cc1)C2C3=C(OC(=C2C#N)N)c4c(C)oc(C)c4C(=O)C=C3,O=c1ccc2c(c3cocc13)OC=CC2c1ccccc1,28
CSc1ccc(S(=O)(=O)Nc2c(C)cccc2C)cc1,0.0,CSc1ccc(cc1)S(=O)(=O)Nc2c(C)cccc2C,O=S(=O)(Nc1ccccc1)c1ccccc1,20
CSc1ccc(S(=O)(=O)Nc2cccc(F)c2)cc1,0.0,CSc1ccc(cc1)S(=O)(=O)Nc2cccc(F)c2,O=S(=O)(Nc1ccccc1)c1ccccc1,19
CSc1ccc([C@@H](Oc2ccc3c(cnn3-c3ccc(F)cc3)c2)[C@H](C)NS(=O)(=O)C2CC2)cc1,0.0,CSc1ccc(cc1)[C@@H](Oc2ccc3c(cnn3c4ccc(F)cc4)c2)[C@H](C)NS(=O)(=O)C5CC5,O=S(=O)(NCC(Oc1ccc2c(cnn2-c2ccccc2)c1)c1ccccc1)C1CC1,35
CSc1cccc(NC(=O)CN(c2ccccc2)S(=O)(=O)N(C)C)c1,0.0,CSc1cccc(NC(=O)CN(c2ccccc2)S(=O)(=O)N(C)C)c1,O=C(CNc1ccccc1)Nc1ccccc1,25
CSc1nc(NCCOCCO)c2sc3nc(-c4ccco4)c4c(c3c2n1)CCC4,0.0,CSc1nc(NCCOCCO)c2sc3nc(c4CCCc4c3c2n1)c5occc5,c1coc(-c2nc3sc4cncnc4c3c3c2CCC3)c1,30
CSc1nc(NCc2ccco2)c2ccccc2n1,0.0,CSc1nc(NCc2occc2)c3ccccc3n1,c1coc(CNc2ncnc3ccccc23)c1,19
CSc1ncc2c(n1)-c1cc(C)ccc1SC2,0.0,CSc1ncc2CSc3ccc(C)cc3c2n1,c1ccc2c(c1)SCc1cncnc1-2,17
CSc1nnc2c(n1)OC(c1ccsc1)N(C(C)=O)c1ccccc1-2,0.0,CSc1nnc2c(OC(N(C(=O)C)c3ccccc23)c4ccsc4)n1,c1ccc2c(c1)NC(c1ccsc1)Oc1ncnnc1-2,25
C[C@@H](CCc1ccc(O)cc1)NC(=O)Cc1c(-c2ccccc2)[nH]c2ccccc12,1.0,C[C@@H](CCc1ccc(O)cc1)NC(=O)Cc2c([nH]c3ccccc23)c4ccccc4,O=C(Cc1c(-c2ccccc2)[nH]c2ccccc12)NCCCc1ccccc1,30
C[C@@H](CN1CCCC1)Oc1ccc([C@@H]2Oc3ccc(O)cc3S[C@@H]2c2ccc(O)cc2)cc1,1.0,C[C@@H](CN1CCCC1)Oc2ccc(cc2)[C@@H]3Oc4ccc(O)cc4S[C@@H]3c5ccc(O)cc5,c1ccc(C2Sc3ccccc3OC2c2ccc(OCCN3CCCC3)cc2)cc1,33
C[C@@H](CO)CN1[C@H](c2ccc(/C=C/C(=O)O)cc2)c2[nH]c3ccccc3c2C[C@H]1C,1.0,C[C@@H](CO)CN1[C@H](C)Cc2c([nH]c3ccccc23)[C@H]1c4ccc(\C=C\C(=O)O)cc4,c1ccc(C2NCCc3c2[nH]c2ccccc32)cc1,30
C[C@@H](COc1ccc(C(=O)c2c(-c3ccc(O)cc3)sc3cc(O)ccc23)cc1)N1CCCC1,1.0,C[C@@H](COc1ccc(cc1)C(=O)c2c(sc3cc(O)ccc23)c4ccc(O)cc4)N5CCCC5,O=C(c1ccc(OCCN2CCCC2)cc1)c1c(-c2ccccc2)sc2ccccc12,34
C[C@@H](COc1ccc([C@@H]2Oc3ccc(O)cc3S[C@@H]2c2ccc(O)cc2)cc1)N1CCCC1,1.0,C[C@@H](COc1ccc(cc1)[C@@H]2Oc3ccc(O)cc3S[C@@H]2c4ccc(O)cc4)N5CCCC5,c1ccc(C2Sc3ccccc3OC2c2ccc(OCCN3CCCC3)cc2)cc1,33
C[C@@H](COc1ccc([C@@H]2c3ccc(O)cc3CC[C@@H]2c2ccccc2)cc1)N1CCCC1,1.0,C[C@@H](COc1ccc(cc1)[C@H]2[C@H](CCc3cc(O)ccc23)c4ccccc4)N5CCCC5,c1ccc(C2CCc3ccccc3C2c2ccc(OCCN3CCCC3)cc2)cc1,32
C[C@@H]1C(=O)c2ccc(O)cc2O[C@@H]1c1ccc(OCCN2CCCCC2)cc1,0.0,C[C@H]1[C@H](Oc2cc(O)ccc2C1=O)c3ccc(OCCN4CCCCC4)cc3,O=C1CC(c2ccc(OCCN3CCCCC3)cc2)Oc2ccccc21,28
C[C@@H]1CCCN1CCOc1ccc([C@@H]2Oc3ccc(O)cc3S[C@@H]2c2ccc(O)cc2)cc1,1.0,C[C@@H]1CCCN1CCOc2ccc(cc2)[C@@H]3Oc4ccc(O)cc4S[C@@H]3c5ccc(O)cc5,c1ccc(C2Sc3ccccc3OC2c2ccc(OCCN3CCCC3)cc2)cc1,33
C[C@@H]1CCN(CCOc2ccc(C(=O)c3c(-c4ccc(O)cc4)sc4cc(O)ccc34)cc2)C1,1.0,C[C@@H]1CCN(CCOc2ccc(cc2)C(=O)c3c(sc4cc(O)ccc34)c5ccc(O)cc5)C1,O=C(c1ccc(OCCN2CCCC2)cc1)c1c(-c2ccccc2)sc2ccccc12,34
C[C@@H]1CCN(CCOc2ccc([C@@H]3Oc4ccc(O)c(F)c4[C@@H](C)[C@@H]3c3ccc(O)cc3)cc2)C1,1.0,C[C@@H]1CCN(CCOc2ccc(cc2)[C@@H]3Oc4ccc(O)c(F)c4[C@@H](C)[C@@H]3c5ccc(O)cc5)C1,c1ccc(C2Cc3ccccc3OC2c2ccc(OCCN3CCCC3)cc2)cc1,35
C[C@@H]1CCN(CCOc2ccc([C@@H]3Oc4ccc(O)cc4S[C@@H]3c3ccc(O)cc3)cc2)C1,1.0,C[C@@H]1CCN(CCOc2ccc(cc2)[C@@H]3Oc4ccc(O)cc4S[C@@H]3c5ccc(O)cc5)C1,c1ccc(C2Sc3ccccc3OC2c2ccc(OCCN3CCCC3)cc2)cc1,33
C[C@@H]1CCN(CCOc2ccc([C@@H]3Oc4ccc(O)cc4[C@@H](C)[C@@H]3c3ccc(O)cc3)cc2)C1,1.0,C[C@@H]1CCN(CCOc2ccc(cc2)[C@@H]3Oc4ccc(O)cc4[C@@H](C)[C@@H]3c5ccc(O)cc5)C1,c1ccc(C2Cc3ccccc3OC2c2ccc(OCCN3CCCC3)cc2)cc1,34
C[C@@H]1CCN(CCOc2ccc([C@@H]3c4ccc(O)cc4CC[C@@H]3c3ccccc3)cc2)C1,1.0,C[C@@H]1CCN(CCOc2ccc(cc2)[C@H]3[C@H](CCc4cc(O)ccc34)c5ccccc5)C1,c1ccc(C2CCc3ccccc3C2c2ccc(OCCN3CCCC3)cc2)cc1,32
C[C@@H]1CCN([C@@H](C)COc2ccc([C@@H]3Oc4ccc(O)c(F)c4[C@@H](C)[C@@H]3c3ccc(O)cc3)cc2)C1,1.0,C[C@@H](COc1ccc(cc1)[C@@H]2Oc3ccc(O)c(F)c3[C@@H](C)[C@@H]2c4ccc(O)cc4)N5CC[C@@H](C)C5,c1ccc(C2Cc3ccccc3OC2c2ccc(OCCN3CCCC3)cc2)cc1,36
C[C@@H]1CCN([C@@H](C)COc2ccc([C@@H]3Oc4ccc(O)cc4S[C@@H]3c3ccc(O)cc3)cc2)C1,1.0,C[C@@H](COc1ccc(cc1)[C@@H]2Oc3ccc(O)cc3S[C@@H]2c4ccc(O)cc4)N5CC[C@@H](C)C5,c1ccc(C2Sc3ccccc3OC2c2ccc(OCCN3CCCC3)cc2)cc1,34
C[C@@H]1CCN([C@@H](C)COc2ccc([C@@H]3Oc4ccc(O)cc4[C@@H](C)[C@@H]3c3ccc(O)cc3)cc2)C1,1.0,C[C@@H](COc1ccc(cc1)[C@@H]2Oc3ccc(O)cc3[C@@H](C)[C@@H]2c4ccc(O)cc4)N5CC[C@@H](C)C5,c1ccc(C2Cc3ccccc3OC2c2ccc(OCCN3CCCC3)cc2)cc1,35
C[C@@H]1CC[C@H]([C@@H](O)C(F)(F)F)N1c1ccc2[nH]c(=O)cc(C(F)(F)F)c2c1,0.0,C[C@@H]1CC[C@H]([C@@H](O)C(F)(F)F)N1c2ccc3NC(=O)C=C(c3c2)C(F)(F)F,O=c1ccc2cc(N3CCCC3)ccc2[nH]1,27
C[C@@H]1CN(CCOc2ccc([C@@H]3Oc4ccc(O)cc4S[C@@H]3c3ccc(O)cc3)cc2)C[C@@H]1C,1.0,C[C@@H]1CN(CCOc2ccc(cc2)[C@@H]3Oc4ccc(O)cc4S[C@@H]3c5ccc(O)cc5)C[C@@H]1C,c1ccc(C2Sc3ccccc3OC2c2ccc(OCCN3CCCC3)cc2)cc1,34
C[C@@H]1CN(CCOc2ccc([C@@H]3Oc4ccc(O)cc4S[C@@H]3c3ccc(O)cc3)cc2)C[C@H]1C,1.0,C[C@@H]1CN(CCOc2ccc(cc2)[C@@H]3Oc4ccc(O)cc4S[C@@H]3c5ccc(O)cc5)C[C@H]1C,c1ccc(C2Sc3ccccc3OC2c2ccc(OCCN3CCCC3)cc2)cc1,34
C[C@@H]1CN(c2ccc(C#N)c(C(F)(F)F)c2)[C@@H](C)CN1C(=O)Nc1ccc(C(F)(F)F)nc1,0.0,C[C@@H]1CN([C@@H](C)CN1C(=O)Nc2ccc(nc2)C(F)(F)F)c3ccc(C#N)c(c3)C(F)(F)F,O=C(Nc1cccnc1)N1CCN(c2ccccc2)CC1,33
C[C@@H]1CN(c2nc(NCCc3ccc(O)cc3)nc(N(C)CCCc3ccc(Cl)cc3)n2)C[C@H](C)N1,1.0,C[C@@H]1CN(C[C@H](C)N1)c2nc(NCCc3ccc(O)cc3)nc(n2)N(C)CCCc4ccc(Cl)cc4,c1ccc(CCCNc2nc(NCCc3ccccc3)nc(N3CCNCC3)n2)cc1,36
C[C@@H]1C[C@H]2[C@@H](C1)c1cc(O)ccc1O[C@H]2c1ccc(O)cc1,1.0,C[C@@H]1C[C@H]2[C@@H](C1)c3cc(O)ccc3O[C@H]2c4ccc(O)cc4,c1ccc(C2Oc3ccccc3C3CCCC32)cc1,22
C[C@@H]1Cc2c([nH]c3ccc(O)cc23)[C@@H](c2ccc(Cl)cc2)N1CCO,1.0,C[C@@H]1Cc2c([nH]c3ccc(O)cc23)[C@H](N1CCO)c4ccc(Cl)cc4,c1ccc(C2NCCc3c2[nH]c2ccccc32)cc1,25
C[C@@H]1Cc2c([nH]c3ccccc23)[C@@H](c2c(F)cc(/C=C/C(=O)O)cc2F)N1CC(C)(C)F,1.0,C[C@@H]1Cc2c([nH]c3ccccc23)[C@H](N1CC(C)(C)F)c4c(F)cc(\C=C\C(=O)O)cc4F,c1ccc(C2NCCc3c2[nH]c2ccccc32)cc1,32
C[C@@H]1Cc2c([nH]c3ccccc23)[C@@H](c2ccc(/C=C/C(=O)O)cc2)N1CC(C)(C)F,1.0,C[C@@H]1Cc2c([nH]c3ccccc23)[C@H](N1CC(C)(C)F)c4ccc(\C=C\C(=O)O)cc4,c1ccc(C2NCCc3c2[nH]c2ccccc32)cc1,30
C[C@@H]1Cc2c([nH]c3ccccc23)[C@@H](c2ccc(Cl)cc2)N1CCO,1.0,C[C@@H]1Cc2c([nH]c3ccccc23)[C@H](N1CCO)c4ccc(Cl)cc4,c1ccc(C2NCCc3c2[nH]c2ccccc32)cc1,24
C[C@@H]1Cc2c([nH]c3ccccc23)[C@@H](c2ccc(Cl)cc2)N1C[C@H](C)C(=O)O,1.0,C[C@@H](CN1[C@H](C)Cc2c([nH]c3ccccc23)[C@H]1c4ccc(Cl)cc4)C(=O)O,c1ccc(C2NCCc3c2[nH]c2ccccc32)cc1,27
C[C@@H]1Cc2cc(O)ccc2[C@@H](c2c(F)cc(/C=C/C(=O)O)cc2F)N1CC(C)(C)F,1.0,C[C@@H]1Cc2cc(O)ccc2[C@H](N1CC(C)(C)F)c3c(F)cc(\C=C\C(=O)O)cc3F,c1ccc(C2NCCc3ccccc32)cc1,30
C[C@@H]1Cc2cc(O)ccc2[C@@H](c2ccc(/C=C/C(=O)O)cc2)N1c1ccc(OC(F)(F)F)cc1,1.0,C[C@@H]1Cc2cc(O)ccc2[C@H](N1c3ccc(OC(F)(F)F)cc3)c4ccc(\C=C\C(=O)O)cc4,c1ccc(C2c3ccccc3CCN2c2ccccc2)cc1,34
C[C@@H]1c2c(ccc(O)c2F)O[C@@H](c2ccc(OCCN3CCCC3)cc2)[C@H]1c1ccc(O)cc1,1.0,C[C@H]1[C@@H]([C@@H](Oc2ccc(O)c(F)c12)c3ccc(OCCN4CCCC4)cc3)c5ccc(O)cc5,c1ccc(C2Cc3ccccc3OC2c2ccc(OCCN3CCCC3)cc2)cc1,34
C[C@@H]1c2c(ccc(O)c2F)O[C@@H](c2ccc(OCCN3CCCCC3)cc2)[C@H]1c1ccc(O)cc1,1.0,C[C@H]1[C@@H]([C@@H](Oc2ccc(O)c(F)c12)c3ccc(OCCN4CCCCC4)cc3)c5ccc(O)cc5,c1ccc(C2Cc3ccccc3OC2c2ccc(OCCN3CCCCC3)cc2)cc1,35
C[C@@H]1c2c(ccc(O)c2F)O[C@@H](c2ccc(OCCN3CCCCCC3)cc2)[C@H]1c1ccc(O)cc1,1.0,C[C@H]1[C@@H]([C@@H](Oc2ccc(O)c(F)c12)c3ccc(OCCN4CCCCCC4)cc3)c5ccc(O)cc5,c1ccc(C2Cc3ccccc3OC2c2ccc(OCCN3CCCCCC3)cc2)cc1,36
C[C@@H]1c2c(ccc(O)c2F)O[C@@H](c2ccc(OC[C@H](C)N3CCCC3)cc2)[C@H]1c1ccc(O)cc1,1.0,C[C@@H](COc1ccc(cc1)[C@@H]2Oc3ccc(O)c(F)c3[C@@H](C)[C@@H]2c4ccc(O)cc4)N5CCCC5,c1ccc(C2Cc3ccccc3OC2c2ccc(OCCN3CCCC3)cc2)cc1,35
C[C@@H]1c2c(ccc(O)c2F)O[C@@H](c2ccc(OC[C@H](C)N3CCC[C@H]3C)cc2)[C@H]1c1ccc(O)cc1,1.0,C[C@@H](COc1ccc(cc1)[C@@H]2Oc3ccc(O)c(F)c3[C@@H](C)[C@@H]2c4ccc(O)cc4)N5CCC[C@H]5C,c1ccc(C2Cc3ccccc3OC2c2ccc(OCCN3CCCC3)cc2)cc1,36
C[C@@H]1c2cc(O)ccc2O[C@@H](c2ccc(OCCN3CCCC3)cc2)[C@H]1c1ccc(O)cc1,1.0,C[C@H]1[C@@H]([C@@H](Oc2ccc(O)cc12)c3ccc(OCCN4CCCC4)cc3)c5ccc(O)cc5,c1ccc(C2Cc3ccccc3OC2c2ccc(OCCN3CCCC3)cc2)cc1,33
C[C@@H]1c2cc(O)ccc2O[C@@H](c2ccc(OCCN3CCCCC3)cc2)[C@H]1c1ccc(O)cc1,1.0,C[C@H]1[C@@H]([C@@H](Oc2ccc(O)cc12)c3ccc(OCCN4CCCCC4)cc3)c5ccc(O)cc5,c1ccc(C2Cc3ccccc3OC2c2ccc(OCCN3CCCCC3)cc2)cc1,34
C[C@@H]1c2cc(O)ccc2O[C@@H](c2ccc(OC[C@H](C)N3CCCC3)cc2)[C@H]1c1ccc(O)cc1,1.0,C[C@@H](COc1ccc(cc1)[C@@H]2Oc3ccc(O)cc3[C@@H](C)[C@@H]2c4ccc(O)cc4)N5CCCC5,c1ccc(C2Cc3ccccc3OC2c2ccc(OCCN3CCCC3)cc2)cc1,34
C[C@@H]1c2ccc(O)cc2O[C@@H](c2ccc(OCCN3CCCCC3)cc2)[C@H]1c1ccc(O)cc1,1.0,C[C@H]1[C@@H]([C@@H](Oc2cc(O)ccc12)c3ccc(OCCN4CCCCC4)cc3)c5ccc(O)cc5,c1ccc(C2Cc3ccccc3OC2c2ccc(OCCN3CCCCC3)cc2)cc1,34
C[C@@](O)(CN(C1CC1)S(=O)(=O)c1ccc(O)cc1)c1ccccc1,0.0,C[C@@](O)(CN(C1CC1)S(=O)(=O)c2ccc(O)cc2)c3ccccc3,O=S(=O)(c1ccccc1)N(CCc1ccccc1)C1CC1,24
C[C@@](c1ccc(F)cc1)(c1c[nH]c2c(NS(C)(=O)=O)cccc12)C1CC1,0.0,C[C@@](C1CC1)(c2ccc(F)cc2)c3c[nH]c4c(NS(=O)(=O)C)cccc34,c1ccc(C(c2c[nH]c3ccccc23)C2CC2)cc1,26
C[C@@](c1ccc(F)cc1F)(c1c[nH]c2c(NS(C)(=O)=O)cccc12)C1CC1,0.0,C[C@@](C1CC1)(c2ccc(F)cc2F)c3c[nH]c4c(NS(=O)(=O)C)cccc34,c1ccc(C(c2c[nH]c3ccccc23)C2CC2)cc1,27
C[C@@]1(C(=O)Nc2nccs2)CC2(C#N)c3ccccc3C1c1ccccc12,0.0,C[C@]1(CC2(C#N)c3ccccc3C1c4ccccc24)C(=O)Nc5nccs5,O=C(Nc1nccs1)C1CC2c3ccccc3C1c1ccccc12,27
C[C@@]1(C(=O)Nc2nccs2)CC2c3ccccc3C1c1ccccc12,0.0,C[C@]1(CC2c3ccccc3C1c4ccccc24)C(=O)Nc5nccs5,O=C(Nc1nccs1)C1CC2c3ccccc3C1c1ccccc12,25
C[C@@]12CCc3c(sc4cc(O)ccc34)[C@@H]1CC[C@H]2O,1.0,C[C@@]12CCc3c(sc4cc(O)ccc34)[C@@H]1CC[C@H]2O,c1ccc2c3c(sc2c1)C1CCCC1CC3,19
C[C@@]12CCc3c(sc4cc(O)ccc34)[C@H]1CC[C@H]2O,1.0,C[C@@]12CCc3c(sc4cc(O)ccc34)[C@H]1CC[C@H]2O,c1ccc2c3c(sc2c1)C1CCCC1CC3,19
C[C@H](CCc1ccc(O)cc1)NC(=O)Cc1c(-c2ccccc2)[nH]c2c(OCCCCCN3CCCCC3)cccc12,1.0,C[C@H](CCc1ccc(O)cc1)NC(=O)Cc2c([nH]c3c(OCCCCCN4CCCCC4)cccc23)c5ccccc5,O=C(Cc1c(-c2ccccc2)[nH]c2c(OCCCCCN3CCCCC3)cccc12)NCCCc1ccccc1,42
C[C@H](CCc1ccc(O)cc1)NC(=O)Cc1c(-c2ccccc2)[nH]c2c(OCCCCN3CCCCC3)cccc12,1.0,C[C@H](CCc1ccc(O)cc1)NC(=O)Cc2c([nH]c3c(OCCCCN4CCCCC4)cccc23)c5ccccc5,O=C(Cc1c(-c2ccccc2)[nH]c2c(OCCCCN3CCCCC3)cccc12)NCCCc1ccccc1,41
C[C@H](CCc1ccc(O)cc1)NC(=O)Cc1c(-c2ccccc2)[nH]c2c(OCCCN3CCCCC3)cccc12,1.0,C[C@H](CCc1ccc(O)cc1)NC(=O)Cc2c([nH]c3c(OCCCN4CCCCC4)cccc23)c5ccccc5,O=C(Cc1c(-c2ccccc2)[nH]c2c(OCCCN3CCCCC3)cccc12)NCCCc1ccccc1,40
C[C@H](CCc1ccc(O)cc1)NC(=O)Cc1c(-c2ccccc2)[nH]c2cc(OCCCCN3CCCCC3)ccc12,1.0,C[C@H](CCc1ccc(O)cc1)NC(=O)Cc2c([nH]c3cc(OCCCCN4CCCCC4)ccc23)c5ccccc5,O=C(Cc1c(-c2ccccc2)[nH]c2cc(OCCCCN3CCCCC3)ccc12)NCCCc1ccccc1,41
C[C@H](CCc1ccc(O)cc1)NC(=O)Cc1c(-c2ccccc2)[nH]c2cc(OCCCN3CCCC3)ccc12,1.0,C[C@H](CCc1ccc(O)cc1)NC(=O)Cc2c([nH]c3cc(OCCCN4CCCC4)ccc23)c5ccccc5,O=C(Cc1c(-c2ccccc2)[nH]c2cc(OCCCN3CCCC3)ccc12)NCCCc1ccccc1,39
C[C@H](CCc1ccc(O)cc1)NC(=O)Cc1c(-c2ccccc2)[nH]c2cc(OCCCN3CCCCC3)ccc12,1.0,C[C@H](CCc1ccc(O)cc1)NC(=O)Cc2c([nH]c3cc(OCCCN4CCCCC4)ccc23)c5ccccc5,O=C(Cc1c(-c2ccccc2)[nH]c2cc(OCCCN3CCCCC3)ccc12)NCCCc1ccccc1,40
C[C@H](CCc1ccc(O)cc1)NC(=O)Cc1c(-c2ccccc2)[nH]c2cc(OCCN3CCCC3)ccc12,1.0,C[C@H](CCc1ccc(O)cc1)NC(=O)Cc2c([nH]c3cc(OCCN4CCCC4)ccc23)c5ccccc5,O=C(Cc1c(-c2ccccc2)[nH]c2cc(OCCN3CCCC3)ccc12)NCCCc1ccccc1,38
C[C@H](CCc1ccc(O)cc1)NC(=O)Cc1c(-c2ccccc2)[nH]c2cc(OCCN3CCCCC3)ccc12,1.0,C[C@H](CCc1ccc(O)cc1)NC(=O)Cc2c([nH]c3cc(OCCN4CCCCC4)ccc23)c5ccccc5,O=C(Cc1c(-c2ccccc2)[nH]c2cc(OCCN3CCCCC3)ccc12)NCCCc1ccccc1,39
C[C@H](CCc1ccc(O)cc1)NC(=O)Cc1c(-c2ccccc2)[nH]c2ccc(OCCCCCN3CCCCC3)cc12,1.0,C[C@H](CCc1ccc(O)cc1)NC(=O)Cc2c([nH]c3ccc(OCCCCCN4CCCCC4)cc23)c5ccccc5,O=C(Cc1c(-c2ccccc2)[nH]c2ccc(OCCCCCN3CCCCC3)cc12)NCCCc1ccccc1,42
C[C@H](CCc1ccc(O)cc1)NC(=O)Cc1c(-c2ccccc2)[nH]c2ccc(OCCCCN3CCCCC3)cc12,1.0,C[C@H](CCc1ccc(O)cc1)NC(=O)Cc2c([nH]c3ccc(OCCCCN4CCCCC4)cc23)c5ccccc5,O=C(Cc1c(-c2ccccc2)[nH]c2ccc(OCCCCN3CCCCC3)cc12)NCCCc1ccccc1,41
C[C@H](CCc1ccc(O)cc1)NC(=O)Cc1c(-c2ccccc2)[nH]c2ccc(OCCCN3CCCCC3)cc12,1.0,C[C@H](CCc1ccc(O)cc1)NC(=O)Cc2c([nH]c3ccc(OCCCN4CCCCC4)cc23)c5ccccc5,O=C(Cc1c(-c2ccccc2)[nH]c2ccc(OCCCN3CCCCC3)cc12)NCCCc1ccccc1,40
C[C@H](CCc1ccc(O)cc1)NC(=O)Cc1c(-c2ccccc2)[nH]c2ccccc12,1.0,C[C@H](CCc1ccc(O)cc1)NC(=O)Cc2c([nH]c3ccccc23)c4ccccc4,O=C(Cc1c(-c2ccccc2)[nH]c2ccccc12)NCCCc1ccccc1,30
C[C@H](CCc1ccc(O)cc1)NC(=O)Cc1c(-c2ccccc2)n(C(=O)c2ccc(OCCN3CCCCC3)cc2)c2ccccc12,1.0,C[C@H](CCc1ccc(O)cc1)NC(=O)Cc2c(c3ccccc3)n(C(=O)c4ccc(OCCN5CCCCC5)cc4)c6ccccc26,O=C(Cc1c(-c2ccccc2)n(C(=O)c2ccc(OCCN3CCCCC3)cc2)c2ccccc12)NCCCc1ccccc1,47
C[C@H](CCc1ccc(O)cc1)NC(=O)Cc1c(-c2ccccc2)n(Cc2ccc(OCCCCN3CCCCC3)cc2)c2ccccc12,1.0,C[C@H](CCc1ccc(O)cc1)NC(=O)Cc2c(c3ccccc3)n(Cc4ccc(OCCCCN5CCCCC5)cc4)c6ccccc26,O=C(Cc1c(-c2ccccc2)n(Cc2ccc(OCCCCN3CCCCC3)cc2)c2ccccc12)NCCCc1ccccc1,48
C[C@H](CCc1ccc(O)cc1)NC(=O)Cc1c(-c2ccccc2)n(Cc2ccc(OCCCN3CCCCC3)cc2)c2ccccc12,1.0,C[C@H](CCc1ccc(O)cc1)NC(=O)Cc2c(c3ccccc3)n(Cc4ccc(OCCCN5CCCCC5)cc4)c6ccccc26,O=C(Cc1c(-c2ccccc2)n(Cc2ccc(OCCCN3CCCCC3)cc2)c2ccccc12)NCCCc1ccccc1,47
C[C@H](CCc1ccc(O)cc1)NC(=O)Cc1c(-c2ccccc2)n(Cc2ccc(OCCN3CCCCC3)cc2)c2ccccc12,1.0,C[C@H](CCc1ccc(O)cc1)NC(=O)Cc2c(c3ccccc3)n(Cc4ccc(OCCN5CCCCC5)cc4)c6ccccc26,O=C(Cc1c(-c2ccccc2)n(Cc2ccc(OCCN3CCCCC3)cc2)c2ccccc12)NCCCc1ccccc1,46
C[C@H](CF)CN1[C@H](c2c(F)cc(/C=C/C(=O)O)cc2F)c2ccc(O)cc2CC1(C)C,1.0,C[C@H](CF)CN1[C@@H](c2ccc(O)cc2CC1(C)C)c3c(F)cc(\C=C\C(=O)O)cc3F,c1ccc(C2NCCc3ccccc32)cc1,31
C[C@H](CF)CN1[C@H](c2c(F)cc(/C=C/C(=O)O)cc2F)c2ccc(O)cc2C[C@H]1C,1.0,C[C@H](CF)CN1[C@H](C)Cc2cc(O)ccc2[C@H]1c3c(F)cc(\C=C\C(=O)O)cc3F,c1ccc(C2NCCc3ccccc32)cc1,30
C[C@H](CF)CN1[C@H](c2ccc(/C=C/C(=O)O)cc2)c2ccc(O)cc2CC1(C)C,1.0,C[C@H](CF)CN1[C@H](c2ccc(\C=C\C(=O)O)cc2)c3ccc(O)cc3CC1(C)C,c1ccc(C2NCCc3ccccc32)cc1,29
C[C@H](CF)CN1[C@H](c2ccc(/C=C/C(=O)O)cc2)c2ccc(O)cc2C[C@H]1C,1.0,C[C@H](CF)CN1[C@H](C)Cc2cc(O)ccc2[C@H]1c3ccc(\C=C\C(=O)O)cc3,c1ccc(C2NCCc3ccccc32)cc1,28
C[C@H](CN1CCCC1)Oc1ccc([C@@H]2Oc3ccc(O)cc3S[C@@H]2c2ccc(O)cc2)cc1,1.0,C[C@H](CN1CCCC1)Oc2ccc(cc2)[C@@H]3Oc4ccc(O)cc4S[C@@H]3c5ccc(O)cc5,c1ccc(C2Sc3ccccc3OC2c2ccc(OCCN3CCCC3)cc2)cc1,33
C[C@H](CN1CCCC1)Oc1ccc([C@@H]2Oc3ccc(O)cc3[C@@H](C)[C@@H]2c2ccc(O)cc2)cc1,1.0,C[C@H](CN1CCCC1)Oc2ccc(cc2)[C@@H]3Oc4ccc(O)cc4[C@@H](C)[C@@H]3c5ccc(O)cc5,c1ccc(C2Cc3ccccc3OC2c2ccc(OCCN3CCCC3)cc2)cc1,34
C[C@H](CO)CN1[C@H](c2ccc(/C=C/C(=O)O)cc2)c2[nH]c3ccccc3c2C[C@H]1C,1.0,C[C@H](CO)CN1[C@H](C)Cc2c([nH]c3ccccc23)[C@H]1c4ccc(\C=C\C(=O)O)cc4,c1ccc(C2NCCc3c2[nH]c2ccccc32)cc1,30
C[C@H](COc1ccc(C(=O)c2c(-c3ccc(O)cc3)sc3cc(O)ccc23)cc1)N1CCCC1,1.0,C[C@H](COc1ccc(cc1)C(=O)c2c(sc3cc(O)ccc23)c4ccc(O)cc4)N5CCCC5,O=C(c1ccc(OCCN2CCCC2)cc1)c1c(-c2ccccc2)sc2ccccc12,34
C[C@H](COc1ccc([C@@H]2Oc3ccc(O)cc3S[C@@H]2c2ccc(O)cc2)cc1)N1CCCC1,1.0,C[C@H](COc1ccc(cc1)[C@@H]2Oc3ccc(O)cc3S[C@@H]2c4ccc(O)cc4)N5CCCC5,c1ccc(C2Sc3ccccc3OC2c2ccc(OCCN3CCCC3)cc2)cc1,33
C[C@H](NC(=O)C(F)(F)F)[C@H](Oc1ccc2c(cnn2-c2ccc(F)cc2)c1)c1ccc2ccccc2c1,0.0,C[C@H](NC(=O)C(F)(F)F)[C@H](Oc1ccc2c(cnn2c3ccc(F)cc3)c1)c4ccc5ccccc5c4,c1ccc(-n2ncc3cc(OCc4ccc5ccccc5c4)ccc32)cc1,37
C[C@H](NC(=O)C(F)(F)F)[C@H](Oc1ccc2c(cnn2-c2ccc(F)cc2)c1)c1ccccc1,0.0,C[C@H](NC(=O)C(F)(F)F)[C@H](Oc1ccc2c(cnn2c3ccc(F)cc3)c1)c4ccccc4,c1ccc(COc2ccc3c(cnn3-c3ccccc3)c2)cc1,33
C[C@H](NC(=O)CO)[C@H](Oc1ccc2c(cnn2-c2ccc(F)cc2)c1)c1ccc(S(C)(=O)=O)cc1,0.0,C[C@H](NC(=O)CO)[C@H](Oc1ccc2c(cnn2c3ccc(F)cc3)c1)c4ccc(cc4)S(=O)(=O)C,c1ccc(COc2ccc3c(cnn3-c3ccccc3)c2)cc1,35
C[C@H](NS(=O)(=O)C1CC1)[C@H](Oc1ccc2c(cnn2-c2ccc(F)cc2)c1)c1ccc(S(C)(=O)=O)cc1,0.0,C[C@H](NS(=O)(=O)C1CC1)[C@H](Oc2ccc3c(cnn3c4ccc(F)cc4)c2)c5ccc(cc5)S(=O)(=O)C,O=S(=O)(NCC(Oc1ccc2c(cnn2-c2ccccc2)c1)c1ccccc1)C1CC1,37
C[C@H](NS(=O)(=O)C1CC1)[C@H](Oc1ccc2c(cnn2-c2ccc(F)cc2)c1)c1ccccc1,0.0,C[C@H](NS(=O)(=O)C1CC1)[C@H](Oc2ccc3c(cnn3c4ccc(F)cc4)c2)c5ccccc5,O=S(=O)(NCC(Oc1ccc2c(cnn2-c2ccccc2)c1)c1ccccc1)C1CC1,33
C[C@H](c1ccc(F)cc1)N1C(=O)O[C@](Cc2ccc(F)cc2)(C(=O)NCc2ccc(Cl)c(Cl)c2)C1=O,0.0,C[C@@H](N1C(=O)O[C@](Cc2ccc(F)cc2)(C(=O)NCc3ccc(Cl)c(Cl)c3)C1=O)c4ccc(F)cc4,O=C1OC(Cc2ccccc2)(C(=O)NCc2ccccc2)C(=O)N1Cc1ccccc1,36
C[C@H](c1ccc(F)cc1)N1C(=O)O[C@](Cc2ccccc2)(c2nc3c(NS(C)(=O)=O)cccc3[nH]2)C1=O,0.0,C[C@@H](N1C(=O)O[C@@](Cc2ccccc2)(C1=O)c3nc4c(NS(=O)(=O)C)cccc4[nH]3)c5ccc(F)cc5,O=C1OC(Cc2ccccc2)(c2nc3ccccc3[nH]2)C(=O)N1Cc1ccccc1,37
C[C@H](c1ccc(F)cc1)N1C(=O)O[C@](Cc2ccccc2)(c2nc3cc(-c4cc[nH]n4)ccc3[nH]2)C1=O,0.0,C[C@@H](N1C(=O)O[C@@](Cc2ccccc2)(C1=O)c3nc4cc(ccc4[nH]3)c5cc[nH]n5)c6ccc(F)cc6,O=C1OC(Cc2ccccc2)(c2nc3cc(-c4cc[nH]n4)ccc3[nH]2)C(=O)N1Cc1ccccc1,37
C[C@H](c1ccc(F)cc1)N1C(=O)O[C@](Cc2ccccc2)(c2nc3cc(-c4cccnc4)ccc3[nH]2)C1=O,0.0,C[C@@H](N1C(=O)O[C@@](Cc2ccccc2)(C1=O)c3nc4cc(ccc4[nH]3)c5cccnc5)c6ccc(F)cc6,O=C1OC(Cc2ccccc2)(c2nc3cc(-c4cccnc4)ccc3[nH]2)C(=O)N1Cc1ccccc1,38
C[C@H](c1ccc(F)cc1)N1C(=O)O[C@](Cc2ccccc2)(c2nc3cc(C(F)(F)F)ccc3[nH]2)C1=O,0.0,C[C@@H](N1C(=O)O[C@@](Cc2ccccc2)(C1=O)c3nc4cc(ccc4[nH]3)C(F)(F)F)c5ccc(F)cc5,O=C1OC(Cc2ccccc2)(c2nc3ccccc3[nH]2)C(=O)N1Cc1ccccc1,36
C[C@H](c1ccc(F)cc1)N1C(=O)O[C@](Cc2ccccc2)(c2nc3cc(Cl)ccc3[nH]2)C1=O,0.0,C[C@@H](N1C(=O)O[C@@](Cc2ccccc2)(C1=O)c3nc4cc(Cl)ccc4[nH]3)c5ccc(F)cc5,O=C1OC(Cc2ccccc2)(c2nc3ccccc3[nH]2)C(=O)N1Cc1ccccc1,33
C[C@H](c1ccc(F)cc1)N1C(=O)O[C@](Cc2ccccc2)(c2nc3cc(N4CCOCC4)ccc3[nH]2)C1=O,0.0,C[C@@H](N1C(=O)O[C@@](Cc2ccccc2)(C1=O)c3nc4cc(ccc4[nH]3)N5CCOCC5)c6ccc(F)cc6,O=C1OC(Cc2ccccc2)(c2nc3cc(N4CCOCC4)ccc3[nH]2)C(=O)N1Cc1ccccc1,38
C[C@H](c1ccc(F)cc1)N1C(=O)O[C@](Cc2ccccc2)(c2nc3cc(NS(C)(=O)=O)ccc3[nH]2)C1=O,0.0,C[C@@H](N1C(=O)O[C@@](Cc2ccccc2)(C1=O)c3nc4cc(NS(=O)(=O)C)ccc4[nH]3)c5ccc(F)cc5,O=C1OC(Cc2ccccc2)(c2nc3ccccc3[nH]2)C(=O)N1Cc1ccccc1,37
C[C@H](c1ccc(O)cc1)[C@@H](C#N)c1ccc(O)cc1,1.0,C[C@@H]([C@@H](C#N)c1ccc(O)cc1)c2ccc(O)cc2,c1ccc(CCc2ccccc2)cc1,19
C[C@H](c1ccccc1)N1C(=O)O[C@](Cc2ccccc2)(c2nnc(C3(c4ccccc4)CC3)o2)C1=O,0.0,C[C@@H](N1C(=O)O[C@@](Cc2ccccc2)(C1=O)c3oc(nn3)C4(CC4)c5ccccc5)c6ccccc6,O=C1OC(Cc2ccccc2)(c2nnc(C3(c4ccccc4)CC3)o2)C(=O)N1Cc1ccccc1,36
C[C@H]1CCCN1CCOc1ccc([C@@H]2Oc3ccc(O)cc3S[C@@H]2c2ccc(O)cc2)cc1,1.0,C[C@H]1CCCN1CCOc2ccc(cc2)[C@@H]3Oc4ccc(O)cc4S[C@@H]3c5ccc(O)cc5,c1ccc(C2Sc3ccccc3OC2c2ccc(OCCN3CCCC3)cc2)cc1,33
C[C@H]1CCC[C@@H](O)CCC/C=C/c2cc(O)cc(O)c2C(=O)O1,0.0,C[C@H]1CCC[C@@H](O)CCC\C=C\c2cc(O)cc(O)c2C(=O)O1,O=C1OCCCCCCCCC=Cc2ccccc21,23
C[C@H]1CCN(CCOc2ccc(C(=O)c3c(-c4ccc(O)cc4)sc4cc(O)ccc34)cc2)C1,1.0,C[C@H]1CCN(CCOc2ccc(cc2)C(=O)c3c(sc4cc(O)ccc34)c5ccc(O)cc5)C1,O=C(c1ccc(OCCN2CCCC2)cc1)c1c(-c2ccccc2)sc2ccccc12,34
C[C@H]1CCN(CCOc2ccc([C@@H]3Oc4ccc(O)c(F)c4[C@@H](C)[C@@H]3c3ccc(O)cc3)cc2)C1,1.0,C[C@H]1CCN(CCOc2ccc(cc2)[C@@H]3Oc4ccc(O)c(F)c4[C@@H](C)[C@@H]3c5ccc(O)cc5)C1,c1ccc(C2Cc3ccccc3OC2c2ccc(OCCN3CCCC3)cc2)cc1,35
C[C@H]1CCN(CCOc2ccc([C@@H]3Oc4ccc(O)cc4S[C@@H]3c3ccc(O)cc3)cc2)C1,1.0,C[C@H]1CCN(CCOc2ccc(cc2)[C@@H]3Oc4ccc(O)cc4S[C@@H]3c5ccc(O)cc5)C1,c1ccc(C2Sc3ccccc3OC2c2ccc(OCCN3CCCC3)cc2)cc1,33
C[C@H]1CCN(CCOc2ccc([C@@H]3Oc4ccc(O)cc4[C@@H](C)[C@@H]3c3ccc(O)cc3)cc2)C1,1.0,C[C@H]1CCN(CCOc2ccc(cc2)[C@@H]3Oc4ccc(O)cc4[C@@H](C)[C@@H]3c5ccc(O)cc5)C1,c1ccc(C2Cc3ccccc3OC2c2ccc(OCCN3CCCC3)cc2)cc1,34
C[C@H]1CCN([C@@H](C)COc2ccc([C@@H]3Oc4ccc(O)c(F)c4[C@@H](C)[C@@H]3c3ccc(O)cc3)cc2)C1,1.0,C[C@@H](COc1ccc(cc1)[C@@H]2Oc3ccc(O)c(F)c3[C@@H](C)[C@@H]2c4ccc(O)cc4)N5CC[C@H](C)C5,c1ccc(C2Cc3ccccc3OC2c2ccc(OCCN3CCCC3)cc2)cc1,36
C[C@H]1CN(CCOc2ccc([C@@H]3Oc4ccc(O)cc4S[C@@H]3c3ccc(O)cc3)cc2)C[C@@H]1C,1.0,C[C@H]1CN(CCOc2ccc(cc2)[C@@H]3Oc4ccc(O)cc4S[C@@H]3c5ccc(O)cc5)C[C@@H]1C,c1ccc(C2Sc3ccccc3OC2c2ccc(OCCN3CCCC3)cc2)cc1,34
C[C@H]1C[C@H](C)OC2(CCC3=Cc4c(cnn4-c4ccc(F)cc4)C[C@@]32C)O1,0.0,C[C@H]1C[C@H](C)OC2(CCC3=Cc4c(C[C@]23C)cnn4c5ccc(F)cc5)O1,C1=C2CCC3(OCCCO3)C2Cc2cnn(-c3ccccc3)c21,27
C[C@H]1Cc2c([nH]c3cc(Cl)c(F)cc23)[C@@]2(N1)C(=O)Nc1ccc(Cl)cc12,0.0,C[C@H]1Cc2c([nH]c3cc(Cl)c(F)cc23)[C@@]4(N1)C(=O)Nc5ccc(Cl)cc45,O=C1Nc2ccccc2C12NCCc1c2[nH]c2ccccc12,26
C[C@H]1OC2(CCC3=Cc4c(cnn4-c4ccc(F)cc4)C[C@@]32C)O[C@@H]1C,0.0,C[C@H]1OC2(CCC3=Cc4c(C[C@]23C)cnn4c5ccc(F)cc5)O[C@@H]1C,C1=C2CCC3(OCCO3)C2Cc2cnn(-c3ccccc3)c21,26
C[C@H]1c2cc(O)ccc2O[C@@H](c2ccc(OCCN3CCCCC3)cc2)[C@H]1c1ccc(O)cc1,1.0,C[C@@H]1[C@@H]([C@@H](Oc2ccc(O)cc12)c3ccc(OCCN4CCCCC4)cc3)c5ccc(O)cc5,c1ccc(C2Cc3ccccc3OC2c2ccc(OCCN3CCCCC3)cc2)cc1,34
C[C@H]1c2ccc(O)cc2O[C@@H](c2ccc(OCCN3CCCCC3)cc2)[C@H]1c1ccc(O)cc1,1.0,C[C@@H]1[C@@H]([C@@H](Oc2cc(O)ccc12)c3ccc(OCCN4CCCCC4)cc3)c5ccc(O)cc5,c1ccc(C2Cc3ccccc3OC2c2ccc(OCCN3CCCCC3)cc2)cc1,34
C[C@](O)(CN(C1CC1)S(=O)(=O)c1ccc(O)cc1)c1ccccc1,0.0,C[C@](O)(CN(C1CC1)S(=O)(=O)c2ccc(O)cc2)c3ccccc3,O=S(=O)(c1ccccc1)N(CCc1ccccc1)C1CC1,24
C[C@](c1ccc(F)cc1)(c1c[nH]c2c(NS(C)(=O)=O)cccc12)C1CC1,0.0,C[C@](C1CC1)(c2ccc(F)cc2)c3c[nH]c4c(NS(=O)(=O)C)cccc34,c1ccc(C(c2c[nH]c3ccccc23)C2CC2)cc1,26
C[C@]12C=CC(=O)C=C1CC[C@@H]1[C@@H]2[C@@H](O)C[C@@]2(C)[C@H]1CC[C@]2(O)C(=O)CO,0.0,C[C@]12C[C@H](O)[C@H]3[C@@H](CCC4=CC(=O)C=C[C@]34C)[C@@H]1CC[C@]2(O)C(=O)CO,O=C1C=CC2C(=C1)CCC1C3CCCC3CCC21,26
C[C@]12CCC(=O)C(O)=C1C=C[C@@H]1[C@@H]2CC[C@]2(C)/C(=C/c3ccccn3)CC[C@@H]12,0.0,C[C@]12CC[C@H]3[C@@H](C=CC4=C(O)C(=O)CC[C@]34C)[C@@H]1CC/C/2=C\c5ccccn5,O=C1C=C2C=CC3C(CCC4C(=Cc5ccccn5)CCC43)C2CC1,28
C[C@]12CCC(=O)C=C1C(=O)C[C@@H]1[C@@H]2CC[C@]2(C)/C(=C/c3ccccn3)CC[C@@H]12,0.0,C[C@]12CC[C@H]3[C@@H](CC(=O)C4=CC(=O)CC[C@]34C)[C@@H]1CC/C/2=C\c5ccccn5,O=C1C=C2C(=O)CC3C4CCC(=Cc5ccccn5)C4CCC3C2CC1,28
C[C@]12CCC(=O)C=C1CC[C@@H]1[C@@H]2CC[C@]2(C)/C(=C/c3ccccn3)CC[C@@H]12,0.0,C[C@]12CC[C@H]3[C@@H](CCC4=CC(=O)CC[C@]34C)[C@@H]1CC/C/2=C\c5ccccn5,O=C1C=C2CCC3C4CCC(=Cc5ccccn5)C4CCC3C2CC1,27
C[C@]12CCC(c3ccc(O)cc3)C[C@H]1CC[C@@H]2O,1.0,C[C@]12CCC(C[C@H]1CC[C@@H]2O)c3ccc(O)cc3,c1ccc(C2CCC3CCCC3C2)cc1,18
C[C@]12CCC3C(CC=C4C[C@@H](O)CC[C@@]43/C=C/Br)C1CC[C@@H]2O,0.0,C[C@]12CCC3C(CC=C4C[C@@H](O)CC[C@]34\C=C\Br)C1CC[C@@H]2O,C1=C2CCCCC2C2CCC3CCCC3C2C1,23
C[C@]12CCC3C(CC=C4C[C@@H](O)CC[C@@]43/C=C/Cl)C1CC[C@@H]2O,0.0,C[C@]12CCC3C(CC=C4C[C@@H](O)CC[C@]34\C=C\Cl)C1CC[C@@H]2O,C1=C2CCCCC2C2CCC3CCCC3C2C1,23
C[C@]12CCC3C(CC=C4C[C@@H](O)CC[C@@]43/C=C/F)C1CC[C@@H]2O,0.0,C[C@]12CCC3C(CC=C4C[C@@H](O)CC[C@]34\C=C\F)C1CC[C@@H]2O,C1=C2CCCCC2C2CCC3CCCC3C2C1,23
C[C@]12CCC3C(CC=C4C[C@@H](O)CC[C@@]43/C=C\Br)C1CC[C@@H]2O,0.0,C[C@]12CCC3C(CC=C4C[C@@H](O)CC[C@]34\C=C/Br)C1CC[C@@H]2O,C1=C2CCCCC2C2CCC3CCCC3C2C1,23
C[C@]12CCC3C(CC=C4C[C@@H](O)CC[C@@]43/C=C\Cl)C1CC[C@@H]2O,0.0,C[C@]12CCC3C(CC=C4C[C@@H](O)CC[C@]34\C=C/Cl)C1CC[C@@H]2O,C1=C2CCCCC2C2CCC3CCCC3C2C1,23
C[C@]12CCC3C(CC=C4C[C@@H](O)CC[C@@]43/C=C\F)C1CC[C@@H]2O,0.0,C[C@]12CCC3C(CC=C4C[C@@H](O)CC[C@]34\C=C/F)C1CC[C@@H]2O,C1=C2CCCCC2C2CCC3CCCC3C2C1,23
C[C@]12CCC3C(CC=C4C[C@@H](O)CC[C@@]43C=O)C1CC[C@@H]2O,0.0,C[C@]12CCC3C(CC=C4C[C@@H](O)CC[C@]34C=O)C1CC[C@@H]2O,C1=C2CCCCC2C2CCC3CCCC3C2C1,22
C[C@]12CCC3C(CC=C4C[C@@H](O)CC[C@@]43CO)C1CC[C@@H]2O,0.0,C[C@]12CCC3C(CC=C4C[C@@H](O)CC[C@]34CO)C1CC[C@@H]2O,C1=C2CCCCC2C2CCC3CCCC3C2C1,22
C[C@]12CC[C@@H](c3ccc(O)cc3)C[C@H]1CCC2=O,0.0,C[C@]12CC[C@H](C[C@H]1CCC2=O)c3ccc(O)cc3,O=C1CCC2CC(c3ccccc3)CCC12,18
C[C@]12CC[C@@H]3c4ccc(O)cc4C(=O)C[C@H]3[C@@H]1CC[C@@H]2O,0.0,C[C@]12CC[C@H]3[C@@H](CC(=O)c4cc(O)ccc34)[C@@H]1CC[C@@H]2O,O=C1CC2C(CCC3CCCC32)c2ccccc21,21
C[C@]12CC[C@@H]3c4ccc(O)cc4C(O)[C@@H](Sc4ccc(Br)cc4)[C@H]3[C@@H]1CC[C@@H]2O,1.0,C[C@]12CC[C@H]3[C@@H]([C@H](Sc4ccc(Br)cc4)C(O)c5cc(O)ccc35)[C@@H]1CC[C@@H]2O,c1ccc(SC2Cc3ccccc3C3CCC4CCCC4C23)cc1,29
C[C@]12CC[C@@H]3c4ccc(O)cc4CC[C@H]3[C@@H]1CC=C2CO,1.0,C[C@]12CC[C@H]3[C@@H](CCc4cc(O)ccc34)[C@@H]1CC=C2CO,C1=CC2CCC3c4ccccc4CCC3C2C1,21
C[C@]12CC[C@@H]3c4ccc(O)cc4CC[C@H]3[C@@H]1CCC2=O,1.0,C[C@]12CC[C@H]3[C@@H](CCc4cc(O)ccc34)[C@@H]1CCC2=O,O=C1CCC2C1CCC1c3ccccc3CCC12,20
C[C@]12CC[C@@H]3c4ccc(O)cc4CC[C@H]3[C@@H]1CC[C@@H]2O,1.0,C[C@]12CC[C@H]3[C@@H](CCc4cc(O)ccc34)[C@@H]1CC[C@@H]2O,c1ccc2c(c1)CCC1C2CCC2CCCC21,20
C[C@]12CC[C@@H]3c4ccc(O)cc4CC[C@H]3[C@@H]1CC[C@@]2(O)/C=C/CC(F)(C(F)(F)F)C(F)(F)F,0.0,C[C@]12CC[C@H]3[C@@H](CCc4cc(O)ccc34)[C@@H]1CC[C@@]2(O)\C=C\CC(F)(C(F)(F)F)C(F)(F)F,c1ccc2c(c1)CCC1C2CCC2CCCC21,33
C[C@]12CC[C@@H]3c4ccc(O)cc4CC[C@H]3[C@@H]1CC[C@@]2(O)/C=C/CC(F)(F)C(F)(F)C(F)(F)C(F)(F)C(F)(F)C(F)(F)F,0.0,C[C@]12CC[C@H]3[C@@H](CCc4cc(O)ccc34)[C@@H]1CC[C@@]2(O)\C=C\CC(F)(F)C(F)(F)C(F)(F)C(F)(F)C(F)(F)C(F)(F)F,c1ccc2c(c1)CCC1C2CCC2CCCC21,42
C[C@]12CC[C@@H]3c4ccc(O)cc4CC[C@H]3[C@@H]1CC[C@@]2(O)/C=C/CC(F)(F)C(F)(F)C(F)(F)F,1.0,C[C@]12CC[C@H]3[C@@H](CCc4cc(O)ccc34)[C@@H]1CC[C@@]2(O)\C=C\CC(F)(F)C(F)(F)C(F)(F)F,c1ccc2c(c1)CCC1C2CCC2CCCC21,33
C[C@]12CC[C@@H]3c4ccc(O)cc4CC[C@H]3[C@@H]1CC[C@@]2(O)C#CCCCCC#Cc1c(-c2ccccc2)oc2ccccc2c1=O,0.0,C[C@]12CC[C@H]3[C@@H](CCc4cc(O)ccc34)[C@@H]1CC[C@@]2(O)C#CCCCCC#CC5=C(Oc6ccccc6C5=O)c7ccccc7,O=c1c(C#CCCCCC#CC2CCC3C2CCC2c4ccccc4CCC23)c(-c2ccccc2)oc2ccccc12,45
C[C@]12CC[C@@H]3c4ccc(O)cc4CC[C@H]3[C@@H]1CC[C@@]2(O)C#Cc1c(-c2ccccc2)oc2ccccc2c1=O,1.0,C[C@]12CC[C@H]3[C@@H](CCc4cc(O)ccc34)[C@@H]1CC[C@@]2(O)C#CC5=C(Oc6ccccc6C5=O)c7ccccc7,O=c1c(C#CC2CCC3C2CCC2c4ccccc4CCC23)c(-c2ccccc2)oc2ccccc12,39
C[C@]12CC[C@@H]3c4ccc(O)cc4CC[C@H]3[C@@H]1CC[C@@]2(O)C#Cc1c(-c2ccccc2O)[nH]c2ccccc12,1.0,C[C@]12CC[C@H]3[C@@H](CCc4cc(O)ccc34)[C@@H]1CC[C@@]2(O)C#Cc5c([nH]c6ccccc56)c7ccccc7O,C(#CC1CCC2C1CCC1c3ccccc3CCC12)c1c(-c2ccccc2)[nH]c2ccccc12,38
C[C@]12CC[C@@H]3c4ccc(O)cc4CC[C@H]3[C@@H]1CC[C@@]2(O)C#Cc1ccc(CO)cc1,1.0,C[C@]12CC[C@H]3[C@@H](CCc4cc(O)ccc34)[C@@H]1CC[C@@]2(O)C#Cc5ccc(CO)cc5,C(#CC1CCC2C1CCC1c3ccccc3CCC12)c1ccccc1,30
C[C@]12CC[C@@H]3c4ccc(O)cc4CC[C@H]3[C@@H]1CC[C@@]2(O)C#Cc1ccc(N)cc1,1.0,C[C@]12CC[C@H]3[C@@H](CCc4cc(O)ccc34)[C@@H]1CC[C@@]2(O)C#Cc5ccc(N)cc5,C(#CC1CCC2C1CCC1c3ccccc3CCC12)c1ccccc1,29
C[C@]12CC[C@@H]3c4ccc(O)cc4CC[C@H]3[C@@H]1CC[C@@]2(O)c1ccc2c(c1)COC2,1.0,C[C@]12CC[C@H]3[C@@H](CCc4cc(O)ccc34)[C@@H]1CC[C@@]2(O)c5ccc6COCc6c5,c1ccc2c(c1)CCC1C2CCC2C(c3ccc4c(c3)COC4)CCC21,29
C[C@]12CC[C@@H]3c4ccc(O)cc4CC[C@H]3[C@@H]1CC[C@H]2O,1.0,C[C@]12CC[C@H]3[C@@H](CCc4cc(O)ccc34)[C@@H]1CC[C@H]2O,c1ccc2c(c1)CCC1C2CCC2CCCC21,20
C[C@]12CC[C@@H]3c4ccc(O)cc4CC[C@H]3[C@@H]1C[C@@H](O)[C@@H]2O,1.0,C[C@]12CC[C@H]3[C@@H](CCc4cc(O)ccc34)[C@@H]1C[C@@H](O)[C@@H]2O,c1ccc2c(c1)CCC1C2CCC2CCCC21,21
C[C@]12CC[C@@H]3c4ccc(O)cc4CC[C@H]3[C@@H]1C[C@H](O)[C@H]2O,1.0,C[C@]12CC[C@H]3[C@@H](CCc4cc(O)ccc34)[C@@H]1C[C@H](O)[C@H]2O,c1ccc2c(c1)CCC1C2CCC2CCCC21,21
C[C@]12CC[C@@H]3c4ccc(O)cc4CC[C@H]3[C@@H]1[C@@H](O)[C@@H](O)[C@@H]2O,1.0,C[C@]12CC[C@H]3[C@@H](CCc4cc(O)ccc34)[C@@H]1[C@@H](O)[C@@H](O)[C@@H]2O,c1ccc2c(c1)CCC1C2CCC2CCCC21,22
C[C@]12CC[C@@H]3c4ccc(O)cc4C[C@@H](CCCCCCCCC[S+]([O-])CCCC(F)(F)C(F)(F)F)[C@H]3[C@@H]1CC[C@@H]2O,1.0,C[C@]12CC[C@H]3[C@@H]([C@H](CCCCCCCCC[S+]([O-])CCCC(F)(F)C(F)(F)F)Cc4cc(O)ccc34)[C@@H]1CC[C@@H]2O,c1ccc2c(c1)CCC1C2CCC2CCCC21,41
C[C@]12CC[C@@H]3c4ccc(O)cc4C[C@@H](Sc4ccc(/C=C/C(=O)O)cc4)[C@H]3[C@@H]1CC[C@@H]2O,1.0,C[C@]12CC[C@H]3[C@@H]([C@@H](Cc4cc(O)ccc34)Sc5ccc(\C=C\C(=O)O)cc5)[C@@H]1CC[C@@H]2O,c1ccc(SC2Cc3ccccc3C3CCC4CCCC4C23)cc1,32
C[C@]12CC[C@@H]3c4ccc(O)cc4[C@@H](O)C[C@H]3[C@@H]1CC[C@@H]2O,0.0,C[C@]12CC[C@H]3[C@@H](C[C@H](O)c4cc(O)ccc34)[C@@H]1CC[C@@H]2O,c1ccc2c(c1)CCC1C2CCC2CCCC21,21
C[C@]12CC[C@@H]3c4ccc(OC(=O)c5ccccc5)cc4CC[C@H]3[C@@H]1CC[C@@H]2O,1.0,C[C@]12CC[C@H]3[C@@H](CCc4cc(OC(=O)c5ccccc5)ccc34)[C@@H]1CC[C@@H]2O,O=C(Oc1ccc2c(c1)CCC1C2CCC2CCCC21)c1ccccc1,28
C[C@]12CC[C@@H]3c4ccc(OS(N)(=O)=O)cc4CC[C@H]3[C@@H]1CCC2=O,0.0,C[C@]12CC[C@H]3[C@@H](CCc4cc(OS(=O)(=O)N)ccc34)[C@@H]1CCC2=O,O=C1CCC2C1CCC1c3ccccc3CCC12,24
C[C@]12CC[C@@H]3c4ccc(O[C@@H]5O[C@H](C(=O)[O-])[C@@H](O)[C@H](O)[C@H]5O)cc4CC[C@H]3[C@@H]1C[C@@H](O)[C@@H]2O,0.0,[Na+].C[C@]12CC[C@H]3[C@@H](CCc4cc(O[C@@H]5O[C@@H]([C@@H](O)[C@H](O)[C@H]5O)C(=O)[O-])ccc34)[C@@H]1C[C@@H](O)[C@@H]2O,c1cc2c(cc1OC1CCCCO1)CCC1C2CCC2CCCC21,33
C[C@]12CC[C@H](O)C=C1CC[C@@H]1[C@@H]2CC[C@]2(C)/C(=C/c3ccccn3)CC[C@@H]12,0.0,C[C@]12CC[C@H]3[C@@H](CCC4=C[C@@H](O)CC[C@]34C)[C@@H]1CC/C/2=C\c5ccccn5,C(=C1CCC2C1CCC1C3CCCC=C3CCC21)c1ccccn1,27
C[C@]12CC[C@H](O)CC1=CC[C@@H]1[C@@H]2CC[C@]2(C)/C(=C/c3ccccn3)CC[C@@H]12,0.0,C[C@]12CC[C@H]3[C@@H](CC=C4C[C@@H](O)CC[C@]34C)[C@@H]1CC/C/2=C\c5ccccn5,C(=C1CCC2C1CCC1C3CCCCC3=CCC21)c1ccccn1,27
C[C@]12CC[C@H](c3ccc(O)cc3)C[C@H]1CCC2=O,0.0,C[C@]12CC[C@@H](C[C@H]1CCC2=O)c3ccc(O)cc3,O=C1CCC2CC(c3ccccc3)CCC12,18
C[C@]12CC[C@H](c3ccc(O)cc3)C[C@H]1C[C@H](O)[C@H]2O,0.0,C[C@]12CC[C@@H](C[C@H]1C[C@H](O)[C@H]2O)c3ccc(O)cc3,c1ccc(C2CCC3CCCC3C2)cc1,19
C[C@]12CC[C@H]3[C@@H](CC4C5=CC(=O)CC[C@@]53C[C@H]4O)[C@@H]1CC[C@@H]2O,0.0,C[C@]12CC[C@H]3[C@@H](CC4[C@H](O)C[C@@]35CCC(=O)C=C45)[C@@H]1CC[C@@H]2O,O=C1C=C2C3CCC2(CC1)C1CCC2CCCC2C1C3,23
C[C@]12CC[C@H]3[C@@H](CC=C4C[C@@H](O)CC[C@@]43C)[C@@H]1CC[C@@H]2O,1.0,C[C@]12CC[C@H]3[C@@H](CC=C4C[C@@H](O)CC[C@]34C)[C@@H]1CC[C@@H]2O,C1=C2CCCCC2C2CCC3CCCC3C2C1,21
C[C@]12CC[C@H]3[C@@H](CC=C4C[C@@H]5CC[C@@]43CC(=O)O5)[C@@H]1CC[C@@H]2O,0.0,C[C@]12CC[C@H]3[C@@H](CC=C4C[C@@H]5CC[C@]34CC(=O)O5)[C@@H]1CC[C@@H]2O,O=C1CC23CCC(CC2=CCC2C4CCCC4CCC23)O1,23
C[C@]12CC[C@H]3[C@@H](CC=C4C[C@@H]5CC[C@@]43CCO5)[C@@H]1CC[C@@H]2O,0.0,C[C@]12CC[C@H]3[C@@H](CC=C4C[C@@H]5CC[C@]34CCO5)[C@@H]1CC[C@@H]2O,C1=C2CC3CCC2(CCO3)C2CCC3CCCC3C2C1,22
C[C@]12CC[C@H]3[C@@H](CC=C4[C@@H]5C(=O)CC[C@@]43C[C@@H]5O)[C@@H]1CC[C@@H]2O,0.0,C[C@]12CC[C@H]3[C@@H](CC=C4[C@H]5[C@@H](O)C[C@@]34CCC5=O)[C@@H]1CC[C@@H]2O,O=C1CCC23CCC1C2=CCC1C2CCCC2CCC13,23
C[C@]12CC[C@H]3[C@@H](CC=C4[C@@H]5C(=O)CC[C@@]43C[C@H]5O)[C@@H]1CC[C@@H]2O,0.0,C[C@]12CC[C@H]3[C@@H](CC=C4[C@H]5[C@H](O)C[C@@]34CCC5=O)[C@@H]1CC[C@@H]2O,O=C1CCC23CCC1C2=CCC1C2CCCC2CCC13,23
C[C@]12CC[C@H]3[C@@H](CC=C4[C@H]5CC=C[C@]43CC[C@@H]5O)[C@@H]1CC[C@@H]2O,0.0,C[C@]12CC[C@H]3[C@@H](CC=C4[C@H]5CC=C[C@@]34CC[C@@H]5O)[C@@H]1CC[C@@H]2O,C1=CC23CCCC(C1)C2=CCC1C2CCCC2CCC13,23
C[C@]12CC[C@H]3[C@@H](CC=C4[C@H]5CC[C@]43CCC5=O)[C@@H]1CC[C@@H]2O,0.0,C[C@]12CC[C@H]3[C@@H](CC=C4[C@H]5CC[C@@]34CCC5=O)[C@@H]1CC[C@@H]2O,O=C1CCC23CCC1C2=CCC1C2CCCC2CCC13,22
C[C@]12CC[C@H]3[C@@H](CC=C4[C@H]5CC[C@]43CC[C@@H]5O)[C@@H]1CC[C@@H]2O,1.0,C[C@]12CC[C@H]3[C@@H](CC=C4[C@H]5CC[C@@]34CC[C@@H]5O)[C@@H]1CC[C@@H]2O,C1=C2C3CCCC2(CC3)C2CCC3CCCC3C2C1,22
C[C@]12CC[C@H]3[C@@H](CC=C4[C@H]5CC[C@]43CC[C@H]5O)[C@@H]1CC[C@@H]2O,0.0,C[C@]12CC[C@H]3[C@@H](CC=C4[C@H]5CC[C@@]34CC[C@H]5O)[C@@H]1CC[C@@H]2O,C1=C2C3CCCC2(CC3)C2CCC3CCCC3C2C1,22
C[C@]12CC[C@H]3[C@@H](CCC4=CC(=O)CC[C@@]43C)[C@@H]1CC[C@@H]2O,0.0,C[C@]12CC[C@H]3[C@@H](CCC4=CC(=O)CC[C@]34C)[C@@H]1CC[C@@H]2O,O=C1C=C2CCC3C4CCCC4CCC3C2CC1,21
C[C@]12CC[C@H]3[C@@H](CC[C@H]4[C@H]5CCC[C@]43CC[C@@H]5O)[C@@H]1CC[C@@H]2O,0.0,C[C@]12CC[C@H]3[C@@H](CC[C@H]4[C@H]5CCC[C@@]34CC[C@@H]5O)[C@@H]1CC[C@@H]2O,C1CC2CCC3C(CCC4C5CCCC43CCC5)C2C1,23
C[C@]12CCc3c(ccc4cc(O)ccc34)[C@@H]1CC[C@H]2O,1.0,C[C@]12CCc3c(ccc4cc(O)ccc34)[C@@H]1CC[C@H]2O,c1ccc2c3c(ccc2c1)C1CCCC1CC3,20
C[C@]12CCc3c(sc4cc(O)ccc34)[C@@H]1CC[C@@H]2O,1.0,C[C@]12CCc3c(sc4cc(O)ccc34)[C@@H]1CC[C@@H]2O,c1ccc2c3c(sc2c1)C1CCCC1CC3,19
C[C@]12CCc3c(sc4cc(O)ccc34)[C@@H]1CC[C@H]2O,1.0,C[C@]12CCc3c(sc4cc(O)ccc34)[C@@H]1CC[C@H]2O,c1ccc2c3c(sc2c1)C1CCCC1CC3,19
C[C@]12CCc3c(sc4cc(O)ccc34)[C@H]1CC[C@@H]2O,1.0,C[C@]12CCc3c(sc4cc(O)ccc34)[C@H]1CC[C@@H]2O,c1ccc2c3c(sc2c1)C1CCCC1CC3,19
C[C@]12C[C@H](c3ccc(OCCCCCS(=O)(=O)C(F)(F)C(F)(F)F)cc3)[C@@H]3c4ccc(O)cc4CC[C@H]3[C@@H]1CC[C@@H]2O,1.0,C[C@]12C[C@@H]([C@H]3[C@@H](CCc4cc(O)ccc34)[C@@H]1CC[C@@H]2O)c5ccc(OCCCCCS(=O)(=O)C(F)(F)C(F)(F)F)cc5,c1ccc(C2CC3CCCC3C3CCc4ccccc4C23)cc1,42
C[C@]12C[C@H](c3ccc(OCCOCCOCCN=[N+]=[N-])cc3)[C@@H]3c4ccc(O)cc4CC[C@H]3[C@@H]1CC[C@@H]2O,1.0,C[C@]12C[C@@H]([C@H]3[C@@H](CCc4cc(O)ccc34)[C@@H]1CC[C@@H]2O)c5ccc(OCCOCCOCCN=[N+]=[N-])cc5,c1ccc(C2CC3CCCC3C3CCc4ccccc4C23)cc1,38
C[C@]12C[C@H](c3ccc(OCCOCCOCCn4cc(CNC5=CC(=O)c6ccccc6C5=O)nn4)cc3)[C@@H]3c4ccc(O)cc4CC[C@H]3[C@@H]1CC[C@@H]2O,1.0,C[C@]12C[C@@H]([C@H]3[C@@H](CCc4cc(O)ccc34)[C@@H]1CC[C@@H]2O)c5ccc(OCCOCCOCCn6cc(CNC7=CC(=O)c8ccccc8C7=O)nn6)cc5,O=C1C=C(NCc2cn(CCOCCOCCOc3ccc(C4CC5CCCC5C5CCc6ccccc6C45)cc3)nn2)C(=O)c2ccccc21,54
C[C@]12Cc3c[nH]nc3C[C@@H]1CC[C@@H]1[C@@H]2CC[C@@]2(C)[C@H]1CC[C@]2(C)O,1.0,C[C@]1(O)CC[C@H]2[C@@H]3CC[C@H]4Cc5n[nH]cc5C[C@]4(C)[C@H]3CC[C@]12C,c1[nH]nc2c1CC1C(CCC3C4CCCC4CCC13)C2,24
C[C@]12Cc3cnn(-c4ccc(F)cc4)c3C=C1CCC21OCCO1,0.0,C[C@]12Cc3cnn(c3C=C1CCC24OCCO4)c5ccc(F)cc5,C1=C2CCC3(OCCO3)C2Cc2cnn(-c3ccccc3)c21,24
C[C@]12Cc3cnn(-c4ccc(F)cc4)c3C=C1CCCC21OCCO1,0.0,C[C@]12Cc3cnn(c3C=C1CCCC24OCCO4)c5ccc(F)cc5,C1=C2CCCC3(OCCO3)C2Cc2cnn(-c3ccccc3)c21,25
C[C@]12Cc3cnn(-c4ccc(F)cc4)c3C=C1CCC[C@@H]2[C@@H](O)c1ccc(F)cc1,0.0,C[C@]12Cc3cnn(c3C=C1CCC[C@@H]2[C@@H](O)c4ccc(F)cc4)c5ccc(F)cc5,C1=C2CCCC(Cc3ccccc3)C2Cc2cnn(-c3ccccc3)c21,30
C[N+]1([O-])CCC2(CC1)C(=O)Nc1cc(/C=C3\c4ccccc4COc4cc(F)ccc43)ccc12,0.0,C[N+]1([O-])CCC2(CC1)C(=O)Nc3cc(\C=C\4/c5ccccc5COc6cc(F)ccc46)ccc23,O=C1Nc2cc(C=C3c4ccccc4COc4ccccc43)ccc2C12CC[NH2+]CC2,34
Cc1[nH]c2ccc(-c3nnc(SCC(=O)c4ccccc4F)o3)cc2c1C,0.0,Cc1[nH]c2ccc(cc2c1C)c3oc(SCC(=O)c4ccccc4F)nn3,O=C(CSc1nnc(-c2ccc3[nH]ccc3c2)o1)c1ccccc1,27
Cc1c(-c2ccc(C(F)(F)F)cc2)n(Cc2ccc(OCCN3CCCCC3)cc2)c2ccc(O)cc12,1.0,Cc1c(c2ccc(cc2)C(F)(F)F)n(Cc3ccc(OCCN4CCCCC4)cc3)c5ccc(O)cc15,c1ccc(-c2cc3ccccc3n2Cc2ccc(OCCN3CCCCC3)cc2)cc1,37
Cc1c(-c2ccc(Cl)cc2)n(Cc2ccc(OCCN3CCCCC3)cc2)c2ccc(O)cc12,1.0,Cc1c(c2ccc(Cl)cc2)n(Cc3ccc(OCCN4CCCCC4)cc3)c5ccc(O)cc15,c1ccc(-c2cc3ccccc3n2Cc2ccc(OCCN3CCCCC3)cc2)cc1,34
Cc1c(-c2ccc(F)cc2)n(Cc2ccc(OCCN3CCCCC3)cc2)c2ccc(O)cc12,1.0,Cc1c(c2ccc(F)cc2)n(Cc3ccc(OCCN4CCCCC4)cc3)c5ccc(O)cc15,c1ccc(-c2cc3ccccc3n2Cc2ccc(OCCN3CCCCC3)cc2)cc1,34
Cc1c(-c2ccc(F)cc2)n(Cc2ccc(OCCN3CCCCCC3)cc2)c2ccc(O)cc12,1.0,Cc1c(c2ccc(F)cc2)n(Cc3ccc(OCCN4CCCCCC4)cc3)c5ccc(O)cc15,c1ccc(-c2cc3ccccc3n2Cc2ccc(OCCN3CCCCCC3)cc2)cc1,35
Cc1c(-c2ccc(O)c(F)c2)n(Cc2ccc(OCCN3CCCCC3)cc2)c2ccc(O)cc12,1.0,Cc1c(c2ccc(O)c(F)c2)n(Cc3ccc(OCCN4CCCCC4)cc3)c5ccc(O)cc15,c1ccc(-c2cc3ccccc3n2Cc2ccc(OCCN3CCCCC3)cc2)cc1,35
Cc1c(-c2ccc(O)c(F)c2)n(Cc2ccc(OCCN3CCCCCC3)cc2)c2ccc(O)cc12,1.0,Cc1c(c2ccc(O)c(F)c2)n(Cc3ccc(OCCN4CCCCCC4)cc3)c5ccc(O)cc15,c1ccc(-c2cc3ccccc3n2Cc2ccc(OCCN3CCCCCC3)cc2)cc1,36
Cc1c(-c2ccc(O)cc2)n(CCCCCCN2CCCC2)c2ccc(O)cc12,1.0,Cc1c(c2ccc(O)cc2)n(CCCCCCN3CCCC3)c4ccc(O)cc14,c1ccc(-c2cc3ccccc3n2CCCCCCN2CCCC2)cc1,29
Cc1c(-c2ccc(O)cc2)n(Cc2ccc(OCCCN3CCCCC3)cc2)c2ccc(O)cc12,1.0,Cc1c(c2ccc(O)cc2)n(Cc3ccc(OCCCN4CCCCC4)cc3)c5ccc(O)cc15,c1ccc(-c2cc3ccccc3n2Cc2ccc(OCCCN3CCCCC3)cc2)cc1,35
Cc1c(-c2ccc(O)cc2)n(Cc2ccc(OCCN(C(C)C)C(C)C)cc2)c2ccc(O)cc12,1.0,CC(C)N(CCOc1ccc(Cn2c(c(C)c3cc(O)ccc23)c4ccc(O)cc4)cc1)C(C)C,c1ccc(Cn2c(-c3ccccc3)cc3ccccc32)cc1,35
Cc1c(-c2ccc(O)cc2)n(Cc2ccc(OCCN(C)C)cc2)c2ccc(O)cc12,1.0,CN(C)CCOc1ccc(Cn2c(c(C)c3cc(O)ccc23)c4ccc(O)cc4)cc1,c1ccc(Cn2c(-c3ccccc3)cc3ccccc32)cc1,31
Cc1c(-c2ccc(O)cc2)n(Cc2ccc(OCCN3CC4(C)CC3C(C)(C)C4)cc2)c2ccc(O)cc12,1.0,Cc1c(c2ccc(O)cc2)n(Cc3ccc(OCCN4CC5(C)CC4C(C)(C)C5)cc3)c6ccc(O)cc16,c1ccc(-c2cc3ccccc3n2Cc2ccc(OCCN3CC4CCC3C4)cc2)cc1,38
Cc1c(-c2ccc(O)cc2)n(Cc2ccc(OCCN3CC4CCC3C4)cc2)c2ccc(O)cc12,1.0,Cc1c(c2ccc(O)cc2)n(Cc3ccc(OCCN4CC5CCC4C5)cc3)c6ccc(O)cc16,c1ccc(-c2cc3ccccc3n2Cc2ccc(OCCN3CC4CCC3C4)cc2)cc1,35
Cc1c(-c2ccc(O)cc2)n(Cc2ccc(OCCN3CCC(C)CC3)cc2)c2ccc(O)cc12,1.0,CC1CCN(CCOc2ccc(Cn3c(c(C)c4cc(O)ccc34)c5ccc(O)cc5)cc2)CC1,c1ccc(-c2cc3ccccc3n2Cc2ccc(OCCN3CCCCC3)cc2)cc1,35
Cc1c(-c2ccc(O)cc2)n(Cc2ccc(OCCN3CCC(O)CC3)cc2)c2ccc(O)cc12,1.0,Cc1c(c2ccc(O)cc2)n(Cc3ccc(OCCN4CCC(O)CC4)cc3)c5ccc(O)cc15,c1ccc(-c2cc3ccccc3n2Cc2ccc(OCCN3CCCCC3)cc2)cc1,35
Cc1c(-c2ccc(O)cc2)n(Cc2ccc(OCCN3CCCC(C)(C)C3)cc2)c2ccc(O)cc12,1.0,Cc1c(c2ccc(O)cc2)n(Cc3ccc(OCCN4CCCC(C)(C)C4)cc3)c5ccc(O)cc15,c1ccc(-c2cc3ccccc3n2Cc2ccc(OCCN3CCCCC3)cc2)cc1,36
Cc1c(-c2ccc(O)cc2)n(Cc2ccc(OCCN3CCCC(C)C3)cc2)c2ccc(O)cc12,1.0,CC1CCCN(CCOc2ccc(Cn3c(c(C)c4cc(O)ccc34)c5ccc(O)cc5)cc2)C1,c1ccc(-c2cc3ccccc3n2Cc2ccc(OCCN3CCCCC3)cc2)cc1,35
Cc1c(-c2ccc(O)cc2)n(Cc2ccc(OCCN3CCCCC3)cc2)c2ccc(O)cc12,1.0,Cc1c(c2ccc(O)cc2)n(Cc3ccc(OCCN4CCCCC4)cc3)c5ccc(O)cc15,c1ccc(-c2cc3ccccc3n2Cc2ccc(OCCN3CCCCC3)cc2)cc1,34
Cc1c(-c2ccc(O)cc2)n(Cc2ccc(OCCN3CCCCC3)cc2)c2ccccc12,1.0,Cc1c(c2ccc(O)cc2)n(Cc3ccc(OCCN4CCCCC4)cc3)c5ccccc15,c1ccc(-c2cc3ccccc3n2Cc2ccc(OCCN3CCCCC3)cc2)cc1,33
Cc1c(-c2ccc(O)cc2)n(Cc2ccc(OCCN3CCCCC3C)cc2)c2ccc(O)cc12,1.0,CC1CCCCN1CCOc2ccc(Cn3c(c(C)c4cc(O)ccc34)c5ccc(O)cc5)cc2,c1ccc(-c2cc3ccccc3n2Cc2ccc(OCCN3CCCCC3)cc2)cc1,35
Cc1c(-c2ccc(O)cc2)n(Cc2ccc(OCCN3CCCCCC3)cc2)c2ccc(O)cc12,1.0,Cc1c(c2ccc(O)cc2)n(Cc3ccc(OCCN4CCCCCC4)cc3)c5ccc(O)cc15,c1ccc(-c2cc3ccccc3n2Cc2ccc(OCCN3CCCCCC3)cc2)cc1,35
Cc1c(-c2ccc(O)cc2)n(Cc2ccc(OCCN3CCCCCCC3)cc2)c2ccc(O)cc12,1.0,Cc1c(c2ccc(O)cc2)n(Cc3ccc(OCCN4CCCCCCC4)cc3)c5ccc(O)cc15,c1ccc(-c2cc3ccccc3n2Cc2ccc(OCCN3CCCCCCC3)cc2)cc1,36
Cc1c(-c2ccc(O)cc2)n(Cc2ccc(OCCN3CC[C@@H](C)C3)cc2)c2ccc(O)cc12,1.0,C[C@@H]1CCN(CCOc2ccc(Cn3c(c(C)c4cc(O)ccc34)c5ccc(O)cc5)cc2)C1,c1ccc(-c2cc3ccccc3n2Cc2ccc(OCCN3CCCC3)cc2)cc1,34
Cc1c(-c2ccc(O)cc2)n(Cc2ccc(OCCN3[C@H](C)CCC[C@@H]3C)cc2)c2ccc(O)cc12,1.0,C[C@@H]1CCC[C@H](C)N1CCOc2ccc(Cn3c(c(C)c4cc(O)ccc34)c5ccc(O)cc5)cc2,c1ccc(-c2cc3ccccc3n2Cc2ccc(OCCN3CCCCC3)cc2)cc1,36
Cc1c(-c2ccc(O)cc2)n(Cc2ccc(OCC[N+](C)(C)C)cc2)c2ccc(O)cc12,1.0,Cc1c(c2ccc(O)cc2)n(Cc3ccc(OCC[N+](C)(C)C)cc3)c4ccc(O)cc14,c1ccc(Cn2c(-c3ccccc3)cc3ccccc32)cc1,32
Cc1c(-c2ccc(O)cc2)n(Cc2ccc(OC[C@H](C)N3CCCC3)cc2)c2ccc(O)cc12,1.0,C[C@@H](COc1ccc(Cn2c(c(C)c3cc(O)ccc23)c4ccc(O)cc4)cc1)N5CCCC5,c1ccc(-c2cc3ccccc3n2Cc2ccc(OCCN3CCCC3)cc2)cc1,34
Cc1c(-c2ccc(O)cc2)oc(-c2ccc(O)cc2)c1-c1ccc(OCCN2CCCCC2)cc1,1.0,Cc1c(oc(c2ccc(O)cc2)c1c3ccc(OCCN4CCCCC4)cc3)c5ccc(O)cc5,c1ccc(-c2cc(-c3ccc(OCCN4CCCCC4)cc3)c(-c3ccccc3)o2)cc1,35
Cc1c(-c2ccc(OC(C)C)cc2)n(Cc2ccc(OC3C=CC=C3)cc2)c2ccc(O)cc12,1.0,CC(C)Oc1ccc(cc1)c2c(C)c3cc(O)ccc3n2Cc4ccc(OC5C=CC=C5)cc4,C1=CC(Oc2ccc(Cn3c(-c4ccccc4)cc4ccccc43)cc2)C=C1,34
Cc1c(-c2ccc(OC(C)C)cc2)n(Cc2ccc(OCCN3CCCCC3)cc2)c2ccc(O)cc12,1.0,CC(C)Oc1ccc(cc1)c2c(C)c3cc(O)ccc3n2Cc4ccc(OCCN5CCCCC5)cc4,c1ccc(-c2cc3ccccc3n2Cc2ccc(OCCN3CCCCC3)cc2)cc1,37
Cc1c(-c2ccc(OC(C)C)cc2)n(Cc2ccc(OCCN3CCCCCC3)cc2)c2ccc(O)cc12,1.0,CC(C)Oc1ccc(cc1)c2c(C)c3cc(O)ccc3n2Cc4ccc(OCCN5CCCCCC5)cc4,c1ccc(-c2cc3ccccc3n2Cc2ccc(OCCN3CCCCCC3)cc2)cc1,38
Cc1c(-c2ccc(OC(F)(F)F)cc2)n(Cc2ccc(OCCN3CCCCC3)cc2)c2ccc(O)cc12,1.0,Cc1c(c2ccc(OC(F)(F)F)cc2)n(Cc3ccc(OCCN4CCCCC4)cc3)c5ccc(O)cc15,c1ccc(-c2cc3ccccc3n2Cc2ccc(OCCN3CCCCC3)cc2)cc1,38
Cc1c(-c2ccc3c(c2)OCO3)n(Cc2ccc(OCCN3CCCCC3)cc2)c2ccc(O)cc12,1.0,Cc1c(c2ccc3OCOc3c2)n(Cc4ccc(OCCN5CCCCC5)cc4)c6ccc(O)cc16,c1ccc2c(c1)cc(-c1ccc3c(c1)OCO3)n2Cc1ccc(OCCN2CCCCC2)cc1,36
Cc1c(-c2cccc(O)c2)n(Cc2ccc(OCCN3CCCCC3)cc2)c2ccc(O)cc12,1.0,Cc1c(c2cccc(O)c2)n(Cc3ccc(OCCN4CCCCC4)cc3)c5ccc(O)cc15,c1ccc(-c2cc3ccccc3n2Cc2ccc(OCCN3CCCCC3)cc2)cc1,34
Cc1c(-c2cccc(O)c2)n(Cc2ccc(OCCN3CCCCCC3)cc2)c2ccc(O)cc12,1.0,Cc1c(c2cccc(O)c2)n(Cc3ccc(OCCN4CCCCCC4)cc3)c5ccc(O)cc15,c1ccc(-c2cc3ccccc3n2Cc2ccc(OCCN3CCCCCC3)cc2)cc1,35
Cc1c(-c2ccccc2)n(Cc2ccc(OCCN3CCCCC3)cc2)c2ccc(O)cc12,1.0,Cc1c(c2ccccc2)n(Cc3ccc(OCCN4CCCCC4)cc3)c5ccc(O)cc15,c1ccc(-c2cc3ccccc3n2Cc2ccc(OCCN3CCCCC3)cc2)cc1,33
Cc1c(/C=N/n2cnnc2)c2ccccc2n1CCOc1ccc(Cl)cc1,0.0,Cc1c(\C=N\n2cnnc2)c3ccccc3n1CCOc4ccc(Cl)cc4,C(=Nn1cnnc1)c1cn(CCOc2ccccc2)c2ccccc12,27
Cc1c(Br)cc(C(=O)NCc2ccco2)c(C)c1C,0.0,Cc1c(C)c(Br)cc(C(=O)NCc2occc2)c1C,O=C(NCc1ccco1)c1ccccc1,19
Cc1c(C(=O)OCC2CCCO2)[nH]c2c1C(=O)CC(c1ccco1)C2,0.0,Cc1c([nH]c2CC(CC(=O)c12)c3occc3)C(=O)OCC4CCCO4,O=C(OCC1CCCO1)c1cc2c([nH]1)CC(c1ccco1)CC2=O,25
Cc1c(C(=O)OCc2ccccc2)[nH]c2c1C(=O)CC(c1ccco1)C2,0.0,Cc1c([nH]c2CC(CC(=O)c12)c3occc3)C(=O)OCc4ccccc4,O=C(OCc1ccccc1)c1cc2c([nH]1)CC(c1ccco1)CC2=O,26
Cc1c(F)cccc1C(=O)N(c1ccc(O)cc1)c1ccc(O)cc1,1.0,Cc1c(F)cccc1C(=O)N(c2ccc(O)cc2)c3ccc(O)cc3,O=C(c1ccccc1)N(c1ccccc1)c1ccccc1,25
Cc1c(O)c(C)c2occ(-c3ccc(O)cc3)c(=O)c2c1O,0.0,Cc1c(O)c(C)c2OC=C(C(=O)c2c1O)c3ccc(O)cc3,O=c1c(-c2ccccc2)coc2ccccc12,22
Cc1c(O)cc(O)c2c(=O)n(-c3ccc(O)cc3)cnc12,0.0,Cc1c(O)cc(O)c2C(=O)N(C=Nc12)c3ccc(O)cc3,O=c1c2ccccc2ncn1-c1ccccc1,21
Cc1c(O)cc(O)c2c1O[C@H](c1ccc(O)cc1)CC2=O,0.0,Cc1c(O)cc(O)c2C(=O)C[C@H](Oc12)c3ccc(O)cc3,O=C1CC(c2ccccc2)Oc2ccccc21,21
Cc1c(O)ccc2c(Cc3ccc(/C=C/C(=O)O)cc3)c(-c3ccc(OC(F)(F)F)cc3)c(=O)oc12,0.0,Cc1c(O)ccc2C(=C(C(=O)Oc12)c3ccc(OC(F)(F)F)cc3)Cc4ccc(\C=C\C(=O)O)cc4,O=c1oc2ccccc2c(Cc2ccccc2)c1-c1ccccc1,36
Cc1c(O)ccc2c1CCN(CC(C)C)[C@@H]2c1ccc(/C=C/C(=O)O)cc1,1.0,CC(C)CN1CCc2c(C)c(O)ccc2[C@H]1c3ccc(\C=C\C(=O)O)cc3,c1ccc(C2NCCc3ccccc32)cc1,27
Cc1c(O)ccc2c1COc1c-2ccc(O)c1C,0.0,Cc1c(O)ccc2c1COc3c(C)c(O)ccc23,c1ccc2c(c1)COc1ccccc1-2,18
Cc1c(O)ccc2c1O[C@H](c1ccc(OCCN3CCCCC3)cc1)[C@H](c1ccc(O)cc1)S2,1.0,Cc1c(O)ccc2S[C@H]([C@H](Oc12)c3ccc(OCCN4CCCCC4)cc3)c5ccc(O)cc5,c1ccc(C2Sc3ccccc3OC2c2ccc(OCCN3CCCCC3)cc2)cc1,34
Cc1c(O)ccc2c1oc(=O)c1c(C)c(N)ccc12,0.0,Cc1c(O)ccc2c1OC(=O)c3c(C)c(N)ccc23,O=c1oc2ccccc2c2ccccc12,19
Cc1c(O)ccc2c1oc(=O)c1c(C)c(NC=O)ccc12,0.0,Cc1c(O)ccc2c1OC(=O)c3c(C)c(NC=O)ccc23,O=c1oc2ccccc2c2ccccc12,21
Cc1c(O)ccc2c1oc(=O)c1c(C)c(NS(C)(=O)=O)ccc12,0.0,Cc1c(O)ccc2c1OC(=O)c3c(C)c(NS(=O)(=O)C)ccc23,O=c1oc2ccccc2c2ccccc12,23
Cc1c(O)ccc2c1oc(=O)c1c(C)c(O)ccc12,1.0,Cc1c(O)ccc2c1OC(=O)c3c(C)c(O)ccc23,O=c1oc2ccccc2c2ccccc12,19
Cc1c(O)ccc2c1oc(=O)c1c(C)ccc(C)c12,0.0,Cc1ccc(C)c2c3ccc(O)c(C)c3OC(=O)c12,O=c1oc2ccccc2c2ccccc12,19
Cc1c(O)ccc2c1oc(=O)c1c(C)cccc12,0.0,Cc1cccc2c3ccc(O)c(C)c3OC(=O)c12,O=c1oc2ccccc2c2ccccc12,18
Cc1c(O)ccc2c1oc(=O)c1cc(Br)ccc12,0.0,Cc1c(O)ccc2c1OC(=O)c3cc(Br)ccc23,O=c1oc2ccccc2c2ccccc12,18
Cc1c(O)ccc2c1oc(=O)c1cccc(C)c12,0.0,Cc1cccc2C(=O)Oc3c(C)c(O)ccc3c12,O=c1oc2ccccc2c2ccccc12,18
Cc1c(O)ccc2c1oc(=O)c1ccccc12,0.0,Cc1c(O)ccc2c1OC(=O)c3ccccc23,O=c1oc2ccccc2c2ccccc12,17
Cc1c([C@H](C)NC(=O)Cc2c(-c3ccccc3)[nH]c3ccccc23)n(Cc2ccc(OCCN3CCCCC3)cc2)c2ccc(O)cc12,1.0,C[C@H](NC(=O)Cc1c([nH]c2ccccc12)c3ccccc3)c4c(C)c5cc(O)ccc5n4Cc6ccc(OCCN7CCCCC7)cc6,O=C(Cc1c(-c2ccccc2)[nH]c2ccccc12)NCc1cc2ccccc2n1Cc1ccc(OCCN2CCCCC2)cc1,48
Cc1c([C@H](C)NC(=O)Cc2c(-c3ccccc3)[nH]c3ccccc23)n(Cc2ccc(OCCN3CC[C@H](C)C3)cc2)c2ccc(O)cc12,1.0,C[C@H](NC(=O)Cc1c([nH]c2ccccc12)c3ccccc3)c4c(C)c5cc(O)ccc5n4Cc6ccc(OCCN7CC[C@H](C)C7)cc6,O=C(Cc1c(-c2ccccc2)[nH]c2ccccc12)NCc1cc2ccccc2n1Cc1ccc(OCCN2CCCC2)cc1,48
Cc1cc(-c2cc(-c3ccccc3)cc(N(C)CCc3ccccn3)n2)ccc1O,0.0,CN(CCc1ccccn1)c2cc(cc(n2)c3ccc(O)c(C)c3)c4ccccc4,c1ccc(-c2cc(NCCc3ccccn3)nc(-c3ccccc3)c2)cc1,30
Cc1cc(-c2cc(-c3ccccc3)cc(N3CCC(Cc4ccccc4)CC3)n2)ccc1O,1.0,Cc1cc(ccc1O)c2cc(cc(n2)N3CCC(Cc4ccccc4)CC3)c5ccccc5,c1ccc(CC2CCN(c3cc(-c4ccccc4)cc(-c4ccccc4)n3)CC2)cc1,33
Cc1cc(-c2cc3c(O)cc(O)cc3s2)ccc1O,0.0,Cc1cc(ccc1O)c2cc3c(O)cc(O)cc3s2,c1ccc(-c2cc3ccccc3s2)cc1,19
Cc1cc(-c2cc3ccc(O)cc3s2)ccc1O,1.0,Cc1cc(ccc1O)c2cc3ccc(O)cc3s2,c1ccc(-c2cc3ccccc3s2)cc1,18
Cc1cc(-c2ccc(O)cc2Cl)sc1-c1ccc(O)cc1Cl,1.0,Cc1cc(sc1c2ccc(O)cc2Cl)c3ccc(O)cc3Cl,c1ccc(-c2ccc(-c3ccccc3)s2)cc1,22
Cc1cc(-c2nn3c(-c4ccccc4)nnc3s2)c2ccccc2n1,0.0,Cc1cc(c2nn3c(nnc3s2)c4ccccc4)c5ccccc5n1,c1ccc(-c2nnc3sc(-c4ccnc5ccccc45)nn23)cc1,25
Cc1cc(-c2nnc3sc(-c4ccc(Cl)cc4Cl)nn23)[nH]n1,0.0,Cc1cc([nH]n1)c2nnc3sc(nn23)c4ccc(Cl)cc4Cl,c1ccc(-c2nn3c(-c4ccn[nH]4)nnc3s2)cc1,22
Cc1cc(-c2noc3cc(O)ccc23)c(O)cc1O,1.0,Cc1cc(c(O)cc1O)c2noc3cc(O)ccc23,c1ccc(-c2noc3ccccc23)cc1,19
Cc1cc(-n2cnc3cc(O)cc(O)c3c2=O)ccc1O,0.0,Cc1cc(ccc1O)N2C=Nc3cc(O)cc(O)c3C2=O,O=c1c2ccccc2ncn1-c1ccccc1,21
Cc1cc(-n2cnc3cc(O)cc(O)c3c2=S)ccc1O,0.0,Cc1cc(ccc1O)N2C=Nc3cc(O)cc(O)c3C2=S,S=c1c2ccccc2ncn1-c1ccccc1,21
Cc1cc(/C=C2/C(=O)NC(=O)N(c3ccccc3)C2=O)c(C)n1-c1ccc(F)cc1,0.0,Cc1cc(\C=C/2\C(=O)NC(=O)N(C2=O)c3ccccc3)c(C)n1c4ccc(F)cc4,O=C1NC(=O)N(c2ccccc2)C(=O)C1=Cc1ccn(-c2ccccc2)c1,30
Cc1cc(=O)oc2c(CN3CCC(C)CC3)c(O)c(Cl)cc12,0.0,CC1CCN(Cc2c(O)c(Cl)cc3C(=CC(=O)Oc23)C)CC1,O=c1ccc2cccc(CN3CCCCC3)c2o1,22
Cc1cc(Br)c2c(c1)c(=O)oc1c(C)c(O)ccc12,0.0,Cc1cc(Br)c2c(c1)C(=O)Oc3c(C)c(O)ccc23,O=c1oc2ccccc2c2ccccc12,19
Cc1cc(C(=O)CSc2nnc(-c3ccccc3F)o2)c(C)n1Cc1cccs1,0.0,Cc1cc(C(=O)CSc2oc(nn2)c3ccccc3F)c(C)n1Cc4cccs4,O=C(CSc1nnc(-c2ccccc2)o1)c1ccn(Cc2cccs2)c1,29
Cc1cc(C(=O)O)ccc1-n1c(C)ccc1C,0.0,Cc1cc(ccc1n2c(C)ccc2C)C(=O)O,c1ccc(-n2cccc2)cc1,17
Cc1cc(C(=O)OCC(=O)c2ccc(Br)s2)no1,0.0,Cc1onc(c1)C(=O)OCC(=O)c2ccc(Br)s2,O=C(OCC(=O)c1cccs1)c1ccon1,18
Cc1cc(C)c(NC(=O)CSc2nc3ccc(NC(=O)CSc4nnnn4Cc4ccccc4)cc3s2)c(C)c1,0.0,Cc1cc(C)c(NC(=O)CSc2nc3ccc(NC(=O)CSc4nnnn4Cc5ccccc5)cc3s2)c(C)c1,O=C(CSc1nc2ccc(NC(=O)CSc3nnnn3Cc3ccccc3)cc2s1)Nc1ccccc1,40
Cc1cc(C)c(S(=O)(=O)/N=C2\C=CC(=O)C(Cl)=C2)c(C)c1,0.0,Cc1cc(C)c(c(C)c1)S(=O)(=O)\N=C\2/C=CC(=O)C(=C2)Cl,O=C1C=CC(=NS(=O)(=O)c2ccccc2)C=C1,21
Cc1cc(C)c(S(=O)(=O)N[C@@H](C)CNc2cccc3c2cnn3-c2ccc(F)cc2)c(C)c1,0.0,C[C@@H](CNc1cccc2c1cnn2c3ccc(F)cc3)NS(=O)(=O)c4c(C)cc(C)cc4C,O=S(=O)(NCCNc1cccc2c1cnn2-c1ccccc1)c1ccccc1,33
Cc1cc(C)c2c(c1)c(=O)oc1c(C)c(O)ccc12,0.0,Cc1cc(C)c2c(c1)C(=O)Oc3c(C)c(O)ccc23,O=c1oc2ccccc2c2ccccc12,19
Cc1cc(C)c2nc(-c3ccccn3)cc(C(=O)NCc3ccco3)c2c1,0.0,Cc1cc(C)c2nc(cc(C(=O)NCc3occc3)c2c1)c4ccccn4,O=C(NCc1ccco1)c1cc(-c2ccccn2)nc2ccccc12,27
Cc1cc(C)cc(OCc2nc3cc(Br)c[nH]c-3n2)c1,0.0,Cl.Cc1cc(C)cc(OCc2nc3cc(Br)c[nH]c3n2)c1,c1ccc(OCc2nc3ccc[nH]c-3n2)cc1,20
Cc1cc(C)n(CC(O)COc2ccccc2)n1,0.0,Cc1cc(C)n(CC(O)COc2ccccc2)n1,c1ccc(OCCCn2cccn2)cc1,18
Cc1cc(C)n2nc(SCc3cc(=O)oc4cc(O)ccc34)nc2n1,0.0,Cc1cc(C)n2nc(SCC3=CC(=O)Oc4cc(O)ccc34)nc2n1,O=c1cc(CSc2nc3ncccn3n2)c2ccccc2o1,25
Cc1cc(C)nc(N2CCN(c3ccc(C(=O)c4c(-c5ccc(O)cc5)sc5cc(O)ccc45)cc3)CC2)n1,1.0,Cc1cc(C)nc(n1)N2CCN(CC2)c3ccc(cc3)C(=O)c4c(sc5cc(O)ccc45)c6ccc(O)cc6,O=C(c1ccc(N2CCN(c3ncccn3)CC2)cc1)c1c(-c2ccccc2)sc2ccccc12,39
Cc1cc(C)nc(NC(=O)CSc2nn(C)c(=S)s2)n1,0.0,CN1N=C(SCC(=O)Nc2nc(C)cc(C)n2)SC1=S,O=C(CSc1n[nH]c(=S)s1)Nc1ncccn1,20
Cc1cc(C2(c3ccc(O)c(C)c3)CCCC2)ccc1O,1.0,Cc1cc(ccc1O)C2(CCCC2)c3ccc(O)c(C)c3,c1ccc(C2(c3ccccc3)CCCC2)cc1,21
Cc1cc(C2=C(c3ccc(O)c(C)c3)[C@H]3[C@@H](S(=O)(=O)Oc4ccccc4)C[C@@H]2S3=O)ccc1O,1.0,Cc1cc(ccc1O)C2=C([C@H]3[C@H](C[C@@H]2S3=O)S(=O)(=O)Oc4ccccc4)c5ccc(O)c(C)c5,O=S1C2CC(S(=O)(=O)Oc3ccccc3)C1C(c1ccccc1)=C2c1ccccc1,34
Cc1cc(Cl)c(S(=O)(=O)Nc2ccc3c(c2)OCO3)cc1OCC(N)=O,0.0,Cc1cc(Cl)c(cc1OCC(=O)N)S(=O)(=O)Nc2ccc3OCOc3c2,O=S(=O)(Nc1ccc2c(c1)OCO2)c1ccccc1,26
Cc1cc(Cl)cc(C)c1OCCCCN1CCOCC1,0.0,Cc1cc(Cl)cc(C)c1OCCCCN2CCOCC2,c1ccc(OCCCCN2CCOCC2)cc1,20
Cc1cc(Cl)ccc1-c1c(Cc2ccc(/C=C/C(=O)O)cc2)c2ccc(O)cc2oc1=O,1.0,Cc1cc(Cl)ccc1C2=C(Cc3ccc(\C=C\C(=O)O)cc3)c4ccc(O)cc4OC2=O,O=c1oc2ccccc2c(Cc2ccccc2)c1-c1ccccc1,32
Cc1cc(Cl)ccc1OCC(=O)OC(C)C(=O)N(C)C,0.0,CC(OC(=O)COc1ccc(Cl)cc1C)C(=O)N(C)C,c1ccccc1,20
Cc1cc(F)ccc1-c1c(-c2ccc(/C=C/C(=O)O)cc2)c2ccc(O)cc2oc1=O,1.0,Cc1cc(F)ccc1C2=C(c3ccc(\C=C\C(=O)O)cc3)c4ccc(O)cc4OC2=O,O=c1oc2ccccc2c(-c2ccccc2)c1-c1ccccc1,31
Cc1cc(F)ccc1-c1c(Cc2ccc(/C=C/C(=O)O)cc2)c2c(F)cc(O)cc2oc1=O,1.0,Cc1cc(F)ccc1C2=C(Cc3ccc(\C=C\C(=O)O)cc3)c4c(F)cc(O)cc4OC2=O,O=c1oc2ccccc2c(Cc2ccccc2)c1-c1ccccc1,33
Cc1cc(F)ccc1-c1c(Cc2ccc(/C=C/C(=O)O)cc2)c2ccc(C(F)F)cc2oc1=O,0.0,Cc1cc(F)ccc1C2=C(Cc3ccc(\C=C\C(=O)O)cc3)c4ccc(cc4OC2=O)C(F)F,O=c1oc2ccccc2c(Cc2ccccc2)c1-c1ccccc1,34
Cc1cc(F)ccc1-c1c(Cc2ccc(/C=C/C(=O)O)cc2)c2ccc(CO)cc2oc1=O,1.0,Cc1cc(F)ccc1C2=C(Cc3ccc(\C=C\C(=O)O)cc3)c4ccc(CO)cc4OC2=O,O=c1oc2ccccc2c(Cc2ccccc2)c1-c1ccccc1,33
Cc1cc(F)ccc1-c1c(Cc2ccc(/C=C/C(=O)O)cc2)c2ccc(O)cc2oc1=O,1.0,Cc1cc(F)ccc1C2=C(Cc3ccc(\C=C\C(=O)O)cc3)c4ccc(O)cc4OC2=O,O=c1oc2ccccc2c(Cc2ccccc2)c1-c1ccccc1,32
Cc1cc(F)ccc1-c1c(N(C)c2ccc(/C=C/C(=O)O)cc2)c2ccc(O)cc2oc1=O,1.0,CN(C1=C(C(=O)Oc2cc(O)ccc12)c3ccc(F)cc3C)c4ccc(\C=C\C(=O)O)cc4,O=c1oc2ccccc2c(Nc2ccccc2)c1-c1ccccc1,33
Cc1cc(F)ccc1-c1c(Nc2ccc(/C=C/C(=O)O)cc2)c2ccc(O)cc2oc1=O,1.0,Cc1cc(F)ccc1C2=C(Nc3ccc(\C=C\C(=O)O)cc3)c4ccc(O)cc4OC2=O,O=c1oc2ccccc2c(Nc2ccccc2)c1-c1ccccc1,32
Cc1cc(F)ccc1-c1c(Oc2ccc(/C=C/C(=O)O)cc2)c2cc(F)c(O)cc2oc1=O,1.0,Cc1cc(F)ccc1C2=C(Oc3ccc(\C=C\C(=O)O)cc3)c4cc(F)c(O)cc4OC2=O,O=c1oc2ccccc2c(Oc2ccccc2)c1-c1ccccc1,33
Cc1cc(F)ccc1-c1c(Oc2ccc(/C=C/C(=O)O)cc2)c2ccc(O)c(F)c2oc1=O,1.0,Cc1cc(F)ccc1C2=C(Oc3ccc(\C=C\C(=O)O)cc3)c4ccc(O)c(F)c4OC2=O,O=c1oc2ccccc2c(Oc2ccccc2)c1-c1ccccc1,33
Cc1cc(F)ccc1-c1c(Oc2ccc(/C=C/C(=O)O)cc2)c2ccc(O)cc2oc1=O,1.0,Cc1cc(F)ccc1C2=C(Oc3ccc(\C=C\C(=O)O)cc3)c4ccc(O)cc4OC2=O,O=c1oc2ccccc2c(Oc2ccccc2)c1-c1ccccc1,32
Cc1cc(F)ccc1-c1c(Oc2ccc(/C=C/C(=O)O)cc2)c2ccccc2oc1=O,1.0,Cc1cc(F)ccc1C2=C(Oc3ccc(\C=C\C(=O)O)cc3)c4ccccc4OC2=O,O=c1oc2ccccc2c(Oc2ccccc2)c1-c1ccccc1,31
Cc1cc(NC(=O)CSc2cn(CCNC(=O)c3ccc(Cl)cc3)c3ccccc23)no1,0.0,Cc1onc(NC(=O)CSc2cn(CCNC(=O)c3ccc(Cl)cc3)c4ccccc24)c1,O=C(CSc1cn(CCNC(=O)c2ccccc2)c2ccccc12)Nc1ccon1,32
Cc1cc(NC(=O)CSc2nc3c(c(=O)n2CCc2ccccc2)SC(C)C3)no1,0.0,CC1CC2=C(S1)C(=O)N(CCc3ccccc3)C(=N2)SCC(=O)Nc4cc(C)on4,O=C(CSc1nc2c(c(=O)n1CCc1ccccc1)SCC2)Nc1ccon1,30
Cc1cc(O)c(Cl)c2c(=O)oc3c(Cl)c(O)ccc3c12,0.0,Cc1cc(O)c(Cl)c2C(=O)Oc3c(Cl)c(O)ccc3c12,O=c1oc2ccccc2c2ccccc12,20
Cc1cc(O)c2c(c1)C(=O)c1cc(O)cc(O)c1C2=O,0.0,Cc1cc(O)c2C(=O)c3c(O)cc(O)cc3C(=O)c2c1,O=C1c2ccccc2C(=O)c2ccccc21,20
Cc1cc(O)c2c(c1)C(=O)c1cc(O)cc(O[C@@H]3O[C@H](CO)[C@@H](O)[C@H](O)[C@H]3O)c1C2=O,0.0,Cc1cc(O)c2C(=O)c3c(O[C@@H]4O[C@H](CO)[C@@H](O)[C@H](O)[C@H]4O)cc(O)cc3C(=O)c2c1,O=C1c2ccccc2C(=O)c2c(OC3CCCCO3)cccc21,31
Cc1cc(O)c2cccc(-c3nc4ccc(O)cc4o3)c2c1,1.0,Cc1cc(O)c2cccc(c3oc4cc(O)ccc4n3)c2c1,c1ccc2c(-c3nc4ccccc4o3)cccc2c1,22
Cc1cc(O)cc2c1C(=O)[C@@H](c1ccc(O)cc1)[C@@H](c1ccc(OCCN3CCCCC3)cc1)O2,1.0,Cc1cc(O)cc2O[C@@H]([C@@H](C(=O)c12)c3ccc(O)cc3)c4ccc(OCCN5CCCCC5)cc4,O=C1c2ccccc2OC(c2ccc(OCCN3CCCCC3)cc2)C1c1ccccc1,35
Cc1cc(O)cc2c1N=C(c1ccc(O)c(Br)c1)C(C)O2,1.0,CC1Oc2cc(O)cc(C)c2N=C1c3ccc(O)c(Br)c3,c1ccc(C2=Nc3ccccc3OC2)cc1,21
Cc1cc(O)cc2c1O[C@@H](c1ccc(O)cc1)[C@H]1CCC[C@@H]21,1.0,Cc1cc(O)cc2[C@@H]3CCC[C@@H]3[C@@H](Oc12)c4ccc(O)cc4,c1ccc(C2Oc3ccccc3C3CCCC32)cc1,22
Cc1cc(O)cc2c1O[C@H](c1ccc(OCCN3CCCCC3)cc1)[C@H](c1ccc(O)cc1)S2,1.0,Cc1cc(O)cc2S[C@H]([C@H](Oc12)c3ccc(OCCN4CCCCC4)cc3)c5ccc(O)cc5,c1ccc(C2Sc3ccccc3OC2c2ccc(OCCN3CCCCC3)cc2)cc1,34
Cc1cc(O)cc2c1S[C@@H](c1ccc(O)cc1)[C@@H](c1ccc(OCCN3CCCCC3)cc1)O2,1.0,Cc1cc(O)cc2O[C@@H]([C@@H](Sc12)c3ccc(O)cc3)c4ccc(OCCN5CCCCC5)cc4,c1ccc(C2Sc3ccccc3OC2c2ccc(OCCN3CCCCC3)cc2)cc1,34
Cc1cc(O)cc2cc(-c3ccc(O)c(F)c3)oc12,1.0,Cc1cc(O)cc2cc(oc12)c3ccc(O)c(F)c3,c1ccc(-c2cc3ccccc3o2)cc1,19
Cc1cc(O)cc2cc(-c3ccc(O)cc3)oc12,1.0,Cc1cc(O)cc2cc(oc12)c3ccc(O)cc3,c1ccc(-c2cc3ccccc3o2)cc1,18
Cc1cc(O)cc2ncn(-c3ccc(O)cc3)c(=O)c12,0.0,Cc1cc(O)cc2N=CN(C(=O)c12)c3ccc(O)cc3,O=c1c2ccccc2ncn1-c1ccccc1,20
Cc1cc(O)ccc1-c1c(Cl)c2cc(O)ccc2n1Cc1ccc(OCCN2CCCCC2)cc1,1.0,Cc1cc(O)ccc1c2c(Cl)c3cc(O)ccc3n2Cc4ccc(OCCN5CCCCC5)cc4,c1ccc(-c2cc3ccccc3n2Cc2ccc(OCCN3CCCCC3)cc2)cc1,35
Cc1cc(O)ccc1-c1cc2ccc(O)cc2s1,1.0,Cc1cc(O)ccc1c2cc3ccc(O)cc3s2,c1ccc(-c2cc3ccccc3s2)cc1,18
Cc1cc(O)ccc1-c1ccc(-c2ccc(O)cc2C)o1,0.0,Cc1cc(O)ccc1c2oc(cc2)c3ccc(O)cc3C,c1ccc(-c2ccc(-c3ccccc3)o2)cc1,21
Cc1cc(O)ccc1-c1ccc2c(Cl)c(O)ccc2c1,1.0,Cc1cc(O)ccc1c2ccc3c(Cl)c(O)ccc3c2,c1ccc(-c2ccc3ccccc3c2)cc1,20
Cc1cc(O)ccc1-c1ccc2cc(O)ccc2c1,1.0,Cc1cc(O)ccc1c2ccc3cc(O)ccc3c2,c1ccc(-c2ccc3ccccc3c2)cc1,19
Cc1cc(O)ccc1-c1cscc1-c1ccc(O)cc1C,0.0,Cc1cc(O)ccc1c2cscc2c3ccc(O)cc3C,c1ccc(-c2cscc2-c2ccccc2)cc1,21
Cc1cc(O)ccc1-c1nc2cc(O)cc(Br)c2o1,1.0,Cc1cc(O)ccc1c2oc3c(Br)cc(O)cc3n2,c1ccc(-c2nc3ccccc3o2)cc1,19
Cc1cc(O)ccc1-c1nn(C(C)C)c2c(C(F)(F)F)cccc12,1.0,CC(C)n1nc(c2ccc(O)cc2C)c3cccc(c13)C(F)(F)F,c1ccc(-c2n[nH]c3ccccc23)cc1,24
Cc1cc(O)ccc1-n1cnc2cc(O)cc(O)c2c1=O,0.0,Cc1cc(O)ccc1N2C=Nc3cc(O)cc(O)c3C2=O,O=c1c2ccccc2ncn1-c1ccccc1,21
Cc1cc(O)ccc1C(C#N)Cc1ccc(O)cc1,1.0,Cc1cc(O)ccc1C(Cc2ccc(O)cc2)C#N,c1ccc(CCc2ccccc2)cc1,19
Cc1cc(O)ccc1C1=C(c2ccc(O)cc2C)[C@H]2[C@@H](S(=O)(=O)Oc3ccc(Br)cc3)C[C@@H]1S2=O,1.0,Cc1cc(O)ccc1C2=C([C@H]3[C@H](C[C@@H]2S3=O)S(=O)(=O)Oc4ccc(Br)cc4)c5ccc(O)cc5C,O=S1C2CC(S(=O)(=O)Oc3ccccc3)C1C(c1ccccc1)=C2c1ccccc1,35
Cc1cc(O)ccc1C1=C(c2ccc(O)cc2C)[C@H]2[C@@H](S(=O)(=O)Oc3ccc(Cl)cc3)C[C@@H]1S2=O,1.0,Cc1cc(O)ccc1C2=C([C@H]3[C@H](C[C@@H]2S3=O)S(=O)(=O)Oc4ccc(Cl)cc4)c5ccc(O)cc5C,O=S1C2CC(S(=O)(=O)Oc3ccccc3)C1C(c1ccccc1)=C2c1ccccc1,35
Cc1cc(O)ccc1C1=C(c2ccc(O)cc2C)[C@H]2[C@@H](S(=O)(=O)Oc3ccc(O)cc3)C[C@@H]1S2=O,1.0,Cc1cc(O)ccc1C2=C([C@H]3[C@H](C[C@@H]2S3=O)S(=O)(=O)Oc4ccc(O)cc4)c5ccc(O)cc5C,O=S1C2CC(S(=O)(=O)Oc3ccccc3)C1C(c1ccccc1)=C2c1ccccc1,35
Cc1cc(O)ccc1C1=C(c2ccc(O)cc2C)[C@H]2[C@@H](S(=O)(=O)Oc3cccc4ccccc34)C[C@@H]1S2=O,1.0,Cc1cc(O)ccc1C2=C([C@H]3[C@H](C[C@@H]2S3=O)S(=O)(=O)Oc4cccc5ccccc45)c6ccc(O)cc6C,O=S1C2CC(S(=O)(=O)Oc3cccc4ccccc34)C1C(c1ccccc1)=C2c1ccccc1,38
Cc1cc(O)ccc1C1=C(c2ccc(O)cc2C)[C@H]2[C@@H](S(=O)(=O)Oc3ccccc3)C[C@@H]1S2=O,1.0,Cc1cc(O)ccc1C2=C([C@H]3[C@H](C[C@@H]2S3=O)S(=O)(=O)Oc4ccccc4)c5ccc(O)cc5C,O=S1C2CC(S(=O)(=O)Oc3ccccc3)C1C(c1ccccc1)=C2c1ccccc1,34
Cc1cc(O)ccc1C1=C(c2ccc(O)cc2C)[C@H]2[C@@H](S(=O)(=O)Oc3ccccc3Br)C[C@@H]1S2=O,1.0,Cc1cc(O)ccc1C2=C([C@H]3[C@H](C[C@@H]2S3=O)S(=O)(=O)Oc4ccccc4Br)c5ccc(O)cc5C,O=S1C2CC(S(=O)(=O)Oc3ccccc3)C1C(c1ccccc1)=C2c1ccccc1,35
Cc1cc(O)ccc1C1=C(c2ccc(O)cc2C)[C@H]2[C@@H](S(=O)(=O)Oc3ccccc3Cl)C[C@@H]1S2=O,1.0,Cc1cc(O)ccc1C2=C([C@H]3[C@H](C[C@@H]2S3=O)S(=O)(=O)Oc4ccccc4Cl)c5ccc(O)cc5C,O=S1C2CC(S(=O)(=O)Oc3ccccc3)C1C(c1ccccc1)=C2c1ccccc1,35
Cc1cc(O)ccc1C1=C(c2ccc(O)cc2C)[C@H]2[C@@H](S(=O)(=O)Oc3ccccc3F)C[C@@H]1S2=O,1.0,Cc1cc(O)ccc1C2=C([C@H]3[C@H](C[C@@H]2S3=O)S(=O)(=O)Oc4ccccc4F)c5ccc(O)cc5C,O=S1C2CC(S(=O)(=O)Oc3ccccc3)C1C(c1ccccc1)=C2c1ccccc1,35
Cc1cc(O)ccc1C1=C(c2ccc(O)cc2C)[C@H]2[C@H]3C(=O)N(c4ccccc4)C(=O)[C@H]3[C@@H]1[S+]2[O-],1.0,Cc1cc(O)ccc1C2=C([C@H]3[C@@H]4[C@H]([C@@H]2[S+]3[O-])C(=O)N(C4=O)c5ccccc5)c6ccc(O)cc6C,O=C1C2C3[SH+]C(C(c4ccccc4)=C3c3ccccc3)C2C(=O)N1c1ccccc1,35
Cc1cc(O)ccc1CC(C#N)c1ccc(O)cc1,1.0,Cc1cc(O)ccc1CC(C#N)c2ccc(O)cc2,c1ccc(CCc2ccccc2)cc1,19
Cc1cc(OC(F)(F)F)ccc1-c1c(Cc2ccc(/C=C/C(=O)O)cc2)c2ccc(O)cc2oc1=O,1.0,Cc1cc(OC(F)(F)F)ccc1C2=C(Cc3ccc(\C=C\C(=O)O)cc3)c4ccc(O)cc4OC2=O,O=c1oc2ccccc2c(Cc2ccccc2)c1-c1ccccc1,36
Cc1cc(OC(F)(F)F)ccc1-c1c(Oc2ccc(/C=C/C(=O)O)cc2)c2ccc(C(F)F)cc2oc1=O,1.0,Cc1cc(OC(F)(F)F)ccc1C2=C(Oc3ccc(\C=C\C(=O)O)cc3)c4ccc(cc4OC2=O)C(F)F,O=c1oc2ccccc2c(Oc2ccccc2)c1-c1ccccc1,38
Cc1cc(OC(F)(F)F)ccc1-c1c(Oc2ccc(/C=C/C(=O)O)cc2)c2ccc(O)cc2oc1=O,1.0,Cc1cc(OC(F)(F)F)ccc1C2=C(Oc3ccc(\C=C\C(=O)O)cc3)c4ccc(O)cc4OC2=O,O=c1oc2ccccc2c(Oc2ccccc2)c1-c1ccccc1,36
Cc1cc(OC(F)(F)F)ccc1-c1c(Oc2ccc(/C=C/C(=O)O)cc2)c2ccccc2oc1=O,1.0,Cc1cc(OC(F)(F)F)ccc1C2=C(Oc3ccc(\C=C\C(=O)O)cc3)c4ccccc4OC2=O,O=c1oc2ccccc2c(Oc2ccccc2)c1-c1ccccc1,35
Cc1cc(SCC(=O)NC(=O)NCc2ccco2)nc2c(C)cccc12,0.0,Cc1cccc2c(C)cc(SCC(=O)NC(=O)NCc3occc3)nc12,O=C(CSc1ccc2ccccc2n1)NC(=O)NCc1ccco1,26
Cc1cc2c(=O)oc3c(C)c(O)ccc3c2c(C)c1Br,0.0,Cc1cc2C(=O)Oc3c(C)c(O)ccc3c2c(C)c1Br,O=c1oc2ccccc2c2ccccc12,20
Cc1cc2c(C(C)C)c(O)c(O)c(C=O)c2c(O)c1-c1c(C)cc2c(C(C)C)c(O)c(O)c(C=O)c2c1O,0.0,CC(C)c1c(O)c(O)c(C=O)c2c(O)c(c(C)cc12)c3c(C)cc4c(C(C)C)c(O)c(O)c(C=O)c4c3O,c1ccc2cc(-c3ccc4ccccc4c3)ccc2c1,38
Cc1cc2c(Cc3ccc(/C=C/C(=O)O)cc3)c(-c3ccc(OC(F)(F)F)cc3)c(=O)oc2cc1O,1.0,Cc1cc2C(=C(C(=O)Oc2cc1O)c3ccc(OC(F)(F)F)cc3)Cc4ccc(\C=C\C(=O)O)cc4,O=c1oc2ccccc2c(Cc2ccccc2)c1-c1ccccc1,36
Cc1cc2c(cc1Br)c(=O)oc1c(C)c(O)ccc12,0.0,Cc1cc2c(cc1Br)C(=O)Oc3c(C)c(O)ccc23,O=c1oc2ccccc2c2ccccc12,19
Cc1cc2c(cc1O)CCN(CC(C)C)[C@@H]2c1ccc(/C=C/C(=O)O)cc1,1.0,CC(C)CN1CCc2cc(O)c(C)cc2[C@H]1c3ccc(\C=C\C(=O)O)cc3,c1ccc(C2NCCc3ccccc32)cc1,27
Cc1cc2c(cc1O)O[C@H](c1ccc(OCCN3CCCCC3)cc1)[C@H](c1ccc(O)cc1)S2,1.0,Cc1cc2S[C@H]([C@H](Oc2cc1O)c3ccc(OCCN4CCCCC4)cc3)c5ccc(O)cc5,c1ccc(C2Sc3ccccc3OC2c2ccc(OCCN3CCCCC3)cc2)cc1,34
Cc1cc2oc(=O)cc(COC(=O)c3[nH]nc4ccccc34)c2cc1C,0.0,Cc1cc2OC(=O)C=C(COC(=O)c3[nH]nc4ccccc34)c2cc1C,O=C(OCc1cc(=O)oc2ccccc12)c1[nH]nc2ccccc12,26
Cc1ccc(-c2c(C)c3cc(O)ccc3n2Cc2ccc(OCCN3CCCCC3)cc2)cc1,1.0,Cc1ccc(cc1)c2c(C)c3cc(O)ccc3n2Cc4ccc(OCCN5CCCCC5)cc4,c1ccc(-c2cc3ccccc3n2Cc2ccc(OCCN3CCCCC3)cc2)cc1,34
Cc1ccc(-c2cc(C(=O)NCc3ccco3)c3ccccc3n2)o1,0.0,Cc1oc(cc1)c2cc(C(=O)NCc3occc3)c4ccccc4n2,O=C(NCc1ccco1)c1cc(-c2ccco2)nc2ccccc12,25
Cc1ccc(-c2cc3ccc(O)cc3s2)cc1,1.0,Cc1ccc(cc1)c2cc3ccc(O)cc3s2,c1ccc(-c2cc3ccccc3s2)cc1,17
Cc1ccc(-c2csc(NC(=O)c3ccno3)n2)cc1,0.0,Cc1ccc(cc1)c2csc(NC(=O)c3oncc3)n2,O=C(Nc1nc(-c2ccccc2)cs1)c1ccno1,20
Cc1ccc(-c2nn3c(C)nnc3s2)cc1NC(=O)COc1ccc(Cl)cc1,0.0,Cc1ccc(cc1NC(=O)COc2ccc(Cl)cc2)c3nn4c(C)nnc4s3,O=C(COc1ccccc1)Nc1cccc(-c2nn3cnnc3s2)c1,28
Cc1ccc(-c2nn3c(C)nnc3s2)cc1NC(=O)c1ccc(-c2cccc(Cl)c2)o1,0.0,Cc1ccc(cc1NC(=O)c2oc(cc2)c3cccc(Cl)c3)c4nn5c(C)nnc5s4,O=C(Nc1cccc(-c2nn3cnnc3s2)c1)c1ccc(-c2ccccc2)o1,31
Cc1ccc(-c2nnc(-c3ccc(NC(=O)c4ccco4)cc3)o2)cc1,0.0,Cc1ccc(cc1)c2oc(nn2)c3ccc(NC(=O)c4occc4)cc3,O=C(Nc1ccc(-c2nnc(-c3ccccc3)o2)cc1)c1ccco1,26
Cc1ccc(-c2nnc(S)n2/N=C/C=C/c2ccccc2[N+](=O)[O-])cc1,0.0,Cc1ccc(cc1)c2nnc(S)n2\N=C\C=C\c3ccccc3[N+](=O)[O-],C(=Cc1ccccc1)C=Nn1cnnc1-c1ccccc1,26
Cc1ccc(-c2nnc(S)n2/N=C/C=C\c2ccccc2[N+](=O)[O-])cc1,0.0,Cc1ccc(cc1)c2nnc(S)n2\N=C\C=C/c3ccccc3[N+](=O)[O-],C(=Cc1ccccc1)C=Nn1cnnc1-c1ccccc1,26
Cc1ccc(-c2nnc3n2N=C(c2ccc(Br)cc2)CS3)cc1,0.0,Cc1ccc(cc1)c2nnc3SCC(=Nn23)c4ccc(Br)cc4,c1ccc(C2=Nn3c(nnc3-c3ccccc3)SC2)cc1,23
Cc1ccc(-c2nnn(CC(=O)Nc3ccc4nn(-c5ccccc5)nc4c3)n2)o1,0.0,Cc1oc(cc1)c2nnn(CC(=O)Nc3ccc4nn(nc4c3)c5ccccc5)n2,O=C(Cn1nnc(-c2ccco2)n1)Nc1ccc2nn(-c3ccccc3)nc2c1,30
Cc1ccc(-n2c(=O)c(C#N)cc3c(=O)n4cccc(C)c4nc32)cc1,0.0,CC1=CC=CN2C(=O)C3=C(N=C12)N(C(=O)C(=C3)C#N)c4ccc(C)cc4,O=c1ccc2c(=O)n3ccccc3nc2n1-c1ccccc1,26
Cc1ccc(-n2nc(-c3ccc(O)cc3O)c3ccc(O)cc32)cc1,1.0,Cc1ccc(cc1)n2nc(c3ccc(O)cc3O)c4ccc(O)cc24,c1ccc(-c2nn(-c3ccccc3)c3ccccc23)cc1,25
Cc1ccc(-n2nnnc2SCC(=O)Nc2ccc3c(c2)COC3=O)cc1C,0.0,Cc1ccc(cc1C)n2nnnc2SCC(=O)Nc3ccc4C(=O)OCc4c3,O=C(CSc1nnnn1-c1ccccc1)Nc1ccc2c(c1)COC2=O,28
Cc1ccc(-n2nnnc2SCC(=O)Nc2cccc(NC(=O)c3ccco3)c2)cc1C,0.0,Cc1ccc(cc1C)n2nnnc2SCC(=O)Nc3cccc(NC(=O)c4occc4)c3,O=C(CSc1nnnn1-c1ccccc1)Nc1cccc(NC(=O)c2ccco2)c1,32
Cc1ccc(/C(=C(\CCCO)c2ccccc2)c2ccc(OCCN(C)C)cc2)cc1,0.0,Cl.CN(C)CCOc1ccc(cc1)\C(=C(\CCCO)/c2ccccc2)\c3ccc(C)cc3,C(=C(c1ccccc1)c1ccccc1)c1ccccc1,31
Cc1ccc(/C=c2\sc3nc(-c4ccco4)nn3c2=O)o1,0.0,Cc1oc(\C=C\2/Sc3nc(nn3C2=O)c4occc4)cc1,O=c1c(=Cc2ccco2)sc2nc(-c3ccco3)nn12,21
Cc1ccc(/N=C(\c2ccc(O)cc2)c2ccc(O)cc2O)cc1,1.0,Cc1ccc(cc1)\N=C(/c2ccc(O)cc2)\c3ccc(O)cc3O,c1ccc(N=C(c2ccccc2)c2ccccc2)cc1,24
Cc1ccc(C(=O)CC(Nc2ccc([N+](=O)[O-])cc2)c2cccc(F)c2)cc1,0.0,Cc1ccc(cc1)C(=O)CC(Nc2ccc(cc2)[N+](=O)[O-])c3cccc(F)c3,O=C(CC(Nc1ccccc1)c1ccccc1)c1ccccc1,28
Cc1ccc(C(=O)CSC2=C(C#N)C(c3ccco3)CC(=O)N2)c(C)c1,0.0,Cc1ccc(C(=O)CSC2=C(C#N)C(CC(=O)N2)c3occc3)c(C)c1,O=C1CC(c2ccco2)C=C(SCC(=O)c2ccccc2)N1,26
Cc1ccc(C(=O)N/N=C/c2ccc([N+](=O)[O-])s2)cc1,0.0,Cc1ccc(cc1)C(=O)N\N=C\c2ccc(s2)[N+](=O)[O-],O=C(NN=Cc1cccs1)c1ccccc1,20
Cc1ccc(C(=O)N2CCN(c3ccc(C(=O)c4c(-c5ccc(O)cc5)sc5cc(O)ccc45)cc3)CC2)cc1,1.0,Cc1ccc(cc1)C(=O)N2CCN(CC2)c3ccc(cc3)C(=O)c4c(sc5cc(O)ccc45)c6ccc(O)cc6,O=C(c1ccc(N2CCN(C(=O)c3ccccc3)CC2)cc1)c1c(-c2ccccc2)sc2ccccc12,40
Cc1ccc(C(=O)NCC(=O)OCC(=O)c2c(N)n(C)c(=O)n(C)c2=O)s1,0.0,CN1C(=C(C(=O)COC(=O)CNC(=O)c2ccc(C)s2)C(=O)N(C)C1=O)N,O=C(CNC(=O)c1cccs1)OCC(=O)c1c[nH]c(=O)[nH]c1=O,27
Cc1ccc(C(=O)ONc2ccc(N=NC(=O)c3ccccc3O)cc2)cc1,0.0,Cc1ccc(cc1)C(=O)ONc2ccc(cc2)N=NC(=O)c3ccccc3O,O=C(N=Nc1ccc(NOC(=O)c2ccccc2)cc1)c1ccccc1,28
Cc1ccc(C(=O)c2c(-c3ccc(O)cc3)sc3cc(O)ccc23)cc1,1.0,Cc1ccc(cc1)C(=O)c2c(sc3cc(O)ccc23)c4ccc(O)cc4,O=C(c1ccccc1)c1c(-c2ccccc2)sc2ccccc12,26
Cc1ccc(C(C(=O)NC(C)(C)C)N(Cc2cccs2)C(=O)c2csnn2)cc1,0.0,Cc1ccc(cc1)C(N(Cc2cccs2)C(=O)c3csnn3)C(=O)NC(C)(C)C,O=C(c1csnn1)N(Cc1ccccc1)Cc1cccs1,29
Cc1ccc(C)c(SCC(=O)OCC(=O)c2ccco2)c1,0.0,Cc1ccc(C)c(SCC(=O)OCC(=O)c2occc2)c1,O=C(CSc1ccccc1)OCC(=O)c1ccco1,21
Cc1ccc(C)n1-c1cccc(C(=O)O)c1,0.0,Cc1ccc(C)n1c2cccc(c2)C(=O)O,c1ccc(-n2cccc2)cc1,16
Cc1ccc(C2=C(c3ccc(C)cc3)[C@H]3[C@@H](S(=O)(=O)Oc4ccc(O)cc4)C[C@@H]2S3=O)cc1,0.0,Cc1ccc(cc1)C2=C([C@H]3[C@H](C[C@@H]2S3=O)S(=O)(=O)Oc4ccc(O)cc4)c5ccc(C)cc5,O=S1C2CC(S(=O)(=O)Oc3ccccc3)C1C(c1ccccc1)=C2c1ccccc1,33
Cc1ccc(C2=C(c3ccc(O)cc3)Cc3cc(O)ccc32)cc1,1.0,Cc1ccc(cc1)C2=C(Cc3cc(O)ccc23)c4ccc(O)cc4,c1ccc(C2=C(c3ccccc3)c3ccccc3C2)cc1,24
Cc1ccc(CCCN(C)c2nc(NCCc3ccc(O)cc3)nc(N3CCNCC3)n2)cc1,0.0,CN(CCCc1ccc(C)cc1)c2nc(NCCc3ccc(O)cc3)nc(n2)N4CCNCC4,c1ccc(CCCNc2nc(NCCc3ccccc3)nc(N3CCNCC3)n2)cc1,34
Cc1ccc(CN(Cc2cc3cc(C)ccc3nc2O)C(=O)N2CCOCC2)cc1,0.0,Cc1ccc(CN(Cc2cc3cc(C)ccc3nc2O)C(=O)N4CCOCC4)cc1,O=C(N1CCOCC1)N(Cc1ccccc1)Cc1cnc2ccccc2c1,30
Cc1ccc(CNc2nc3ccccc3n3nnnc23)cc1,0.0,Cc1ccc(CNc2nc3ccccc3n4nnnc24)cc1,c1ccc(CNc2nc3ccccc3n3nnnc23)cc1,22
Cc1ccc(Cn2c(NC(=O)c3ccco3)nc3ccccc32)cc1,0.0,Cc1ccc(Cn2c(NC(=O)c3occc3)nc4ccccc24)cc1,O=C(Nc1nc2ccccc2n1Cc1ccccc1)c1ccco1,25
Cc1ccc(F)cc1NC(=O)c1cccc2nccnc12,0.0,Cc1ccc(F)cc1NC(=O)c2cccc3nccnc23,O=C(Nc1ccccc1)c1cccc2nccnc12,21
Cc1ccc(N/C=C2/C(=O)N(c3ccc4c(c3)OCO4)C(=O)c3ccccc32)cc1,0.0,Cc1ccc(N\C=C/2\C(=O)N(C(=O)c3ccccc23)c4ccc5OCOc5c4)cc1,O=C1C(=CNc2ccccc2)c2ccccc2C(=O)N1c1ccc2c(c1)OCO2,30
Cc1ccc(N2CCc3cc(O)ccc3C2(C)c2ccc(OCCN3CCCC3)cc2)cc1,1.0,Cc1ccc(cc1)N2CCc3cc(O)ccc3C2(C)c4ccc(OCCN5CCCC5)cc4,c1ccc(N2CCc3ccccc3C2c2ccc(OCCN3CCCC3)cc2)cc1,33
Cc1ccc(N2CCc3cc(O)ccc3C2(C)c2ccc(OCCN3CCCCC3)cc2)cc1,1.0,Cc1ccc(cc1)N2CCc3cc(O)ccc3C2(C)c4ccc(OCCN5CCCCC5)cc4,c1ccc(N2CCc3ccccc3C2c2ccc(OCCN3CCCCC3)cc2)cc1,34
Cc1ccc(NC(=O)/C(=C/c2cccc([N+](=O)[O-])c2)NC(=O)C2CCCCC2)c(C)c1,0.0,Cc1ccc(NC(=O)\C(=C\c2cccc(c2)[N+](=O)[O-])\NC(=O)C3CCCCC3)c(C)c1,O=C(Nc1ccccc1)C(=Cc1ccccc1)NC(=O)C1CCCCC1,31
Cc1ccc(NC(=O)CN2C(=O)S/C(=C/c3ccc(-c4cc(C(=O)O)ccc4C)o3)C2=O)cc1C,0.0,Cc1ccc(NC(=O)CN2C(=O)S\C(=C\c3oc(cc3)c4cc(ccc4C)C(=O)O)\C2=O)cc1C,O=C(CN1C(=O)SC(=Cc2ccc(-c3ccccc3)o2)C1=O)Nc1ccccc1,35
Cc1ccc(NC(=O)CSc2nnc(-c3cnccn3)n2Cc2ccco2)cc1C,0.0,Cc1ccc(NC(=O)CSc2nnc(c3cnccn3)n2Cc4occc4)cc1C,O=C(CSc1nnc(-c2cnccn2)n1Cc1ccco1)Nc1ccccc1,30
Cc1ccc(NC(=O)CSc2nnc(Cn3c(=O)sc4ccccc43)n2C)cc1Cl,0.0,Cc1ccc(NC(=O)CSc2nnc(CN3C(=O)Sc4ccccc34)n2C)cc1Cl,O=C(CSc1nnc(Cn2c(=O)sc3ccccc32)[nH]1)Nc1ccccc1,30
Cc1ccc(NC(=O)CSc2nnnn2-c2ccc3c(c2)OCO3)cc1C,0.0,Cc1ccc(NC(=O)CSc2nnnn2c3ccc4OCOc4c3)cc1C,O=C(CSc1nnnn1-c1ccc2c(c1)OCO2)Nc1ccccc1,27
Cc1ccc(NC(=O)c2sc3nc4c(c(-c5ccco5)c3c2N)CCC4)cc1,0.0,Cc1ccc(NC(=O)c2sc3nc4CCCc4c(c5occc5)c3c2N)cc1,O=C(Nc1ccccc1)c1cc2c(-c3ccco3)c3c(nc2s1)CCC3,28
Cc1ccc(NS(=O)(=O)c2cccc(C(=O)OCC(=O)NCc3ccco3)c2)cc1,0.0,Cc1ccc(NS(=O)(=O)c2cccc(c2)C(=O)OCC(=O)NCc3occc3)cc1,O=C(COC(=O)c1cccc(S(=O)(=O)Nc2ccccc2)c1)NCc1ccco1,30
Cc1ccc(Nc2nnc(SCC(=O)NCc3ccco3)s2)cc1,0.0,Cc1ccc(Nc2nnc(SCC(=O)NCc3occc3)s2)cc1,O=C(CSc1nnc(Nc2ccccc2)s1)NCc1ccco1,24
Cc1ccc(OCc2ccoc2C(=O)O)cc1C,0.0,Cc1ccc(OCc2ccoc2C(=O)O)cc1C,c1ccc(OCc2ccoc2)cc1,18
Cc1ccc(OS(=O)(=O)C2CC3OC2C(c2ccc(NC(=O)CCCCCCC(=O)NO)cc2)=C3c2ccc(O)cc2)cc1,0.0,Cc1ccc(OS(=O)(=O)C2CC3OC2C(=C3c4ccc(O)cc4)c5ccc(NC(=O)CCCCCCC(=O)NO)cc5)cc1,O=S(=O)(Oc1ccccc1)C1CC2OC1C(c1ccccc1)=C2c1ccccc1,44
Cc1ccc(S(=O)(=O)Cc2ccc(C(=O)N3CCC4(CC3)OCCO4)o2)cc1,0.0,Cc1ccc(cc1)S(=O)(=O)Cc2oc(cc2)C(=O)N3CCC4(CC3)OCCO4,O=C(c1ccc(CS(=O)(=O)c2ccccc2)o1)N1CCC2(CC1)OCCO2,28
Cc1ccc(S(=O)(=O)Cc2ccc(C(=O)NCc3ccc4c(c3)OCO4)o2)cc1,0.0,Cc1ccc(cc1)S(=O)(=O)Cc2oc(cc2)C(=O)NCc3ccc4OCOc4c3,O=C(NCc1ccc2c(c1)OCO2)c1ccc(CS(=O)(=O)c2ccccc2)o1,29
Cc1ccc(S(=O)(=O)Cc2ccc(C(=O)O)o2)cc1,0.0,Cc1ccc(cc1)S(=O)(=O)Cc2oc(cc2)C(=O)O,O=S(=O)(Cc1ccco1)c1ccccc1,19
Cc1ccc(S(=O)(=O)N2CCCCC2)cc1C(=O)Nc1nc[nH]n1,0.0,Cc1ccc(cc1C(=O)Nc2nc[nH]n2)S(=O)(=O)N3CCCCC3,O=C(Nc1nc[nH]n1)c1cccc(S(=O)(=O)N2CCCCC2)c1,24
Cc1ccc(S(=O)(=O)N2CCN(C(=O)CSc3ncc(C(F)(F)F)cc3Cl)CC2)cc1,0.0,Cc1ccc(cc1)S(=O)(=O)N2CCN(CC2)C(=O)CSc3ncc(cc3Cl)C(F)(F)F,O=C(CSc1ccccn1)N1CCN(S(=O)(=O)c2ccccc2)CC1,31
Cc1ccc(S(=O)(=O)N2CCc3cc(O)ccc3C2c2ccc(OCCN3CCCC3)cc2)cc1,1.0,Cc1ccc(cc1)S(=O)(=O)N2CCc3cc(O)ccc3C2c4ccc(OCCN5CCCC5)cc4,O=S(=O)(c1ccccc1)N1CCc2ccccc2C1c1ccc(OCCN2CCCC2)cc1,35
Cc1ccc(S(=O)(=O)N2Cc3ccc([C@]4(O)CC[C@H]5[C@@H]6CCc7cc(O)ccc7[C@H]6CC[C@@]54C)cc3C2)cc1,1.0,Cc1ccc(cc1)S(=O)(=O)N2Cc3ccc(cc3C2)[C@]4(O)CC[C@H]5[C@@H]6CCc7cc(O)ccc7[C@H]6CC[C@]45C,O=S(=O)(c1ccccc1)N1Cc2ccc(C3CCC4C3CCC3c5ccccc5CCC34)cc2C1,39
Cc1ccc(S(=O)(=O)NCCn2c(C)cc3ccccc32)cc1,0.0,Cc1ccc(cc1)S(=O)(=O)NCCn2c(C)cc3ccccc23,O=S(=O)(NCCn1ccc2ccccc21)c1ccccc1,23
Cc1ccc(S(=O)(=O)Oc2ccc3c(C#CCCCCC#C[C@]4(O)CC[C@H]5[C@@H]6CCc7cc(O)ccc7[C@H]6CC[C@@]54C)c(-c4ccc(OCc5ccccc5)cc4)oc3c2)cc1,0.0,Cc1ccc(cc1)S(=O)(=O)Oc2ccc3c(C#CCCCCC#C[C@]4(O)CC[C@H]5[C@@H]6CCc7cc(O)ccc7[C@H]6CC[C@]45C)c(oc3c2)c8ccc(OCc9ccccc9)cc8,O=S(=O)(Oc1ccc2c(C#CCCCCC#CC3CCC4C3CCC3c5ccccc5CCC34)c(-c3ccc(OCc4ccccc4)cc3)oc2c1)c1ccccc1,62
Cc1ccc(S(=O)(=O)c2nc(S(C)(=O)=O)sc2NCC2CCCO2)cc1,0.0,Cc1ccc(cc1)S(=O)(=O)c2nc(sc2NCC3CCCO3)S(=O)(=O)C,O=S(=O)(c1ccccc1)c1ncsc1NCC1CCCO1,26
Cc1ccc2[nH]c(/C(C#N)=C\c3ccc(N4CCCCC4)c([N+](=O)[O-])c3)nc2c1,0.0,Cc1ccc2[nH]c(nc2c1)\C(=C/c3ccc(N4CCCCC4)c(c3)[N+](=O)[O-])\C#N,C(=Cc1nc2ccccc2[nH]1)c1ccc(N2CCCCC2)cc1,29
Cc1ccc2c(C(Nc3ccc(Cl)cc3)c3ccccc3Cl)c(C)[nH]c2c1,0.0,Cc1ccc2c(C(Nc3ccc(Cl)cc3)c4ccccc4Cl)c(C)[nH]c2c1,c1ccc(NC(c2ccccc2)c2c[nH]c3ccccc23)cc1,27
Cc1ccc2c(c1)N(CC(=O)NC1CCCc3ccccc31)C(=O)CO2,0.0,Cc1ccc2OCC(=O)N(CC(=O)NC3CCCc4ccccc34)c2c1,O=C(CN1C(=O)COc2ccccc21)NC1CCCc2ccccc21,26
Cc1ccc2ccc(C3C(=O)c4ccccc4C3=O)nc2c1,0.0,Cc1ccc2ccc(nc2c1)C3C(=O)c4ccccc4C3=O,O=C1c2ccccc2C(=O)C1c1ccc2ccccc2n1,22
Cc1ccc2nc(O)c(-c3nc4ccccn4c3NCc3ccco3)cc2c1,0.0,Cc1ccc2nc(O)c(cc2c1)c3nc4ccccn4c3NCc5occc5,c1coc(CNc2c(-c3cnc4ccccc4c3)nc3ccccn23)c1,28
Cc1ccc2nc(O)c(C3C(C#N)=C(N)Oc4c3ccc3cccnc43)cc2c1,0.0,Cc1ccc2nc(O)c(cc2c1)C3C(=C(N)Oc4c3ccc5cccnc45)C#N,C1=CC(c2cnc3ccccc3c2)c2ccc3cccnc3c2O1,29
Cc1cccc(-c2c(Cc3ccc(/C=C/C(=O)O)cc3)c3ccc(O)cc3oc2=O)c1,1.0,Cc1cccc(c1)C2=C(Cc3ccc(\C=C\C(=O)O)cc3)c4ccc(O)cc4OC2=O,O=c1oc2ccccc2c(Cc2ccccc2)c1-c1ccccc1,31
Cc1cccc(-n2c(SCc3cc(=O)n4ccsc4n3)nc3ccccc32)c1,0.0,Cc1cccc(c1)n2c(SCC3=CC(=O)N4C=CSC4=N3)nc5ccccc25,O=c1cc(CSc2nc3ccccc3n2-c2ccccc2)nc2sccn12,28
Cc1cccc(/N=C(\c2ccc(O)cc2)c2ccc(O)cc2O)c1,1.0,Cc1cccc(c1)\N=C(/c2ccc(O)cc2)\c3ccc(O)cc3O,c1ccc(N=C(c2ccccc2)c2ccccc2)cc1,24
Cc1cccc(C(=O)N(c2ccc(O)cc2)c2ccc(O)cc2)c1C,1.0,Cc1cccc(C(=O)N(c2ccc(O)cc2)c3ccc(O)cc3)c1C,O=C(c1ccccc1)N(c1ccccc1)c1ccccc1,25
Cc1cccc(C(=O)N2CCN(c3ccc(C(=O)c4c(-c5ccc(O)cc5)sc5cc(O)ccc45)cc3)CC2)c1,1.0,Cc1cccc(c1)C(=O)N2CCN(CC2)c3ccc(cc3)C(=O)c4c(sc5cc(O)ccc45)c6ccc(O)cc6,O=C(c1ccc(N2CCN(C(=O)c3ccccc3)CC2)cc1)c1c(-c2ccccc2)sc2ccccc12,40
Cc1cccc(C)c1OS(=O)(=O)C1CC2OC1C(c1ccc(NC(=O)CCCCCCC(=O)O)cc1)=C2c1ccc(O)cc1,0.0,Cc1cccc(C)c1OS(=O)(=O)C2CC3OC2C(=C3c4ccc(O)cc4)c5ccc(NC(=O)CCCCCCC(=O)O)cc5,O=S(=O)(Oc1ccccc1)C1CC2OC1C(c1ccccc1)=C2c1ccccc1,44
Cc1cccc(CN(c2ccc(O)cc2)c2ccc(O)cc2)c1C,1.0,Cc1cccc(CN(c2ccc(O)cc2)c3ccc(O)cc3)c1C,c1ccc(CN(c2ccccc2)c2ccccc2)cc1,24
Cc1cccc(N2CCN(C(=O)c3cc4c(=O)n(C)c5ccccc5c4n3C)CC2)c1C,0.0,CN1C(=O)c2cc(C(=O)N3CCN(CC3)c4cccc(C)c4C)n(C)c2c5ccccc15,O=C(c1cc2c(=O)[nH]c3ccccc3c2[nH]1)N1CCN(c2ccccc2)CC1,32
Cc1cccc(N2CCN(c3nc4ccccc4n4cnnc34)CC2)c1C,0.0,Cc1cccc(N2CCN(CC2)c3nc4ccccc4n5cnnc35)c1C,c1ccc(N2CCN(c3nc4ccccc4n4cnnc34)CC2)cc1,27
Cc1cccc(N2CSC3=C(C#N)C(c4ccc(C)o4)CC(=O)N3C2)c1,0.0,Cc1oc(cc1)C2CC(=O)N3CN(CSC3=C2C#N)c4cccc(C)c4,O=C1CC(c2ccco2)C=C2SCN(c3ccccc3)CN12,26
Cc1cccc(N=C(c2ccc(O)cc2)c2ccc(O)cc2)c1,1.0,Cc1cccc(c1)N=C(c2ccc(O)cc2)c3ccc(O)cc3,c1ccc(N=C(c2ccccc2)c2ccccc2)cc1,23
Cc1cccc(NC(=O)Cn2cc(C(=O)c3ccco3)c3ccccc32)c1,0.0,Cc1cccc(NC(=O)Cn2cc(C(=O)c3occc3)c4ccccc24)c1,O=C(Cn1cc(C(=O)c2ccco2)c2ccccc21)Nc1ccccc1,27
Cc1cccc(NC2=NC(=O)/C(=C3/C(=O)N(C)c4ccccc43)S2)c1C,0.0,CN1C(=O)\C(=C\2/SC(=NC2=O)Nc3cccc(C)c3C)\c4ccccc14,O=C1N=C(Nc2ccccc2)SC1=C1C(=O)Nc2ccccc21,26
Cc1cccc(OS(=O)(=O)C2CC3OC2C(c2ccc(NC(=O)CCCCCCC(=O)NO)cc2)=C3c2ccc(O)cc2)c1,0.0,Cc1cccc(OS(=O)(=O)C2CC3OC2C(=C3c4ccc(O)cc4)c5ccc(NC(=O)CCCCCCC(=O)NO)cc5)c1,O=S(=O)(Oc1ccccc1)C1CC2OC1C(c1ccccc1)=C2c1ccccc1,44
Cc1cccc(OS(=O)(=O)C2CC3OC2C(c2ccc(NC(=O)CCCCCCC(=O)O)cc2)=C3c2ccc(O)cc2)c1,1.0,Cc1cccc(OS(=O)(=O)C2CC3OC2C(=C3c4ccc(O)cc4)c5ccc(NC(=O)CCCCCCC(=O)O)cc5)c1,O=S(=O)(Oc1ccccc1)C1CC2OC1C(c1ccccc1)=C2c1ccccc1,43
Cc1cccc2cc(C(c3nnnn3C(C)(C)C)N(Cc3ccco3)CC3CCCO3)c(O)nc12,0.0,Cc1cccc2cc(C(N(CC3CCCO3)Cc4occc4)c5nnnn5C(C)(C)C)c(O)nc12,c1coc(CN(CC2CCCO2)C(c2cnc3ccccc3c2)c2nnn[nH]2)c1,35
Cc1ccccc1-c1c(C(F)(F)F)oc2cc(O)ccc2c1=O,1.0,Cc1ccccc1C2=C(Oc3cc(O)ccc3C2=O)C(F)(F)F,O=c1c(-c2ccccc2)coc2ccccc12,23
Cc1ccccc1C(=O)N1CCN(c2ccc(C(=O)c3c(-c4ccc(O)cc4)sc4cc(O)ccc34)cc2)CC1,1.0,Cc1ccccc1C(=O)N2CCN(CC2)c3ccc(cc3)C(=O)c4c(sc5cc(O)ccc45)c6ccc(O)cc6,O=C(c1ccc(N2CCN(C(=O)c3ccccc3)CC2)cc1)c1c(-c2ccccc2)sc2ccccc12,40
Cc1ccccc1CSCC(=O)NC(=O)NCc1ccco1,0.0,Cc1ccccc1CSCC(=O)NC(=O)NCc2occc2,O=C(CSCc1ccccc1)NC(=O)NCc1ccco1,22
Cc1ccccc1N=C(c1ccc(O)cc1)c1ccc(O)cc1,1.0,Cc1ccccc1N=C(c2ccc(O)cc2)c3ccc(O)cc3,c1ccc(N=C(c2ccccc2)c2ccccc2)cc1,23
Cc1ccccc1NC(=O)CSc1nnc(-c2ccco2)c(-c2ccco2)n1,0.0,Cc1ccccc1NC(=O)CSc2nnc(c3occc3)c(n2)c4occc4,O=C(CSc1nnc(-c2ccco2)c(-c2ccco2)n1)Nc1ccccc1,28
Cc1ccccc1Nc1nc(N)nc(CSc2nc3ccccc3c(=O)n2C)n1,0.0,CN1C(=Nc2ccccc2C1=O)SCc3nc(N)nc(Nc4ccccc4C)n3,O=c1[nH]c(SCc2ncnc(Nc3ccccc3)n2)nc2ccccc12,29
Cc1ccccc1Nc1nnc(SCC(=O)NC(=O)NCc2ccco2)s1,0.0,Cc1ccccc1Nc2nnc(SCC(=O)NC(=O)NCc3occc3)s2,O=C(CSc1nnc(Nc2ccccc2)s1)NC(=O)NCc1ccco1,27
Cc1ccccc1OS(=O)(=O)C1CC2OC1C(c1ccc(NC(=O)CCCCCCC(=O)NO)cc1)=C2c1ccc(O)cc1,0.0,Cc1ccccc1OS(=O)(=O)C2CC3OC2C(=C3c4ccc(O)cc4)c5ccc(NC(=O)CCCCCCC(=O)NO)cc5,O=S(=O)(Oc1ccccc1)C1CC2OC1C(c1ccccc1)=C2c1ccccc1,44
Cc1ccnc(NS(=O)(=O)c2ccc(NC(=O)Cc3cccs3)cc2)n1,0.0,Cc1ccnc(NS(=O)(=O)c2ccc(NC(=O)Cc3cccs3)cc2)n1,O=C(Cc1cccs1)Nc1ccc(S(=O)(=O)Nc2ncccn2)cc1,26
Cc1cnc(NC(=O)C2(C)CC3c4ccccc4C2c2ccccc23)s1,0.0,Cc1cnc(NC(=O)C2(C)CC3c4ccccc4C2c5ccccc35)s1,O=C(Nc1nccs1)C1CC2c3ccccc3C1c1ccccc12,26
Cc1csc2nc(CCNS(=O)(=O)c3ccc4c(c3)OCCO4)cn12,0.0,Cc1csc2nc(CCNS(=O)(=O)c3ccc4OCCOc4c3)cn12,O=S(=O)(NCCc1cn2ccsc2n1)c1ccc2c(c1)OCCO2,25
Cc1nc(CN2CCN(c3nc(NCCc4ccc(O)cc4)nc(N(C)CCCc4ccc(Cl)cc4)n3)CC2)cs1,1.0,CN(CCCc1ccc(Cl)cc1)c2nc(NCCc3ccc(O)cc3)nc(n2)N4CCN(Cc5csc(C)n5)CC4,c1ccc(CCCNc2nc(NCCc3ccccc3)nc(N3CCN(Cc4cscn4)CC3)n2)cc1,41
Cc1nc2cc(-c3ccsc3-n3c(C)ccc3C)nn2c(O)c1Cl,0.0,Cc1nc2cc(nn2c(O)c1Cl)c3ccsc3n4c(C)ccc4C,c1ccn(-c2sccc2-c2cc3ncccn3n2)c1,24
Cc1nc2cc(-c3n[nH]c(=S)o3)c([N+](=O)[O-])cc2[nH]1,0.0,Cc1nc2cc(C3=NNC(=S)O3)c(cc2[nH]1)[N+](=O)[O-],S=c1[nH]nc(-c2ccc3[nH]cnc3c2)o1,19
Cc1nc2cc(-c3nnc(SCC#N)o3)ccc2[nH]1,0.0,Cc1nc2cc(ccc2[nH]1)c3oc(SCC#N)nn3,c1nc2cc(-c3nnco3)ccc2[nH]1,19
Cc1nc2cc(-c3nnc(SS(C)(=O)=O)o3)ccc2[nH]1,0.0,Cc1nc2cc(ccc2[nH]1)c3oc(SS(=O)(=O)C)nn3,c1nc2cc(-c3nnco3)ccc2[nH]1,20
Cc1nc2cc(C(=O)NN)c([N+](=O)[O-])cc2[nH]1,0.0,Cc1nc2cc(C(=O)NN)c(cc2[nH]1)[N+](=O)[O-],c1ccc2[nH]cnc2c1,17
Cc1nc2cc(C(=O)NN)ccc2[nH]1,0.0,Cc1nc2cc(ccc2[nH]1)C(=O)NN,c1ccc2[nH]cnc2c1,14
Cc1nc2cc(C(=O)O)c([N+](=O)[O-])cc2[nH]1,0.0,Cc1nc2cc(C(=O)O)c(cc2[nH]1)[N+](=O)[O-],c1ccc2[nH]cnc2c1,16
Cc1nc2cc(C(=O)O)ccc2[nH]1,0.0,Cc1nc2cc(ccc2[nH]1)C(=O)O,c1ccc2[nH]cnc2c1,13
Cc1nc2cc(O)cc(O)c2c(=O)n1-c1ccc(O)cc1,0.0,CC1=Nc2cc(O)cc(O)c2C(=O)N1c3ccc(O)cc3,O=c1c2ccccc2ncn1-c1ccccc1,21
Cc1nc2cccc(C(=O)NCc3ccccc3)c2o1,0.0,Cc1oc2c(cccc2n1)C(=O)NCc3ccccc3,O=C(NCc1ccccc1)c1cccc2ncoc12,20
Cc1nc2ccccc2c(=O)n1/N=C/c1c(O)ccc2oc3c(c12)CCCC3,0.0,CC1=Nc2ccccc2C(=O)N1\N=C\c3c(O)ccc4oc5CCCCc5c34,O=c1c2ccccc2ncn1N=Cc1cccc2oc3c(c12)CCCC3,28
Cc1nc2sccn2c1-c1nc(-c2cc3ccccc3o2)cs1,0.0,Cc1nc2sccn2c1c3nc(cs3)c4oc5ccccc5c4,c1ccc2oc(-c3csc(-c4cnc5sccn45)n3)cc2c1,23
Cc1nn(-c2ccc(Cl)cc2)c2sc(C(=O)N3CCN(c4ccccn4)CC3)cc12,0.0,Cc1nn(c2ccc(Cl)cc2)c3sc(cc13)C(=O)N4CCN(CC4)c5ccccn5,O=C(c1cc2cnn(-c3ccccc3)c2s1)N1CCN(c2ccccn2)CC1,30
Cc1nn(-c2ccccc2)c(Cl)c1/C=N/Nc1ccc(S(=O)(=O)Nc2ccccc2C(=O)O)cc1[N+](=O)[O-],0.0,Cc1nn(c(Cl)c1\C=N\Nc2ccc(cc2[N+](=O)[O-])S(=O)(=O)Nc3ccccc3C(=O)O)c4ccccc4,O=S(=O)(Nc1ccccc1)c1ccc(NN=Cc2cnn(-c3ccccc3)c2)cc1,38
Cc1nn(-c2ccccc2)c2sc(C(=O)OCN3C(=O)c4ccccc4C3=O)cc12,0.0,Cc1nn(c2ccccc2)c3sc(cc13)C(=O)OCN4C(=O)c5ccccc5C4=O,O=C(OCN1C(=O)c2ccccc2C1=O)c1cc2cnn(-c3ccccc3)c2s1,30
Cc1nn(-c2ccccc2)c2sc(C(=O)c3c(N)n(C)c(=O)n(C)c3=O)cc12,0.0,CN1C(=C(C(=O)c2cc3c(C)nn(c4ccccc4)c3s2)C(=O)N(C)C1=O)N,O=C(c1cc2cnn(-c3ccccc3)c2s1)c1c[nH]c(=O)[nH]c1=O,28
Cc1nn(C2CCCC2)c(C)c1S(=O)(=O)N[C@@H](C)CNc1cccc2c1cnn2-c1ccc(F)nc1,0.0,C[C@@H](CNc1cccc2c1cnn2c3ccc(F)nc3)NS(=O)(=O)c4c(C)nn(C5CCCC5)c4C,O=S(=O)(NCCNc1cccc2c1cnn2-c1cccnc1)c1cnn(C2CCCC2)c1,36
Cc1nn(Cc2ccc(C(=O)Nc3nc4c(C)cccc4s3)o2)c(C)c1Br,0.0,Cc1cccc2sc(NC(=O)c3oc(Cn4nc(C)c(Br)c4C)cc3)nc12,O=C(Nc1nc2ccccc2s1)c1ccc(Cn2cccn2)o1,27
Cc1nn(Cc2ccccc2)c(C)c1NC(=O)CSc1nnc(-c2cc(Cl)ccc2O)n1C,0.0,Cc1nn(Cc2ccccc2)c(C)c1NC(=O)CSc3nnc(c4cc(Cl)ccc4O)n3C,O=C(CSc1nnc(-c2ccccc2)[nH]1)Nc1cnn(Cc2ccccc2)c1,33
Cc1nnc(NC(=O)CSc2nc3c(c(=O)n2CCc2ccccc2)SC(C)C3)s1,0.0,CC1CC2=C(S1)C(=O)N(CCc3ccccc3)C(=N2)SCC(=O)Nc4nnc(C)s4,O=C(CSc1nc2c(c(=O)n1CCc1ccccc1)SCC2)Nc1nncs1,30
Cc1nnc(NC(=O)Cc2cccs2)s1,0.0,Cc1nnc(NC(=O)Cc2cccs2)s1,O=C(Cc1cccs1)Nc1nncs1,15
Cc1nnc(Oc2ccccc2F)c2ccccc12,0.0,Cc1nnc(Oc2ccccc2F)c3ccccc13,c1ccc(Oc2nncc3ccccc23)cc1,19
Cc1noc(=O)c2ccc(NC(=O)C(O)(CC3(c4cc(F)ccc4Cl)CCC3)C(F)(F)F)cc12,0.0,CC1=NOC(=O)c2ccc(NC(=O)C(O)(CC3(CCC3)c4cc(F)ccc4Cl)C(F)(F)F)cc12,O=C(CCC1(c2ccccc2)CCC1)Nc1ccc2c(=O)oncc2c1,34
Cc1noc(C)c1COC(=O)c1cc2c3ccccc3n(C)c2s1,0.0,Cc1onc(C)c1COC(=O)c2cc3c4ccccc4n(C)c3s2,O=C(OCc1cnoc1)c1cc2c([nH]c3ccccc32)s1,24
Cc1noc(C)c1COc1ccc(C(=O)OCC(=O)N2c3ccccc3NC(=O)C2(C)C)cc1,0.0,Cc1onc(C)c1COc2ccc(cc2)C(=O)OCC(=O)N3c4ccccc4NC(=O)C3(C)C,O=C1CN(C(=O)COC(=O)c2ccc(OCc3cnoc3)cc2)c2ccccc2N1,34
Cc1nocc1-c1ccc2[nH]c([C@@]3(Cc4ccccc4)OC(=O)N([C@H](C)c4ccc(F)cc4)C3=O)nc2c1,0.0,C[C@@H](N1C(=O)O[C@@](Cc2ccccc2)(C1=O)c3nc4cc(ccc4[nH]3)c5conc5C)c6ccc(F)cc6,O=C1OC(Cc2ccccc2)(c2nc3cc(-c4cnoc4)ccc3[nH]2)C(=O)N1Cc1ccccc1,38
Cc1oc(-c2ccc(Cl)cc2)cc1-c1nn2c(-c3ccoc3C)nnc2s1,0.0,Cc1occc1c2nnc3sc(nn23)c4cc(oc4C)c5ccc(Cl)cc5,c1ccc(-c2cc(-c3nn4c(-c5ccoc5)nnc4s3)co2)cc1,27
Cc1occc1-c1nnc(SCc2cc(=O)n3cc(Br)ccc3n2)n1C,0.0,Cc1occc1c2nnc(SCC3=CC(=O)N4C=C(Br)C=CC4=N3)n2C,O=c1cc(CSc2nnc(-c3ccoc3)[nH]2)nc2ccccn12,26
Cc1occc1C(=O)NCc1cccc(CNC(=O)c2ccoc2C)c1,0.0,Cc1occc1C(=O)NCc2cccc(CNC(=O)c3ccoc3C)c2,O=C(NCc1cccc(CNC(=O)c2ccoc2)c1)c1ccoc1,26
Cc1occc1C(=O)Nc1ccccc1NC(=O)c1ccoc1C,0.0,Cc1occc1C(=O)Nc2ccccc2NC(=O)c3ccoc3C,O=C(Nc1ccccc1NC(=O)c1ccoc1)c1ccoc1,24
Cc1onc(-c2c(F)cccc2Cl)c1C(=O)OCC(=O)NCc1ccco1,0.0,Cc1onc(c1C(=O)OCC(=O)NCc2occc2)c3c(F)cccc3Cl,O=C(COC(=O)c1conc1-c1ccccc1)NCc1ccco1,27
Cc1onc(-c2ccccc2Cl)c1C(=O)NCc1cccnc1,0.0,Cc1onc(c2ccccc2Cl)c1C(=O)NCc3cccnc3,O=C(NCc1cccnc1)c1conc1-c1ccccc1,23
Cc1sc(NC(=O)CSc2nnc(-c3ccc(F)cc3)o2)c(C#N)c1C,0.0,Cc1sc(NC(=O)CSc2oc(nn2)c3ccc(F)cc3)c(C#N)c1C,O=C(CSc1nnc(-c2ccccc2)o1)Nc1cccs1,26
Cc1sc2ncnc(NCc3ccco3)c2c1C,0.0,Cc1sc2ncnc(NCc3occc3)c2c1C,c1coc(CNc2ncnc3sccc23)c1,18
Cc1sc2ncnc(SCC(=O)NC(=O)NCc3ccco3)c2c1C,0.0,Cc1sc2ncnc(SCC(=O)NC(=O)NCc3occc3)c2c1C,O=C(CSc1ncnc2sccc12)NC(=O)NCc1ccco1,25
Cc1snc2sc(C(=O)c3ccc(Br)cc3)c(N)c12,0.0,Cc1snc2sc(C(=O)c3ccc(Br)cc3)c(N)c12,O=C(c1ccccc1)c1cc2csnc2s1,19
Clc1ccc(/C=C/c2cc(Cl)cc(Cl)c2)cc1,0.0,Clc1ccc(\C=C\c2cc(Cl)cc(Cl)c2)cc1,C(=Cc1ccccc1)c1ccccc1,17
Clc1ccc(/C=C\c2cc(Cl)cc(Cl)c2)cc1,0.0,Clc1ccc(\C=C/c2cc(Cl)cc(Cl)c2)cc1,C(=Cc1ccccc1)c1ccccc1,17
Clc1ccc(Nc2nc(-c3ccncc3)cs2)cc1,0.0,Clc1ccc(Nc2nc(cs2)c3ccncc3)cc1,c1ccc(Nc2nc(-c3ccncc3)cs2)cc1,19
Cn1c(-c2ccc(O)cc2)cc(-c2ccc(O)cc2)c1-c1ccc(O)cc1Cl,1.0,Cn1c(cc(c2ccc(O)cc2)c1c3ccc(O)cc3Cl)c4ccc(O)cc4,c1ccc(-c2cc(-c3ccccc3)c(-c3ccccc3)[nH]2)cc1,28
Cn1c(-c2ccc(O)cc2)cc(-c2ccc(O)cc2)c1-c1ccc(O)cc1F,1.0,Cn1c(cc(c2ccc(O)cc2)c1c3ccc(O)cc3F)c4ccc(O)cc4,c1ccc(-c2cc(-c3ccccc3)c(-c3ccccc3)[nH]2)cc1,28
Cn1c(-c2ccc(O)cc2Cl)cc(-c2ccc(O)cc2)c1-c1ccc(O)cc1,1.0,Cn1c(cc(c2ccc(O)cc2)c1c3ccc(O)cc3)c4ccc(O)cc4Cl,c1ccc(-c2cc(-c3ccccc3)c(-c3ccccc3)[nH]2)cc1,28
Cn1c(-c2ccc(O)cc2F)cc(-c2ccc(O)cc2)c1-c1ccc(O)cc1,1.0,Cn1c(cc(c2ccc(O)cc2)c1c3ccc(O)cc3)c4ccc(O)cc4F,c1ccc(-c2cc(-c3ccccc3)c(-c3ccccc3)[nH]2)cc1,28
Cn1c(-c2ccc(O)cc2F)cc(-c2ccc(O)cc2)c1-c1ccc(O)cc1F,1.0,Cn1c(cc(c2ccc(O)cc2)c1c3ccc(O)cc3F)c4ccc(O)cc4F,c1ccc(-c2cc(-c3ccccc3)c(-c3ccccc3)[nH]2)cc1,29
Cn1c(=O)[nH]c(=O)c2c1nc1n2CCCN1CCc1ccccc1,0.0,CN1C(=O)NC(=O)c2c1nc3N(CCc4ccccc4)CCCn23,O=c1[nH]c(=O)c2c(nc3n2CCCN3CCc2ccccc2)[nH]1,24
Cn1c(C#N)ccc1-c1ccc2c(c1)C(C)(c1ccco1)OCC(=O)N2,0.0,Cn1c(ccc1c2ccc3NC(=O)COC(C)(c4occc4)c3c2)C#N,O=C1COC(c2ccco2)c2cc(-c3ccc[nH]3)ccc2N1,26
Cn1c(C#N)ccc1-c1ccc2c(c1)C(C)(c1ccsc1)OCC(=O)N2,0.0,Cn1c(ccc1c2ccc3NC(=O)COC(C)(c4ccsc4)c3c2)C#N,O=C1COC(c2ccsc2)c2cc(-c3ccc[nH]3)ccc2N1,26
Cn1c(C#N)ccc1-c1ccc2c(c1)C(c1ccco1)(c1ccco1)OCC(=O)N2,0.0,Cn1c(ccc1c2ccc3NC(=O)COC(c4occc4)(c5occc5)c3c2)C#N,O=C1COC(c2ccco2)(c2ccco2)c2cc(-c3ccc[nH]3)ccc2N1,30
Cn1c(C#N)ccc1-c1ccc2c(c1)C(c1cccs1)(c1cccs1)OCC(=O)N2,0.0,Cn1c(ccc1c2ccc3NC(=O)COC(c4cccs4)(c5cccs5)c3c2)C#N,O=C1COC(c2cccs2)(c2cccs2)c2cc(-c3ccc[nH]3)ccc2N1,30
Cn1c(C(=O)Nc2ccc3c(c2)OCO3)cc2c(=O)n(C)c3ccccc3c21,0.0,CN1C(=O)c2cc(C(=O)Nc3ccc4OCOc4c3)n(C)c2c5ccccc15,O=C(Nc1ccc2c(c1)OCO2)c1cc2c(=O)[nH]c3ccccc3c2[nH]1,28
Cn1c(Cc2ccccc2)nnc1SCC(=O)c1cccs1,0.0,Cn1c(Cc2ccccc2)nnc1SCC(=O)c3cccs3,O=C(CSc1nnc(Cc2ccccc2)[nH]1)c1cccs1,22
Cn1c(SCC(=O)Nc2ccc3c(c2)oc2ccccc23)nnc1-c1ccccc1,0.0,Cn1c(SCC(=O)Nc2ccc3c(oc4ccccc34)c2)nnc1c5ccccc5,O=C(CSc1nnc(-c2ccccc2)[nH]1)Nc1ccc2c(c1)oc1ccccc12,30
Cn1c(SCC(=O)Nc2sccc2C#N)nnc1-c1ccccc1,0.0,Cn1c(SCC(=O)Nc2sccc2C#N)nnc1c3ccccc3,O=C(CSc1nnc(-c2ccccc2)[nH]1)Nc1cccs1,24
Cn1c(SCc2cc(=O)n3cc(Br)ccc3n2)nnc1C1COc2ccccc2O1,0.0,Cn1c(SCC2=CC(=O)N3C=C(Br)C=CC3=N2)nnc1C4COc5ccccc5O4,O=c1cc(CSc2nnc(C3COc4ccccc4O3)[nH]2)nc2ccccn12,30
Cn1cc(C(=O)NC2CCCCCC2)c(=O)c2cc(S(=O)(=O)N3CCCC3)ccc21,0.0,CN1C=C(C(=O)NC2CCCCCC2)C(=O)c3cc(ccc13)S(=O)(=O)N4CCCC4,O=C(NC1CCCCCC1)c1c[nH]c2ccc(S(=O)(=O)N3CCCC3)cc2c1=O,30
Cn1cc(NC(=O)c2cc(NC(=O)CCS(C)(=O)=O)cn2C)cc1C(=O)NCCCC(=O)NCCCCCC[C@@H]1Cc2cc(O)ccc2[C@H]2CC[C@]3(C)[C@@H](O)CC[C@H]3[C@H]12,1.0,Cn1cc(NC(=O)c2cc(NC(=O)CCS(=O)(=O)C)cn2C)cc1C(=O)NCCCC(=O)NCCCCCC[C@@H]3Cc4cc(O)ccc4[C@H]5CC[C@]6(C)[C@@H](O)CC[C@H]6[C@H]35,O=C(CCCNC(=O)c1cc(NC(=O)c2ccc[nH]2)c[nH]1)NCCCCCCC1Cc2ccccc2C2CCC3CCCC3C12,59
Cn1cc([C@]2(O)CC[C@H]3[C@@H]4CCc5cc(O)ccc5[C@H]4CC[C@@]32C)nn1,1.0,Cn1cc(nn1)[C@]2(O)CC[C@H]3[C@@H]4CCc5cc(O)ccc5[C@H]4CC[C@]23C,c1ccc2c(c1)CCC1C2CCC2C(c3c[nH]nn3)CCC21,26
Cn1cccc1-c1nc2ccccc2n1-c1ccc(O)cc1,0.0,Cn1cccc1c2nc3ccccc3n2c4ccc(O)cc4,c1ccc(-n2c(-c3ccc[nH]3)nc3ccccc32)cc1,22
Cn1ccnc1SCC(=O)Nc1ccc2nc(SCC(=O)NC3CC3)sc2c1,0.0,Cn1ccnc1SCC(=O)Nc2ccc3nc(SCC(=O)NC4CC4)sc3c2,O=C(CSc1ncc[nH]1)Nc1ccc2nc(SCC(=O)NC3CC3)sc2c1,28
Cn1nc(-c2ccc(O)cc2O)c2ccc(O)cc21,0.0,Cn1nc(c2ccc(O)cc2O)c3ccc(O)cc13,c1ccc(-c2n[nH]c3ccccc23)cc1,19
Cn1nc([N+](=O)[O-])c2c(-c3nc4ccccc4s3)c(N)n(C3CCCCC3)c2c1=O,0.0,CN1N=C(c2c(c(N)n(C3CCCCC3)c2C1=O)c4nc5ccccc5s4)[N+](=O)[O-],O=c1[nH]ncc2c(-c3nc4ccccc4s3)cn(C3CCCCC3)c12,30
Cn1nnnc1SCC(=O)Nc1nc(-c2ccccc2)c(-c2ccccc2)o1,0.0,Cn1nnnc1SCC(=O)Nc2oc(c3ccccc3)c(n2)c4ccccc4,O=C(CSc1nnn[nH]1)Nc1nc(-c2ccccc2)c(-c2ccccc2)o1,28
FC(F)(F)c1ccc(/C=C/c2cc(C(F)(F)F)cc(C(F)(F)F)c2)cc1,0.0,FC(F)(F)c1ccc(\C=C\c2cc(cc(c2)C(F)(F)F)C(F)(F)F)cc1,C(=Cc1ccccc1)c1ccccc1,26
FC(F)(F)c1ccc(/C=C/c2cc(Cl)cc(Cl)c2)cc1,0.0,FC(F)(F)c1ccc(\C=C\c2cc(Cl)cc(Cl)c2)cc1,C(=Cc1ccccc1)c1ccccc1,20
FC(F)(F)c1ccc(/C=C\c2cc(C(F)(F)F)cc(C(F)(F)F)c2)cc1,0.0,FC(F)(F)c1ccc(\C=C/c2cc(cc(c2)C(F)(F)F)C(F)(F)F)cc1,C(=Cc1ccccc1)c1ccccc1,26
FC(F)(F)c1ccc(/C=C\c2cc(Cl)cc(Cl)c2)cc1,0.0,FC(F)(F)c1ccc(\C=C/c2cc(Cl)cc(Cl)c2)cc1,C(=Cc1ccccc1)c1ccccc1,20
FC(F)(F)c1cccc(/C=C/c2cc(Cl)cc(Cl)c2)c1,0.0,FC(F)(F)c1cccc(\C=C\c2cc(Cl)cc(Cl)c2)c1,C(=Cc1ccccc1)c1ccccc1,20
FC(F)(F)c1cccc(/C=C\c2cc(Cl)cc(Cl)c2)c1,0.0,FC(F)(F)c1cccc(\C=C/c2cc(Cl)cc(Cl)c2)c1,C(=Cc1ccccc1)c1ccccc1,20
Fc1ccc(-c2nnc(-n3nnc4ccccc43)c3ccccc23)cc1,0.0,Fc1ccc(cc1)c2nnc(c3ccccc23)n4nnc5ccccc45,c1ccc(-c2nnc(-n3nnc4ccccc43)c3ccccc23)cc1,26
Fc1ccc(/C=C/c2cc(F)cc(F)c2)cc1,0.0,Fc1ccc(\C=C\c2cc(F)cc(F)c2)cc1,C(=Cc1ccccc1)c1ccccc1,17
Fc1ccc(/C=C\c2cc(F)cc(F)c2)cc1,0.0,Fc1ccc(\C=C/c2cc(F)cc(F)c2)cc1,C(=Cc1ccccc1)c1ccccc1,17
Fc1ccc(C2=C(c3ccc(OCCN4CCCC4)cc3)c3ccc(F)cc3OCC2)cc1,1.0,Fc1ccc(cc1)C2=C(c3ccc(OCCN4CCCC4)cc3)c5ccc(F)cc5OCC2,c1ccc(C2=C(c3ccc(OCCN4CCCC4)cc3)c3ccccc3OCC2)cc1,33
Fc1ccc(CNc2nc3ccccc3n3cnnc23)cc1,0.0,Fc1ccc(CNc2nc3ccccc3n4cnnc24)cc1,c1ccc(CNc2nc3ccccc3n3cnnc23)cc1,22
Fc1ccc(NCc2cccnc2)cc1F,0.0,Fc1ccc(NCc2cccnc2)cc1F,c1ccc(NCc2cccnc2)cc1,16
Fc1ccc2c(c1)OCCC(c1ccccc1)=C2c1ccc(OCCN2CCCC2)cc1,1.0,Fc1ccc2C(=C(CCOc2c1)c3ccccc3)c4ccc(OCCN5CCCC5)cc4,c1ccc(C2=C(c3ccc(OCCN4CCCC4)cc3)c3ccccc3OCC2)cc1,32
N#C/C(=C(/c1ccccc1)c1ccc(OCCN2CCOCC2)cc1)c1ccccc1,1.0,Cl.N#C\C(=C(\c1ccccc1)/c2ccc(OCCN3CCOCC3)cc2)\c4ccccc4,C(=C(c1ccccc1)c1ccc(OCCN2CCOCC2)cc1)c1ccccc1,31
N#C/C(=C(\O)Nc1ccc(Cl)cc1)c1nc2ccccc2[nH]1,0.0,O\C(=C(/C#N)\c1nc2ccccc2[nH]1)\Nc3ccc(Cl)cc3,C(=Cc1nc2ccccc2[nH]1)Nc1ccccc1,22
N#C/C(=C\c1ccc(O)cc1)c1ccc(O)cc1,1.0,Oc1ccc(\C=C(/C#N)\c2ccc(O)cc2)cc1,C(=Cc1ccccc1)c1ccccc1,18
N#CC(C#N)(Cc1ccc(O)cc1)c1ccc(O)cc1,1.0,Oc1ccc(CC(C#N)(C#N)c2ccc(O)cc2)cc1,c1ccc(CCc2ccccc2)cc1,20
N#CC(Cc1ccc(O)cc1)c1ccc(O)cc1,1.0,Oc1ccc(CC(C#N)c2ccc(O)cc2)cc1,c1ccc(CCc2ccccc2)cc1,18
N#CC(c1ccc(O)cc1)C(C#N)c1ccc(O)cc1,1.0,Oc1ccc(cc1)C(C#N)C(C#N)c2ccc(O)cc2,c1ccc(CCc2ccccc2)cc1,20
N#CC(c1ccc(O)cc1)C(C#N)c1cccc(O)c1,1.0,Oc1ccc(cc1)C(C#N)C(C#N)c2cccc(O)c2,c1ccc(CCc2ccccc2)cc1,20
N#CC1=C(N)OC2=C(CCC/C2=C/c2ccoc2)C1c1ccoc1,0.0,NC1=C(C#N)C(C2=C(O1)\C(=C/c3cocc3)\CCC2)c4cocc4,C1=CC(c2ccoc2)C2=C(O1)C(=Cc1ccoc1)CCC2,24
N#CCCS(=O)(=O)c1nnnn1-c1ccccc1,0.0,O=S(=O)(CCC#N)c1nnnn1c2ccccc2,c1ccc(-n2cnnn2)cc1,18
N#CC[C@H](Cc1ccc(O)cc1)c1ccc(O)cc1,1.0,Oc1ccc(C[C@@H](CC#N)c2ccc(O)cc2)cc1,c1ccc(CCc2ccccc2)cc1,19
N#CCc1cc(O)cc2nc(-c3ccc(O)cc3)oc12,0.0,Oc1ccc(cc1)c2oc3c(CC#N)cc(O)cc3n2,c1ccc(-c2nc3ccccc3o2)cc1,20
N#C[C@@H](Cc1ccc(O)cc1)c1ccc(O)cc1,1.0,Oc1ccc(C[C@H](C#N)c2ccc(O)cc2)cc1,c1ccc(CCc2ccccc2)cc1,18
N#C[C@H](Cc1ccc(O)cc1)c1ccc(O)cc1,1.0,Oc1ccc(C[C@@H](C#N)c2ccc(O)cc2)cc1,c1ccc(CCc2ccccc2)cc1,18
N#Cc1c(-c2ccc(O)cc2)n(Cc2ccc(OCCN3CCCCC3)cc2)c2ccc(O)cc12,1.0,Oc1ccc(cc1)c2c(C#N)c3cc(O)ccc3n2Cc4ccc(OCCN5CCCCC5)cc4,c1ccc(-c2cc3ccccc3n2Cc2ccc(OCCN3CCCCC3)cc2)cc1,35
N#Cc1c(-c2ccc(O)cc2)n(Cc2ccc(OCCN3CCCCCC3)cc2)c2ccc(O)cc12,1.0,Oc1ccc(cc1)c2c(C#N)c3cc(O)ccc3n2Cc4ccc(OCCN5CCCCCC5)cc4,c1ccc(-c2cc3ccccc3n2Cc2ccc(OCCN3CCCCCC3)cc2)cc1,36
N#Cc1c(-c2ccccc2)cc(-c2ccco2)c(C#N)c1N,0.0,Nc1c(C#N)c(cc(c2ccccc2)c1C#N)c3occc3,c1ccc(-c2cccc(-c3ccco3)c2)cc1,22
N#Cc1c(C(F)(F)F)cc(-c2ccccc2)nc1SCc1nc(N)nc(N2CCOCC2)n1,0.0,Nc1nc(CSc2nc(cc(c2C#N)C(F)(F)F)c3ccccc3)nc(n1)N4CCOCC4,c1ccc(-c2cccc(SCc3ncnc(N4CCOCC4)n3)n2)cc1,33
N#Cc1c(N)oc(-c2ccc3c(c2)OCO3)c1-c1ccc2c(c1)OCO2,0.0,Nc1oc(c2ccc3OCOc3c2)c(c4ccc5OCOc5c4)c1C#N,c1cc(-c2ccc3c(c2)OCO3)c(-c2ccc3c(c2)OCO3)o1,26
N#Cc1c(NC(=O)CSc2ncccn2)oc(-c2ccccc2)c1-c1ccccc1,0.0,O=C(CSc1ncccn1)Nc2oc(c3ccccc3)c(c4ccccc4)c2C#N,O=C(CSc1ncccn1)Nc1cc(-c2ccccc2)c(-c2ccccc2)o1,30
N#Cc1c(NCCN)nc(NCc2ccccc2)c2c1CCN(Cc1ccccc1)C2,0.0,NCCNc1nc(NCc2ccccc2)c3CN(Cc4ccccc4)CCc3c1C#N,c1ccc(CNc2nccc3c2CN(Cc2ccccc2)CC3)cc1,31
N#Cc1c(SCC(=O)Nc2nccs2)nc2c(c1-c1ccco1)CCCC2,0.0,O=C(CSc1nc2CCCCc2c(c3occc3)c1C#N)Nc4nccs4,O=C(CSc1cc(-c2ccco2)c2c(n1)CCCC2)Nc1nccs1,27
N#Cc1cc(-c2c(F)cc(O)cc2F)cc2ccc(O)cc12,1.0,Oc1ccc2cc(cc(C#N)c2c1)c3c(F)cc(O)cc3F,c1ccc(-c2ccc3ccccc3c2)cc1,22
N#Cc1cc(-c2cc(F)c(O)cc2F)cc2ccc(O)cc12,1.0,Oc1ccc2cc(cc(C#N)c2c1)c3cc(F)c(O)cc3F,c1ccc(-c2ccc3ccccc3c2)cc1,22
N#Cc1cc(-c2ccc(O)cc2)cc2ccc(O)c(Br)c12,1.0,Oc1ccc(cc1)c2cc(C#N)c3c(Br)c(O)ccc3c2,c1ccc(-c2ccc3ccccc3c2)cc1,21
N#Cc1cc(-c2ccc(O)cc2)cc2ccc(O)c(Cl)c12,1.0,Oc1ccc(cc1)c2cc(C#N)c3c(Cl)c(O)ccc3c2,c1ccc(-c2ccc3ccccc3c2)cc1,21
N#Cc1cc(-c2ccc(O)cc2)cc2ccc(O)cc12,1.0,Oc1ccc(cc1)c2cc(C#N)c3cc(O)ccc3c2,c1ccc(-c2ccc3ccccc3c2)cc1,20
N#Cc1cc(-c2ccc(O)cc2F)cc2ccc(O)cc12,1.0,Oc1ccc(c(F)c1)c2cc(C#N)c3cc(O)ccc3c2,c1ccc(-c2ccc3ccccc3c2)cc1,21
N#Cc1cc(O)c(Br)c2ccc(-c3ccc(O)c(F)c3)cc12,1.0,Oc1ccc(cc1F)c2ccc3c(Br)c(O)cc(C#N)c3c2,c1ccc(-c2ccc3ccccc3c2)cc1,22
N#Cc1cc(O)c(Cl)c2ccc(-c3ccc(O)c(F)c3)cc12,1.0,Oc1ccc(cc1F)c2ccc3c(Cl)c(O)cc(C#N)c3c2,c1ccc(-c2ccc3ccccc3c2)cc1,22
N#Cc1cc(O)c(Cl)c2ccc(-c3ccc(O)cc3)cc12,1.0,Oc1ccc(cc1)c2ccc3c(Cl)c(O)cc(C#N)c3c2,c1ccc(-c2ccc3ccccc3c2)cc1,21
N#Cc1cc(O)cc2c1oc1c(=O)c3ccc(O)cc3oc12,0.0,Oc1ccc2C(=O)c3oc4c(cc(O)cc4c3Oc2c1)C#N,O=c1c2ccccc2oc2c1oc1ccccc12,22
N#Cc1cc(O)cc2cc(-c3ccc(O)c(F)c3)oc12,1.0,Oc1cc(C#N)c2oc(cc2c1)c3ccc(O)c(F)c3,c1ccc(-c2cc3ccccc3o2)cc1,20
N#Cc1cc(O)cc2cc(-c3ccc(O)cc3)oc12,1.0,Oc1ccc(cc1)c2oc3c(cc(O)cc3c2)C#N,c1ccc(-c2cc3ccccc3o2)cc1,19
N#Cc1cc(O)cc2ccc(-c3ccc(O)c(F)c3)cc12,1.0,Oc1cc(C#N)c2cc(ccc2c1)c3ccc(O)c(F)c3,c1ccc(-c2ccc3ccccc3c2)cc1,21
N#Cc1cc(O)cc2ccc(-c3ccc(O)cc3)cc12,1.0,Oc1ccc(cc1)c2ccc3cc(O)cc(C#N)c3c2,c1ccc(-c2ccc3ccccc3c2)cc1,20
N#Cc1cc(O)cc2nc(-c3ccc(O)cc3F)oc12,1.0,Oc1ccc(c(F)c1)c2oc3c(cc(O)cc3n2)C#N,c1ccc(-c2nc3ccccc3o2)cc1,20
N#Cc1ccc(-c2cccnc2)nc1SCC(=O)Nc1sc2c(c1C#N)CCC2,0.0,O=C(CSc1nc(ccc1C#N)c2cccnc2)Nc3sc4CCCc4c3C#N,O=C(CSc1cccc(-c2cccnc2)n1)Nc1cc2c(s1)CCC2,29
N#Cc1ccc(C(=O)c2sc3cc(O)ccc3c2-c2ccc(F)cc2)cc1,1.0,Oc1ccc2c(c3ccc(F)cc3)c(sc2c1)C(=O)c4ccc(cc4)C#N,O=C(c1ccccc1)c1sc2ccccc2c1-c1ccccc1,27
N#Cc1cccc(-c2ccc3cc(O)ccc3c2Oc2ccc(OCCN3CCCCC3)cc2)c1,1.0,Oc1ccc2c(Oc3ccc(OCCN4CCCCC4)cc3)c(ccc2c1)c5cccc(c5)C#N,c1ccc(-c2ccc3ccccc3c2Oc2ccc(OCCN3CCCCC3)cc2)cc1,35
N#Cc1cccc(N2CCN(C(=O)CCCCCn3c(=S)[nH]c4ccccc4c3=O)CC2)c1,1.0,O=C(CCCCCN1C(=S)Nc2ccccc2C1=O)N3CCN(CC3)c4cccc(c4)C#N,O=C(CCCCCn1c(=S)[nH]c2ccccc2c1=O)N1CCN(c2ccccc2)CC1,33
N#Cc1ccccc1N1CCN(C(=O)CCCCCn2c(=S)[nH]c3ccccc3c2=O)CC1,1.0,O=C(CCCCCN1C(=S)Nc2ccccc2C1=O)N3CCN(CC3)c4ccccc4C#N,O=C(CCCCCn1c(=S)[nH]c2ccccc2c1=O)N1CCN(c2ccccc2)CC1,33
N#Cc1nc(-c2ccc(OCc3ccc(Cl)cc3)cc2)oc1NCc1cccnc1,0.0,Clc1ccc(COc2ccc(cc2)c3oc(NCc4cccnc4)c(n3)C#N)cc1,c1ccc(COc2ccc(-c3ncc(NCc4cccnc4)o3)cc2)cc1,30
N=C(N)N/N=C/C1=C(Cl)c2ccccc2CC1,0.0,NC(=N)N\N=C\C1=C(Cl)c2ccccc2CC1,C1=Cc2ccccc2CC1,17
N=C(N)N/N=C/C1=C(Cl)c2ccccc2CCC1,0.0,NC(=N)N\N=C\C1=C(Cl)c2ccccc2CCC1,C1=Cc2ccccc2CCC1,18
N=c1c(C(=O)NCc2ccc(F)cc2)cc2c(=O)n3ccccc3nc2n1Cc1cccnc1,0.0,Fc1ccc(CNC(=O)C2=CC3=C(N=C4C=CC=CN4C3=O)N(Cc5cccnc5)C2=N)cc1,N=c1c(C(=O)NCc2ccccc2)cc2c(=O)n3ccccc3nc2n1Cc1cccnc1,34
NC(=O)C1(N2CCCCC2)CCN(c2nc(-c3ccc(Br)cc3)cs2)CC1,0.0,NC(=O)C1(CCN(CC1)c2nc(cs2)c3ccc(Br)cc3)N4CCCCC4,c1ccc(-c2csc(N3CCC(N4CCCCC4)CC3)n2)cc1,27
NC(=O)C1CCN(CCOc2ccc([C@@H]3Oc4ccc(O)cc4S[C@@H]3c3ccc(O)cc3)cc2)CC1,1.0,NC(=O)C1CCN(CCOc2ccc(cc2)[C@@H]3Oc4ccc(O)cc4S[C@@H]3c5ccc(O)cc5)CC1,c1ccc(C2Sc3ccccc3OC2c2ccc(OCCN3CCCCC3)cc2)cc1,36
NC(=O)COc1ccc(C2c3c(oc4ccccc4c3=O)C(=O)N2CC2CCCO2)cc1,0.0,NC(=O)COc1ccc(cc1)C2N(CC3CCCO3)C(=O)C4=C2C(=O)c5ccccc5O4,O=C1c2oc3ccccc3c(=O)c2C(c2ccccc2)N1CC1CCCO1,32
NC(=O)c1c(NC(=O)c2cc3ccccc3o2)sc2c1CCC2,0.0,NC(=O)c1c2CCCc2sc1NC(=O)c3oc4ccccc4c3,O=C(Nc1cc2c(s1)CCC2)c1cc2ccccc2o1,23
NC(=O)c1c(NC(=O)c2cccs2)sc2c1CCCCCC2,0.0,NC(=O)c1c2CCCCCCc2sc1NC(=O)c3cccs3,O=C(Nc1cc2c(s1)CCCCCC2)c1cccs1,22
NC(=O)c1cc(O)cc2nc(-c3ccc(O)cc3)oc12,0.0,NC(=O)c1cc(O)cc2nc(oc12)c3ccc(O)cc3,c1ccc(-c2nc3ccccc3o2)cc1,20
NC(=O)c1ccc(C2=C(c3ccc(O)cc3)Cc3cc(O)ccc32)cc1,1.0,NC(=O)c1ccc(cc1)C2=C(Cc3cc(O)ccc23)c4ccc(O)cc4,c1ccc(C2=C(c3ccccc3)c3ccccc3C2)cc1,26
NC(=O)c1ccc(F)cc1,0.0,NC(=O)c1ccc(F)cc1,c1ccccc1,10
NC(=O)c1ccccc1OCC1CC(c2ccccc2)=NO1,0.0,NC(=O)c1ccccc1OCC2CC(=NO2)c3ccccc3,c1ccc(OCC2CC(c3ccccc3)=NO2)cc1,22
NC(=O)c1oc2ccccc2c1NC(=O)c1nc2ccccc2s1,0.0,NC(=O)c1oc2ccccc2c1NC(=O)c3nc4ccccc4s3,O=C(Nc1coc2ccccc12)c1nc2ccccc2s1,24
NC(=S)n1[nH]c(-c2ccc([N+](=O)[O-])cc2)c(N=Nc2ccc(O)cc2)c1=O,0.0,NC(=S)N1NC(=C(N=Nc2ccc(O)cc2)C1=O)c3ccc(cc3)[N+](=O)[O-],O=c1[nH][nH]c(-c2ccccc2)c1N=Nc1ccccc1,27
NC(Cc1ccc([N+](=O)[O-])cc1)=NOC(=O)c1ccc2ccccc2c1,0.0,NC(=NOC(=O)c1ccc2ccccc2c1)Cc3ccc(cc3)[N+](=O)[O-],O=C(ON=CCc1ccccc1)c1ccc2ccccc2c1,26
NC1=C(c2ccc(O)cc2)C(=O)c2cc(O)ccc21,0.0,NC1=C(C(=O)c2cc(O)ccc12)c3ccc(O)cc3,O=C1C(c2ccccc2)=Cc2ccccc21,19
NCCOc1ccc(/C(=C(/Cn2cnnc2)c2ccccc2)c2ccc(O)cc2)cc1,1.0,NCCOc1ccc(cc1)\C(=C(\Cn2cnnc2)/c3ccccc3)\c4ccc(O)cc4,c1ccc(C(Cn2cnnc2)=C(c2ccccc2)c2ccccc2)cc1,31
NCCOc1ccc(/C(=C(\Cn2cnnc2)c2ccccc2)c2ccc(O)cc2)cc1,1.0,NCCOc1ccc(cc1)\C(=C(/Cn2cnnc2)\c3ccccc3)\c4ccc(O)cc4,c1ccc(C(Cn2cnnc2)=C(c2ccccc2)c2ccccc2)cc1,31
NCCOc1ccc(/C(=C2\CCc3ccccc32)c2ccc(O)cc2)cc1,0.0,NCCOc1ccc(cc1)\C(=C\2/CCc3ccccc23)\c4ccc(O)cc4,c1ccc(C(=C2CCc3ccccc32)c2ccccc2)cc1,27
NS(=O)(=O)Oc1ccc2nc(C=C3C4CC5CC(C4)CC3C5)oc2c1,0.0,NS(=O)(=O)Oc1ccc2nc(oc2c1)C=C3C4CC5CC(CC3C5)C4,C(=C1C2CC3CC(C2)CC1C3)c1nc2ccccc2o1,25
N[C@H](c1ccc(O)cc1Cl)[C@@H](NC=O)c1ccc(O)cc1Cl,0.0,N[C@@H]([C@@H](NC=O)c1ccc(O)cc1Cl)c2ccc(O)cc2Cl,c1ccc(CCc2ccccc2)cc1,22
Nc1c(/C=N/O)ccc(-c2ccccc2)c1-c1ccccc1,1.0,Nc1c(\C=N\O)ccc(c2ccccc2)c1c3ccccc3,c1ccc(-c2ccccc2-c2ccccc2)cc1,22
Nc1cc(O)cc2ncn(-c3ccc(O)cc3)c(=O)c12,0.0,Nc1cc(O)cc2N=CN(C(=O)c12)c3ccc(O)cc3,O=c1c2ccccc2ncn1-c1ccccc1,20
Nc1ccc(-c2sc3cc(O)ccc3c2Oc2ccc(OCCN3CCCCC3)cc2)cc1,1.0,Nc1ccc(cc1)c2sc3cc(O)ccc3c2Oc4ccc(OCCN5CCCCC5)cc4,c1ccc(-c2sc3ccccc3c2Oc2ccc(OCCN3CCCCC3)cc2)cc1,33
Nc1ccc(C2=C(c3ccc(O)cc3)Cc3cc(O)ccc32)cc1,1.0,Nc1ccc(cc1)C2=C(Cc3cc(O)ccc23)c4ccc(O)cc4,c1ccc(C2=C(c3ccccc3)c3ccccc3C2)cc1,24
Nc1ccccc1N/C=C1\C(=O)NC(=O)N(CCC2=CCCCC2)C1=O,0.0,Nc1ccccc1N\C=C\2/C(=O)NC(=O)N(CCC3=CCCCC3)C2=O,O=C1NC(=O)N(CCC2=CCCCC2)C(=O)C1=CNc1ccccc1,26
Nc1nc(N2C(=O)C3CC=CCC3C2=O)nn1-c1ccccc1,0.0,Nc1nc(nn1c2ccccc2)N3C(=O)C4CC=CCC4C3=O,O=C1C2CC=CCC2C(=O)N1c1ncn(-c2ccccc2)n1,23
O/N=C/c1c(O)ccc(-c2ccc(O)c(F)c2)c1Cl,1.0,O\N=C\c1c(O)ccc(c1Cl)c2ccc(O)c(F)c2,c1ccc(-c2ccccc2)cc1,19
O/N=C/c1c(O)ccc(-c2ccc(O)cc2)c1-c1ccc(O)cc1,1.0,O\N=C\c1c(O)ccc(c2ccc(O)cc2)c1c3ccc(O)cc3,c1ccc(-c2ccccc2-c2ccccc2)cc1,24
O/N=C/c1c(O)ccc(-c2ccc(O)cc2)c1Cl,1.0,O\N=C\c1c(O)ccc(c1Cl)c2ccc(O)cc2,c1ccc(-c2ccccc2)cc1,18
O/N=C/c1cc(-c2ccc(O)cc2)ccc1O,1.0,O\N=C\c1cc(ccc1O)c2ccc(O)cc2,c1ccc(-c2ccccc2)cc1,17
O/N=C/c1cc(O)ccc1-c1noc2cc(O)ccc12,0.0,O\N=C\c1cc(O)ccc1c2noc3cc(O)ccc23,c1ccc(-c2noc3ccccc23)cc1,20
O/N=C/c1ccc(-c2ccc(O)c(F)c2)c(Cl)c1O,1.0,O\N=C\c1ccc(c(Cl)c1O)c2ccc(O)c(F)c2,c1ccc(-c2ccccc2)cc1,19
O/N=C/c1ccc(-c2ccc(O)c(F)c2)c2ccccc12,1.0,O\N=C\c1ccc(c2ccc(O)c(F)c2)c3ccccc13,c1ccc(-c2cccc3ccccc23)cc1,21
O/N=C/c1ccc(-c2ccc(O)cc2)c(Cl)c1O,1.0,O\N=C\c1ccc(c(Cl)c1O)c2ccc(O)cc2,c1ccc(-c2ccccc2)cc1,18
O/N=C/c1ccc(-c2ccc(O)cc2)c2ccccc12,1.0,O\N=C\c1ccc(c2ccc(O)cc2)c3ccccc13,c1ccc(-c2cccc3ccccc23)cc1,20
O/N=C/c1ccc(-c2ccc(O)cc2)c2ccoc12,1.0,O\N=C\c1ccc(c2ccc(O)cc2)c3ccoc13,c1ccc(-c2cccc3occc23)cc1,19
O/N=C/c1ccc(-c2ccc(O)cc2)c2ccsc12,1.0,O\N=C\c1ccc(c2ccc(O)cc2)c3ccsc13,c1ccc(-c2cccc3sccc23)cc1,19
O/N=C/c1ccc(-c2ccc(O)cc2)c2sccc12,1.0,O\N=C\c1ccc(c2ccc(O)cc2)c3sccc13,c1ccc(-c2cccc3ccsc23)cc1,19
O/N=C/c1ccc(-c2ccccc2)c(-c2ccccc2)c1,1.0,O\N=C\c1ccc(c2ccccc2)c(c1)c3ccccc3,c1ccc(-c2ccccc2-c2ccccc2)cc1,21
O/N=C/c1ccc(-c2ccccc2)c(-c2ccccc2)c1O,1.0,O\N=C\c1ccc(c2ccccc2)c(c1O)c3ccccc3,c1ccc(-c2ccccc2-c2ccccc2)cc1,22
O=C(/C=C(/NCCO)C(F)(F)F)c1ccc(Cl)cc1,0.0,OCCN\C(=C\C(=O)c1ccc(Cl)cc1)\C(F)(F)F,c1ccccc1,19
O=C(/C=C/c1ccc(N2CCc3cc(O)ccc3C2c2ccccc2)cc1)N1CCOCC1,1.0,Oc1ccc2C(N(CCc2c1)c3ccc(\C=C\C(=O)N4CCOCC4)cc3)c5ccccc5,O=C(C=Cc1ccc(N2CCc3ccccc3C2c2ccccc2)cc1)N1CCOCC1,33
O=C(/C=C/c1ccc(O)c(O)c1)OCCc1ccccc1,0.0,Oc1ccc(\C=C\C(=O)OCCc2ccccc2)cc1O,O=C(C=Cc1ccccc1)OCCc1ccccc1,21
O=C(CCC(=O)Nc1nnc(C2CCCCC2)s1)NCC1CCCO1,0.0,O=C(CCC(=O)Nc1nnc(s1)C2CCCCC2)NCC3CCCO3,O=C(CCC(=O)Nc1nnc(C2CCCCC2)s1)NCC1CCCO1,25
O=C(CCC(=O)c1cccs1)Nc1nnc(C2CC2)s1,0.0,O=C(CCC(=O)c1cccs1)Nc2nnc(s2)C3CC3,O=C(CCC(=O)c1cccs1)Nc1nnc(C2CC2)s1,20
O=C(CCCCCCC(=O)Nc1ccc(C2=C(c3ccc(O)cc3)C3CC(S(=O)(=O)Oc4ccc(Br)cc4)C2O3)cc1)NO,0.0,ONC(=O)CCCCCCC(=O)Nc1ccc(cc1)C2=C(C3CC(C2O3)S(=O)(=O)Oc4ccc(Br)cc4)c5ccc(O)cc5,O=S(=O)(Oc1ccccc1)C1CC2OC1C(c1ccccc1)=C2c1ccccc1,44
O=C(CCCCCCC(=O)Nc1ccc(C2=C(c3ccc(O)cc3)C3CC(S(=O)(=O)Oc4ccc(F)cc4)C2O3)cc1)NO,0.0,ONC(=O)CCCCCCC(=O)Nc1ccc(cc1)C2=C(C3CC(C2O3)S(=O)(=O)Oc4ccc(F)cc4)c5ccc(O)cc5,O=S(=O)(Oc1ccccc1)C1CC2OC1C(c1ccccc1)=C2c1ccccc1,44
O=C(CCCCCCC(=O)Nc1ccc(C2=C(c3ccc(O)cc3)C3CC(S(=O)(=O)Oc4ccc5ccccc5c4)C2O3)cc1)NO,1.0,ONC(=O)CCCCCCC(=O)Nc1ccc(cc1)C2=C(C3CC(C2O3)S(=O)(=O)Oc4ccc5ccccc5c4)c6ccc(O)cc6,O=S(=O)(Oc1ccc2ccccc2c1)C1CC2OC1C(c1ccccc1)=C2c1ccccc1,47
O=C(CCCCCCC(=O)Nc1ccc(C2=C(c3ccc(O)cc3)C3CC(S(=O)(=O)Oc4cccc5ccccc45)C2O3)cc1)NO,0.0,ONC(=O)CCCCCCC(=O)Nc1ccc(cc1)C2=C(C3CC(C2O3)S(=O)(=O)Oc4cccc5ccccc45)c6ccc(O)cc6,O=S(=O)(Oc1cccc2ccccc12)C1CC2OC1C(c1ccccc1)=C2c1ccccc1,47
O=C(CCCCCCC(=O)Nc1ccc(C2=C(c3ccc(O)cc3)C3CC(S(=O)(=O)Oc4ccccc4)C2O3)cc1)NO,0.0,ONC(=O)CCCCCCC(=O)Nc1ccc(cc1)C2=C(C3CC(C2O3)S(=O)(=O)Oc4ccccc4)c5ccc(O)cc5,O=S(=O)(Oc1ccccc1)C1CC2OC1C(c1ccccc1)=C2c1ccccc1,43
O=C(CCCCCn1c(=S)[nH]c2ccccc2c1=O)N1CCC(N(Cc2ccccc2)c2ccccc2)CC1,1.0,O=C(CCCCCN1C(=S)Nc2ccccc2C1=O)N3CCC(CC3)N(Cc4ccccc4)c5ccccc5,O=C(CCCCCn1c(=S)[nH]c2ccccc2c1=O)N1CCC(N(Cc2ccccc2)c2ccccc2)CC1,39
O=C(CCCCCn1c(=S)[nH]c2ccccc2c1=O)N1CCC(Nc2ccccc2)CC1,1.0,O=C(CCCCCN1C(=S)Nc2ccccc2C1=O)N3CCC(CC3)Nc4ccccc4,O=C(CCCCCn1c(=S)[nH]c2ccccc2c1=O)N1CCC(Nc2ccccc2)CC1,32
O=C(CCCCCn1c(=S)[nH]c2ccccc2c1=O)N1CCC(O)(c2ccc(Cl)cc2)CC1,1.0,OC1(CCN(CC1)C(=O)CCCCCN2C(=S)Nc3ccccc3C2=O)c4ccc(Cl)cc4,O=C(CCCCCn1c(=S)[nH]c2ccccc2c1=O)N1CCC(c2ccccc2)CC1,33
O=C(CCCCCn1c(=S)[nH]c2ccccc2c1=O)N1CCN(c2ccc(C(F)(F)F)cc2)CC1,0.0,FC(F)(F)c1ccc(cc1)N2CCN(CC2)C(=O)CCCCCN3C(=S)Nc4ccccc4C3=O,O=C(CCCCCn1c(=S)[nH]c2ccccc2c1=O)N1CCN(c2ccccc2)CC1,35
O=C(CCCCCn1c(=S)[nH]c2ccccc2c1=O)N1CCN(c2ccncc2)CC1,1.0,O=C(CCCCCN1C(=S)Nc2ccccc2C1=O)N3CCN(CC3)c4ccncc4,O=C(CCCCCn1c(=S)[nH]c2ccccc2c1=O)N1CCN(c2ccncc2)CC1,31
O=C(CCCCCn1c(=S)[nH]c2ccccc2c1=O)N1CCN(c2ncccn2)CC1,1.0,O=C(CCCCCN1C(=S)Nc2ccccc2C1=O)N3CCN(CC3)c4ncccn4,O=C(CCCCCn1c(=S)[nH]c2ccccc2c1=O)N1CCN(c2ncccn2)CC1,31
O=C(CCCn1c(=S)[nH]c2cc3c(cc2c1=O)OCO3)N1CCN(c2ccc(Cl)cc2)CC1,0.0,Clc1ccc(cc1)N2CCN(CC2)C(=O)CCCN3C(=S)Nc4cc5OCOc5cc4C3=O,O=C(CCCn1c(=S)[nH]c2cc3c(cc2c1=O)OCO3)N1CCN(c2ccccc2)CC1,33
O=C(CCCn1c(=S)[nH]c2ccccc2c1=O)N1CCC(c2ccccc2)CC1,1.0,O=C(CCCN1C(=S)Nc2ccccc2C1=O)N3CCC(CC3)c4ccccc4,O=C(CCCn1c(=S)[nH]c2ccccc2c1=O)N1CCC(c2ccccc2)CC1,29
O=C(CCCn1c(=S)[nH]c2ccccc2c1=O)N1CCN(Cc2cccc3ccccc23)CC1,1.0,O=C(CCCN1C(=S)Nc2ccccc2C1=O)N3CCN(Cc4cccc5ccccc45)CC3,O=C(CCCn1c(=S)[nH]c2ccccc2c1=O)N1CCN(Cc2cccc3ccccc23)CC1,34
O=C(CCCn1c(=S)[nH]c2ccccc2c1=O)N1CCN(c2ccc(Cl)cc2)CC1,0.0,Clc1ccc(cc1)N2CCN(CC2)C(=O)CCCN3C(=S)Nc4ccccc4C3=O,O=C(CCCn1c(=S)[nH]c2ccccc2c1=O)N1CCN(c2ccccc2)CC1,30
O=C(CCCn1c(=S)[nH]c2ccccc2c1=O)N1CCN(c2cccc(Cl)c2)CC1,1.0,Clc1cccc(c1)N2CCN(CC2)C(=O)CCCN3C(=S)Nc4ccccc4C3=O,O=C(CCCn1c(=S)[nH]c2ccccc2c1=O)N1CCN(c2ccccc2)CC1,30
O=C(CCCn1c(=S)[nH]c2ccccc2c1=O)N1CCN(c2cccc3ccccc23)CC1,1.0,O=C(CCCN1C(=S)Nc2ccccc2C1=O)N3CCN(CC3)c4cccc5ccccc45,O=C(CCCn1c(=S)[nH]c2ccccc2c1=O)N1CCN(c2cccc3ccccc23)CC1,33
O=C(CCCn1c(=S)[nH]c2ccccc2c1=O)N1CCN(c2ccccc2O)CC1,1.0,Oc1ccccc1N2CCN(CC2)C(=O)CCCN3C(=S)Nc4ccccc4C3=O,O=C(CCCn1c(=S)[nH]c2ccccc2c1=O)N1CCN(c2ccccc2)CC1,30
O=C(CCc1ccc(O)cc1)c1ccc(O)cc1O,0.0,Oc1ccc(CCC(=O)c2ccc(O)cc2O)cc1,O=C(CCc1ccccc1)c1ccccc1,19
O=C(COC(=O)C(O)c1ccccc1)c1ccc2c(c1)OCCO2,0.0,OC(C(=O)OCC(=O)c1ccc2OCCOc2c1)c3ccccc3,O=C(Cc1ccccc1)OCC(=O)c1ccc2c(c1)OCCO2,24
O=C(COC(=O)CC1CCCC1)Nc1cc2c(cc1Cl)C(=O)c1ccccc1C2=O,0.0,Clc1cc2C(=O)c3ccccc3C(=O)c2cc1NC(=O)COC(=O)CC4CCCC4,O=C(COC(=O)CC1CCCC1)Nc1ccc2c(c1)C(=O)c1ccccc1C2=O,30
O=C(COC(=O)CCC(=O)c1cccs1)NCc1ccco1,0.0,O=C(COC(=O)CCC(=O)c1cccs1)NCc2occc2,O=C(COC(=O)CCC(=O)c1cccs1)NCc1ccco1,22
O=C(COC(=O)CCOc1ccccc1)NCc1ccco1,0.0,O=C(COC(=O)CCOc1ccccc1)NCc2occc2,O=C(COC(=O)CCOc1ccccc1)NCc1ccco1,22
O=C(COC(=O)c1ccc(O)c(O)c1)c1ccccc1,0.0,Oc1ccc(cc1O)C(=O)OCC(=O)c2ccccc2,O=C(COC(=O)c1ccccc1)c1ccccc1,20
O=C(COC(=O)c1cccc(O)c1)c1ccc(Cl)cc1,0.0,Oc1cccc(c1)C(=O)OCC(=O)c2ccc(Cl)cc2,O=C(COC(=O)c1ccccc1)c1ccccc1,20
O=C(COC(=O)c1cccc(S(=O)(=O)N2CCc3ccccc3C2)c1)NCc1ccco1,0.0,O=C(COC(=O)c1cccc(c1)S(=O)(=O)N2CCc3ccccc3C2)NCc4occc4,O=C(COC(=O)c1cccc(S(=O)(=O)N2CCc3ccccc3C2)c1)NCc1ccco1,32
O=C(COC(=O)c1ccccc1Oc1ccccc1)NCc1ccco1,0.0,O=C(COC(=O)c1ccccc1Oc2ccccc2)NCc3occc3,O=C(COC(=O)c1ccccc1Oc1ccccc1)NCc1ccco1,26
O=C(COc1ccccc1)Nc1ccc(Cl)c(-c2nc3ncccc3o2)c1,0.0,Clc1ccc(NC(=O)COc2ccccc2)cc1c3oc4cccnc4n3,O=C(COc1ccccc1)Nc1cccc(-c2nc3ncccc3o2)c1,27
O=C(CSc1cccc(C(F)(F)F)c1)NC(=O)NCc1ccco1,0.0,FC(F)(F)c1cccc(SCC(=O)NC(=O)NCc2occc2)c1,O=C(CSc1ccccc1)NC(=O)NCc1ccco1,24
O=C(CSc1n[nH]c(-c2ccc(S(=O)(=O)N3CCCCC3)cc2)n1)Nc1nccs1,0.0,O=C(CSc1n[nH]c(n1)c2ccc(cc2)S(=O)(=O)N3CCCCC3)Nc4nccs4,O=C(CSc1n[nH]c(-c2ccc(S(=O)(=O)N3CCCCC3)cc2)n1)Nc1nccs1,30
O=C(CSc1n[nH]c(-c2ccco2)n1)Nc1sc2c(c1C(=O)Nc1ccccc1)CCCC2,0.0,O=C(CSc1n[nH]c(n1)c2occc2)Nc3sc4CCCCc4c3C(=O)Nc5ccccc5,O=C(CSc1n[nH]c(-c2ccco2)n1)Nc1sc2c(c1C(=O)Nc1ccccc1)CCCC2,33
O=C(CSc1nc(-c2ccc(F)cc2)cs1)NC(=O)NCc1ccco1,0.0,Fc1ccc(cc1)c2csc(SCC(=O)NC(=O)NCc3occc3)n2,O=C(CSc1nc(-c2ccccc2)cs1)NC(=O)NCc1ccco1,26
O=C(CSc1nc(O)c2cnn(-c3ccccc3)c2n1)c1ccc(Cl)cc1,0.0,Oc1nc(SCC(=O)c2ccc(Cl)cc2)nc3c1cnn3c4ccccc4,O=C(CSc1ncc2cnn(-c3ccccc3)c2n1)c1ccccc1,27
O=C(CSc1nc2c(c(=O)n1-c1ccc(Br)cc1)SCC2)Nc1nccs1,0.0,Brc1ccc(cc1)N2C(=NC3=C(SCC3)C2=O)SCC(=O)Nc4nccs4,O=C(CSc1nc2c(c(=O)n1-c1ccccc1)SCC2)Nc1nccs1,27
O=C(CSc1nc2cc(Cl)ccc2s1)NC(=O)NCc1ccco1,0.0,Clc1ccc2sc(SCC(=O)NC(=O)NCc3occc3)nc2c1,O=C(CSc1nc2ccccc2s1)NC(=O)NCc1ccco1,24
O=C(CSc1nc2scc(-c3ccco3)c2c(=O)n1-c1ccccc1)NCC1CCCO1,0.0,O=C(CSC1=Nc2scc(c3occc3)c2C(=O)N1c4ccccc4)NCC5CCCO5,O=C(CSc1nc2scc(-c3ccco3)c2c(=O)n1-c1ccccc1)NCC1CCCO1,32
O=C(CSc1nnc(-c2ccc(OC(F)F)cc2)o1)NC(=O)NCc1ccco1,0.0,FC(F)Oc1ccc(cc1)c2oc(SCC(=O)NC(=O)NCc3occc3)nn2,O=C(CSc1nnc(-c2ccccc2)o1)NC(=O)NCc1ccco1,29
O=C(CSc1nnc(SCC(=O)c2ccco2)s1)c1ccco1,0.0,O=C(CSc1nnc(SCC(=O)c2occc2)s1)c3occc3,O=C(CSc1nnc(SCC(=O)c2ccco2)s1)c1ccco1,23
O=C(CSc1nnnn1-c1ccccc1)Nc1nsc(-c2ccc(Cl)cc2)n1,0.0,Clc1ccc(cc1)c2nc(NC(=O)CSc3nnnn3c4ccccc4)ns2,O=C(CSc1nnnn1-c1ccccc1)Nc1nsc(-c2ccccc2)n1,28
O=C(Cc1cc2ccccc2o1)c1ccc(O)cc1O,0.0,Oc1ccc(C(=O)Cc2oc3ccccc3c2)c(O)c1,O=C(Cc1cc2ccccc2o1)c1ccccc1,20
O=C(Cc1ccc(Cl)cc1)Nc1ccc2oc(-c3ccncc3)nc2c1,0.0,Clc1ccc(CC(=O)Nc2ccc3oc(nc3c2)c4ccncc4)cc1,O=C(Cc1ccccc1)Nc1ccc2oc(-c3ccncc3)nc2c1,26
O=C(Cc1ccc(O)cc1)c1ccc(O)cc1O,0.0,Oc1ccc(CC(=O)c2ccc(O)cc2O)cc1,O=C(Cc1ccccc1)c1ccccc1,18
O=C(Cc1ccc(S(=O)(=O)N2CCOCC2)s1)Nc1nc2c(s1)CCCC2,0.0,O=C(Cc1ccc(s1)S(=O)(=O)N2CCOCC2)Nc3nc4CCCCc4s3,O=C(Cc1ccc(S(=O)(=O)N2CCOCC2)s1)Nc1nc2c(s1)CCCC2,27
O=C(Cc1ccccc1)Nc1ccc2oc(-c3cccnc3)nc2c1,0.0,O=C(Cc1ccccc1)Nc2ccc3oc(nc3c2)c4cccnc4,O=C(Cc1ccccc1)Nc1ccc2oc(-c3cccnc3)nc2c1,25
O=C(Cc1cccs1)Nc1ccccn1,0.0,O=C(Cc1cccs1)Nc2ccccn2,O=C(Cc1cccs1)Nc1ccccn1,15
O=C(Cc1cccs1)Nc1nnc(COc2ccccc2)s1,0.0,O=C(Cc1cccs1)Nc2nnc(COc3ccccc3)s2,O=C(Cc1cccs1)Nc1nnc(COc2ccccc2)s1,22
O=C(Cc1cn2ccsc2n1)OCc1nc2ccccc2s1,0.0,O=C(Cc1cn2ccsc2n1)OCc3nc4ccccc4s3,O=C(Cc1cn2ccsc2n1)OCc1nc2ccccc2s1,22
O=C(Cc1coc2cc3c(cc12)CCC3)OCc1cc(=O)n2c(n1)sc1ccccc12,0.0,O=C(Cc1coc2cc3CCCc3cc12)OCC4=CC(=O)N5C(=N4)Sc6ccccc56,O=C(Cc1coc2cc3c(cc12)CCC3)OCc1cc(=O)n2c(n1)sc1ccccc12,31
O=C(Cn1c(=O)n(Cc2ccco2)c(=O)c2c3c(sc21)CCCCC3)Nc1ccccc1,0.0,O=C(CN1C(=O)N(Cc2occc2)C(=O)c3c4CCCCCc4sc13)Nc5ccccc5,O=C(Cn1c(=O)n(Cc2ccco2)c(=O)c2c3c(sc21)CCCCC3)Nc1ccccc1,32
O=C(Cn1c(=O)n(Cc2ccco2)c(=O)c2c3c(sc21)CCCCC3)c1ccccc1,0.0,O=C(CN1C(=O)N(Cc2occc2)C(=O)c3c4CCCCCc4sc13)c5ccccc5,O=C(Cn1c(=O)n(Cc2ccco2)c(=O)c2c3c(sc21)CCCCC3)c1ccccc1,31
O=C(Cn1c(=O)oc2cc(S(=O)(=O)N3CCCCCC3)ccc21)NC1CCCCC1,0.0,O=C(CN1C(=O)Oc2cc(ccc12)S(=O)(=O)N3CCCCCC3)NC4CCCCC4,O=C(Cn1c(=O)oc2cc(S(=O)(=O)N3CCCCCC3)ccc21)NC1CCCCC1,30
O=C(Cn1ncc2c(=O)oc3ccccc3c21)Nc1nc2ccccc2s1,0.0,O=C(Cn1ncc2C(=O)Oc3ccccc3c12)Nc4nc5ccccc5s4,O=C(Cn1ncc2c(=O)oc3ccccc3c21)Nc1nc2ccccc2s1,27
O=C(N/N=C/c1cc(Br)ccc1O)c1cc2ccccc2cc1O,0.0,Oc1ccc(Br)cc1\C=N\NC(=O)c2cc3ccccc3cc2O,O=C(NN=Cc1ccccc1)c1ccc2ccccc2c1,24
O=C(N/N=C/c1cccc(Oc2ccc([N+](=O)[O-])cc2[N+](=O)[O-])c1)c1cncc(Br)c1,0.0,[O-][N+](=O)c1ccc(Oc2cccc(\C=N\NC(=O)c3cncc(Br)c3)c2)c(c1)[N+](=O)[O-],O=C(NN=Cc1cccc(Oc2ccccc2)c1)c1cccnc1,31
O=C(N1CCc2cc(O)ccc2C1)C(Cl)(Cl)Cl,0.0,Oc1ccc2CN(CCc2c1)C(=O)C(Cl)(Cl)Cl,c1ccc2c(c1)CCNC2,17
O=C(N1CCc2cc(O)ccc2C1)C(F)(F)Cl,0.0,Oc1ccc2CN(CCc2c1)C(=O)C(F)(F)Cl,c1ccc2c(c1)CCNC2,17
O=C(N1CCc2cc(O)ccc2C1)C(F)(F)F,1.0,Oc1ccc2CN(CCc2c1)C(=O)C(F)(F)F,c1ccc2c(c1)CCNC2,17
O=C(N1CCc2cc(O)ccc2C1c1ccc(Br)cc1)C(F)(F)F,1.0,Oc1ccc2C(N(CCc2c1)C(=O)C(F)(F)F)c3ccc(Br)cc3,c1ccc(C2NCCc3ccccc32)cc1,24
O=C(N1CCc2cc(O)ccc2C1c1ccc(OCCN2CCCC2)cc1)C(F)(F)F,1.0,Oc1ccc2C(N(CCc2c1)C(=O)C(F)(F)F)c3ccc(OCCN4CCCC4)cc3,c1ccc2c(c1)CCNC2c1ccc(OCCN2CCCC2)cc1,31
O=C(N1CCc2cc(O)ccc2[C@@H]1c1ccc(O)cc1)C(F)(F)F,0.0,Oc1ccc(cc1)[C@@H]2N(CCc3cc(O)ccc23)C(=O)C(F)(F)F,c1ccc(C2NCCc3ccccc32)cc1,24
O=C(N1CCc2cc(O)ccc2[C@H]1c1ccc(O)cc1)C(F)(F)F,1.0,Oc1ccc(cc1)[C@H]2N(CCc3cc(O)ccc23)C(=O)C(F)(F)F,c1ccc(C2NCCc3ccccc32)cc1,24
O=C(N1CCc2ccc(O)cc2C1)C(F)(F)F,0.0,Oc1ccc2CCN(Cc2c1)C(=O)C(F)(F)F,c1ccc2c(c1)CCNC2,17
O=C(N1Cc2cc(O)ccc2C(c2ccc(O)cc2)C1)C(F)(F)F,1.0,Oc1ccc(cc1)C2CN(Cc3cc(O)ccc23)C(=O)C(F)(F)F,c1ccc(C2CNCc3ccccc32)cc1,24
O=C(NC1CCS(=O)(=O)C1)c1c(NC(=O)C2COc3ccccc3O2)sc2c1CCCC2,0.0,O=C(Nc1sc2CCCCc2c1C(=O)NC3CCS(=O)(=O)C3)C4COc5ccccc5O4,O=C(NC1CCS(=O)(=O)C1)c1c(NC(=O)C2COc3ccccc3O2)sc2c1CCCC2,32
O=C(NCCCCCCNC(=O)c1ccc(Br)s1)c1ccc(Br)s1,0.0,Brc1ccc(s1)C(=O)NCCCCCCNC(=O)c2ccc(Br)s2,O=C(NCCCCCCNC(=O)c1cccs1)c1cccs1,24
O=C(NCCO)c1ccc2nc(-c3ccco3)c(-c3ccco3)nc2c1,0.0,OCCNC(=O)c1ccc2nc(c3occc3)c(nc2c1)c4occc4,c1coc(-c2nc3ccccc3nc2-c2ccco2)c1,26
O=C(NCc1ccc(Cl)cc1)c1cc(-c2cccs2)on1,0.0,Clc1ccc(CNC(=O)c2cc(on2)c3cccs3)cc1,O=C(NCc1ccccc1)c1cc(-c2cccs2)on1,21
O=C(NCc1ccco1)c1cc2c(s1)CSC2,0.0,O=C(NCc1occc1)c2cc3CSCc3s2,O=C(NCc1ccco1)c1cc2c(s1)CSC2,17
O=C(NCc1ccco1)c1cc2cc3ccc(Cl)cc3nc2o1,0.0,Clc1ccc2cc3cc(oc3nc2c1)C(=O)NCc4occc4,O=C(NCc1ccco1)c1cc2cc3ccccc3nc2o1,23
O=C(NCc1ccco1)c1cc2ccc(O)cc2oc1=O,0.0,Oc1ccc2C=C(C(=O)NCc3occc3)C(=O)Oc2c1,O=C(NCc1ccco1)c1cc2ccccc2oc1=O,21
O=C(NCc1ccco1)c1cc2ccccc2c(=O)o1,0.0,O=C(NCc1occc1)C2=Cc3ccccc3C(=O)O2,O=C(NCc1ccco1)c1cc2ccccc2c(=O)o1,20
O=C(NCc1ccco1)c1nn2c(C(F)(F)F)cc(-c3cccs3)nc2c1Br,0.0,FC(F)(F)c1cc(nc2c(Br)c(nn12)C(=O)NCc3occc3)c4cccs4,O=C(NCc1ccco1)c1cc2nc(-c3cccs3)ccn2n1,28
O=C(NNC(=O)c1ccc(SCC2CCCO2)c([N+](=O)[O-])c1)c1ccc(Cl)c([N+](=O)[O-])c1,0.0,[O-][N+](=O)c1cc(ccc1Cl)C(=O)NNC(=O)c2ccc(SCC3CCCO3)c(c2)[N+](=O)[O-],O=C(NNC(=O)c1ccc(SCC2CCCO2)cc1)c1ccccc1,32
O=C(Nc1ccc(-c2noc(-c3cccs3)n2)cc1)c1cccnc1,0.0,O=C(Nc1ccc(cc1)c2noc(n2)c3cccs3)c4cccnc4,O=C(Nc1ccc(-c2noc(-c3cccs3)n2)cc1)c1cccnc1,25
O=C(Nc1ccc(-n2nncc2-c2ccco2)cc1)c1cc2ccccc2oc1=O,0.0,O=C(Nc1ccc(cc1)n2nncc2c3occc3)C4=Cc5ccccc5OC4=O,O=C(Nc1ccc(-n2nncc2-c2ccco2)cc1)c1cc2ccccc2oc1=O,30
O=C(Nc1ccc(Cc2ccncc2)cc1)C1CCC(N2C(=O)C3CC=CCC3C2=O)CC1,0.0,O=C(Nc1ccc(Cc2ccncc2)cc1)C3CCC(CC3)N4C(=O)C5CC=CCC5C4=O,O=C(Nc1ccc(Cc2ccncc2)cc1)C1CCC(N2C(=O)C3CC=CCC3C2=O)CC1,33
O=C(Nc1ccc(N2CCCC2)cc1)C(Cl)c1ccccc1,0.0,ClC(C(=O)Nc1ccc(cc1)N2CCCC2)c3ccccc3,O=C(Cc1ccccc1)Nc1ccc(N2CCCC2)cc1,22
O=C(Nc1ccc(N2CCCC2)cc1)C(c1ccccc1)c1ccccc1,0.0,O=C(Nc1ccc(cc1)N2CCCC2)C(c3ccccc3)c4ccccc4,O=C(Nc1ccc(N2CCCC2)cc1)C(c1ccccc1)c1ccccc1,27
O=C(Nc1ccc2c(c1)nc1n2CCSC1)c1ccco1,0.0,O=C(Nc1ccc2c(c1)nc3CSCCn23)c4occc4,O=C(Nc1ccc2c(c1)nc1n2CCSC1)c1ccco1,21
O=C(Nc1ccc2nn(-c3ccccc3)nc2c1)c1ccc(Br)o1,0.0,Brc1oc(cc1)C(=O)Nc2ccc3nn(nc3c2)c4ccccc4,O=C(Nc1ccc2nn(-c3ccccc3)nc2c1)c1ccco1,24
O=C(Nc1ccc2nn(-c3ccccc3)nc2c1)c1ccc2c(c1)OCO2,0.0,O=C(Nc1ccc2nn(nc2c1)c3ccccc3)c4ccc5OCOc5c4,O=C(Nc1ccc2nn(-c3ccccc3)nc2c1)c1ccc2c(c1)OCO2,27
O=C(Nc1ccc2oc(-c3ccc4ccccc4c3)nc2c1)c1cccs1,0.0,O=C(Nc1ccc2oc(nc2c1)c3ccc4ccccc4c3)c5cccs5,O=C(Nc1ccc2oc(-c3ccc4ccccc4c3)nc2c1)c1cccs1,27
O=C(Nc1ccc2oc(-c3ccccc3F)nc2c1)c1cncc(Br)c1,0.0,Fc1ccccc1c2oc3ccc(NC(=O)c4cncc(Br)c4)cc3n2,O=C(Nc1ccc2oc(-c3ccccc3)nc2c1)c1cccnc1,26
O=C(Nc1cccc(-c2cn3cccnc3n2)c1)c1ccc2c(c1)OCO2,0.0,O=C(Nc1cccc(c1)c2cn3cccnc3n2)c4ccc5OCOc5c4,O=C(Nc1cccc(-c2cn3cccnc3n2)c1)c1ccc2c(c1)OCO2,27
O=C(Nc1cccc(-c2cnc3ccccc3n2)c1)c1cccc(NC(=O)c2ccco2)c1,0.0,O=C(Nc1cccc(c1)C(=O)Nc2cccc(c2)c3cnc4ccccc4n3)c5occc5,O=C(Nc1cccc(-c2cnc3ccccc3n2)c1)c1cccc(NC(=O)c2ccco2)c1,33
O=C(Nc1ccccc1[N+](=O)[O-])C1=C(O)CCn2c1nc1ccccc12,0.0,OC1=C(C(=O)Nc2ccccc2[N+](=O)[O-])c3nc4ccccc4n3CC1,O=C(Nc1ccccc1)C1=CCCn2c1nc1ccccc12,26
O=C(Nc1cccnc1)c1cc(-c2ccc3c(c2)OCO3)on1,0.0,O=C(Nc1cccnc1)c2cc(on2)c3ccc4OCOc4c3,O=C(Nc1cccnc1)c1cc(-c2ccc3c(c2)OCO3)on1,23
O=C(Nc1cnc2ccccc2c1)c1ccco1,0.0,O=C(Nc1cnc2ccccc2c1)c3occc3,O=C(Nc1cnc2ccccc2c1)c1ccco1,18
O=C(Nc1cnn(C23CC4CC(CC(C4)C2)C3)c1)c1cnn2c(C(F)(F)F)cc(-c3ccco3)nc12,0.0,FC(F)(F)c1cc(nc2c(cnn12)C(=O)Nc3cnn(c3)C45CC6CC(CC(C6)C4)C5)c7occc7,O=C(Nc1cnn(C23CC4CC(CC(C4)C2)C3)c1)c1cnn2ccc(-c3ccco3)nc12,36
O=C(Nc1nc(-c2ccc(S(=O)(=O)N3CCOCC3)cc2)cs1)c1ccccc1,0.0,O=C(Nc1nc(cs1)c2ccc(cc2)S(=O)(=O)N3CCOCC3)c4ccccc4.C5COCCO5,O=C(Nc1nc(-c2ccc(S(=O)(=O)N3CCOCC3)cc2)cs1)c1ccccc1,29
O=C(Nc1nc(-c2ccccn2)cs1)c1ccc(Br)s1,0.0,Brc1ccc(s1)C(=O)Nc2nc(cs2)c3ccccn3,O=C(Nc1nc(-c2ccccn2)cs1)c1cccs1,20
O=C(Nc1nc(-c2nc3ccccc3s2)cs1)C1COc2ccccc2O1,0.0,O=C(Nc1nc(cs1)c2nc3ccccc3s2)C4COc5ccccc5O4,O=C(Nc1nc(-c2nc3ccccc3s2)cs1)C1COc2ccccc2O1,27
O=C(Nc1nc2ccccc2s1)c1cc2c(s1)-c1ccccc1OC2,0.0,O=C(Nc1nc2ccccc2s1)c3cc4COc5ccccc5c4s3,O=C(Nc1nc2ccccc2s1)c1cc2c(s1)-c1ccccc1OC2,25
O=C(Nc1nccs1)c1nc(-c2ccccc2)n(-c2ccccc2)n1,0.0,O=C(Nc1nccs1)c2nc(c3ccccc3)n(n2)c4ccccc4,O=C(Nc1nccs1)c1nc(-c2ccccc2)n(-c2ccccc2)n1,25
O=C(O)/C=C/c1ccc(C2c3ccc(O)cc3CCN2Cc2ccccc2)cc1,1.0,OC(=O)\C=C\c1ccc(cc1)C2N(Cc3ccccc3)CCc4cc(O)ccc24,c1ccc(CN2CCc3ccccc3C2c2ccccc2)cc1,29
O=C(O)/C=C/c1ccc(C2c3ccc(O)cc3CCN2c2ccc(OC(F)(F)F)cc2)cc1,1.0,OC(=O)\C=C\c1ccc(cc1)C2N(CCc3cc(O)ccc23)c4ccc(OC(F)(F)F)cc4,c1ccc(C2c3ccccc3CCN2c2ccccc2)cc1,33
O=C(O)/C=C/c1ccc(C2c3ccc(O)cc3CCN2c2ccccc2)cc1,1.0,OC(=O)\C=C\c1ccc(cc1)C2N(CCc3cc(O)ccc23)c4ccccc4,c1ccc(C2c3ccccc3CCN2c2ccccc2)cc1,28
O=C(O)/C=C/c1ccc(Cc2c(-c3ccc(C(F)(F)F)cc3)c(=O)oc3cc(O)ccc23)cc1,1.0,OC(=O)\C=C\c1ccc(CC2=C(C(=O)Oc3cc(O)ccc23)c4ccc(cc4)C(F)(F)F)cc1,O=c1oc2ccccc2c(Cc2ccccc2)c1-c1ccccc1,34
O=C(O)/C=C/c1ccc(Cc2c(-c3ccc(Cl)cc3)c(=O)oc3cc(O)ccc23)cc1,1.0,OC(=O)\C=C\c1ccc(CC2=C(C(=O)Oc3cc(O)ccc23)c4ccc(Cl)cc4)cc1,O=c1oc2ccccc2c(Cc2ccccc2)c1-c1ccccc1,31
O=C(O)/C=C/c1ccc(Cc2c(-c3ccc(F)cc3)c(=O)oc3cc(O)ccc23)cc1,1.0,OC(=O)\C=C\c1ccc(CC2=C(C(=O)Oc3cc(O)ccc23)c4ccc(F)cc4)cc1,O=c1oc2ccccc2c(Cc2ccccc2)c1-c1ccccc1,31
O=C(O)/C=C/c1ccc(Cc2c(-c3ccc(F)cc3Cl)c(=O)oc3cc(O)ccc23)cc1,1.0,OC(=O)\C=C\c1ccc(CC2=C(C(=O)Oc3cc(O)ccc23)c4ccc(F)cc4Cl)cc1,O=c1oc2ccccc2c(Cc2ccccc2)c1-c1ccccc1,32
O=C(O)/C=C/c1ccc(Cc2c(-c3ccc(F)cc3F)c(=O)oc3cc(O)ccc23)cc1,1.0,OC(=O)\C=C\c1ccc(CC2=C(C(=O)Oc3cc(O)ccc23)c4ccc(F)cc4F)cc1,O=c1oc2ccccc2c(Cc2ccccc2)c1-c1ccccc1,32
O=C(O)/C=C/c1ccc(Cc2c(-c3ccc(OC(F)(F)F)cc3)c(=O)oc3cc(F)ccc23)cc1,0.0,OC(=O)\C=C\c1ccc(CC2=C(C(=O)Oc3cc(F)ccc23)c4ccc(OC(F)(F)F)cc4)cc1,O=c1oc2ccccc2c(Cc2ccccc2)c1-c1ccccc1,35
O=C(O)/C=C/c1ccc(Cc2c(-c3ccc(OC(F)(F)F)cc3)c(=O)oc3cc(O)ccc23)cc1,1.0,OC(=O)\C=C\c1ccc(CC2=C(C(=O)Oc3cc(O)ccc23)c4ccc(OC(F)(F)F)cc4)cc1,O=c1oc2ccccc2c(Cc2ccccc2)c1-c1ccccc1,35
O=C(O)/C=C/c1ccc(Cc2c(-c3cccc(OC(F)(F)F)c3)c(=O)oc3cc(O)ccc23)cc1,1.0,OC(=O)\C=C\c1ccc(CC2=C(C(=O)Oc3cc(O)ccc23)c4cccc(OC(F)(F)F)c4)cc1,O=c1oc2ccccc2c(Cc2ccccc2)c1-c1ccccc1,35
O=C(O)/C=C/c1ccc(Cc2c(-c3ccccc3)c(=O)oc3cc(O)ccc23)cc1,1.0,OC(=O)\C=C\c1ccc(CC2=C(C(=O)Oc3cc(O)ccc23)c4ccccc4)cc1,O=c1oc2ccccc2c(Cc2ccccc2)c1-c1ccccc1,30
O=C(O)/C=C/c1ccc(O)cc1,0.0,OC(=O)\C=C\c1ccc(O)cc1,c1ccccc1,12
O=C(O)/C=C/c1ccc(Oc2c(-c3ccccc3)c(-c3ccccc3)nc3cc(O)ccc23)cc1,0.0,OC(=O)\C=C\c1ccc(Oc2c(c3ccccc3)c(nc4cc(O)ccc24)c5ccccc5)cc1,c1ccc(Oc2c(-c3ccccc3)c(-c3ccccc3)nc3ccccc23)cc1,35
O=C(O)/C=C/c1ccc(Oc2c(-c3ccccc3)c(C3CC3)cc3cc(O)ccc23)cc1,1.0,OC(=O)\C=C\c1ccc(Oc2c(c3ccccc3)c(cc4cc(O)ccc24)C5CC5)cc1,c1ccc(Oc2c(-c3ccccc3)c(C3CC3)cc3ccccc23)cc1,32
O=C(O)C(O)c1ccco1,0.0,OC(C(=O)O)c1occc1,c1ccoc1,10
O=C(O)C1Nc2c(C(=O)N3CCOCC3)cccc2C2C=CCC12,0.0,OC(=O)C1Nc2c(cccc2C(=O)N3CCOCC3)C4C=CCC14,O=C(c1cccc2c1NCC1CC=CC21)N1CCOCC1,24
O=C(O)CCCCCCC(=O)Nc1ccc(C2=C(c3ccc(O)cc3)C3CC(S(=O)(=O)Oc4ccc(C(F)(F)F)cc4)C2O3)cc1,0.0,OC(=O)CCCCCCC(=O)Nc1ccc(cc1)C2=C(C3CC(C2O3)S(=O)(=O)Oc4ccc(cc4)C(F)(F)F)c5ccc(O)cc5,O=S(=O)(Oc1ccccc1)C1CC2OC1C(c1ccccc1)=C2c1ccccc1,46
O=C(O)CCCCCCC(=O)Nc1ccc(C2=C(c3ccc(O)cc3)C3CC(S(=O)(=O)Oc4ccc(F)cc4)C2O3)cc1,1.0,OC(=O)CCCCCCC(=O)Nc1ccc(cc1)C2=C(C3CC(C2O3)S(=O)(=O)Oc4ccc(F)cc4)c5ccc(O)cc5,O=S(=O)(Oc1ccccc1)C1CC2OC1C(c1ccccc1)=C2c1ccccc1,43
O=C(O)CCCCCCC(=O)Nc1ccc(C2=C(c3ccc(O)cc3)C3CC(S(=O)(=O)Oc4ccc(O)cc4)C2O3)cc1,0.0,OC(=O)CCCCCCC(=O)Nc1ccc(cc1)C2=C(C3CC(C2O3)S(=O)(=O)Oc4ccc(O)cc4)c5ccc(O)cc5,O=S(=O)(Oc1ccccc1)C1CC2OC1C(c1ccccc1)=C2c1ccccc1,43
O=C(O)CCCCCCC(=O)Nc1ccc(C2=C(c3ccc(O)cc3)C3CC(S(=O)(=O)Oc4cccc(O)c4)C2O3)cc1,1.0,OC(=O)CCCCCCC(=O)Nc1ccc(cc1)C2=C(C3CC(C2O3)S(=O)(=O)Oc4cccc(O)c4)c5ccc(O)cc5,O=S(=O)(Oc1ccccc1)C1CC2OC1C(c1ccccc1)=C2c1ccccc1,43
O=C(O)CCCCCCC(=O)Nc1ccc(C2=C(c3ccc(O)cc3)C3CC(S(=O)(=O)Oc4cccc5ccccc45)C2O3)cc1,1.0,OC(=O)CCCCCCC(=O)Nc1ccc(cc1)C2=C(C3CC(C2O3)S(=O)(=O)Oc4cccc5ccccc45)c6ccc(O)cc6,O=S(=O)(Oc1cccc2ccccc12)C1CC2OC1C(c1ccccc1)=C2c1ccccc1,46
O=C(O)CCCCCCC(=O)Nc1ccc(C2=C(c3ccc(O)cc3)C3CC(S(=O)(=O)Oc4ccccc4C(F)(F)F)C2O3)cc1,0.0,OC(=O)CCCCCCC(=O)Nc1ccc(cc1)C2=C(C3CC(C2O3)S(=O)(=O)Oc4ccccc4C(F)(F)F)c5ccc(O)cc5,O=S(=O)(Oc1ccccc1)C1CC2OC1C(c1ccccc1)=C2c1ccccc1,46
O=C(O)CCCCCCC(=O)Nc1ccc(C2=C(c3ccc(O)cc3)C3CC(S(=O)(=O)Oc4ccccc4O)C2O3)cc1,1.0,OC(=O)CCCCCCC(=O)Nc1ccc(cc1)C2=C(C3CC(C2O3)S(=O)(=O)Oc4ccccc4O)c5ccc(O)cc5,O=S(=O)(Oc1ccccc1)C1CC2OC1C(c1ccccc1)=C2c1ccccc1,43
O=C(O)CCCCCCC(=O)Nc1ccc(OS(=O)(=O)C2CC3OC2C(c2ccc(O)cc2)=C3c2ccc(O)cc2)cc1,1.0,OC(=O)CCCCCCC(=O)Nc1ccc(OS(=O)(=O)C2CC3OC2C(=C3c4ccc(O)cc4)c5ccc(O)cc5)cc1,O=S(=O)(Oc1ccccc1)C1CC2OC1C(c1ccccc1)=C2c1ccccc1,43
O=C(O)CCCCCCC(=O)Nc1cccc(OS(=O)(=O)C2CC3OC2C(c2ccc(O)cc2)=C3c2ccc(O)cc2)c1,1.0,OC(=O)CCCCCCC(=O)Nc1cccc(OS(=O)(=O)C2CC3OC2C(=C3c4ccc(O)cc4)c5ccc(O)cc5)c1,O=S(=O)(Oc1ccccc1)C1CC2OC1C(c1ccccc1)=C2c1ccccc1,43
O=C(O)CCN1CCC2(CC1)C(=O)Nc1cc(/C=C3\c4ccccc4COc4cc(F)ccc43)ccc12,0.0,OC(=O)CCN1CCC2(CC1)C(=O)Nc3cc(\C=C\4/c5ccccc5COc6cc(F)ccc46)ccc23,O=C1Nc2cc(C=C3c4ccccc4COc4ccccc43)ccc2C12CCNCC2,37
O=C(O)CCN1CCc2c([nH]c3ccccc23)C1c1ccc(Cl)cc1,0.0,OC(=O)CCN1CCc2c([nH]c3ccccc23)C1c4ccc(Cl)cc4,c1ccc(C2NCCc3c2[nH]c2ccccc32)cc1,25
O=C(O)CCOc1ccc([C@H]2Oc3cc(O)ccc3C3=C2c2ccc(O)cc2OCC3)cc1,1.0,OC(=O)CCOc1ccc(cc1)[C@H]2Oc3cc(O)ccc3C4=C2c5ccc(O)cc5OCC4,c1ccc(C2Oc3ccccc3C3=C2c2ccccc2OCC3)cc1,33
O=C(O)CCc1cc(Br)c(OCc2cccc(Br)c2)c(Br)c1,0.0,OC(=O)CCc1cc(Br)c(OCc2cccc(Br)c2)c(Br)c1,c1ccc(COc2ccccc2)cc1,22
O=C(O)CCn1ccnc1-c1ccccc1,0.0,OC(=O)CCn1ccnc1c2ccccc2,c1ccc(-c2ncc[nH]2)cc1,16
O=C(O)c1cc(-c2ccco2)nc2ccc(Br)cc12,0.0,OC(=O)c1cc(nc2ccc(Br)cc12)c3occc3,c1coc(-c2ccc3ccccc3n2)c1,19
O=C(O)c1cc(-c2ccco2)nc2ccccc12,0.0,OC(=O)c1cc(nc2ccccc12)c3occc3,c1coc(-c2ccc3ccccc3n2)c1,18
O=C(O)c1cc(O)cc2nc(-c3ccc(O)cc3)oc12,0.0,OC(=O)c1cc(O)cc2nc(oc12)c3ccc(O)cc3,c1ccc(-c2nc3ccccc3o2)cc1,20
O=C(O)c1ccc2c(c1)[C@@H]1C=CC[C@@H]1[C@H](c1ccccn1)N2,0.0,OC(=O)c1ccc2N[C@H]([C@H]3CC=C[C@H]3c2c1)c4ccccn4,C1=CC2c3ccccc3NC(c3ccccn3)C2C1,22
O=C(OC(c1ccccc1)c1ccccc1)c1ccc(O)cc1,0.0,Oc1ccc(cc1)C(=O)OC(c2ccccc2)c3ccccc3,O=C(OC(c1ccccc1)c1ccccc1)c1ccccc1,23
O=C(OCn1nnc2ccccc2c1=O)c1cn(-c2ccccc2)nc1-c1cccnc1,0.0,O=C(OCN1N=Nc2ccccc2C1=O)c3cn(nc3c4cccnc4)c5ccccc5,O=C(OCn1nnc2ccccc2c1=O)c1cn(-c2ccccc2)nc1-c1cccnc1,32
O=C(Oc1cc(O)ccc1C(=O)O)c1ccccc1,0.0,OC(=O)c1ccc(O)cc1OC(=O)c2ccccc2,O=C(Oc1ccccc1)c1ccccc1,19
O=C(Oc1ccc(-c2cnc3ccccc3n2)cc1)c1ccc(Br)o1,0.0,Brc1oc(cc1)C(=O)Oc2ccc(cc2)c3cnc4ccccc4n3,O=C(Oc1ccc(-c2cnc3ccccc3n2)cc1)c1ccco1,25
O=C(Oc1ccc(N2C(=O)CCC2=O)cc1)c1ccco1,0.0,O=C(Oc1ccc(cc1)N2C(=O)CCC2=O)c3occc3,O=C(Oc1ccc(N2C(=O)CCC2=O)cc1)c1ccco1,21
O=C(Oc1ccc2c(-c3ccccc3)cc(=O)oc2c1)c1ccco1,0.0,O=C(Oc1ccc2C(=CC(=O)Oc2c1)c3ccccc3)c4occc4,O=C(Oc1ccc2c(-c3ccccc3)cc(=O)oc2c1)c1ccco1,25
O=C(Oc1cccc(-c2cnc3ccccc3n2)c1)c1ccco1,0.0,O=C(Oc1cccc(c1)c2cnc3ccccc3n2)c4occc4,O=C(Oc1cccc(-c2cnc3ccccc3n2)c1)c1ccco1,24
O=C(Oc1cccc(O)c1)c1cccc(F)c1,0.0,Oc1cccc(OC(=O)c2cccc(F)c2)c1,O=C(Oc1ccccc1)c1ccccc1,17
O=C(c1cc(-c2ccco2)on1)N1CCCc2ccccc21,0.0,O=C(N1CCCc2ccccc12)c3cc(on3)c4occc4,O=C(c1cc(-c2ccco2)on1)N1CCCc2ccccc21,22
O=C(c1cc(-c2ccco2)on1)N1CCc2ccccc2C1,0.0,O=C(N1CCc2ccccc2C1)c3cc(on3)c4occc4,O=C(c1cc(-c2ccco2)on1)N1CCc2ccccc2C1,22
O=C(c1cc2ccccc2oc1=O)N(Cc1ccco1)Cc1cccs1,0.0,O=C(N(Cc1occc1)Cc2cccs2)C3=Cc4ccccc4OC3=O,O=C(c1cc2ccccc2oc1=O)N(Cc1ccco1)Cc1cccs1,26
O=C(c1cc2ncc(Br)cn2n1)N1CCN(C(=O)c2ccco2)CC1,0.0,Brc1cnc2cc(nn2c1)C(=O)N3CCN(CC3)C(=O)c4occc4,O=C(c1cc2ncccn2n1)N1CCN(C(=O)c2ccco2)CC1,25
O=C(c1cc2sccc2n1Cc1ccccc1)N1CCc2ccccc21,0.0,O=C(N1CCc2ccccc12)c3cc4sccc4n3Cc5ccccc5,O=C(c1cc2sccc2n1Cc1ccccc1)N1CCc2ccccc21,26
O=C(c1ccc(C(F)(F)F)cc1)c1c(-c2ccc(Cl)cc2)sc2cc(O)ccc12,1.0,Oc1ccc2c(C(=O)c3ccc(cc3)C(F)(F)F)c(sc2c1)c4ccc(Cl)cc4,O=C(c1ccccc1)c1c(-c2ccccc2)sc2ccccc12,29
O=C(c1ccc(C(F)(F)F)cc1)c1c(-c2ccc(F)cc2)sc2cc(O)ccc12,1.0,Oc1ccc2c(C(=O)c3ccc(cc3)C(F)(F)F)c(sc2c1)c4ccc(F)cc4,O=C(c1ccccc1)c1c(-c2ccccc2)sc2ccccc12,29
O=C(c1ccc(C(F)(F)F)cc1)c1sc2cc(O)ccc2c1-c1ccc(F)cc1,1.0,Oc1ccc2c(c3ccc(F)cc3)c(sc2c1)C(=O)c4ccc(cc4)C(F)(F)F,O=C(c1ccccc1)c1sc2ccccc2c1-c1ccccc1,29
O=C(c1ccc(F)cc1)c1sc2cc(O)ccc2c1-c1ccc(F)cc1,1.0,Oc1ccc2c(c3ccc(F)cc3)c(sc2c1)C(=O)c4ccc(F)cc4,O=C(c1ccccc1)c1sc2ccccc2c1-c1ccccc1,26
O=C(c1ccc(F)cc1C(F)(F)F)N(c1ccc(O)cc1)c1ccc(OCCN2CCCCC2)cc1,1.0,Oc1ccc(cc1)N(C(=O)c2ccc(F)cc2C(F)(F)F)c3ccc(OCCN4CCCCC4)cc3,O=C(c1ccccc1)N(c1ccccc1)c1ccc(OCCN2CCCCC2)cc1,36
O=C(c1ccc(N2CCN(C(=O)c3ccc(Cl)cc3)CC2)cc1)c1c(-c2ccc(O)cc2)sc2cc(O)ccc12,1.0,Oc1ccc(cc1)c2sc3cc(O)ccc3c2C(=O)c4ccc(cc4)N5CCN(CC5)C(=O)c6ccc(Cl)cc6,O=C(c1ccc(N2CCN(C(=O)c3ccccc3)CC2)cc1)c1c(-c2ccccc2)sc2ccccc12,40
O=C(c1ccc(N2CCN(C(=O)c3ccc([N+](=O)[O-])cc3)CC2)cc1)c1c(-c2ccc(O)cc2)sc2cc(O)ccc12,1.0,Oc1ccc(cc1)c2sc3cc(O)ccc3c2C(=O)c4ccc(cc4)N5CCN(CC5)C(=O)c6ccc(cc6)[N+](=O)[O-],O=C(c1ccc(N2CCN(C(=O)c3ccccc3)CC2)cc1)c1c(-c2ccccc2)sc2ccccc12,42
O=C(c1ccc(N2CCN(C(=O)c3cccc(Cl)c3)CC2)cc1)c1c(-c2ccc(O)cc2)sc2cc(O)ccc12,1.0,Oc1ccc(cc1)c2sc3cc(O)ccc3c2C(=O)c4ccc(cc4)N5CCN(CC5)C(=O)c6cccc(Cl)c6,O=C(c1ccc(N2CCN(C(=O)c3ccccc3)CC2)cc1)c1c(-c2ccccc2)sc2ccccc12,40
O=C(c1ccc(N2CCN(C(=O)c3cccc(O)c3)CC2)cc1)c1c(-c2ccc(O)cc2)sc2cc(O)ccc12,1.0,Oc1ccc(cc1)c2sc3cc(O)ccc3c2C(=O)c4ccc(cc4)N5CCN(CC5)C(=O)c6cccc(O)c6,O=C(c1ccc(N2CCN(C(=O)c3ccccc3)CC2)cc1)c1c(-c2ccccc2)sc2ccccc12,40
O=C(c1ccc(N2CCN(C(=O)c3ccccc3)CC2)cc1)c1c(-c2ccc(O)cc2)sc2cc(O)ccc12,1.0,Oc1ccc(cc1)c2sc3cc(O)ccc3c2C(=O)c4ccc(cc4)N5CCN(CC5)C(=O)c6ccccc6,O=C(c1ccc(N2CCN(C(=O)c3ccccc3)CC2)cc1)c1c(-c2ccccc2)sc2ccccc12,39
O=C(c1ccc(N2CCN(C(=O)c3ccccc3Cl)CC2)cc1)c1c(-c2ccc(O)cc2)sc2cc(O)ccc12,1.0,Oc1ccc(cc1)c2sc3cc(O)ccc3c2C(=O)c4ccc(cc4)N5CCN(CC5)C(=O)c6ccccc6Cl,O=C(c1ccc(N2CCN(C(=O)c3ccccc3)CC2)cc1)c1c(-c2ccccc2)sc2ccccc12,40
O=C(c1ccc(N2CCN(C(=O)c3ccccc3O)CC2)cc1)c1c(-c2ccc(O)cc2)sc2cc(O)ccc12,1.0,Oc1ccc(cc1)c2sc3cc(O)ccc3c2C(=O)c4ccc(cc4)N5CCN(CC5)C(=O)c6ccccc6O,O=C(c1ccc(N2CCN(C(=O)c3ccccc3)CC2)cc1)c1c(-c2ccccc2)sc2ccccc12,40
O=C(c1ccc(N2CCN(C(=O)c3ccccc3[N+](=O)[O-])CC2)cc1)c1c(-c2ccc(O)cc2)sc2cc(O)ccc12,1.0,Oc1ccc(cc1)c2sc3cc(O)ccc3c2C(=O)c4ccc(cc4)N5CCN(CC5)C(=O)c6ccccc6[N+](=O)[O-],O=C(c1ccc(N2CCN(C(=O)c3ccccc3)CC2)cc1)c1c(-c2ccccc2)sc2ccccc12,42
O=C(c1ccc(N2CCN(C(=O)c3ccco3)CC2)cc1)c1c(-c2ccc(O)cc2)sc2cc(O)ccc12,1.0,Oc1ccc(cc1)c2sc3cc(O)ccc3c2C(=O)c4ccc(cc4)N5CCN(CC5)C(=O)c6occc6,O=C(c1ccc(N2CCN(C(=O)c3ccco3)CC2)cc1)c1c(-c2ccccc2)sc2ccccc12,38
O=C(c1ccc(N2CCN(C(=O)c3ccncc3)CC2)cc1)c1c(-c2ccc(O)cc2)sc2cc(O)ccc12,1.0,Oc1ccc(cc1)c2sc3cc(O)ccc3c2C(=O)c4ccc(cc4)N5CCN(CC5)C(=O)c6ccncc6,O=C(c1ccc(N2CCN(C(=O)c3ccncc3)CC2)cc1)c1c(-c2ccccc2)sc2ccccc12,39
O=C(c1ccc(N2CCN(C3CCCC3)CC2)cc1)c1c(-c2ccc(O)cc2)sc2cc(O)ccc12,1.0,Oc1ccc(cc1)c2sc3cc(O)ccc3c2C(=O)c4ccc(cc4)N5CCN(CC5)C6CCCC6,O=C(c1ccc(N2CCN(C3CCCC3)CC2)cc1)c1c(-c2ccccc2)sc2ccccc12,36
O=C(c1ccc(N2CCN(Cc3ccccc3)CC2)cc1)c1c(-c2ccc(O)cc2)sc2cc(O)ccc12,1.0,Oc1ccc(cc1)c2sc3cc(O)ccc3c2C(=O)c4ccc(cc4)N5CCN(Cc6ccccc6)CC5,O=C(c1ccc(N2CCN(Cc3ccccc3)CC2)cc1)c1c(-c2ccccc2)sc2ccccc12,38
O=C(c1ccc(N2CCN(c3ccc(Cl)cc3)CC2)cc1)c1c(-c2ccc(O)cc2)sc2cc(O)ccc12,1.0,Oc1ccc(cc1)c2sc3cc(O)ccc3c2C(=O)c4ccc(cc4)N5CCN(CC5)c6ccc(Cl)cc6,O=C(c1ccc(N2CCN(c3ccccc3)CC2)cc1)c1c(-c2ccccc2)sc2ccccc12,38
O=C(c1ccc(N2CCN(c3ccc([N+](=O)[O-])cc3)CC2)cc1)c1c(-c2ccc(O)cc2)sc2cc(O)ccc12,1.0,Oc1ccc(cc1)c2sc3cc(O)ccc3c2C(=O)c4ccc(cc4)N5CCN(CC5)c6ccc(cc6)[N+](=O)[O-],O=C(c1ccc(N2CCN(c3ccccc3)CC2)cc1)c1c(-c2ccccc2)sc2ccccc12,40
O=C(c1ccc(O)c(F)c1)N(c1ccc(O)cc1)c1ccc(F)cc1,1.0,Oc1ccc(cc1)N(C(=O)c2ccc(O)c(F)c2)c3ccc(F)cc3,O=C(c1ccccc1)N(c1ccccc1)c1ccccc1,25
O=C(c1ccc(O)c(F)c1)N(c1ccc(O)cc1)c1ccc(O)cc1,1.0,Oc1ccc(cc1)N(C(=O)c2ccc(O)c(F)c2)c3ccc(O)cc3,O=C(c1ccccc1)N(c1ccccc1)c1ccccc1,25
O=C(c1ccc(O)c(F)c1)N(c1ccccc1)c1ccc(O)cc1,1.0,Oc1ccc(cc1)N(C(=O)c2ccc(O)c(F)c2)c3ccccc3,O=C(c1ccccc1)N(c1ccccc1)c1ccccc1,24
O=C(c1ccc(O)cc1)c1sc2cc(O)ccc2c1-c1ccc(F)cc1,1.0,Oc1ccc(cc1)C(=O)c2sc3cc(O)ccc3c2c4ccc(F)cc4,O=C(c1ccccc1)c1sc2ccccc2c1-c1ccccc1,26
O=C(c1ccc(OCCN2CCCCC2)cc1)N1c2ccc(O)cc2CCC1c1ccc(O)cc1,1.0,Oc1ccc(cc1)C2CCc3cc(O)ccc3N2C(=O)c4ccc(OCCN5CCCCC5)cc4,O=C(c1ccc(OCCN2CCCCC2)cc1)N1c2ccccc2CCC1c1ccccc1,35
O=C(c1ccc(OCCN2CCCCC2)cc1)N1c2ccc(O)cc2CCC1c1cccc(O)c1,1.0,Oc1cccc(c1)C2CCc3cc(O)ccc3N2C(=O)c4ccc(OCCN5CCCCC5)cc4,O=C(c1ccc(OCCN2CCCCC2)cc1)N1c2ccccc2CCC1c1ccccc1,35
O=C(c1ccc(OCCN2CCCCC2)cc1)N1c2ccc(O)cc2CCC1c1ccccc1,1.0,Oc1ccc2N(C(CCc2c1)c3ccccc3)C(=O)c4ccc(OCCN5CCCCC5)cc4,O=C(c1ccc(OCCN2CCCCC2)cc1)N1c2ccccc2CCC1c1ccccc1,34
O=C(c1ccc(OCCN2CCCCC2)cc1)c1c(-c2ccc(O)cc2)sc2cc(O)ccc12,1.0,Oc1ccc(cc1)c2sc3cc(O)ccc3c2C(=O)c4ccc(OCCN5CCCCC5)cc4,O=C(c1ccc(OCCN2CCCCC2)cc1)c1c(-c2ccccc2)sc2ccccc12,34
O=C(c1ccc(OCCN2CCCCC2)cc1)c1c(-c2ccccc2)sc2ccccc12,0.0,O=C(c1ccc(OCCN2CCCCC2)cc1)c3c(sc4ccccc34)c5ccccc5,O=C(c1ccc(OCCN2CCCCC2)cc1)c1c(-c2ccccc2)sc2ccccc12,32
O=C(c1ccc(OCCN2CCCCC2)cc1)c1oc2cc(O)ccc2c(=O)c1-c1ccc(O)cc1,1.0,Oc1ccc(cc1)C2=C(Oc3cc(O)ccc3C2=O)C(=O)c4ccc(OCCN5CCCCC5)cc4,O=C(c1ccc(OCCN2CCCCC2)cc1)c1oc2ccccc2c(=O)c1-c1ccccc1,36
O=C(c1ccc2ccccc2c1)N(c1ccc(O)cc1)c1ccc(O)cc1,1.0,Oc1ccc(cc1)N(C(=O)c2ccc3ccccc3c2)c4ccc(O)cc4,O=C(c1ccc2ccccc2c1)N(c1ccccc1)c1ccccc1,27
O=C(c1cccc(F)c1)N1CCN(C(=O)c2cc3ncc(Br)cn3n2)CC1,0.0,Fc1cccc(c1)C(=O)N2CCN(CC2)C(=O)c3cc4ncc(Br)cn4n3,O=C(c1ccccc1)N1CCN(C(=O)c2cc3ncccn3n2)CC1,27
O=C(c1ccccc1)N1Cc2cc(O)ccc2C(c2ccc(O)cc2)C1,1.0,Oc1ccc(cc1)C2CN(Cc3cc(O)ccc23)C(=O)c4ccccc4,O=C(c1ccccc1)N1Cc2ccccc2C(c2ccccc2)C1,26
O=C(c1sc2cc(O)ccc2c1-c1ccc(F)cc1)C1CC1,1.0,Oc1ccc2c(c3ccc(F)cc3)c(sc2c1)C(=O)C4CC4,O=C(c1sc2ccccc2c1-c1ccccc1)C1CC1,22
O=C(c1sc2cc(O)ccc2c1-c1ccc(F)cc1)C1CCCCC1,1.0,Oc1ccc2c(c3ccc(F)cc3)c(sc2c1)C(=O)C4CCCCC4,O=C(c1sc2ccccc2c1-c1ccccc1)C1CCCCC1,25
O=C1/C(=C\c2ccc(O)cc2)S(=O)(=O)c2ccccc21,0.0,Oc1ccc(\C=C\2/C(=O)c3ccccc3S2(=O)=O)cc1,O=C1C(=Cc2ccccc2)S(=O)(=O)c2ccccc21,20
O=C1C(c2ccc(O)cc2)=C(Br)c2cc(O)ccc21,1.0,Oc1ccc(cc1)C2=C(Br)c3cc(O)ccc3C2=O,O=C1C(c2ccccc2)=Cc2ccccc21,19
O=C1C(c2ccc(O)cc2)=C(O)c2cc(O)cc(O)c21,0.0,OC1=C(C(=O)c2c(O)cc(O)cc12)c3ccc(O)cc3,O=C1C(c2ccccc2)=Cc2ccccc21,20
O=C1C(c2ccc(O)cc2)=C(O)c2ccc(O)cc21,0.0,OC1=C(C(=O)c2cc(O)ccc12)c3ccc(O)cc3,O=C1C(c2ccccc2)=Cc2ccccc21,19
O=C1C(c2ccc(O)cc2)=C(c2ccccc2)c2c(O)cc(O)cc21,1.0,Oc1ccc(cc1)C2=C(c3ccccc3)c4c(O)cc(O)cc4C2=O,O=C1C(c2ccccc2)=C(c2ccccc2)c2ccccc21,25
O=C1C(c2ccc(O)cc2)=C(c2ccccc2)c2cc(O)cc(O)c21,1.0,Oc1ccc(cc1)C2=C(c3ccccc3)c4cc(O)cc(O)c4C2=O,O=C1C(c2ccccc2)=C(c2ccccc2)c2ccccc21,25
O=C1C(c2ccc(O)cc2)=C(c2ccccc2)c2cc(O)ccc21,1.0,Oc1ccc(cc1)C2=C(c3ccccc3)c4cc(O)ccc4C2=O,O=C1C(c2ccccc2)=C(c2ccccc2)c2ccccc21,24
O=C1C(c2ccc(O)cc2)=C(c2ccccc2)c2ccc(O)cc21,1.0,Oc1ccc(cc1)C2=C(c3ccccc3)c4ccc(O)cc4C2=O,O=C1C(c2ccccc2)=C(c2ccccc2)c2ccccc21,24
O=C1C(c2ccnc3ccccc23)=C(O)c2ccccc21,0.0,OC1=C(C(=O)c2ccccc12)c3ccnc4ccccc34,O=C1C(c2ccnc3ccccc23)=Cc2ccccc21,21
O=C1C2CC=C(Cl)CC2C(=O)N1CCCCCCN1C(=O)C2CC=C(Cl)CC2C1=O,0.0,ClC1=CCC2C(C1)C(=O)N(CCCCCCN3C(=O)C4CC=C(Cl)CC4C3=O)C2=O,O=C1C2CC=CCC2C(=O)N1CCCCCCN1C(=O)C2CC=CCC2C1=O,30
O=C1C=C2c3ccc(O)cc3CC2(Cc2ccccc2)CC1,0.0,Oc1ccc2C3=CC(=O)CCC3(Cc4ccccc4)Cc2c1,O=C1C=C2c3ccccc3CC2(Cc2ccccc2)CC1,22
O=C1C=C2c3ccc(O)cc3CC2CC1,0.0,Oc1ccc2C3=CC(=O)CCC3Cc2c1,O=C1C=C2c3ccccc3CC2CC1,15
O=C1C=C2c3ccc4[nH]ncc4c3CC2(Cc2ccccc2)CC1,0.0,O=C1CCC2(Cc3ccccc3)Cc4c(ccc5[nH]ncc45)C2=C1,O=C1C=C2c3ccc4[nH]ncc4c3CC2(Cc2ccccc2)CC1,24
O=C1CC(/C=C/c2ccco2)=Nc2ccccc2N1,0.0,O=C1CC(=Nc2ccccc2N1)\C=C\c3occc3,O=C1CC(C=Cc2ccco2)=Nc2ccccc2N1,19
O=C1CC(c2ccc(F)cc2)Cc2nc(NCC3CCCO3)ncc21,0.0,Fc1ccc(cc1)C2CC(=O)c3cnc(NCC4CCCO4)nc3C2,O=C1CC(c2ccccc2)Cc2nc(NCC3CCCO3)ncc21,25
O=C1CC(c2ccco2)CC(O)=C1/C=N/c1cc(Cl)ccc1O,0.0,OC1=C(\C=N\c2cc(Cl)ccc2O)C(=O)CC(C1)c3occc3,O=C1CC(c2ccco2)CC=C1C=Nc1ccccc1,23
O=C1CCC(=O)N1CCCOc1ccc([C@@H]2Oc3cc(O)ccc3C3=C2c2ccc(O)cc2OCC3)cc1,1.0,Oc1ccc2C3=C(CCOc2c1)c4ccc(O)cc4O[C@H]3c5ccc(OCCCN6C(=O)CCC6=O)cc5,O=C1CCC(=O)N1CCCOc1ccc(C2Oc3ccccc3C3=C2c2ccccc2OCC3)cc1,38
O=C1CCC(=O)N1CCCOc1ccc([C@H]2Oc3cc(O)ccc3C3=C2c2ccc(O)cc2OCC3)cc1,1.0,Oc1ccc2C3=C(CCOc2c1)c4ccc(O)cc4O[C@@H]3c5ccc(OCCCN6C(=O)CCC6=O)cc5,O=C1CCC(=O)N1CCCOc1ccc(C2Oc3ccccc3C3=C2c2ccccc2OCC3)cc1,38
O=C1CCC(=O)N1CCOc1ccc([C@@H]2Oc3cc(O)ccc3C3=C2c2ccc(O)cc2OCC3)cc1,1.0,Oc1ccc2C3=C(CCOc2c1)c4ccc(O)cc4O[C@H]3c5ccc(OCCN6C(=O)CCC6=O)cc5,O=C1CCC(=O)N1CCOc1ccc(C2Oc3ccccc3C3=C2c2ccccc2OCC3)cc1,37
O=C1CCC(=O)N1CCOc1ccc([C@H]2Oc3cc(O)ccc3C3=C2c2ccc(O)cc2OCC3)cc1,1.0,Oc1ccc2C3=C(CCOc2c1)c4ccc(O)cc4O[C@@H]3c5ccc(OCCN6C(=O)CCC6=O)cc5,O=C1CCC(=O)N1CCOc1ccc(C2Oc3ccccc3C3=C2c2ccccc2OCC3)cc1,37
O=C1CCC2(Cc3ccc(Cl)cc3)Cc3cc(O)ccc3C2=C1c1ccc(OCCN2CCCCC2)cc1,1.0,Oc1ccc2C3=C(C(=O)CCC3(Cc4ccc(Cl)cc4)Cc2c1)c5ccc(OCCN6CCCCC6)cc5,O=C1CCC2(Cc3ccccc3)Cc3ccccc3C2=C1c1ccc(OCCN2CCCCC2)cc1,38
O=C1CCC2(Cc3ccccc3)Cc3c(ccc4[nH]ncc34)C2=C1c1ccc(OCCN2CCCCC2)cc1,1.0,O=C1CCC2(Cc3ccccc3)Cc4c(ccc5[nH]ncc45)C2=C1c6ccc(OCCN7CCCCC7)cc6,O=C1CCC2(Cc3ccccc3)Cc3c(ccc4[nH]ncc34)C2=C1c1ccc(OCCN2CCCCC2)cc1,39
O=C1CCC2(Cc3ccccc3)Cc3cc(O)ccc3C2=C1c1ccc(O)cc1,1.0,Oc1ccc(cc1)C2=C3c4ccc(O)cc4CC3(Cc5ccccc5)CCC2=O,O=C1CCC2(Cc3ccccc3)Cc3ccccc3C2=C1c1ccccc1,29
O=C1CCC2(Cc3ccccc3)Cc3cc(O)ccc3C2=C1c1ccc(OCCN2CCCCC2)cc1,1.0,Oc1ccc2C3=C(C(=O)CCC3(Cc4ccccc4)Cc2c1)c5ccc(OCCN6CCCCC6)cc5,O=C1CCC2(Cc3ccccc3)Cc3ccccc3C2=C1c1ccc(OCCN2CCCCC2)cc1,37
O=C1CCC2(Cc3ccccc3)Cc3cc(O)ccc3C2=C1c1ccc(OCCN2CCOCC2)cc1,1.0,Oc1ccc2C3=C(C(=O)CCC3(Cc4ccccc4)Cc2c1)c5ccc(OCCN6CCOCC6)cc5,O=C1CCC2(Cc3ccccc3)Cc3ccccc3C2=C1c1ccc(OCCN2CCOCC2)cc1,37
O=C1CCC2(c3ccccc3)Cc3cc(O)ccc3C2=C1Br,1.0,Oc1ccc2C3=C(Br)C(=O)CCC3(Cc2c1)c4ccccc4,O=C1C=C2c3ccccc3CC2(c2ccccc2)CC1,22
O=C1CC[C@@]2(CCC3CC3)Cc3c(ccc4[nH]ncc34)C2=C1Br,1.0,BrC1=C2c3ccc4[nH]ncc4c3C[C@]2(CCC5CC5)CCC1=O,O=C1C=C2c3ccc4[nH]ncc4c3CC2(CCC2CC2)CC1,23
O=C1C[C@@H](c2ccc(O)cc2)Oc2cc(O)cc(O)c21,0.0,Oc1ccc(cc1)[C@@H]2CC(=O)c3c(O)cc(O)cc3O2,O=C1CC(c2ccccc2)Oc2ccccc21,20
O=C1C[C@H](c2ccc(O)cc2)N1c1ccc(O)cc1,0.0,Oc1ccc(cc1)[C@H]2CC(=O)N2c3ccc(O)cc3,O=C1CC(c2ccccc2)N1c1ccccc1,19
O=C1N(c2ccc(O)cc2)[C@@H](c2ccc(O)cc2)C1(c1ccccc1)c1ccccc1,1.0,Oc1ccc(cc1)[C@@H]2N(C(=O)C2(c3ccccc3)c4ccccc4)c5ccc(O)cc5,O=C1N(c2ccccc2)C(c2ccccc2)C1(c1ccccc1)c1ccccc1,31
O=C1NC(c2ccc(Br)cc2)Nc2sc3c(c21)CCC3,0.0,Brc1ccc(cc1)C2NC(=O)c3c4CCCc4sc3N2,O=C1NC(c2ccccc2)Nc2sc3c(c21)CCC3,20
O=C1NN(c2ccc(Cl)c(Cl)c2)C(=O)/C1=C/c1cccc(OC(=O)c2cccs2)c1,0.0,Clc1ccc(cc1Cl)N2NC(=O)\C(=C/c3cccc(OC(=O)c4cccs4)c3)\C2=O,O=C1NN(c2ccccc2)C(=O)C1=Cc1cccc(OC(=O)c2cccs2)c1,30
O=C1Nc2ccccc2SC(c2ccccc2)C1O,0.0,OC1C(Sc2ccccc2NC1=O)c3ccccc3,O=C1CC(c2ccccc2)Sc2ccccc2N1,19
O=C1Oc2cc(O)cc(Cc3ccccc3)c2CC1c1ccc(Cl)cc1,1.0,Oc1cc(Cc2ccccc2)c3CC(C(=O)Oc3c1)c4ccc(Cl)cc4,O=C1Oc2cccc(Cc3ccccc3)c2CC1c1ccccc1,26
O=C1[C@@H](Oc2ccccc2)[C@H](c2ccc(O)cc2)N1c1ccc(O)cc1,1.0,Oc1ccc(cc1)[C@H]2[C@H](Oc3ccccc3)C(=O)N2c4ccc(O)cc4,O=C1C(Oc2ccccc2)C(c2ccccc2)N1c1ccccc1,26
O=C1[C@@H](c2ccc3ccccc3c2)[C@H](c2ccc(O)cc2)N1c1ccc(O)cc1,1.0,Oc1ccc(cc1)[C@H]2[C@@H](C(=O)N2c3ccc(O)cc3)c4ccc5ccccc5c4,O=C1C(c2ccc3ccccc3c2)C(c2ccccc2)N1c1ccccc1,29
O=C1[C@@H]2[C@H](C(=O)N1c1ccccc1)[C@@H]1C(c3ccc(O)cc3)=C(c3ccc(O)cc3)[C@H]2[S+]1[O-],0.0,Oc1ccc(cc1)C2=C([C@H]3[C@@H]4[C@H]([C@@H]2[S+]3[O-])C(=O)N(C4=O)c5ccccc5)c6ccc(O)cc6,O=C1C2C3[SH+]C(C(c4ccccc4)=C3c3ccccc3)C2C(=O)N1c1ccccc1,33
O=C1c2c(Cl)cc(O)cc2O[C@H](c2ccc(OCCN3CCCCC3)cc2)[C@@H]1c1ccc(O)cc1,1.0,Oc1ccc(cc1)[C@H]2[C@H](Oc3cc(O)cc(Cl)c3C2=O)c4ccc(OCCN5CCCCC5)cc4,O=C1c2ccccc2OC(c2ccc(OCCN3CCCCC3)cc2)C1c1ccccc1,35
O=C1c2c(F)cc(O)cc2O[C@H](c2ccc(OCCN3CCCCC3)cc2)[C@@H]1c1ccc(O)cc1,1.0,Oc1ccc(cc1)[C@H]2[C@H](Oc3cc(O)cc(F)c3C2=O)c4ccc(OCCN5CCCCC5)cc4,O=C1c2ccccc2OC(c2ccc(OCCN3CCCCC3)cc2)C1c1ccccc1,35
O=C1c2cc(O)cc(Br)c2C(=O)N1c1ccc(O)cc1,1.0,Oc1ccc(cc1)N2C(=O)c3cc(O)cc(Br)c3C2=O,O=C1c2ccccc2C(=O)N1c1ccccc1,20
O=C1c2cc(O)ccc2-c2c1c1ccc(O)cc1c(=O)n2-c1ccc(OCCN2CCCC2)cc1,0.0,Oc1ccc2C3=C(N(C(=O)c2c1)c4ccc(OCCN5CCCC5)cc4)c6ccc(O)cc6C3=O,O=C1c2ccccc2-c2c1c1ccccc1c(=O)n2-c1ccc(OCCN2CCCC2)cc1,35
O=C1c2cc(O)ccc2-c2c1c1ccc(O)cc1c(=O)n2-c1ccc(OCCN2CCCCC2)cc1,0.0,Oc1ccc2C3=C(N(C(=O)c2c1)c4ccc(OCCN5CCCCC5)cc4)c6ccc(O)cc6C3=O,O=C1c2ccccc2-c2c1c1ccccc1c(=O)n2-c1ccc(OCCN2CCCCC2)cc1,36
O=C1c2cc(O)ccc2-c2c1c1ccc(O)cc1c(=O)n2-c1ccc(OCCN2CCOCC2)cc1,0.0,Oc1ccc2C3=C(N(C(=O)c2c1)c4ccc(OCCN5CCOCC5)cc4)c6ccc(O)cc6C3=O,O=C1c2ccccc2-c2c1c1ccccc1c(=O)n2-c1ccc(OCCN2CCOCC2)cc1,36
O=C1c2ccc(O)cc2C(=O)N1[C@H]1CC[C@H](O)CC1,0.0,O[C@@H]1CC[C@H](CC1)N2C(=O)c3ccc(O)cc3C2=O,O=C1c2ccccc2C(=O)N1C1CCCCC1,19
O=C1c2ccc(O)cc2C(=O)N1c1cc(O)cc(O)c1,0.0,Oc1ccc2C(=O)N(C(=O)c2c1)c3cc(O)cc(O)c3,O=C1c2ccccc2C(=O)N1c1ccccc1,20
O=C1c2ccc(O)cc2C(=O)N1c1ccc(O)c2ccccc12,0.0,Oc1ccc2C(=O)N(C(=O)c2c1)c3ccc(O)c4ccccc34,O=C1c2ccccc2C(=O)N1c1cccc2ccccc12,23
O=C1c2ccc(O)cc2C(=O)N1c1ccc(O)cc1,1.0,Oc1ccc(cc1)N2C(=O)c3ccc(O)cc3C2=O,O=C1c2ccccc2C(=O)N1c1ccccc1,19
O=C1c2ccc(O)cc2C(=O)N1c1ccc(O)cc1F,1.0,Oc1ccc(N2C(=O)c3ccc(O)cc3C2=O)c(F)c1,O=C1c2ccccc2C(=O)N1c1ccccc1,20
O=C1c2ccc(O)cc2C(=O)N1c1ccc(O)cc1[N+](=O)[O-],1.0,Oc1ccc2C(=O)N(C(=O)c2c1)c3ccc(O)cc3[N+](=O)[O-],O=C1c2ccccc2C(=O)N1c1ccccc1,22
O=C1c2ccc(O)cc2C(=O)N1c1cccc(O)c1,0.0,Oc1cccc(c1)N2C(=O)c3ccc(O)cc3C2=O,O=C1c2ccccc2C(=O)N1c1ccccc1,19
O=C1c2ccc(O)cc2C(=O)N1c1ccccc1,0.0,Oc1ccc2C(=O)N(C(=O)c2c1)c3ccccc3,O=C1c2ccccc2C(=O)N1c1ccccc1,18
O=C1c2ccc(O)cc2O[C@H](c2ccc(OCCN3CCCCC3)cc2)[C@@H]1c1ccc(O)cc1,1.0,Oc1ccc(cc1)[C@H]2[C@H](Oc3cc(O)ccc3C2=O)c4ccc(OCCN5CCCCC5)cc4,O=C1c2ccccc2OC(c2ccc(OCCN3CCCCC3)cc2)C1c1ccccc1,34
O=C1c2ccc(O)cc2O[C@H](c2ccc(OCCN3CCCCC3)cc2)[C@H]1c1ccc(O)cc1,1.0,Oc1ccc(cc1)[C@@H]2[C@H](Oc3cc(O)ccc3C2=O)c4ccc(OCCN5CCCCC5)cc4,O=C1c2ccccc2OC(c2ccc(OCCN3CCCCC3)cc2)C1c1ccccc1,34
O=C1c2ccc(OCCN3CCCCC3)cc2C(=O)C12C(c1ccc(O)cc1)=Cc1cc(O)ccc12,1.0,Oc1ccc(cc1)C2=Cc3cc(O)ccc3C24C(=O)c5ccc(OCCN6CCCCC6)cc5C4=O,O=C1c2ccc(OCCN3CCCCC3)cc2C(=O)C12C(c1ccccc1)=Cc1ccccc12,36
O=C1c2ccccc2C(=O)C12C(c1ccc(O)cc1)=Cc1cc(O)ccc12,1.0,Oc1ccc(cc1)C2=Cc3cc(O)ccc3C24C(=O)c5ccccc5C4=O,O=C1c2ccccc2C(=O)C12C(c1ccccc1)=Cc1ccccc12,27
O=C1c2ccccc2C(=O)N1CCCc1nc2ccccc2c(=O)n1CCCn1ccnc1,0.0,O=C1N(CCCn2ccnc2)C(=Nc3ccccc13)CCCN4C(=O)c5ccccc5C4=O,O=C1c2ccccc2C(=O)N1CCCc1nc2ccccc2c(=O)n1CCCn1ccnc1,33
O=C1c2ccccc2C(=O)N1c1ccc(O)cc1,0.0,Oc1ccc(cc1)N2C(=O)c3ccccc3C2=O,O=C1c2ccccc2C(=O)N1c1ccccc1,18
O=C1c2ccccc2C(=O)N1c1ccc2[nH]c(-c3ccc(Br)o3)nc2c1,0.0,Brc1oc(cc1)c2nc3cc(ccc3[nH]2)N4C(=O)c5ccccc5C4=O,O=C1c2ccccc2C(=O)N1c1ccc2[nH]c(-c3ccco3)nc2c1,26
O=C1c2ccccc2NC2=NCCCCN12,0.0,O=C1N2CCCCN=C2Nc3ccccc13,O=C1c2ccccc2NC2=NCCCCN12,16
O=C1c2ccccc2O[C@H](c2ccc(OCCN3CCCCC3)cc2)[C@@H]1c1ccc(O)cc1,1.0,Oc1ccc(cc1)[C@H]2[C@H](Oc3ccccc3C2=O)c4ccc(OCCN5CCCCC5)cc4,O=C1c2ccccc2OC(c2ccc(OCCN3CCCCC3)cc2)C1c1ccccc1,33
O=CC1=C(Cl)c2sc3nc4n(c(=O)c3c2CCC1)CCCCC4,0.0,ClC1=C(CCCc2c1sc3N=C4CCCCCN4C(=O)c23)C=O,O=c1c2c3c(sc2nc2n1CCCCC2)C=CCCC3,23
O=CC1=C(SC2CCCC2)c2sc3nc4n(c(=O)c3c2CC1)CCCCC4,0.0,O=CC1=C(SC2CCCC2)c3sc4N=C5CCCCCN5C(=O)c4c3CC1,O=c1c2c3c(sc2nc2n1CCCCC2)C(SC1CCCC1)=CCC3,27
O=CC1=C(SC2CCCCC2)c2sc3nc4n(c(=O)c3c2CC1)CCCCC4,0.0,O=CC1=C(SC2CCCCC2)c3sc4N=C5CCCCCN5C(=O)c4c3CC1,O=c1c2c3c(sc2nc2n1CCCCC2)C(SC1CCCCC1)=CCC3,28
O=CC1=C(Sc2ccccc2)c2sc3nc4n(c(=O)c3c2CC1)CCCCC4,0.0,O=CC1=C(Sc2ccccc2)c3sc4N=C5CCCCCN5C(=O)c4c3CC1,O=c1c2c3c(sc2nc2n1CCCCC2)C(Sc1ccccc1)=CCC3,28
O=Cc1cc(O)cc2ccc(-c3ccc(O)c(F)c3)cc12,1.0,Oc1cc(C=O)c2cc(ccc2c1)c3ccc(O)c(F)c3,c1ccc(-c2ccc3ccccc3c2)cc1,21
O=Cc1cc(O)cc2nc(-c3ccc(O)cc3)oc12,0.0,Oc1ccc(cc1)c2oc3c(C=O)cc(O)cc3n2,c1ccc(-c2nc3ccccc3o2)cc1,19
O=Cc1ccc(-c2ccccc2)c(-c2ccccc2)c1O,1.0,Oc1c(C=O)ccc(c2ccccc2)c1c3ccccc3,c1ccc(-c2ccccc2-c2ccccc2)cc1,21
O=Cc1ccc2oc3nc4n(c(=O)c3c(=O)c2c1)CCCS4,0.0,O=Cc1ccc2OC3=C(C(=O)N4CCCSC4=N3)C(=O)c2c1,O=c1c2ccccc2oc2nc3n(c(=O)c12)CCCS3,22
O=Cc1cn(-c2ccccc2)nc1-c1cc2c(ccc3ccccc32)oc1=O,0.0,O=Cc1cn(nc1C2=Cc3c(OC2=O)ccc4ccccc34)c5ccccc5,O=c1oc2ccc3ccccc3c2cc1-c1ccn(-c2ccccc2)n1,28
O=S(=O)(/N=C(/Sc1ccccc1)c1ccccc1)c1ccccc1,0.0,O=S(=O)(\N=C(\Sc1ccccc1)/c2ccccc2)c3ccccc3,O=S(=O)(N=C(Sc1ccccc1)c1ccccc1)c1ccccc1,24
O=S(=O)(/N=C(\Sc1ccc(Cl)cc1)c1ccccc1)c1ccccc1,0.0,Clc1ccc(S\C(=N/S(=O)(=O)c2ccccc2)\c3ccccc3)cc1,O=S(=O)(N=C(Sc1ccccc1)c1ccccc1)c1ccccc1,25
O=S(=O)(Cc1ccccc1)c1cc(CCc2ccccc2)nc(S(=O)(=O)Cc2ccccc2)n1,0.0,O=S(=O)(Cc1ccccc1)c2cc(CCc3ccccc3)nc(n2)S(=O)(=O)Cc4ccccc4,O=S(=O)(Cc1ccccc1)c1cc(CCc2ccccc2)nc(S(=O)(=O)Cc2ccccc2)n1,34
O=S(=O)(N1CCc2cc(O)ccc2C1)C(F)(F)F,0.0,Oc1ccc2CN(CCc2c1)S(=O)(=O)C(F)(F)F,c1ccc2c(c1)CCNC2,18
O=S(=O)(NCCc1csc(-c2cccnc2)n1)c1ccc(Cl)s1,0.0,Clc1ccc(s1)S(=O)(=O)NCCc2csc(n2)c3cccnc3,O=S(=O)(NCCc1csc(-c2cccnc2)n1)c1cccs1,23
O=S(=O)(NCc1csc(-c2cccnc2)n1)c1ccc(Cl)s1,0.0,Clc1ccc(s1)S(=O)(=O)NCc2csc(n2)c3cccnc3,O=S(=O)(NCc1csc(-c2cccnc2)n1)c1cccs1,22
O=S(=O)(NCc1csc(-c2cccnc2)n1)c1cccs1,0.0,O=S(=O)(NCc1csc(n1)c2cccnc2)c3cccs3,O=S(=O)(NCc1csc(-c2cccnc2)n1)c1cccs1,21
O=S(=O)(Nc1ccc(Oc2ccccc2)cc1)c1cccc(C(F)(F)F)c1,0.0,FC(F)(F)c1cccc(c1)S(=O)(=O)Nc2ccc(Oc3ccccc3)cc2,O=S(=O)(Nc1ccc(Oc2ccccc2)cc1)c1ccccc1,27
O=S(=O)(Nc1nccs1)c1cc(Cl)ccc1Cl,0.0,Clc1ccc(Cl)c(c1)S(=O)(=O)Nc2nccs2,O=S(=O)(Nc1nccs1)c1ccccc1,17
O=S(=O)(Oc1ccccc1)[C@H]1C[C@H]2O[C@@H]1C(c1ccc(O)cc1)=C2c1ccc(O)cc1,1.0,Oc1ccc(cc1)C2=C([C@H]3O[C@@H]2C[C@@H]3S(=O)(=O)Oc4ccccc4)c5ccc(O)cc5,O=S(=O)(Oc1ccccc1)C1CC2OC1C(c1ccccc1)=C2c1ccccc1,31
O=S(=O)(c1ccc(O)cc1)N(CC(O)(c1ccccc1)C(F)(F)F)C1CC1,0.0,Oc1ccc(cc1)S(=O)(=O)N(CC(O)(c2ccccc2)C(F)(F)F)C3CC3,O=S(=O)(c1ccccc1)N(CCc1ccccc1)C1CC1,27
O=S(=O)(c1ccc(O)cc1)N1[C@@H]2CC[C@H]1C[C@H](CO)C2,0.0,OC[C@@H]1C[C@H]2CC[C@@H](C1)N2S(=O)(=O)c3ccc(O)cc3,O=S(=O)(c1ccccc1)N1C2CCCC1CC2,20
O=S(=O)(c1ccc2ccccc2c1)N1CCc2cc(O)ccc2C1c1ccc(OCCN2CCCC2)cc1,1.0,Oc1ccc2C(N(CCc2c1)S(=O)(=O)c3ccc4ccccc4c3)c5ccc(OCCN6CCCC6)cc5,O=S(=O)(c1ccc2ccccc2c1)N1CCc2ccccc2C1c1ccc(OCCN2CCCC2)cc1,38
O=S(=O)(c1cccc(-c2cn3cccnc3n2)c1)N1CCCCCC1,0.0,O=S(=O)(N1CCCCCC1)c2cccc(c2)c3cn4cccnc4n3,O=S(=O)(c1cccc(-c2cn3cccnc3n2)c1)N1CCCCCC1,25
O=S(=O)(c1cccc2ccccc12)N1CCc2cc(O)ccc2C1,0.0,Oc1ccc2CN(CCc2c1)S(=O)(=O)c3cccc4ccccc34,O=S(=O)(c1cccc2ccccc12)N1CCc2ccccc2C1,24
O=S(=O)(c1cccc2ccccc12)N1CCc2cc(O)ccc2C1c1ccc(OCCN2CCCC2)cc1,1.0,Oc1ccc2C(N(CCc2c1)S(=O)(=O)c3cccc4ccccc34)c5ccc(OCCN6CCCC6)cc5,O=S(=O)(c1cccc2ccccc12)N1CCc2ccccc2C1c1ccc(OCCN2CCCC2)cc1,38
O=S(=O)(c1cccc2ccccc12)N1CCc2ccc(O)cc2C1,0.0,Oc1ccc2CCN(Cc2c1)S(=O)(=O)c3cccc4ccccc34,O=S(=O)(c1cccc2ccccc12)N1CCc2ccccc2C1,24
O=S(=O)(c1cccc2ccccc12)N1Cc2cc(O)ccc2C(c2ccc(O)cc2)C1,1.0,Oc1ccc(cc1)C2CN(Cc3cc(O)ccc23)S(=O)(=O)c4cccc5ccccc45,O=S(=O)(c1cccc2ccccc12)N1Cc2ccccc2C(c2ccccc2)C1,31
O=S(=O)(c1ccccc1)N1CCc2cc(O)ccc2C1c1ccc(OCCN2CCCC2)cc1,1.0,Oc1ccc2C(N(CCc2c1)S(=O)(=O)c3ccccc3)c4ccc(OCCN5CCCC5)cc4,O=S(=O)(c1ccccc1)N1CCc2ccccc2C1c1ccc(OCCN2CCCC2)cc1,34
O=S(=O)(c1ccccc1)N1Cc2cc(O)ccc2C(c2ccc(O)cc2)C1,1.0,Oc1ccc(cc1)C2CN(Cc3cc(O)ccc23)S(=O)(=O)c4ccccc4,O=S(=O)(c1ccccc1)N1Cc2ccccc2C(c2ccccc2)C1,27
O=S1(=O)CC=C(c2ccc3cc(O)ccc3c2Oc2ccc(OCCN3CCCCC3)cc2)CC1,1.0,Oc1ccc2c(Oc3ccc(OCCN4CCCCC4)cc3)c(ccc2c1)C5=CCS(=O)(=O)CC5,O=S1(=O)CC=C(c2ccc3ccccc3c2Oc2ccc(OCCN3CCCCC3)cc2)CC1,35
O=S1(=O)CCC(c2ccc3cc(O)ccc3c2Oc2ccc(OCCN3CCCCC3)cc2)CC1,1.0,Oc1ccc2c(Oc3ccc(OCCN4CCCCC4)cc3)c(ccc2c1)C5CCS(=O)(=O)CC5,O=S1(=O)CCC(c2ccc3ccccc3c2Oc2ccc(OCCN3CCCCC3)cc2)CC1,35
O=S1(=O)CCN(CCOc2ccc([C@@H]3Oc4ccc(O)cc4S[C@@H]3c3ccc(O)cc3)cc2)CC1,1.0,Oc1ccc(cc1)[C@H]2Sc3cc(O)ccc3O[C@H]2c4ccc(OCCN5CCS(=O)(=O)CC5)cc4,O=S1(=O)CCN(CCOc2ccc(C3Oc4ccccc4SC3c3ccccc3)cc2)CC1,35
O=c1[nH]c2cc(/C=C3\c4ccccc4COc4cc(F)ccc43)ccc2n1[C@@H]1C[C@@H]2COCCN2C1,0.0,Fc1ccc2\C(=C\c3ccc4N([C@@H]5C[C@@H]6COCCN6C5)C(=O)Nc4c3)\c7ccccc7COc2c1,O=c1[nH]c2cc(C=C3c4ccccc4COc4ccccc43)ccc2n1C1CC2COCCN2C1,36
O=c1[nH]c2cc(O)cc(O)c2c(=O)n1-c1ccc(O)cc1,0.0,Oc1ccc(cc1)N2C(=O)Nc3cc(O)cc(O)c3C2=O,O=c1[nH]c2ccccc2c(=O)n1-c1ccccc1,21
O=c1c(-c2cc3ccccc3o2)c(C(F)(F)F)oc2cc(O)ccc12,0.0,Oc1ccc2C(=O)C(=C(Oc2c1)C(F)(F)F)c3oc4ccccc4c3,O=c1c(-c2cc3ccccc3o2)coc2ccccc12,25
O=c1c(-c2ccc(O)cc2)coc2cc(O)cc(O)c12,1.0,Oc1ccc(cc1)C2=COc3cc(O)cc(O)c3C2=O,O=c1c(-c2ccccc2)coc2ccccc12,20
O=c1c(-c2ccc(O)cc2)coc2cc(O)ccc12,0.0,Oc1ccc(cc1)C2=COc3cc(O)ccc3C2=O,O=c1c(-c2ccccc2)coc2ccccc12,19
O=c1c(-c2ccccc2Cl)c(C(F)(F)F)oc2cc(O)ccc12,1.0,Oc1ccc2C(=O)C(=C(Oc2c1)C(F)(F)F)c3ccccc3Cl,O=c1c(-c2ccccc2)coc2ccccc12,23
O=c1c(Oc2ccc(F)cc2)c(C(F)(F)F)oc2c(O)c(O)ccc12,0.0,Oc1ccc2C(=O)C(=C(Oc2c1O)C(F)(F)F)Oc3ccc(F)cc3,O=c1c(Oc2ccccc2)coc2ccccc12,25
O=c1c2c(-c3ccccc3)cc(O)cc2ncn1-c1ccc(O)cc1,0.0,Oc1ccc(cc1)N2C=Nc3cc(O)cc(c4ccccc4)c3C2=O,O=c1c2c(-c3ccccc3)cccc2ncn1-c1ccccc1,25
O=c1c2c(CO)cc(O)cc2ncn1-c1ccc(O)cc1,1.0,OCc1cc(O)cc2N=CN(C(=O)c12)c3ccc(O)cc3,O=c1c2ccccc2ncn1-c1ccccc1,21
O=c1c2c(O)cc(O)cc2[nH]c(=S)n1-c1ccc(O)cc1,0.0,Oc1ccc(cc1)N2C(=S)Nc3cc(O)cc(O)c3C2=O,O=c1c2ccccc2[nH]c(=S)n1-c1ccccc1,21
O=c1c2c(O)cc(O)cc2ncn1-c1ccc(O)c(Cl)c1,0.0,Oc1cc(O)c2C(=O)N(C=Nc2c1)c3ccc(O)c(Cl)c3,O=c1c2ccccc2ncn1-c1ccccc1,21
O=c1c2c(O)cc(O)cc2ncn1-c1ccc(O)c(F)c1,0.0,Oc1cc(O)c2C(=O)N(C=Nc2c1)c3ccc(O)c(F)c3,O=c1c2ccccc2ncn1-c1ccccc1,21
O=c1c2c(O)cc(O)cc2ncn1-c1ccc(O)cc1,0.0,Oc1ccc(cc1)N2C=Nc3cc(O)cc(O)c3C2=O,O=c1c2ccccc2ncn1-c1ccccc1,20
O=c1c2c(O)cc(O)cc2ncn1-c1ccc(O)cc1Cl,0.0,Oc1ccc(N2C=Nc3cc(O)cc(O)c3C2=O)c(Cl)c1,O=c1c2ccccc2ncn1-c1ccccc1,21
O=c1c2c(O)cc(O)cc2ncn1-c1ccc(O)cc1F,0.0,Oc1ccc(N2C=Nc3cc(O)cc(O)c3C2=O)c(F)c1,O=c1c2ccccc2ncn1-c1ccccc1,21
O=c1c2c(O)cc(O)cc2ncn1-c1ccc(O)cn1,0.0,Oc1ccc(nc1)N2C=Nc3cc(O)cc(O)c3C2=O,O=c1c2ccccc2ncn1-c1ccccn1,20
O=c1c2c(O)cc(O)cc2ncn1-c1ccc(O)nc1,0.0,Oc1cc(O)c2C(=O)N(C=Nc2c1)c3ccc(O)nc3,O=c1c2ccccc2ncn1-c1cccnc1,20
O=c1c2c(O)cc(O)cc2ncn1-c1cccc(O)c1,0.0,Oc1cccc(c1)N2C=Nc3cc(O)cc(O)c3C2=O,O=c1c2ccccc2ncn1-c1ccccc1,20
O=c1c2c(O)cc(O)cc2ncn1-c1ccccc1,0.0,Oc1cc(O)c2C(=O)N(C=Nc2c1)c3ccccc3,O=c1c2ccccc2ncn1-c1ccccc1,19
O=c1c2c(O)cc(O)cc2oc2oc3cc(O)ccc3c12,1.0,Oc1ccc2c3C(=O)c4c(O)cc(O)cc4Oc3oc2c1,O=c1c2ccccc2oc2oc3ccccc3c12,21
O=c1c2cc(O)ccc2oc2c1oc1ccc(O)cc12,1.0,Oc1ccc2Oc3c(oc4ccc(O)cc34)C(=O)c2c1,O=c1c2ccccc2oc2c1oc1ccccc12,20
O=c1c2ccc(O)cc2nc(-c2ccc(O)cc2)n1-c1ccc(O)cc1,0.0,Oc1ccc(cc1)N2C(=O)c3ccc(O)cc3N=C2c4ccc(O)cc4,O=c1c2ccccc2nc(-c2ccccc2)n1-c1ccccc1,26
O=c1c2ccc(O)cc2ncn1-c1ccc(O)cc1,0.0,Oc1ccc(cc1)N2C=Nc3cc(O)ccc3C2=O,O=c1c2ccccc2ncn1-c1ccccc1,19
O=c1c2ccc(O)cc2oc2c1oc1c(Br)cc(O)cc12,0.0,Oc1ccc2C(=O)c3oc4c(Br)cc(O)cc4c3Oc2c1,O=c1c2ccccc2oc2c1oc1ccccc12,21
O=c1c2ccc(O)cc2oc2c1oc1ccc(O)cc12,0.0,Oc1ccc2C(=O)c3oc4ccc(O)cc4c3Oc2c1,O=c1c2ccccc2oc2c1oc1ccccc12,20
O=c1c2ccc(O)cc2oc2c1oc1ccccc12,0.0,Oc1ccc2C(=O)c3oc4ccccc4c3Oc2c1,O=c1c2ccccc2oc2c1oc1ccccc12,19
O=c1c2ccc(O)cc2oc2c1sc1ccccc12,0.0,Oc1ccc2C(=O)c3sc4ccccc4c3Oc2c1,O=c1c2ccccc2oc2c1sc1ccccc12,19
O=c1c2ccccc2oc2c1oc1cc(O)ccc12,0.0,Oc1ccc2c3Oc4ccccc4C(=O)c3oc2c1,O=c1c2ccccc2oc2c1oc1ccccc12,19
O=c1c2oc3cc(O)ccc3c2oc2cc(O)cc(O)c12,1.0,Oc1ccc2c3Oc4cc(O)cc(O)c4C(=O)c3oc2c1,O=c1c2ccccc2oc2c1oc1ccccc12,21
O=c1c2oc3ccc(O)cc3c2oc2cc(O)cc(O)c12,0.0,Oc1ccc2oc3C(=O)c4c(O)cc(O)cc4Oc3c2c1,O=c1c2ccccc2oc2c1oc1ccccc12,21
O=c1c2oc3ccccc3c2oc2cc(O)cc(O)c12,0.0,Oc1cc(O)c2C(=O)c3oc4ccccc4c3Oc2c1,O=c1c2ccccc2oc2c1oc1ccccc12,20
O=c1c2sc3ccccc3c2oc2cc(O)cc(O)c12,0.0,Oc1cc(O)c2C(=O)c3sc4ccccc4c3Oc2c1,O=c1c2ccccc2oc2c1sc1ccccc12,20
O=c1cc(-c2ccco2)oc2c1ccc1ccccc12,0.0,O=C1C=C(Oc2c1ccc3ccccc23)c4occc4,O=c1cc(-c2ccco2)oc2c1ccc1ccccc12,20
O=c1nc2n(c3cc4ccccc4cc13)Cc1ccccc1-2,0.0,O=C1N=C2N(Cc3ccccc23)c4cc5ccccc5cc14,O=c1nc2n(c3cc4ccccc4cc13)Cc1ccccc1-2,22
O=c1oc2c(Cl)c(O)ccc2c2cc(F)c(O)c(Cl)c12,0.0,Oc1ccc2c(OC(=O)c3c(Cl)c(O)c(F)cc23)c1Cl,O=c1oc2ccccc2c2ccccc12,20
O=c1oc2cc(O)ccc2c(Cc2ccccc2)c1-c1ccc(Cl)cc1,1.0,Oc1ccc2C(=C(C(=O)Oc2c1)c3ccc(Cl)cc3)Cc4ccccc4,O=c1oc2ccccc2c(Cc2ccccc2)c1-c1ccccc1,26
O=c1oc2cc(O)ccc2c2oc3cc(O)ccc3c12,1.0,Oc1ccc2c(OC(=O)c3c2oc4cc(O)ccc34)c1,O=c1oc2ccccc2c2oc3ccccc3c12,20
O=c1oc2ccccc2cc1-c1ccc(O)cc1,0.0,Oc1ccc(cc1)C2=Cc3ccccc3OC2=O,O=c1oc2ccccc2cc1-c1ccccc1,18
O=c1oc2ccccc2n1CCn1c2ccccc2c2nc3ccccc3nc21,0.0,O=C1Oc2ccccc2N1CCn3c4ccccc4c5nc6ccccc6nc35,O=c1oc2ccccc2n1CCn1c2ccccc2c2nc3ccccc3nc21,29
OCC1CCN(CCOc2ccc([C@@H]3Oc4ccc(O)cc4S[C@@H]3c3ccc(O)cc3)cc2)CC1,1.0,OCC1CCN(CCOc2ccc(cc2)[C@@H]3Oc4ccc(O)cc4S[C@@H]3c5ccc(O)cc5)CC1,c1ccc(C2Sc3ccccc3OC2c2ccc(OCCN3CCCCC3)cc2)cc1,35
OCCC1CCN(CCOc2ccc([C@@H]3Oc4ccc(O)cc4S[C@@H]3c3ccc(O)cc3)cc2)CC1,1.0,OCCC1CCN(CCOc2ccc(cc2)[C@@H]3Oc4ccc(O)cc4S[C@@H]3c5ccc(O)cc5)CC1,c1ccc(C2Sc3ccccc3OC2c2ccc(OCCN3CCCCC3)cc2)cc1,36
OCCN1CCc2c([nH]c3ccccc23)C1c1ccc(Cl)cc1,0.0,OCCN1CCc2c([nH]c3ccccc23)C1c4ccc(Cl)cc4,c1ccc(C2NCCc3c2[nH]c2ccccc32)cc1,23
OCCn1nc(-c2ccc(O)cc2)c2cccc(C(F)(F)F)c21,1.0,OCCn1nc(c2ccc(O)cc2)c3cccc(c13)C(F)(F)F,c1ccc(-c2n[nH]c3ccccc23)cc1,23
OC[C@@H]1CCCN1CCOc1ccc([C@@H]2Oc3ccc(O)cc3S[C@@H]2c2ccc(O)cc2)cc1,1.0,OC[C@@H]1CCCN1CCOc2ccc(cc2)[C@@H]3Oc4ccc(O)cc4S[C@@H]3c5ccc(O)cc5,c1ccc(C2Sc3ccccc3OC2c2ccc(OCCN3CCCC3)cc2)cc1,34
OC[C@H]1CCCN1CCOc1ccc([C@@H]2Oc3ccc(O)cc3S[C@@H]2c2ccc(O)cc2)cc1,1.0,OC[C@H]1CCCN1CCOc2ccc(cc2)[C@@H]3Oc4ccc(O)cc4S[C@@H]3c5ccc(O)cc5,c1ccc(C2Sc3ccccc3OC2c2ccc(OCCN3CCCC3)cc2)cc1,34
Oc1c(/C=N/c2cccc3cccnc23)sc2ccccc12,0.0,Oc1c(\C=N\c2cccc3cccnc23)sc4ccccc14,C(=Nc1cccc2cccnc12)c1cc2ccccc2s1,22
Oc1c(Cl)cc(Cl)c(Cl)c1Cc1c(O)c(Cl)cc(Cl)c1Cl,0.0,Oc1c(Cl)cc(Cl)c(Cl)c1Cc2c(O)c(Cl)cc(Cl)c2Cl,c1ccc(Cc2ccccc2)cc1,21
Oc1c(Cl)cc(Cl)cc1Sc1cc(Cl)cc(Cl)c1O,0.0,Oc1c(Cl)cc(Cl)cc1Sc2cc(Cl)cc(Cl)c2O,c1ccc(Sc2ccccc2)cc1,19
Oc1cc(Br)c2oc(-c3ccc(O)c(F)c3)cc2c1,1.0,Oc1cc(Br)c2oc(cc2c1)c3ccc(O)c(F)c3,c1ccc(-c2cc3ccccc3o2)cc1,19
Oc1cc(CSc2nnnn2-c2ccccc2)nc(Nc2ccc(F)cc2)n1,0.0,Oc1cc(CSc2nnnn2c3ccccc3)nc(Nc4ccc(F)cc4)n1,c1ccc(Nc2nccc(CSc3nnnn3-c3ccccc3)n2)cc1,28
Oc1cc(Cl)c([C@@H]2N=CN[C@@H]2c2ccc(OCCN3CCCCC3)cc2Cl)c(Cl)c1,1.0,Oc1cc(Cl)c([C@@H]2N=CN[C@@H]2c3ccc(OCCN4CCCCC4)cc3Cl)c(Cl)c1,C1=NC(c2ccccc2)C(c2ccc(OCCN3CCCCC3)cc2)N1,30
Oc1cc(F)c(-c2ccc3c(Cl)c(O)ccc3c2)c(F)c1,1.0,Oc1cc(F)c(c(F)c1)c2ccc3c(Cl)c(O)ccc3c2,c1ccc(-c2ccc3ccccc3c2)cc1,21
Oc1cc(F)c(-c2ccc3c(Cl)c(O)ccc3c2)cc1F,1.0,Oc1ccc2cc(ccc2c1Cl)c3cc(F)c(O)cc3F,c1ccc(-c2ccc3ccccc3c2)cc1,21
Oc1cc(F)c(-c2ccc3cc(O)ccc3c2)c(F)c1,1.0,Oc1ccc2cc(ccc2c1)c3c(F)cc(O)cc3F,c1ccc(-c2ccc3ccccc3c2)cc1,20
Oc1cc(O)c2c(=S)n(-c3ccc(O)c(F)c3)cnc2c1,0.0,Oc1cc(O)c2C(=S)N(C=Nc2c1)c3ccc(O)c(F)c3,S=c1c2ccccc2ncn1-c1ccccc1,21
Oc1cc(O)c2cc(-c3ccc(O)c(F)c3)sc2c1,0.0,Oc1cc(O)c2cc(sc2c1)c3ccc(O)c(F)c3,c1ccc(-c2cc3ccccc3s2)cc1,19
Oc1ccc(-c2[nH]c3ccccc3c2-c2ccc(O)cc2)cc1,1.0,Oc1ccc(cc1)c2[nH]c3ccccc3c2c4ccc(O)cc4,c1ccc(-c2[nH]c3ccccc3c2-c2ccccc2)cc1,23
Oc1ccc(-c2[nH]c3ccccc3c2-c2ccccc2)cc1,0.0,Oc1ccc(cc1)c2[nH]c3ccccc3c2c4ccccc4,c1ccc(-c2[nH]c3ccccc3c2-c2ccccc2)cc1,22
Oc1ccc(-c2c(-c3ccccc3)[nH]c3ccccc23)cc1,1.0,Oc1ccc(cc1)c2c([nH]c3ccccc23)c4ccccc4,c1ccc(-c2[nH]c3ccccc3c2-c2ccccc2)cc1,22
Oc1ccc(-c2c(-c3ccccc3)nn3c(C(F)(F)F)cc(C(F)(F)F)nc23)cc1,0.0,Oc1ccc(cc1)c2c(nn3c(cc(nc23)C(F)(F)F)C(F)(F)F)c4ccccc4,c1ccc(-c2nn3cccnc3c2-c2ccccc2)cc1,30
Oc1ccc(-c2c(Cl)c3cc(O)ccc3n2Cc2ccc(OCCN3CCCC3)cc2)cc1,1.0,Oc1ccc(cc1)c2c(Cl)c3cc(O)ccc3n2Cc4ccc(OCCN5CCCC5)cc4,c1ccc(-c2cc3ccccc3n2Cc2ccc(OCCN3CCCC3)cc2)cc1,33
Oc1ccc(-c2c(Cl)c3cc(O)ccc3n2Cc2ccc(OCCN3CCCCC3)cc2)cc1,1.0,Oc1ccc(cc1)c2c(Cl)c3cc(O)ccc3n2Cc4ccc(OCCN5CCCCC5)cc4,c1ccc(-c2cc3ccccc3n2Cc2ccc(OCCN3CCCCC3)cc2)cc1,34
Oc1ccc(-c2c(Cl)c3cc(O)ccc3n2Cc2ccc(OCCN3CCCCCC3)cc2)cc1,1.0,Oc1ccc(cc1)c2c(Cl)c3cc(O)ccc3n2Cc4ccc(OCCN5CCCCCC5)cc4,c1ccc(-c2cc3ccccc3n2Cc2ccc(OCCN3CCCCCC3)cc2)cc1,35
Oc1ccc(-c2cc(-c3ccc(O)cc3)cc(-c3ccc(O)cc3)c2)cc1,1.0,Oc1ccc(cc1)c2cc(cc(c2)c3ccc(O)cc3)c4ccc(O)cc4,c1ccc(-c2cc(-c3ccccc3)cc(-c3ccccc3)c2)cc1,27
Oc1ccc(-c2cc(-c3ccc(O)cc3Cl)c(-c3ccc(O)cc3Cl)s2)c(Cl)c1,1.0,Oc1ccc(c(Cl)c1)c2cc(c3ccc(O)cc3Cl)c(s2)c4ccc(O)cc4Cl,c1ccc(-c2cc(-c3ccccc3)c(-c3ccccc3)s2)cc1,29
Oc1ccc(-c2cc(-c3ccccc3)c(-c3ccc(O)cc3Cl)s2)c(Cl)c1,1.0,Oc1ccc(c(Cl)c1)c2cc(c3ccccc3)c(s2)c4ccc(O)cc4Cl,c1ccc(-c2cc(-c3ccccc3)c(-c3ccccc3)s2)cc1,27
Oc1ccc(-c2cc(Cl)c3c(Cl)c(O)ccc3c2)cc1,1.0,Oc1ccc(cc1)c2cc(Cl)c3c(Cl)c(O)ccc3c2,c1ccc(-c2ccc3ccccc3c2)cc1,20
Oc1ccc(-c2cc(Cl)c3cc(O)ccc3c2)cc1,1.0,Oc1ccc(cc1)c2cc(Cl)c3cc(O)ccc3c2,c1ccc(-c2ccc3ccccc3c2)cc1,19
Oc1ccc(-c2cc(F)c3c(Cl)c(O)ccc3c2)cc1,1.0,Oc1ccc(cc1)c2cc(F)c3c(Cl)c(O)ccc3c2,c1ccc(-c2ccc3ccccc3c2)cc1,20
Oc1ccc(-c2cc(F)c3c(Cl)c(O)ccc3c2)cc1F,1.0,Oc1ccc(cc1F)c2cc(F)c3c(Cl)c(O)ccc3c2,c1ccc(-c2ccc3ccccc3c2)cc1,21
Oc1ccc(-c2cc(F)c3cc(O)ccc3c2)cc1,1.0,Oc1ccc(cc1)c2cc(F)c3cc(O)ccc3c2,c1ccc(-c2ccc3ccccc3c2)cc1,19
Oc1ccc(-c2cc3cc(O)cc(Br)c3o2)cc1,1.0,Oc1ccc(cc1)c2oc3c(Br)cc(O)cc3c2,c1ccc(-c2cc3ccccc3o2)cc1,18
Oc1ccc(-c2cc3cc(O)cc(Cl)c3o2)cc1,1.0,Oc1ccc(cc1)c2oc3c(Cl)cc(O)cc3c2,c1ccc(-c2cc3ccccc3o2)cc1,18
Oc1ccc(-c2cc3cc(O)ccc3o2)cc1,1.0,Oc1ccc(cc1)c2oc3ccc(O)cc3c2,c1ccc(-c2cc3ccccc3o2)cc1,17
Oc1ccc(-c2cc3ccc(O)cc3s2)cc1,1.0,Oc1ccc(cc1)c2cc3ccc(O)cc3s2,c1ccc(-c2cc3ccccc3s2)cc1,17
Oc1ccc(-c2ccc(-c3ccc(O)cc3)s2)cc1,0.0,Oc1ccc(cc1)c2ccc(s2)c3ccc(O)cc3,c1ccc(-c2ccc(-c3ccccc3)s2)cc1,19
Oc1ccc(-c2ccc(-c3ccc(O)cc3Cl)o2)c(Cl)c1,0.0,Oc1ccc(c(Cl)c1)c2oc(cc2)c3ccc(O)cc3Cl,c1ccc(-c2ccc(-c3ccccc3)o2)cc1,21
Oc1ccc(-c2ccc(-c3ccc(O)cc3Cl)s2)c(Cl)c1,0.0,Oc1ccc(c(Cl)c1)c2ccc(s2)c3ccc(O)cc3Cl,c1ccc(-c2ccc(-c3ccccc3)s2)cc1,21
Oc1ccc(-c2ccc3c(Cl)c(O)ccc3c2)c(Cl)c1,1.0,Oc1ccc(c(Cl)c1)c2ccc3c(Cl)c(O)ccc3c2,c1ccc(-c2ccc3ccccc3c2)cc1,20
Oc1ccc(-c2ccc3c(Cl)c(O)ccc3c2)c(F)c1,1.0,Oc1ccc(c(F)c1)c2ccc3c(Cl)c(O)ccc3c2,c1ccc(-c2ccc3ccccc3c2)cc1,20
Oc1ccc(-c2ccc3c(Cl)c(O)ccc3c2)cc1,1.0,Oc1ccc(cc1)c2ccc3c(Cl)c(O)ccc3c2,c1ccc(-c2ccc3ccccc3c2)cc1,19
Oc1ccc(-c2ccc3c(Cl)c(O)ccc3c2)cc1F,1.0,Oc1ccc(cc1F)c2ccc3c(Cl)c(O)ccc3c2,c1ccc(-c2ccc3ccccc3c2)cc1,20
Oc1ccc(-c2ccc3c(F)c(O)ccc3c2)cc1,1.0,Oc1ccc(cc1)c2ccc3c(F)c(O)ccc3c2,c1ccc(-c2ccc3ccccc3c2)cc1,19
Oc1ccc(-c2ccc3c(O)cccc3c2)cc1,1.0,Oc1ccc(cc1)c2ccc3c(O)cccc3c2,c1ccc(-c2ccc3ccccc3c2)cc1,18
Oc1ccc(-c2ccc3cc(O)ccc3c2)c(Cl)c1,1.0,Oc1ccc(c(Cl)c1)c2ccc3cc(O)ccc3c2,c1ccc(-c2ccc3ccccc3c2)cc1,19
Oc1ccc(-c2ccc3cc(O)ccc3c2)c(F)c1,1.0,Oc1ccc(c(F)c1)c2ccc3cc(O)ccc3c2,c1ccc(-c2ccc3ccccc3c2)cc1,19
Oc1ccc(-c2ccc3cc(O)ccc3c2Oc2ccc(OCCN3CCCCC3)cc2)cc1,1.0,Oc1ccc(cc1)c2ccc3cc(O)ccc3c2Oc4ccc(OCCN5CCCCC5)cc4,c1ccc(-c2ccc3ccccc3c2Oc2ccc(OCCN3CCCCC3)cc2)cc1,34
Oc1ccc(-c2ccsc2-c2ccc(O)cc2F)c(F)c1,0.0,Oc1ccc(c(F)c1)c2ccsc2c3ccc(O)cc3F,c1ccc(-c2ccsc2-c2ccccc2)cc1,21
Oc1ccc(-c2cnc3cc(O)ccc3c2)cc1,0.0,Oc1ccc(cc1)c2cnc3cc(O)ccc3c2,c1ccc(-c2cnc3ccccc3c2)cc1,18
Oc1ccc(-c2coc3cc(O)cc(O)c3c2=S)cc1,0.0,Oc1ccc(cc1)C2=COc3cc(O)cc(O)c3C2=S,S=c1c(-c2ccccc2)coc2ccccc12,20
Oc1ccc(-c2cocc2-c2ccc(O)cc2)cc1,0.0,Oc1ccc(cc1)c2cocc2c3ccc(O)cc3,c1ccc(-c2cocc2-c2ccccc2)cc1,19
Oc1ccc(-c2cocc2-c2ccc(O)cc2F)c(F)c1,0.0,Oc1ccc(c(F)c1)c2cocc2c3ccc(O)cc3F,c1ccc(-c2cocc2-c2ccccc2)cc1,21
Oc1ccc(-c2cscc2-c2ccc(O)cc2)cc1,0.0,Oc1ccc(cc1)c2cscc2c3ccc(O)cc3,c1ccc(-c2cscc2-c2ccccc2)cc1,19
Oc1ccc(-c2cscc2-c2ccc(O)cc2Cl)c(Cl)c1,1.0,Oc1ccc(c(Cl)c1)c2cscc2c3ccc(O)cc3Cl,c1ccc(-c2cscc2-c2ccccc2)cc1,21
Oc1ccc(-c2cscc2-c2ccc(O)cc2F)c(F)c1,1.0,Oc1ccc(c(F)c1)c2cscc2c3ccc(O)cc3F,c1ccc(-c2cscc2-c2ccccc2)cc1,21
Oc1ccc(-c2n[nH]c3cc(O)ccc23)c(O)c1,1.0,Oc1ccc(c(O)c1)c2n[nH]c3cc(O)ccc23,c1ccc(-c2n[nH]c3ccccc23)cc1,18
Oc1ccc(-c2nc3cc(Cl)c(O)cc3o2)cc1,0.0,Oc1ccc(cc1)c2oc3cc(O)c(Cl)cc3n2,c1ccc(-c2nc3ccccc3o2)cc1,18
Oc1ccc(-c2nc3cc(O)cc(/C=C\Br)c3o2)c(F)c1,1.0,Oc1ccc(c(F)c1)c2oc3c(\C=C/Br)cc(O)cc3n2,c1ccc(-c2nc3ccccc3o2)cc1,21
Oc1ccc(-c2nc3cc(O)cc(/C=C\Br)c3o2)cc1,0.0,Oc1ccc(cc1)c2oc3c(\C=C/Br)cc(O)cc3n2,c1ccc(-c2nc3ccccc3o2)cc1,20
Oc1ccc(-c2nc3cc(O)cc(Br)c3o2)c(F)c1,1.0,Oc1ccc(c(F)c1)c2oc3c(Br)cc(O)cc3n2,c1ccc(-c2nc3ccccc3o2)cc1,19
Oc1ccc(-c2nc3cc(O)cc(Br)c3o2)cc1,1.0,Oc1ccc(cc1)c2oc3c(Br)cc(O)cc3n2,c1ccc(-c2nc3ccccc3o2)cc1,18
Oc1ccc(-c2nc3cc(O)cc(CBr)c3o2)cc1,0.0,Oc1ccc(cc1)c2oc3c(CBr)cc(O)cc3n2,c1ccc(-c2nc3ccccc3o2)cc1,19
Oc1ccc(-c2nc3cc(O)ccc3o2)c(Cl)c1,1.0,Oc1ccc(c(Cl)c1)c2oc3ccc(O)cc3n2,c1ccc(-c2nc3ccccc3o2)cc1,18
Oc1ccc(-c2nc3cc(O)ccc3o2)c(O)c1,1.0,Oc1ccc(c(O)c1)c2oc3ccc(O)cc3n2,c1ccc(-c2nc3ccccc3o2)cc1,18
Oc1ccc(-c2nc3ccc(O)cc3o2)c(O)c1,1.0,Oc1ccc(c(O)c1)c2oc3cc(O)ccc3n2,c1ccc(-c2nc3ccccc3o2)cc1,18
Oc1ccc(-c2nn(-c3cc(Cl)ccc3Cl)c3cc(O)ccc23)c(O)c1,1.0,Oc1ccc(c(O)c1)c2nn(c3cc(Cl)ccc3Cl)c4cc(O)ccc24,c1ccc(-c2nn(-c3ccccc3)c3ccccc23)cc1,26
Oc1ccc(-c2nn(-c3cc(F)ccc3F)c3cc(O)ccc23)c(O)c1,1.0,Oc1ccc(c(O)c1)c2nn(c3cc(F)ccc3F)c4cc(O)ccc24,c1ccc(-c2nn(-c3ccccc3)c3ccccc23)cc1,26
Oc1ccc(-c2nn(-c3cccc(Cl)c3)c3cc(O)ccc23)c(O)c1,1.0,Oc1ccc(c(O)c1)c2nn(c3cccc(Cl)c3)c4cc(O)ccc24,c1ccc(-c2nn(-c3ccccc3)c3ccccc23)cc1,25
Oc1ccc(-c2nn(-c3cccc(F)c3)c3cc(O)ccc23)c(O)c1,1.0,Oc1ccc(c(O)c1)c2nn(c3cccc(F)c3)c4cc(O)ccc24,c1ccc(-c2nn(-c3ccccc3)c3ccccc23)cc1,25
Oc1ccc(-c2nn(C3CCCC3)c3c(Cl)cccc23)cc1,1.0,Oc1ccc(cc1)c2nn(C3CCCC3)c4c(Cl)cccc24,c1ccc(-c2nn(C3CCCC3)c3ccccc23)cc1,22
Oc1ccc(-c2nn(C3CCCC3)c3c(F)cccc23)cc1,1.0,Oc1ccc(cc1)c2nn(C3CCCC3)c4c(F)cccc24,c1ccc(-c2nn(C3CCCC3)c3ccccc23)cc1,22
Oc1ccc(-c2nn(C3CCCCC3)c3c(Cl)cccc23)cc1,1.0,Oc1ccc(cc1)c2nn(C3CCCCC3)c4c(Cl)cccc24,c1ccc(-c2nn(C3CCCCC3)c3ccccc23)cc1,23
Oc1ccc(-c2nn(CC(F)(F)F)c3cc(O)ccc23)c(O)c1,1.0,Oc1ccc(c(O)c1)c2nn(CC(F)(F)F)c3cc(O)ccc23,c1ccc(-c2n[nH]c3ccccc23)cc1,23
Oc1ccc(-c2nn(Cc3ccccc3)c3c(C(F)(F)F)cccc23)cc1,1.0,Oc1ccc(cc1)c2nn(Cc3ccccc3)c4c(cccc24)C(F)(F)F,c1ccc(Cn2nc(-c3ccccc3)c3ccccc32)cc1,27
Oc1ccc(-c2nn(Cc3ccccc3)c3c(Cl)cccc23)cc1,1.0,Oc1ccc(cc1)c2nn(Cc3ccccc3)c4c(Cl)cccc24,c1ccc(Cn2nc(-c3ccccc3)c3ccccc32)cc1,24
Oc1ccc(-c2nn3c(C(F)(F)F)cc(C(F)(F)F)nc3c2-c2ccc(O)cc2)cc1,1.0,Oc1ccc(cc1)c2nn3c(cc(nc3c2c4ccc(O)cc4)C(F)(F)F)C(F)(F)F,c1ccc(-c2nn3cccnc3c2-c2ccccc2)cc1,31
Oc1ccc(-c2nn3c(C(F)(F)F)cc(C(F)(F)F)nc3c2-c2ccc(OCCN3CCCCC3)cc2)cc1,1.0,Oc1ccc(cc1)c2nn3c(cc(nc3c2c4ccc(OCCN5CCCCC5)cc4)C(F)(F)F)C(F)(F)F,c1ccc(-c2nn3cccnc3c2-c2ccc(OCCN3CCCCC3)cc2)cc1,39
Oc1ccc(-c2nn3c(C(F)(F)F)cc(C(F)(F)F)nc3c2-c2ccccc2)cc1,1.0,Oc1ccc(cc1)c2nn3c(cc(nc3c2c4ccccc4)C(F)(F)F)C(F)(F)F,c1ccc(-c2nn3cccnc3c2-c2ccccc2)cc1,30
Oc1ccc(-c2nn3cc(O)cnc3c2-c2ccc(O)cc2)cc1,0.0,Oc1ccc(cc1)c2nn3cc(O)cnc3c2c4ccc(O)cc4,c1ccc(-c2nn3cccnc3c2-c2ccccc2)cc1,24
Oc1ccc(-c2noc(C(F)(F)F)c2-c2ccccc2)cc1,1.0,Oc1ccc(cc1)c2noc(c2c3ccccc3)C(F)(F)F,c1ccc(-c2conc2-c2ccccc2)cc1,22
Oc1ccc(-c2noc3cc(O)ccc23)c(O)c1,1.0,Oc1ccc(c(O)c1)c2noc3cc(O)ccc23,c1ccc(-c2noc3ccccc23)cc1,18
Oc1ccc(-c2noc3ccc(O)cc23)c(O)c1,0.0,Oc1ccc(c(O)c1)c2noc3ccc(O)cc23,c1ccc(-c2noc3ccccc23)cc1,18
Oc1ccc(-c2noc3ccccc23)c(O)c1,0.0,Oc1ccc(c(O)c1)c2noc3ccccc23,c1ccc(-c2noc3ccccc23)cc1,17
Oc1ccc(-c2sc3cc(O)ccc3c2Oc2ccc(OCCN3CCCCC3)cc2)cc1,1.0,Oc1ccc(cc1)c2sc3cc(O)ccc3c2Oc4ccc(OCCN5CCCCC5)cc4,c1ccc(-c2sc3ccccc3c2Oc2ccc(OCCN3CCCCC3)cc2)cc1,33
Oc1ccc(-n2c(-c3cccs3)nc3ccccc32)cc1,0.0,Oc1ccc(cc1)n2c(nc3ccccc23)c4cccs4,c1ccc(-n2c(-c3cccs3)nc3ccccc32)cc1,21
Oc1ccc(-n2cnc3cc(O)cc(O)c3c2=S)cc1,0.0,Oc1ccc(cc1)N2C=Nc3cc(O)cc(O)c3C2=S,S=c1c2ccccc2ncn1-c1ccccc1,20
Oc1ccc(-n2cnc3cc(O)cc(O)c3c2=S)nc1,0.0,Oc1ccc(nc1)N2C=Nc3cc(O)cc(O)c3C2=S,S=c1c2ccccc2ncn1-c1ccccn1,20
Oc1ccc(/C(=N\c2ccc(Br)cc2)c2ccc(O)cc2O)cc1,1.0,Oc1ccc(cc1)\C(=N/c2ccc(Br)cc2)\c3ccc(O)cc3O,c1ccc(N=C(c2ccccc2)c2ccccc2)cc1,24
Oc1ccc(/C(=N\c2ccc(Cl)cc2)c2ccc(O)cc2O)cc1,1.0,Oc1ccc(cc1)\C(=N/c2ccc(Cl)cc2)\c3ccc(O)cc3O,c1ccc(N=C(c2ccccc2)c2ccccc2)cc1,24
Oc1ccc(/C(=N\c2ccc(F)cc2)c2ccc(O)cc2O)cc1,1.0,Oc1ccc(cc1)\C(=N/c2ccc(F)cc2)\c3ccc(O)cc3O,c1ccc(N=C(c2ccccc2)c2ccccc2)cc1,24
Oc1ccc(/C(=N\c2cccc(C(F)(F)F)c2)c2ccc(O)cc2O)cc1,1.0,Oc1ccc(cc1)\C(=N/c2cccc(c2)C(F)(F)F)\c3ccc(O)cc3O,c1ccc(N=C(c2ccccc2)c2ccccc2)cc1,27
Oc1ccc(/C(=N\c2cccc(Cl)c2)c2ccc(O)cc2O)cc1,1.0,Oc1ccc(cc1)\C(=N/c2cccc(Cl)c2)\c3ccc(O)cc3O,c1ccc(N=C(c2ccccc2)c2ccccc2)cc1,24
Oc1ccc(/C(=N\c2ccccc2)c2ccc(O)cc2O)cc1,1.0,Oc1ccc(cc1)\C(=N/c2ccccc2)\c3ccc(O)cc3O,c1ccc(N=C(c2ccccc2)c2ccccc2)cc1,23
Oc1ccc(/C(=N\c2ccccc2Cl)c2ccc(O)cc2O)cc1,1.0,Oc1ccc(cc1)\C(=N/c2ccccc2Cl)\c3ccc(O)cc3O,c1ccc(N=C(c2ccccc2)c2ccccc2)cc1,24
Oc1ccc(/C=N/c2ccc(N3CCOCC3)cc2)c(O)c1,0.0,Oc1ccc(\C=N\c2ccc(cc2)N3CCOCC3)c(O)c1,C(=Nc1ccc(N2CCOCC2)cc1)c1ccccc1,22
Oc1ccc(/N=C(\c2ccc(O)cc2)c2ccc(O)cc2O)cc1,1.0,Oc1ccc(cc1)\N=C(/c2ccc(O)cc2)\c3ccc(O)cc3O,c1ccc(N=C(c2ccccc2)c2ccccc2)cc1,24
Oc1ccc(C(=Nc2ccc(Br)cc2)c2ccc(O)cc2)cc1,1.0,Oc1ccc(cc1)C(=Nc2ccc(Br)cc2)c3ccc(O)cc3,c1ccc(N=C(c2ccccc2)c2ccccc2)cc1,23
Oc1ccc(C(=Nc2ccc(Cl)cc2)c2ccc(O)cc2)cc1,1.0,Oc1ccc(cc1)C(=Nc2ccc(Cl)cc2)c3ccc(O)cc3,c1ccc(N=C(c2ccccc2)c2ccccc2)cc1,23
Oc1ccc(C(=Nc2ccc(F)cc2)c2ccc(O)cc2)cc1,1.0,Oc1ccc(cc1)C(=Nc2ccc(F)cc2)c3ccc(O)cc3,c1ccc(N=C(c2ccccc2)c2ccccc2)cc1,23
Oc1ccc(C(=Nc2cccc(C(F)(F)F)c2)c2ccc(O)cc2)cc1,1.0,Oc1ccc(cc1)C(=Nc2cccc(c2)C(F)(F)F)c3ccc(O)cc3,c1ccc(N=C(c2ccccc2)c2ccccc2)cc1,26
Oc1ccc(C(=Nc2cccc(Cl)c2)c2ccc(O)cc2)cc1,1.0,Oc1ccc(cc1)C(=Nc2cccc(Cl)c2)c3ccc(O)cc3,c1ccc(N=C(c2ccccc2)c2ccccc2)cc1,23
Oc1ccc(C(=Nc2ccccc2)c2ccc(O)cc2)cc1,1.0,Oc1ccc(cc1)C(=Nc2ccccc2)c3ccc(O)cc3,c1ccc(N=C(c2ccccc2)c2ccccc2)cc1,22
Oc1ccc(C(=Nc2ccccc2Cl)c2ccc(O)cc2)cc1,1.0,Oc1ccc(cc1)C(=Nc2ccccc2Cl)c3ccc(O)cc3,c1ccc(N=C(c2ccccc2)c2ccccc2)cc1,23
Oc1ccc(C2(c3ccc(O)cc3)CCCC2)cc1,1.0,Oc1ccc(cc1)C2(CCCC2)c3ccc(O)cc3,c1ccc(C2(c3ccccc3)CCCC2)cc1,19
Oc1ccc(C2=C(Cc3ccccc3)c3ccc(O)cc3C2)cc1,1.0,Oc1ccc(cc1)C2=C(Cc3ccccc3)c4ccc(O)cc4C2,c1ccc(CC2=C(c3ccccc3)Cc3ccccc32)cc1,24
Oc1ccc(C2=C(c3ccc(C(F)(F)F)cc3)c3ccc(O)cc3C2)cc1,1.0,Oc1ccc(cc1)C2=C(c3ccc(cc3)C(F)(F)F)c4ccc(O)cc4C2,c1ccc(C2=C(c3ccccc3)c3ccccc3C2)cc1,27
Oc1ccc(C2=C(c3ccc(CBr)cc3)c3ccc(O)cc3C2)cc1,1.0,Oc1ccc(cc1)C2=C(c3ccc(CBr)cc3)c4ccc(O)cc4C2,c1ccc(C2=C(c3ccccc3)c3ccccc3C2)cc1,25
Oc1ccc(C2=C(c3ccc(Cl)cc3)c3ccc(O)cc3C2)cc1,1.0,Oc1ccc(cc1)C2=C(c3ccc(Cl)cc3)c4ccc(O)cc4C2,c1ccc(C2=C(c3ccccc3)c3ccccc3C2)cc1,24
Oc1ccc(C2=C(c3ccc(F)cc3)c3ccc(O)cc3C2)cc1,1.0,Oc1ccc(cc1)C2=C(c3ccc(F)cc3)c4ccc(O)cc4C2,c1ccc(C2=C(c3ccccc3)c3ccccc3C2)cc1,24
Oc1ccc(C2=C(c3ccc(O)cc3)c3ccc(O)cc3C2)cc1,1.0,Oc1ccc(cc1)C2=C(c3ccc(O)cc3)c4ccc(O)cc4C2,c1ccc(C2=C(c3ccccc3)c3ccccc3C2)cc1,24
Oc1ccc(C2=C(c3ccc(OCCN4CCC4)cc3)c3ccccc3OCC2)cc1,1.0,Oc1ccc(cc1)C2=C(c3ccc(OCCN4CCC4)cc3)c5ccccc5OCC2,c1ccc(C2=C(c3ccc(OCCN4CCC4)cc3)c3ccccc3OCC2)cc1,31
Oc1ccc(C2=C(c3ccc(OCCN4CCCC4)cc3)CCOc3cc(F)ccc32)cc1,1.0,Oc1ccc(cc1)C2=C(CCOc3cc(F)ccc23)c4ccc(OCCN5CCCC5)cc4,c1ccc(C2=C(c3ccc(OCCN4CCCC4)cc3)CCOc3ccccc32)cc1,33
Oc1ccc(C2=C(c3ccc(OCCN4CCCC4)cc3)c3ccc(F)cc3OCC2)cc1,1.0,Oc1ccc(cc1)C2=C(c3ccc(OCCN4CCCC4)cc3)c5ccc(F)cc5OCC2,c1ccc(C2=C(c3ccc(OCCN4CCCC4)cc3)c3ccccc3OCC2)cc1,33
Oc1ccc(C2=C(c3ccc(OCCN4CCCC4)cc3)c3ccc(O)cc3OCC2)cc1,1.0,Oc1ccc(cc1)C2=C(c3ccc(OCCN4CCCC4)cc3)c5ccc(O)cc5OCC2,c1ccc(C2=C(c3ccc(OCCN4CCCC4)cc3)c3ccccc3OCC2)cc1,33
Oc1ccc(C2=C(c3ccc(OCCN4CCCCC4)cc3)Oc3ccc(O)cc3S2)cc1,1.0,Oc1ccc(cc1)C2=C(Oc3ccc(O)cc3S2)c4ccc(OCCN5CCCCC5)cc4,c1ccc(C2=C(c3ccc(OCCN4CCCCC4)cc3)Oc3ccccc3S2)cc1,33
Oc1ccc(C2=C(c3ccc(OCCN4CCCCC4)cc3)c3ccc(F)cc3OCC2)cc1,1.0,Oc1ccc(cc1)C2=C(c3ccc(OCCN4CCCCC4)cc3)c5ccc(F)cc5OCC2,c1ccc(C2=C(c3ccc(OCCN4CCCCC4)cc3)c3ccccc3OCC2)cc1,34
Oc1ccc(C2=C(c3ccc(OCCN4CCCCC4)cc3)c3ccc(O)cc3C2)cc1,1.0,Oc1ccc(cc1)C2=C(c3ccc(OCCN4CCCCC4)cc3)c5ccc(O)cc5C2,c1ccc(C2=C(c3ccc(OCCN4CCCCC4)cc3)c3ccccc3C2)cc1,32
Oc1ccc(C2=C(c3ccccc3)c3ccc(O)cc3C2)cc1,1.0,Oc1ccc(cc1)C2=C(c3ccccc3)c4ccc(O)cc4C2,c1ccc(C2=C(c3ccccc3)c3ccccc3C2)cc1,23
Oc1ccc(C2=COc3cc(O)ccc3C2)cc1,0.0,Oc1ccc(cc1)C2=COc3cc(O)ccc3C2,C1=C(c2ccccc2)Cc2ccccc2O1,18
Oc1ccc(C2=Cc3cc(O)ccc3C23Cc2ccc(OCCN4CCCCC4)cc2C3)cc1,1.0,Oc1ccc(cc1)C2=Cc3cc(O)ccc3C24Cc5ccc(OCCN6CCCCC6)cc5C4,C1=C(c2ccccc2)C2(Cc3ccc(OCCN4CCCCC4)cc3C2)c2ccccc21,34
Oc1ccc(C2=Cc3cc(O)ccc3C23Cc2ccccc2C3)cc1,1.0,Oc1ccc(cc1)C2=Cc3cc(O)ccc3C24Cc5ccccc5C4,C1=C(c2ccccc2)C2(Cc3ccccc3C2)c2ccccc21,25
Oc1ccc(C2=Nc3c(O)cc(O)cc3OC2)cc1,0.0,Oc1ccc(cc1)C2=Nc3c(O)cc(O)cc3OC2,c1ccc(C2=Nc3ccccc3OC2)cc1,19
Oc1ccc(C2=Nc3ccc(O)cc3OC2)cc1,0.0,Oc1ccc(cc1)C2=Nc3ccc(O)cc3OC2,c1ccc(C2=Nc3ccccc3OC2)cc1,18
Oc1ccc(C2CCc3cc(O)ccc3N2Cc2ccc(OCCN3CCCC3)cc2)cc1,1.0,Oc1ccc(cc1)C2CCc3cc(O)ccc3N2Cc4ccc(OCCN5CCCC5)cc4,c1ccc(C2CCc3ccccc3N2Cc2ccc(OCCN3CCCC3)cc2)cc1,33
Oc1ccc(C2CCc3cc(O)ccc3N2Cc2ccc(OCCN3CCCCC3)cc2)cc1,1.0,Oc1ccc(cc1)C2CCc3cc(O)ccc3N2Cc4ccc(OCCN5CCCCC5)cc4,c1ccc(C2CCc3ccccc3N2Cc2ccc(OCCN3CCCCC3)cc2)cc1,34
Oc1ccc(C2CCc3cc(O)ccc3N2c2ccc(OCCN3CCCC3)cc2)cc1,1.0,Oc1ccc(cc1)C2CCc3cc(O)ccc3N2c4ccc(OCCN5CCCC5)cc4,c1ccc(C2CCc3ccccc3N2c2ccc(OCCN3CCCC3)cc2)cc1,32
Oc1ccc(C2CCc3cc(O)ccc3N2c2ccc(OCCN3CCCCC3)cc2)cc1,1.0,Oc1ccc(cc1)C2CCc3cc(O)ccc3N2c4ccc(OCCN5CCCCC5)cc4,c1ccc(C2CCc3ccccc3N2c2ccc(OCCN3CCCCC3)cc2)cc1,33
Oc1ccc(C2CN(Cc3ccccc3)Cc3cc(O)ccc32)cc1,1.0,Oc1ccc(cc1)C2CN(Cc3ccccc3)Cc4cc(O)ccc24,c1ccc(CN2Cc3ccccc3C(c3ccccc3)C2)cc1,25
Oc1ccc(C2CNc3cc(O)ccc3C2)cc1,0.0,Oc1ccc(cc1)C2CNc3cc(O)ccc3C2,c1ccc(C2CNc3ccccc3C2)cc1,18
Oc1ccc(C2c3sc(O)nc3SC3C4CCC(C4)C23)cc1,0.0,Oc1ccc(cc1)C2C3C4CCC(C4)C3Sc5nc(O)sc25,c1ccc(C2c3scnc3SC3C4CCC(C4)C23)cc1,22
Oc1ccc(CC(c2ccc(O)cc2)C(F)(F)C(F)(F)F)cc1,1.0,Oc1ccc(CC(c2ccc(O)cc2)C(F)(F)C(F)(F)F)cc1,c1ccc(CCc2ccccc2)cc1,23
Oc1ccc(CC(c2ccc(O)cc2)C(F)(F)F)cc1,1.0,Oc1ccc(CC(c2ccc(O)cc2)C(F)(F)F)cc1,c1ccc(CCc2ccccc2)cc1,20
Oc1ccc(CCNc2nc(NC/C=C/c3ccccc3)nc(N3CCNCC3)n2)cc1,0.0,Oc1ccc(CCNc2nc(NC\C=C\c3ccccc3)nc(n2)N4CCNCC4)cc1,C(=Cc1ccccc1)CNc1nc(NCCc2ccccc2)nc(N2CCNCC2)n1,32
Oc1ccc(CCNc2nc(NCCCc3ccccc3)nc(N3CCNCC3)n2)cc1,0.0,Oc1ccc(CCNc2nc(NCCCc3ccccc3)nc(n2)N4CCNCC4)cc1,c1ccc(CCCNc2nc(NCCc3ccccc3)nc(N3CCNCC3)n2)cc1,32
Oc1ccc(CCNc2nc(NCCc3ccccc3)nc(N3CCNCC3)n2)cc1,0.0,Oc1ccc(CCNc2nc(NCCc3ccccc3)nc(n2)N4CCNCC4)cc1,c1ccc(CCNc2nc(NCCc3ccccc3)nc(N3CCNCC3)n2)cc1,31
Oc1ccc(CCNc2nc(SCCCc3ccc(Cl)cc3)nc(N3CCNCC3)n2)cc1,1.0,Oc1ccc(CCNc2nc(SCCCc3ccc(Cl)cc3)nc(n2)N4CCNCC4)cc1,c1ccc(CCCSc2nc(NCCc3ccccc3)nc(N3CCNCC3)n2)cc1,33
Oc1ccc(CCc2ccc(O)cc2)cc1,1.0,Oc1ccc(CCc2ccc(O)cc2)cc1,c1ccc(CCc2ccccc2)cc1,16
Oc1ccc(CN(c2ccc(O)cc2)c2ccc(F)cc2)cc1,1.0,Oc1ccc(CN(c2ccc(O)cc2)c3ccc(F)cc3)cc1,c1ccc(CN(c2ccccc2)c2ccccc2)cc1,23
Oc1ccc(C[C@H]2Sc3cc(O)ccc3O[C@H]2c2ccc(OCCN3CCCCC3)cc2)cc1,1.0,Oc1ccc(C[C@H]2Sc3cc(O)ccc3O[C@H]2c4ccc(OCCN5CCCCC5)cc4)cc1,c1ccc(CC2Sc3ccccc3OC2c2ccc(OCCN3CCCCC3)cc2)cc1,34
Oc1ccc(N=C(c2ccc(O)cc2)c2ccc(O)cc2)cc1,1.0,Oc1ccc(cc1)N=C(c2ccc(O)cc2)c3ccc(O)cc3,c1ccc(N=C(c2ccccc2)c2ccccc2)cc1,23
Oc1ccc(NCc2ccccc2OCc2ccccc2F)cc1,0.0,Oc1ccc(NCc2ccccc2OCc3ccccc3F)cc1,c1ccc(COc2ccccc2CNc2ccccc2)cc1,24
Oc1ccc(Oc2c(-c3ccc(F)cc3)sc3cc(O)ccc23)cc1,1.0,Oc1ccc(Oc2c(sc3cc(O)ccc23)c4ccc(F)cc4)cc1,c1ccc(Oc2c(-c3ccccc3)sc3ccccc23)cc1,25
Oc1ccc(Oc2sc3cc(O)ccc3c2-c2ccc(F)cc2)cc1,1.0,Oc1ccc(Oc2sc3cc(O)ccc3c2c4ccc(F)cc4)cc1,c1ccc(Oc2sc3ccccc3c2-c2ccccc2)cc1,25
Oc1ccc([C@@H]2Cc3ccc(O)cc3O[C@@H]2c2ccc(OCCN3CCCCC3)cc2)cc1,1.0,Oc1ccc(cc1)[C@@H]2Cc3ccc(O)cc3O[C@@H]2c4ccc(OCCN5CCCCC5)cc4,c1ccc(C2Cc3ccccc3OC2c2ccc(OCCN3CCCCC3)cc2)cc1,33
Oc1ccc([C@@H]2N=CN[C@@H]2c2c(Cl)cc(O)cc2Cl)c(Cl)c1,1.0,Oc1ccc([C@@H]2N=CN[C@@H]2c3c(Cl)cc(O)cc3Cl)c(Cl)c1,C1=NC(c2ccccc2)C(c2ccccc2)N1,22
Oc1ccc([C@@H]2Oc3ccc(O)cc3[C@@H]3CC(F)(F)C[C@@H]32)cc1,1.0,Oc1ccc(cc1)[C@@H]2Oc3ccc(O)cc3[C@@H]4CC(F)(F)C[C@H]24,c1ccc(C2Oc3ccccc3C3CCCC32)cc1,23
Oc1ccc([C@@H]2Oc3ccc(O)cc3[C@@H]3CCC[C@@H]32)cc1,1.0,Oc1ccc(cc1)[C@@H]2Oc3ccc(O)cc3[C@@H]4CCC[C@H]24,c1ccc(C2Oc3ccccc3C3CCCC32)cc1,21
Oc1ccc([C@@H]2Oc3ccc(O)cc3[C@@H]3C[C@@H](C(F)(F)F)C[C@@H]32)cc1,1.0,Oc1ccc(cc1)[C@@H]2Oc3ccc(O)cc3[C@@H]4C[C@H](C[C@H]24)C(F)(F)F,c1ccc(C2Oc3ccccc3C3CCCC32)cc1,25
Oc1ccc([C@@H]2Oc3ccc(O)cc3[C@@H]3C[C@H](C(F)(F)F)C[C@@H]32)cc1,1.0,Oc1ccc(cc1)[C@@H]2Oc3ccc(O)cc3[C@@H]4C[C@@H](C[C@H]24)C(F)(F)F,c1ccc(C2Oc3ccccc3C3CCCC32)cc1,25
Oc1ccc([C@@H]2Sc3c(Cl)cc(O)cc3O[C@@H]2c2ccc(OCCN3CCCCC3)cc2)cc1,1.0,Oc1ccc(cc1)[C@@H]2Sc3c(Cl)cc(O)cc3O[C@@H]2c4ccc(OCCN5CCCCC5)cc4,c1ccc(C2Sc3ccccc3OC2c2ccc(OCCN3CCCCC3)cc2)cc1,34
Oc1ccc([C@@H]2Sc3c(F)cc(O)cc3O[C@@H]2c2ccc(OCCN3CCCCC3)cc2)cc1,1.0,Oc1ccc(cc1)[C@@H]2Sc3c(F)cc(O)cc3O[C@@H]2c4ccc(OCCN5CCCCC5)cc4,c1ccc(C2Sc3ccccc3OC2c2ccc(OCCN3CCCCC3)cc2)cc1,34
Oc1ccc([C@@H]2Sc3c(O)cc(O)cc3O[C@@H]2c2ccc(OCCN3CCCCC3)cc2)cc1,1.0,Oc1ccc(cc1)[C@@H]2Sc3c(O)cc(O)cc3O[C@@H]2c4ccc(OCCN5CCCCC5)cc4,c1ccc(C2Sc3ccccc3OC2c2ccc(OCCN3CCCCC3)cc2)cc1,34
Oc1ccc([C@@H]2Sc3c(ccc(O)c3Cl)O[C@@H]2c2ccc(OCCN3CCCCC3)cc2)cc1,1.0,Oc1ccc(cc1)[C@@H]2Sc3c(Cl)c(O)ccc3O[C@@H]2c4ccc(OCCN5CCCCC5)cc4,c1ccc(C2Sc3ccccc3OC2c2ccc(OCCN3CCCCC3)cc2)cc1,34
Oc1ccc([C@@H]2Sc3c(ccc(O)c3F)O[C@@H]2c2ccc(OCCN3CCCCC3)cc2)cc1,1.0,Oc1ccc(cc1)[C@@H]2Sc3c(F)c(O)ccc3O[C@@H]2c4ccc(OCCN5CCCCC5)cc4,c1ccc(C2Sc3ccccc3OC2c2ccc(OCCN3CCCCC3)cc2)cc1,34
Oc1ccc([C@@H]2Sc3cc(Cl)c(O)cc3O[C@@H]2c2ccc(OCCN3CCCCC3)cc2)cc1,1.0,Oc1ccc(cc1)[C@@H]2Sc3cc(Cl)c(O)cc3O[C@@H]2c4ccc(OCCN5CCCCC5)cc4,c1ccc(C2Sc3ccccc3OC2c2ccc(OCCN3CCCCC3)cc2)cc1,34
Oc1ccc([C@@H]2Sc3cc(O)c(Cl)cc3O[C@@H]2c2ccc(OCCN3CCCCC3)cc2)cc1,1.0,Oc1ccc(cc1)[C@@H]2Sc3cc(O)c(Cl)cc3O[C@@H]2c4ccc(OCCN5CCCCC5)cc4,c1ccc(C2Sc3ccccc3OC2c2ccc(OCCN3CCCCC3)cc2)cc1,34
Oc1ccc([C@@H]2Sc3cc(O)c(F)cc3O[C@@H]2c2ccc(OCCN3CCCCC3)cc2)cc1,1.0,Oc1ccc(cc1)[C@@H]2Sc3cc(O)c(F)cc3O[C@@H]2c4ccc(OCCN5CCCCC5)cc4,c1ccc(C2Sc3ccccc3OC2c2ccc(OCCN3CCCCC3)cc2)cc1,34
Oc1ccc([C@@H]2Sc3cc(O)cc(Cl)c3O[C@@H]2c2ccc(OCCN3CCCCC3)cc2)cc1,1.0,Oc1ccc(cc1)[C@@H]2Sc3cc(O)cc(Cl)c3O[C@@H]2c4ccc(OCCN5CCCCC5)cc4,c1ccc(C2Sc3ccccc3OC2c2ccc(OCCN3CCCCC3)cc2)cc1,34
Oc1ccc([C@@H]2Sc3cc(O)ccc3O[C@@H]2c2ccc(OCCN3CCCCC3)cc2)cc1,1.0,Oc1ccc(cc1)[C@@H]2Sc3cc(O)ccc3O[C@@H]2c4ccc(OCCN5CCCCC5)cc4,c1ccc(C2Sc3ccccc3OC2c2ccc(OCCN3CCCCC3)cc2)cc1,33
Oc1ccc([C@@H]2Sc3cc(O)ccc3O[C@H]2c2ccc(OCCN3CCCCC3)cc2)cc1,1.0,Oc1ccc(cc1)[C@@H]2Sc3cc(O)ccc3O[C@H]2c4ccc(OCCN5CCCCC5)cc4,c1ccc(C2Sc3ccccc3OC2c2ccc(OCCN3CCCCC3)cc2)cc1,33
Oc1ccc([C@@H]2Sc3ccc(O)cc3O[C@@H]2c2ccc(OCCN3CCCCC3)cc2)cc1,1.0,Oc1ccc(cc1)[C@@H]2Sc3ccc(O)cc3O[C@@H]2c4ccc(OCCN5CCCCC5)cc4,c1ccc(C2Sc3ccccc3OC2c2ccc(OCCN3CCCCC3)cc2)cc1,33
Oc1ccc([C@@H]2Sc3ccccc3O[C@@H]2c2ccc(OCCN3CCCCC3)cc2)cc1,1.0,Oc1ccc(cc1)[C@@H]2Sc3ccccc3O[C@@H]2c4ccc(OCCN5CCCCC5)cc4,c1ccc(C2Sc3ccccc3OC2c2ccc(OCCN3CCCCC3)cc2)cc1,32
Oc1ccc([C@H]2CCc3ccc(O)cc3O2)cc1,0.0,Oc1ccc(cc1)[C@H]2CCc3ccc(O)cc3O2,c1ccc(C2CCc3ccccc3O2)cc1,18
Oc1ccc([C@H]2N=CN[C@H]2c2c(Cl)cc(O)cc2Cl)c(Cl)c1,1.0,Oc1ccc([C@H]2N=CN[C@H]2c3c(Cl)cc(O)cc3Cl)c(Cl)c1,C1=NC(c2ccccc2)C(c2ccccc2)N1,22
Oc1ccc([C@H]2Oc3cc(O)ccc3[C@H]3CCC[C@H]32)cc1,1.0,Oc1ccc(cc1)[C@H]2Oc3cc(O)ccc3[C@H]4CCC[C@@H]24,c1ccc(C2Oc3ccccc3C3CCCC32)cc1,21
Oc1ccc([C@H]2Oc3ccc(O)cc3[C@H]3CCCCC[C@H]32)cc1,1.0,Oc1ccc(cc1)[C@H]2Oc3ccc(O)cc3[C@H]4CCCCC[C@@H]24,c1ccc(C2Oc3ccccc3C3CCCCCC32)cc1,23
Oc1ccc([C@H]2Oc3ccc(O)cc3[C@H]3CCCC[C@H]32)cc1,1.0,Oc1ccc(cc1)[C@H]2Oc3ccc(O)cc3[C@H]4CCCC[C@@H]24,c1ccc(C2Oc3ccccc3C3CCCCC32)cc1,22
Oc1ccc([C@H]2Oc3ccc(O)cc3[C@H]3CCC[C@H]32)cc1,1.0,Oc1ccc(cc1)[C@H]2Oc3ccc(O)cc3[C@H]4CCC[C@@H]24,c1ccc(C2Oc3ccccc3C3CCCC32)cc1,21
Oc1ccc([C@H]2Oc3cccc(O)c3[C@H]3CCC[C@H]32)cc1,1.0,Oc1ccc(cc1)[C@H]2Oc3cccc(O)c3[C@H]4CCC[C@@H]24,c1ccc(C2Oc3ccccc3C3CCCC32)cc1,21
Oc1ccc([C@H]2Oc3ccccc3[C@H]3CCC[C@H]32)cc1,1.0,Oc1ccc(cc1)[C@H]2Oc3ccccc3[C@H]4CCC[C@@H]24,c1ccc(C2Oc3ccccc3C3CCCC32)cc1,20
Oc1ccc([C@H]2Sc3c(ccc(O)c3F)O[C@H]2c2ccc(OCCN3CCCCC3)cc2)cc1,1.0,Oc1ccc(cc1)[C@H]2Sc3c(F)c(O)ccc3O[C@H]2c4ccc(OCCN5CCCCC5)cc4,c1ccc(C2Sc3ccccc3OC2c2ccc(OCCN3CCCCC3)cc2)cc1,34
Oc1ccc([C@H]2Sc3cc(O)ccc3O[C@H]2CCCN2CCCCC2)cc1,1.0,Oc1ccc(cc1)[C@H]2Sc3cc(O)ccc3O[C@H]2CCCN4CCCCC4,c1ccc(C2Sc3ccccc3OC2CCCN2CCCCC2)cc1,27
Oc1ccc([C@H]2Sc3cc(O)ccc3O[C@H]2c2ccc(C3=CCNCC3)cc2)cc1,1.0,Oc1ccc(cc1)[C@H]2Sc3cc(O)ccc3O[C@H]2c4ccc(cc4)C5=CCNCC5,C1=C(c2ccc(C3Oc4ccccc4SC3c3ccccc3)cc2)CCNC1,30
Oc1ccc([C@H]2Sc3cc(O)ccc3O[C@H]2c2ccc(C3CCNCC3)cc2)cc1,1.0,Oc1ccc(cc1)[C@H]2Sc3cc(O)ccc3O[C@H]2c4ccc(cc4)C5CCNCC5,c1ccc(C2Sc3ccccc3OC2c2ccc(C3CCNCC3)cc2)cc1,30
Oc1ccc([C@H]2Sc3cc(O)ccc3O[C@H]2c2ccc(CCCN3CCCCC3)cc2)cc1,1.0,Oc1ccc(cc1)[C@H]2Sc3cc(O)ccc3O[C@H]2c4ccc(CCCN5CCCCC5)cc4,c1ccc(C2Sc3ccccc3OC2c2ccc(CCCN3CCCCC3)cc2)cc1,33
Oc1ccc([C@H]2Sc3cc(O)ccc3O[C@H]2c2ccc(CN3CCCCC3)cc2)cc1,1.0,Oc1ccc(cc1)[C@H]2Sc3cc(O)ccc3O[C@H]2c4ccc(CN5CCCCC5)cc4,c1ccc(C2Sc3ccccc3OC2c2ccc(CN3CCCCC3)cc2)cc1,31
Oc1ccc([C@H]2Sc3cc(O)ccc3O[C@H]2c2ccc(COCCN3CCCCC3)cc2)cc1,1.0,Oc1ccc(cc1)[C@H]2Sc3cc(O)ccc3O[C@H]2c4ccc(COCCN5CCCCC5)cc4,c1ccc(C2Sc3ccccc3OC2c2ccc(COCCN3CCCCC3)cc2)cc1,34
Oc1ccc([C@H]2Sc3cc(O)ccc3O[C@H]2c2ccc(N3CCCNCC3)cc2)cc1,1.0,Oc1ccc(cc1)[C@H]2Sc3cc(O)ccc3O[C@H]2c4ccc(cc4)N5CCCNCC5,c1ccc(C2Sc3ccccc3OC2c2ccc(N3CCCNCC3)cc2)cc1,31
Oc1ccc([C@H]2Sc3cc(O)ccc3O[C@H]2c2ccc(N3CCNCC3)cc2)cc1,1.0,Oc1ccc(cc1)[C@H]2Sc3cc(O)ccc3O[C@H]2c4ccc(cc4)N5CCNCC5,c1ccc(C2Sc3ccccc3OC2c2ccc(N3CCNCC3)cc2)cc1,30
Oc1ccc([C@H]2Sc3cc(O)ccc3O[C@H]2c2ccc(OCCCN3CCCC3)cc2)cc1,1.0,Oc1ccc(cc1)[C@H]2Sc3cc(O)ccc3O[C@H]2c4ccc(OCCCN5CCCC5)cc4,c1ccc(C2Sc3ccccc3OC2c2ccc(OCCCN3CCCC3)cc2)cc1,33
Oc1ccc([C@H]2Sc3cc(O)ccc3O[C@H]2c2ccc(OCCN3C4CCC3CC4)cc2)cc1,1.0,Oc1ccc(cc1)[C@H]2Sc3cc(O)ccc3O[C@H]2c4ccc(OCCN5C6CCC5CC6)cc4,c1ccc(C2Sc3ccccc3OC2c2ccc(OCCN3C4CCC3CC4)cc2)cc1,34
Oc1ccc([C@H]2Sc3cc(O)ccc3O[C@H]2c2ccc(OCCN3C4CCCC3CC4)cc2)cc1,1.0,Oc1ccc(cc1)[C@H]2Sc3cc(O)ccc3O[C@H]2c4ccc(OCCN5C6CCCC5CC6)cc4,c1ccc(C2Sc3ccccc3OC2c2ccc(OCCN3C4CCCC3CC4)cc2)cc1,35
Oc1ccc([C@H]2Sc3cc(O)ccc3O[C@H]2c2ccc(OCCN3C4CCCC3CCC4)cc2)cc1,1.0,Oc1ccc(cc1)[C@H]2Sc3cc(O)ccc3O[C@H]2c4ccc(OCCN5C6CCCC5CCC6)cc4,c1ccc(C2Sc3ccccc3OC2c2ccc(OCCN3C4CCCC3CCC4)cc2)cc1,36
Oc1ccc([C@H]2Sc3cc(O)ccc3O[C@H]2c2ccc(OCCN3CC4(CCC4)C3)cc2)cc1,1.0,Oc1ccc(cc1)[C@H]2Sc3cc(O)ccc3O[C@H]2c4ccc(OCCN5CC6(CCC6)C5)cc4,c1ccc(C2Sc3ccccc3OC2c2ccc(OCCN3CC4(CCC4)C3)cc2)cc1,34
Oc1ccc([C@H]2Sc3cc(O)ccc3O[C@H]2c2ccc(OCCN3CC4CC3CO4)cc2)cc1,1.0,Oc1ccc(cc1)[C@H]2Sc3cc(O)ccc3O[C@H]2c4ccc(OCCN5CC6CC5CO6)cc4,c1ccc(C2Sc3ccccc3OC2c2ccc(OCCN3CC4CC3CO4)cc2)cc1,34
Oc1ccc([C@H]2Sc3cc(O)ccc3O[C@H]2c2ccc(OCCN3CC4CC4C3)cc2)cc1,1.0,Oc1ccc(cc1)[C@H]2Sc3cc(O)ccc3O[C@H]2c4ccc(OCCN5CC6CC6C5)cc4,c1ccc(C2Sc3ccccc3OC2c2ccc(OCCN3CC4CC4C3)cc2)cc1,33
Oc1ccc([C@H]2Sc3cc(O)ccc3O[C@H]2c2ccc(OCCN3CC4CC5CC(C4)CC3C5)cc2)cc1,1.0,Oc1ccc(cc1)[C@H]2Sc3cc(O)ccc3O[C@H]2c4ccc(OCCN5CC6CC7CC(C6)CC5C7)cc4,c1ccc(C2Sc3ccccc3OC2c2ccc(OCCN3CC4CC5CC(C4)CC3C5)cc2)cc1,38
Oc1ccc([C@H]2Sc3cc(O)ccc3O[C@H]2c2ccc(OCCN3CC4CCC3CC4)cc2)cc1,1.0,Oc1ccc(cc1)[C@H]2Sc3cc(O)ccc3O[C@H]2c4ccc(OCCN5CC6CCC5CC6)cc4,c1ccc(C2Sc3ccccc3OC2c2ccc(OCCN3CC4CCC3CC4)cc2)cc1,35
Oc1ccc([C@H]2Sc3cc(O)ccc3O[C@H]2c2ccc(OCCN3CC4CCC4C3)cc2)cc1,1.0,Oc1ccc(cc1)[C@H]2Sc3cc(O)ccc3O[C@H]2c4ccc(OCCN5CC6CCC6C5)cc4,c1ccc(C2Sc3ccccc3OC2c2ccc(OCCN3CC4CCC4C3)cc2)cc1,34
Oc1ccc([C@H]2Sc3cc(O)ccc3O[C@H]2c2ccc(OCCN3CCC(F)(F)CC3)cc2)cc1,1.0,Oc1ccc(cc1)[C@H]2Sc3cc(O)ccc3O[C@H]2c4ccc(OCCN5CCC(F)(F)CC5)cc4,c1ccc(C2Sc3ccccc3OC2c2ccc(OCCN3CCCCC3)cc2)cc1,35
Oc1ccc([C@H]2Sc3cc(O)ccc3O[C@H]2c2ccc(OCCN3CCC(F)CC3)cc2)cc1,1.0,Oc1ccc(cc1)[C@H]2Sc3cc(O)ccc3O[C@H]2c4ccc(OCCN5CCC(F)CC5)cc4,c1ccc(C2Sc3ccccc3OC2c2ccc(OCCN3CCCCC3)cc2)cc1,34
Oc1ccc([C@H]2Sc3cc(O)ccc3O[C@H]2c2ccc(OCCN3CCC(O)CC3)cc2)cc1,1.0,OC1CCN(CCOc2ccc(cc2)[C@@H]3Oc4ccc(O)cc4S[C@@H]3c5ccc(O)cc5)CC1,c1ccc(C2Sc3ccccc3OC2c2ccc(OCCN3CCCCC3)cc2)cc1,34
Oc1ccc([C@H]2Sc3cc(O)ccc3O[C@H]2c2ccc(OCCN3CCC4(CC3)OCCO4)cc2)cc1,1.0,Oc1ccc(cc1)[C@H]2Sc3cc(O)ccc3O[C@H]2c4ccc(OCCN5CCC6(CC5)OCCO6)cc4,c1ccc(C2Sc3ccccc3OC2c2ccc(OCCN3CCC4(CC3)OCCO4)cc2)cc1,37
Oc1ccc([C@H]2Sc3cc(O)ccc3O[C@H]2c2ccc(OCCN3CCC4(CCCC4)CC3)cc2)cc1,1.0,Oc1ccc(cc1)[C@H]2Sc3cc(O)ccc3O[C@H]2c4ccc(OCCN5CCC6(CCCC6)CC5)cc4,c1ccc(C2Sc3ccccc3OC2c2ccc(OCCN3CCC4(CCCC4)CC3)cc2)cc1,37
Oc1ccc([C@H]2Sc3cc(O)ccc3O[C@H]2c2ccc(OCCN3CCCC3)cc2)cc1,1.0,Oc1ccc(cc1)[C@H]2Sc3cc(O)ccc3O[C@H]2c4ccc(OCCN5CCCC5)cc4,c1ccc(C2Sc3ccccc3OC2c2ccc(OCCN3CCCC3)cc2)cc1,32
Oc1ccc([C@H]2Sc3cc(O)ccc3O[C@H]2c2ccc(OCCN3CCCCC3)cc2)cc1,1.0,Oc1ccc(cc1)[C@H]2Sc3cc(O)ccc3O[C@H]2c4ccc(OCCN5CCCCC5)cc4,c1ccc(C2Sc3ccccc3OC2c2ccc(OCCN3CCCCC3)cc2)cc1,33
Oc1ccc([C@H]2Sc3cc(O)ccc3O[C@H]2c2ccc(OCCN3CCSCC3)cc2)cc1,1.0,Oc1ccc(cc1)[C@H]2Sc3cc(O)ccc3O[C@H]2c4ccc(OCCN5CCSCC5)cc4,c1ccc(C2Sc3ccccc3OC2c2ccc(OCCN3CCSCC3)cc2)cc1,33
Oc1ccc([C@H]2Sc3cc(O)ccc3O[C@H]2c2ccc(OCCN3CC[C@@H](F)C3)cc2)cc1,1.0,Oc1ccc(cc1)[C@H]2Sc3cc(O)ccc3O[C@H]2c4ccc(OCCN5CC[C@@H](F)C5)cc4,c1ccc(C2Sc3ccccc3OC2c2ccc(OCCN3CCCC3)cc2)cc1,33
Oc1ccc([C@H]2Sc3cc(O)ccc3O[C@H]2c2ccc(OCCN3CC[C@@H](O)C3)cc2)cc1,1.0,O[C@@H]1CCN(CCOc2ccc(cc2)[C@@H]3Oc4ccc(O)cc4S[C@@H]3c5ccc(O)cc5)C1,c1ccc(C2Sc3ccccc3OC2c2ccc(OCCN3CCCC3)cc2)cc1,33
Oc1ccc([C@H]2Sc3cc(O)ccc3O[C@H]2c2ccc(OCCN3CC[C@@H]4C[C@@H]43)cc2)cc1,1.0,Oc1ccc(cc1)[C@H]2Sc3cc(O)ccc3O[C@H]2c4ccc(OCCN5CC[C@@H]6C[C@H]56)cc4,c1ccc(C2Sc3ccccc3OC2c2ccc(OCCN3CCC4CC43)cc2)cc1,33
Oc1ccc([C@H]2Sc3cc(O)ccc3O[C@H]2c2ccc(OCCN3CC[C@H]4C[C@H]43)cc2)cc1,1.0,Oc1ccc(cc1)[C@H]2Sc3cc(O)ccc3O[C@H]2c4ccc(OCCN5CC[C@H]6C[C@@H]56)cc4,c1ccc(C2Sc3ccccc3OC2c2ccc(OCCN3CCC4CC43)cc2)cc1,33
Oc1ccc([C@H]2Sc3cc(O)ccc3O[C@H]2c2ccc(OCCN3C[C@H]4CCCC[C@H]4C3)cc2)cc1,1.0,Oc1ccc(cc1)[C@H]2Sc3cc(O)ccc3O[C@H]2c4ccc(OCCN5C[C@H]6CCCC[C@H]6C5)cc4,c1ccc(C2Sc3ccccc3OC2c2ccc(OCCN3CC4CCCCC4C3)cc2)cc1,36
Oc1ccc([C@H]2Sc3cc(O)ccc3O[C@H]2c2ccc(OCCN3C[C@H]4CCC[C@H]4C3)cc2)cc1,1.0,Oc1ccc(cc1)[C@H]2Sc3cc(O)ccc3O[C@H]2c4ccc(OCCN5C[C@H]6CCC[C@H]6C5)cc4,c1ccc(C2Sc3ccccc3OC2c2ccc(OCCN3CC4CCCC4C3)cc2)cc1,35
Oc1ccc([C@H]2Sc3cc(O)ccc3S[C@H]2c2ccc(OCCN3CCCC3)c(Br)c2)cc1,1.0,Oc1ccc(cc1)[C@H]2Sc3cc(O)ccc3S[C@H]2c4ccc(OCCN5CCCC5)c(Br)c4,c1ccc(C2Sc3ccccc3SC2c2ccc(OCCN3CCCC3)cc2)cc1,33
Oc1ccc([C@H]2Sc3cc(O)ccc3S[C@H]2c2ccc(OCCN3CCCC3)cc2)cc1,1.0,Oc1ccc(cc1)[C@H]2Sc3cc(O)ccc3S[C@H]2c4ccc(OCCN5CCCC5)cc4,c1ccc(C2Sc3ccccc3SC2c2ccc(OCCN3CCCC3)cc2)cc1,32
Oc1ccc([C@H]2Sc3cc(O)ccc3S[C@H]2c2ccc(OCCN3CCCCC3)c(Br)c2)cc1,1.0,Oc1ccc(cc1)[C@H]2Sc3cc(O)ccc3S[C@H]2c4ccc(OCCN5CCCCC5)c(Br)c4,c1ccc(C2Sc3ccccc3SC2c2ccc(OCCN3CCCCC3)cc2)cc1,34
Oc1ccc([C@H]2Sc3cc(O)ccc3S[C@H]2c2ccc(OCCN3CCCCC3)cc2)cc1,1.0,Oc1ccc(cc1)[C@H]2Sc3cc(O)ccc3S[C@H]2c4ccc(OCCN5CCCCC5)cc4,c1ccc(C2Sc3ccccc3SC2c2ccc(OCCN3CCCCC3)cc2)cc1,33
Oc1ccc2c(-c3cc(Br)c(O)cc3O)noc2c1,1.0,Oc1ccc2c(noc2c1)c3cc(Br)c(O)cc3O,c1ccc(-c2noc3ccccc23)cc1,19
Oc1ccc2c(-c3cc(Cl)c(O)cc3O)noc2c1,1.0,Oc1ccc2c(noc2c1)c3cc(Cl)c(O)cc3O,c1ccc(-c2noc3ccccc23)cc1,19
Oc1ccc2c(-c3ccc(F)cc3)c(Oc3ccc(Cl)cc3)sc2c1,1.0,Oc1ccc2c(c(Oc3ccc(Cl)cc3)sc2c1)c4ccc(F)cc4,c1ccc(Oc2sc3ccccc3c2-c2ccccc2)cc1,25
Oc1ccc2c(-c3ccc(F)cc3)c(Oc3ccc(F)c(F)c3)sc2c1,1.0,Oc1ccc2c(c(Oc3ccc(F)c(F)c3)sc2c1)c4ccc(F)cc4,c1ccc(Oc2sc3ccccc3c2-c2ccccc2)cc1,26
Oc1ccc2c(-c3ccc(F)cc3)c(Oc3ccc(F)cc3)sc2c1,1.0,Oc1ccc2c(c(Oc3ccc(F)cc3)sc2c1)c4ccc(F)cc4,c1ccc(Oc2sc3ccccc3c2-c2ccccc2)cc1,25
Oc1ccc2c(-c3ccc(O)c(Br)c3)noc2c1,1.0,Oc1ccc2c(noc2c1)c3ccc(O)c(Br)c3,c1ccc(-c2noc3ccccc23)cc1,18
Oc1ccc2c(-c3ccc(O)c(F)c3)noc2c1,1.0,Oc1ccc2c(noc2c1)c3ccc(O)c(F)c3,c1ccc(-c2noc3ccccc23)cc1,18
Oc1ccc2c(-c3ccc4c(O)cccc4c3)noc2c1,1.0,Oc1ccc2c(noc2c1)c3ccc4c(O)cccc4c3,c1ccc2cc(-c3noc4ccccc34)ccc2c1,21
Oc1ccc2c(-c3cccc4c(O)cccc34)noc2c1,1.0,Oc1ccc2c(noc2c1)c3cccc4c(O)cccc34,c1ccc2c(-c3noc4ccccc34)cccc2c1,21
Oc1ccc2c(-c3ccccc3O)noc2c1,0.0,Oc1ccc2c(noc2c1)c3ccccc3O,c1ccc(-c2noc3ccccc23)cc1,17
Oc1ccc2c(-c3nc4cc(O)ccc4o3)cccc2c1,1.0,Oc1ccc2c(cccc2c1)c3oc4ccc(O)cc4n3,c1ccc2c(-c3nc4ccccc4o3)cccc2c1,21
Oc1ccc2c(-c3nc4ccc(O)cc4o3)cccc2c1,1.0,Oc1ccc2nc(oc2c1)c3cccc4cc(O)ccc34,c1ccc2c(-c3nc4ccccc4o3)cccc2c1,21
Oc1ccc2c(-c3noc4cc(O)ccc34)cccc2c1,1.0,Oc1ccc2c(noc2c1)c3cccc4cc(O)ccc34,c1ccc2c(-c3noc4ccccc34)cccc2c1,21
Oc1ccc2c(Oc3ccc(OCCN4CCCCC4)cc3)c(-c3ccc(Br)cc3)sc2c1,1.0,Oc1ccc2c(Oc3ccc(OCCN4CCCCC4)cc3)c(sc2c1)c5ccc(Br)cc5,c1ccc(-c2sc3ccccc3c2Oc2ccc(OCCN3CCCCC3)cc2)cc1,33
Oc1ccc2c(Oc3ccc(OCCN4CCCCC4)cc3)c(-c3ccc(F)c(F)c3)ccc2c1,1.0,Oc1ccc2c(Oc3ccc(OCCN4CCCCC4)cc3)c(ccc2c1)c5ccc(F)c(F)c5,c1ccc(-c2ccc3ccccc3c2Oc2ccc(OCCN3CCCCC3)cc2)cc1,35
Oc1ccc2c(Oc3ccc(OCCN4CCCCC4)cc3)c(-c3ccc(F)cc3)ccc2c1,1.0,Oc1ccc2c(Oc3ccc(OCCN4CCCCC4)cc3)c(ccc2c1)c5ccc(F)cc5,c1ccc(-c2ccc3ccccc3c2Oc2ccc(OCCN3CCCCC3)cc2)cc1,34
Oc1ccc2c(Oc3ccc(OCCN4CCCCC4)cc3)c(-c3ccc(F)cc3)sc2c1,1.0,Oc1ccc2c(Oc3ccc(OCCN4CCCCC4)cc3)c(sc2c1)c5ccc(F)cc5,c1ccc(-c2sc3ccccc3c2Oc2ccc(OCCN3CCCCC3)cc2)cc1,33
Oc1ccc2c(Oc3ccc(OCCN4CCCCC4)cc3)c(-c3ccc(NCCCl)cc3)sc2c1,1.0,Oc1ccc2c(Oc3ccc(OCCN4CCCCC4)cc3)c(sc2c1)c5ccc(NCCCl)cc5,c1ccc(-c2sc3ccccc3c2Oc2ccc(OCCN3CCCCC3)cc2)cc1,36
Oc1ccc2c(Oc3ccc(OCCN4CCCCC4)cc3)c(-c3cccc(F)c3)ccc2c1,1.0,Oc1ccc2c(Oc3ccc(OCCN4CCCCC4)cc3)c(ccc2c1)c5cccc(F)c5,c1ccc(-c2ccc3ccccc3c2Oc2ccc(OCCN3CCCCC3)cc2)cc1,34
Oc1ccc2c(Oc3ccc(OCCN4CCCCC4)cc3)c(-c3ccccc3)sc2c1,1.0,Oc1ccc2c(Oc3ccc(OCCN4CCCCC4)cc3)c(sc2c1)c5ccccc5,c1ccc(-c2sc3ccccc3c2Oc2ccc(OCCN3CCCCC3)cc2)cc1,32
Oc1ccc2c(c1)C=C(c1ccccc1)C21Cc2ccccc2C1,1.0,Oc1ccc2c(C=C(c3ccccc3)C24Cc5ccccc5C4)c1,C1=C(c2ccccc2)C2(Cc3ccccc3C2)c2ccccc21,24
Oc1ccc2c(c1)CC1(C2)C(c2ccccc2)=Cc2ccccc21,1.0,Oc1ccc2CC3(Cc2c1)C(=Cc4ccccc34)c5ccccc5,C1=C(c2ccccc2)C2(Cc3ccccc3C2)c2ccccc21,24
Oc1ccc2c(c1)CC1Oc3cc(O)ccc3N=C21,0.0,Oc1ccc2C3=Nc4ccc(O)cc4OC3Cc2c1,c1ccc2c(c1)CC1Oc3ccccc3N=C21,19
Oc1ccc2c(c1)CCC(c1ccccc1)C2c1ccc(OCCN2CCCC2)cc1,1.0,Oc1ccc2C(C(CCc2c1)c3ccccc3)c4ccc(OCCN5CCCC5)cc4,c1ccc(C2CCc3ccccc3C2c2ccc(OCCN3CCCC3)cc2)cc1,31
Oc1ccc2c(c1)CCC(c1ccccc1)N2Cc1ccc(OCCN2CCCCC2)cc1,1.0,Oc1ccc2N(Cc3ccc(OCCN4CCCCC4)cc3)C(CCc2c1)c5ccccc5,c1ccc(C2CCc3ccccc3N2Cc2ccc(OCCN3CCCCC3)cc2)cc1,33
Oc1ccc2c(c1)CCC1Oc3cc(O)ccc3N=C21,0.0,Oc1ccc2C3=Nc4ccc(O)cc4OC3CCc2c1,c1ccc2c(c1)CCC1Oc3ccccc3N=C21,20
Oc1ccc2c(c1)CCN(Cc1ccc3c(c1)OCO3)C2c1ccc(OCCN2CCCC2)cc1,1.0,Oc1ccc2C(N(Cc3ccc4OCOc4c3)CCc2c1)c5ccc(OCCN6CCCC6)cc5,c1ccc2c(c1)CCN(Cc1ccc3c(c1)OCO3)C2c1ccc(OCCN2CCCC2)cc1,35
Oc1ccc2c(c1)CCN(Cc1ccccc1)C2c1ccc(OCCN2CCCC2)cc1,1.0,Oc1ccc2C(N(Cc3ccccc3)CCc2c1)c4ccc(OCCN5CCCC5)cc4,c1ccc(CN2CCc3ccccc3C2c2ccc(OCCN3CCCC3)cc2)cc1,32
Oc1ccc2c(c1)CCN(c1ccccc1)C2C1CCCCC1,1.0,Oc1ccc2C(C3CCCCC3)N(CCc2c1)c4ccccc4,c1ccc(N2CCc3ccccc3C2C2CCCCC2)cc1,23
Oc1ccc2c(c1)CCN(c1ccccc1)C2CC1CCCCC1,1.0,Oc1ccc2C(CC3CCCCC3)N(CCc2c1)c4ccccc4,c1ccc(N2CCc3ccccc3C2CC2CCCCC2)cc1,24
Oc1ccc2c(c1)CCN(c1ccccc1)C2Cc1ccccc1,1.0,Oc1ccc2C(Cc3ccccc3)N(CCc2c1)c4ccccc4,c1ccc(CC2c3ccccc3CCN2c2ccccc2)cc1,24
Oc1ccc2c(c1)CCN(c1ccccc1)C2c1ccc(N2CCN3CCCCC3C2)cc1,1.0,Oc1ccc2C(N(CCc2c1)c3ccccc3)c4ccc(cc4)N5CCN6CCCCC6C5,c1ccc(N2CCc3ccccc3C2c2ccc(N3CCN4CCCCC4C3)cc2)cc1,33
Oc1ccc2c(c1)CCN(c1ccccc1)C2c1ccc(OCCN2CCCC2)cc1,1.0,Oc1ccc2C(N(CCc2c1)c3ccccc3)c4ccc(OCCN5CCCC5)cc4,c1ccc(N2CCc3ccccc3C2c2ccc(OCCN3CCCC3)cc2)cc1,31
Oc1ccc2c(c1)CCN(c1ccccc1)C2c1ccc(OCCN2CCCCC2)cc1,1.0,Oc1ccc2C(N(CCc2c1)c3ccccc3)c4ccc(OCCN5CCCCC5)cc4,c1ccc(N2CCc3ccccc3C2c2ccc(OCCN3CCCCC3)cc2)cc1,32
Oc1ccc2c(c1)CCN(c1ccccc1)C2c1ccccc1,1.0,Oc1ccc2C(N(CCc2c1)c3ccccc3)c4ccccc4,c1ccc(C2c3ccccc3CCN2c2ccccc2)cc1,23
Oc1ccc2c(c1)CCN(c1ccccc1)C2c1cccs1,1.0,Oc1ccc2C(N(CCc2c1)c3ccccc3)c4cccs4,c1ccc(N2CCc3ccccc3C2c2cccs2)cc1,22
Oc1ccc2c(c1)CC[C@H](c1ccccc1)[C@@H]2c1ccc(OCCN2CCCC2)cc1,1.0,Cl.Oc1ccc2[C@H]([C@H](CCc2c1)c3ccccc3)c4ccc(OCCN5CCCC5)cc4,c1ccc(C2CCc3ccccc3C2c2ccc(OCCN3CCCC3)cc2)cc1,31
Oc1ccc2c(c1)CN(c1ccc(OCCN3CCCCC3)cc1)c1c-2ccc2cc(O)ccc12,1.0,Oc1ccc2c(CN(c3ccc(OCCN4CCCCC4)cc3)c5c2ccc6cc(O)ccc56)c1,c1ccc2c(c1)CN(c1ccc(OCCN3CCCCC3)cc1)c1c-2ccc2ccccc12,35
Oc1ccc2c(c1)CO[C@H](c1ccccc1)[C@@H]2c1ccc(OCCN2CCCC2)cc1,1.0,Oc1ccc2[C@H]([C@H](OCc2c1)c3ccccc3)c4ccc(OCCN5CCCC5)cc4,c1ccc(C2OCc3ccccc3C2c2ccc(OCCN3CCCC3)cc2)cc1,31
Oc1ccc2c(c1)CS[C@H](c1ccccc1)[C@@H]2c1ccc(OCCN2CCCC2)cc1,1.0,Oc1ccc2[C@H]([C@H](SCc2c1)c3ccccc3)c4ccc(OCCN5CCCC5)cc4,c1ccc(C2SCc3ccccc3C2c2ccc(OCCN3CCCC3)cc2)cc1,31
Oc1ccc2c(c1)OC(c1ccc(OCCN3CCCCC3)cc1)C1=C2CCCOc2cc(O)ccc21,1.0,Oc1ccc2C3=C(CCCOc2c1)c4ccc(O)cc4OC3c5ccc(OCCN6CCCCC6)cc5,c1ccc2c(c1)OC(c1ccc(OCCN3CCCCC3)cc1)C1=C2CCCOc2ccccc21,37
Oc1ccc2c(c1)OC(c1ccc(OCCN3CCCCC3)cc1)C1=C2CCOc2cc(O)ccc21,1.0,Oc1ccc2C3=C(CCOc2c1)c4ccc(O)cc4OC3c5ccc(OCCN6CCCCC6)cc5,c1ccc2c(c1)OC(c1ccc(OCCN3CCCCC3)cc1)C1=C2CCOc2ccccc21,36
Oc1ccc2c(c1)OCCC1=C2[C@@H](c2ccc(OCCN3CCCCC3)cc2)Oc2ccccc21,1.0,Oc1ccc2C3=C(CCOc2c1)c4ccccc4O[C@@H]3c5ccc(OCCN6CCCCC6)cc5,c1ccc2c(c1)OC(c1ccc(OCCN3CCCCC3)cc1)C1=C2CCOc2ccccc21,35
Oc1ccc2c(c1)OCCC1=C2[C@@H](c2ccc(OCCN3CCCCCC3)cc2)Oc2cc(F)ccc21,1.0,Oc1ccc2C3=C(CCOc2c1)c4ccc(F)cc4O[C@@H]3c5ccc(OCCN6CCCCCC6)cc5,c1ccc2c(c1)OC(c1ccc(OCCN3CCCCCC3)cc1)C1=C2CCOc2ccccc21,37
Oc1ccc2c(c1)OCCC1=C2[C@@H](c2ccc(OCCN3CCCCCC3)cc2)Oc2ccccc21,1.0,Oc1ccc2C3=C(CCOc2c1)c4ccccc4O[C@@H]3c5ccc(OCCN6CCCCCC6)cc5,c1ccc2c(c1)OC(c1ccc(OCCN3CCCCCC3)cc1)C1=C2CCOc2ccccc21,36
Oc1ccc2c(c1)OCCC1=C2[C@H](c2ccc(OCCN3CCCCC3)cc2)Oc2ccccc21,1.0,Oc1ccc2C3=C(CCOc2c1)c4ccccc4O[C@H]3c5ccc(OCCN6CCCCC6)cc5,c1ccc2c(c1)OC(c1ccc(OCCN3CCCCC3)cc1)C1=C2CCOc2ccccc21,35
Oc1ccc2c(c1)OCCC1=C2[C@H](c2ccc(OCCN3CCCCCC3)cc2)Oc2cc(F)ccc21,1.0,Oc1ccc2C3=C(CCOc2c1)c4ccc(F)cc4O[C@H]3c5ccc(OCCN6CCCCCC6)cc5,c1ccc2c(c1)OC(c1ccc(OCCN3CCCCCC3)cc1)C1=C2CCOc2ccccc21,37
Oc1ccc2c(c1)OCCC1=C2[C@H](c2ccc(OCCN3CCCCCC3)cc2)Oc2ccccc21,1.0,Oc1ccc2C3=C(CCOc2c1)c4ccccc4O[C@H]3c5ccc(OCCN6CCCCCC6)cc5,c1ccc2c(c1)OC(c1ccc(OCCN3CCCCCC3)cc1)C1=C2CCOc2ccccc21,36
Oc1ccc2c(c1)O[C@@H](c1ccc(OCCCN3CCCCC3)cc1)C1=C2CCOc2cc(O)ccc21,1.0,Oc1ccc2C3=C(CCOc2c1)c4ccc(O)cc4O[C@H]3c5ccc(OCCCN6CCCCC6)cc5,c1ccc2c(c1)OC(c1ccc(OCCCN3CCCCC3)cc1)C1=C2CCOc2ccccc21,37
Oc1ccc2c(c1)O[C@@H](c1ccc(OCCN3CCCC3)cc1)C1=C2CCOc2cc(O)ccc21,1.0,Oc1ccc2C3=C(CCOc2c1)c4ccc(O)cc4O[C@H]3c5ccc(OCCN6CCCC6)cc5,c1ccc2c(c1)OC(c1ccc(OCCN3CCCC3)cc1)C1=C2CCOc2ccccc21,35
Oc1ccc2c(c1)O[C@@H](c1ccc(OCCN3CCCCC3)cc1)C1=C2CCOc2cc(O)ccc21,1.0,Oc1ccc2C3=C(CCOc2c1)c4ccc(O)cc4O[C@H]3c5ccc(OCCN6CCCCC6)cc5,c1ccc2c(c1)OC(c1ccc(OCCN3CCCCC3)cc1)C1=C2CCOc2ccccc21,36
Oc1ccc2c(c1)O[C@@H](c1ccc(OCCN3CCCCC3)cc1)C1=C2CCOc2ccccc21,1.0,Oc1ccc2C3=C([C@@H](Oc2c1)c4ccc(OCCN5CCCCC5)cc4)c6ccccc6OCC3,c1ccc2c(c1)OC(c1ccc(OCCN3CCCCC3)cc1)C1=C2CCOc2ccccc21,35
Oc1ccc2c(c1)O[C@@H](c1ccc(OCCN3CCCCC3)cc1)C1=C2COc2cc(O)ccc21,1.0,Oc1ccc2C3=C(COc2c1)c4ccc(O)cc4O[C@H]3c5ccc(OCCN6CCCCC6)cc5,c1ccc2c(c1)OC(c1ccc(OCCN3CCCCC3)cc1)C1=C2COc2ccccc21,35
Oc1ccc2c(c1)O[C@@H](c1ccc(OCCN3CCCCCC3)cc1)C1=C2CCOc2cc(O)ccc21,1.0,Oc1ccc2C3=C(CCOc2c1)c4ccc(O)cc4O[C@H]3c5ccc(OCCN6CCCCCC6)cc5,c1ccc2c(c1)OC(c1ccc(OCCN3CCCCCC3)cc1)C1=C2CCOc2ccccc21,37
Oc1ccc2c(c1)O[C@@H](c1ccc(OCCN3CCCCCC3)cc1)C1=C2CCOc2ccccc21,1.0,Oc1ccc2C3=C([C@@H](Oc2c1)c4ccc(OCCN5CCCCCC5)cc4)c6ccccc6OCC3,c1ccc2c(c1)OC(c1ccc(OCCN3CCCCCC3)cc1)C1=C2CCOc2ccccc21,36
Oc1ccc2c(c1)O[C@@H](c1ccc(OCCN3CCOCC3)cc1)C1=C2CCOc2cc(O)ccc21,1.0,Oc1ccc2C3=C(CCOc2c1)c4ccc(O)cc4O[C@H]3c5ccc(OCCN6CCOCC6)cc5,c1ccc2c(c1)OC(c1ccc(OCCN3CCOCC3)cc1)C1=C2CCOc2ccccc21,36
Oc1ccc2c(c1)O[C@@H](c1ccc(OCCN3CCSCC3)cc1)C1=C2CCOc2cc(O)ccc21,1.0,Oc1ccc2C3=C(CCOc2c1)c4ccc(O)cc4O[C@H]3c5ccc(OCCN6CCSCC6)cc5,c1ccc2c(c1)OC(c1ccc(OCCN3CCSCC3)cc1)C1=C2CCOc2ccccc21,36
Oc1ccc2c(c1)O[C@@H](c1cccc(OCCN3CCCCC3)c1)C1=C2CCOc2cc(O)ccc21,1.0,Oc1ccc2C3=C(CCOc2c1)c4ccc(O)cc4O[C@H]3c5cccc(OCCN6CCCCC6)c5,c1cc(OCCN2CCCCC2)cc(C2Oc3ccccc3C3=C2c2ccccc2OCC3)c1,36
Oc1ccc2c(c1)O[C@H](c1ccc(OCCCN3CCCCC3)cc1)C1=C2CCOc2cc(O)ccc21,1.0,Oc1ccc2C3=C(CCOc2c1)c4ccc(O)cc4O[C@@H]3c5ccc(OCCCN6CCCCC6)cc5,c1ccc2c(c1)OC(c1ccc(OCCCN3CCCCC3)cc1)C1=C2CCOc2ccccc21,37
Oc1ccc2c(c1)O[C@H](c1ccc(OCCN3CCCC3)cc1)C1=C2CCOc2cc(O)ccc21,1.0,Oc1ccc2C3=C(CCOc2c1)c4ccc(O)cc4O[C@@H]3c5ccc(OCCN6CCCC6)cc5,c1ccc2c(c1)OC(c1ccc(OCCN3CCCC3)cc1)C1=C2CCOc2ccccc21,35
Oc1ccc2c(c1)O[C@H](c1ccc(OCCN3CCCCC3)cc1)C1=C2CCOc2cc(O)ccc21,1.0,Oc1ccc2C3=C(CCOc2c1)c4ccc(O)cc4O[C@@H]3c5ccc(OCCN6CCCCC6)cc5,c1ccc2c(c1)OC(c1ccc(OCCN3CCCCC3)cc1)C1=C2CCOc2ccccc21,36
Oc1ccc2c(c1)O[C@H](c1ccc(OCCN3CCCCC3)cc1)C1=C2CCOc2ccccc21,1.0,Oc1ccc2C3=C([C@H](Oc2c1)c4ccc(OCCN5CCCCC5)cc4)c6ccccc6OCC3,c1ccc2c(c1)OC(c1ccc(OCCN3CCCCC3)cc1)C1=C2CCOc2ccccc21,35
Oc1ccc2c(c1)O[C@H](c1ccc(OCCN3CCCCC3)cc1)C1=C2COc2cc(O)ccc21,1.0,Oc1ccc2C3=C(COc2c1)c4ccc(O)cc4O[C@@H]3c5ccc(OCCN6CCCCC6)cc5,c1ccc2c(c1)OC(c1ccc(OCCN3CCCCC3)cc1)C1=C2COc2ccccc21,35
Oc1ccc2c(c1)O[C@H](c1ccc(OCCN3CCCCCC3)cc1)C1=C2CCOc2cc(O)ccc21,1.0,Oc1ccc2C3=C(CCOc2c1)c4ccc(O)cc4O[C@@H]3c5ccc(OCCN6CCCCCC6)cc5,c1ccc2c(c1)OC(c1ccc(OCCN3CCCCCC3)cc1)C1=C2CCOc2ccccc21,37
Oc1ccc2c(c1)O[C@H](c1ccc(OCCN3CCCCCC3)cc1)C1=C2CCOc2ccccc21,1.0,Oc1ccc2C3=C([C@H](Oc2c1)c4ccc(OCCN5CCCCCC5)cc4)c6ccccc6OCC3,c1ccc2c(c1)OC(c1ccc(OCCN3CCCCCC3)cc1)C1=C2CCOc2ccccc21,36
Oc1ccc2c(c1)O[C@H](c1ccc(OCCN3CCOCC3)cc1)C1=C2CCOc2cc(O)ccc21,1.0,Oc1ccc2C3=C(CCOc2c1)c4ccc(O)cc4O[C@@H]3c5ccc(OCCN6CCOCC6)cc5,c1ccc2c(c1)OC(c1ccc(OCCN3CCOCC3)cc1)C1=C2CCOc2ccccc21,36
Oc1ccc2c(c1)O[C@H](c1ccc(OCCN3CCSCC3)cc1)C1=C2CCOc2cc(O)ccc21,1.0,Oc1ccc2C3=C(CCOc2c1)c4ccc(O)cc4O[C@@H]3c5ccc(OCCN6CCSCC6)cc5,c1ccc2c(c1)OC(c1ccc(OCCN3CCSCC3)cc1)C1=C2CCOc2ccccc21,36
Oc1ccc2c(c1)O[C@H](c1cccc(OCCN3CCCCC3)c1)C1=C2CCOc2cc(O)ccc21,1.0,Oc1ccc2C3=C(CCOc2c1)c4ccc(O)cc4O[C@@H]3c5cccc(OCCN6CCCCC6)c5,c1cc(OCCN2CCCCC2)cc(C2Oc3ccccc3C3=C2c2ccccc2OCC3)c1,36
Oc1ccc2c(c1)SC(c1ccc(F)cc1)C(c1ccc(OCCN3CCCCC3)cc1)O2,1.0,Oc1ccc2OC(C(Sc2c1)c3ccc(F)cc3)c4ccc(OCCN5CCCCC5)cc4,c1ccc(C2Sc3ccccc3OC2c2ccc(OCCN3CCCCC3)cc2)cc1,33
Oc1ccc2c(c1)SC(c1ccccc1)C(c1ccc(OCCN3CCCCC3)cc1)O2,1.0,Oc1ccc2OC(C(Sc2c1)c3ccccc3)c4ccc(OCCN5CCCCC5)cc4,c1ccc(C2Sc3ccccc3OC2c2ccc(OCCN3CCCCC3)cc2)cc1,32
Oc1ccc2c(c1)S[C@@H](c1ccccc1)[C@@H](c1ccc(OCCN3CCCCC3)cc1)O2,1.0,Oc1ccc2O[C@@H]([C@@H](Sc2c1)c3ccccc3)c4ccc(OCCN5CCCCC5)cc4,c1ccc(C2Sc3ccccc3OC2c2ccc(OCCN3CCCCC3)cc2)cc1,32
Oc1ccc2c(c1)S[C@@H](c1ccccc1O)[C@@H](c1ccc(OCCN3CCCCC3)cc1)O2,1.0,Oc1ccc2O[C@@H]([C@@H](Sc2c1)c3ccccc3O)c4ccc(OCCN5CCCCC5)cc4,c1ccc(C2Sc3ccccc3OC2c2ccc(OCCN3CCCCC3)cc2)cc1,33
Oc1ccc2c(c1)S[C@H](C1CCCC1)[C@H](c1ccc(OCCN3CCCCC3)cc1)O2,1.0,Oc1ccc2O[C@H]([C@H](Sc2c1)C3CCCC3)c4ccc(OCCN5CCCCC5)cc4,c1ccc2c(c1)OC(c1ccc(OCCN3CCCCC3)cc1)C(C1CCCC1)S2,31
Oc1ccc2c(c1)S[C@H](C1CCCCC1)[C@H](c1ccc(OCCN3CCCCC3)cc1)O2,1.0,Oc1ccc2O[C@H]([C@H](Sc2c1)C3CCCCC3)c4ccc(OCCN5CCCCC5)cc4,c1ccc2c(c1)OC(c1ccc(OCCN3CCCCC3)cc1)C(C1CCCCC1)S2,32
Oc1ccc2c(c1)S[C@H](C1CCCCCC1)[C@H](c1ccc(OCCN3CCCCC3)cc1)O2,1.0,Oc1ccc2O[C@H]([C@H](Sc2c1)C3CCCCCC3)c4ccc(OCCN5CCCCC5)cc4,c1ccc2c(c1)OC(c1ccc(OCCN3CCCCC3)cc1)C(C1CCCCCC1)S2,33
Oc1ccc2c(c1)S[C@H](CC1CCCC1)[C@H](c1ccc(OCCN3CCCCC3)cc1)O2,1.0,Oc1ccc2O[C@H]([C@@H](CC3CCCC3)Sc2c1)c4ccc(OCCN5CCCCC5)cc4,c1ccc2c(c1)OC(c1ccc(OCCN3CCCCC3)cc1)C(CC1CCCC1)S2,32
Oc1ccc2c(c1)S[C@H](CC1CCCCC1)[C@H](c1ccc(OCCN3CCCCC3)cc1)O2,1.0,Oc1ccc2O[C@H]([C@@H](CC3CCCCC3)Sc2c1)c4ccc(OCCN5CCCCC5)cc4,c1ccc2c(c1)OC(c1ccc(OCCN3CCCCC3)cc1)C(CC1CCCCC1)S2,33
Oc1ccc2c(c1)S[C@H](Cc1ccccc1)[C@H](c1ccc(OCCN3CCCCC3)cc1)O2,1.0,Oc1ccc2O[C@H]([C@@H](Cc3ccccc3)Sc2c1)c4ccc(OCCN5CCCCC5)cc4,c1ccc(CC2Sc3ccccc3OC2c2ccc(OCCN3CCCCC3)cc2)cc1,33
Oc1ccc2c(c1)S[C@H](c1ccco1)[C@H](c1ccc(OCCN3CCCCC3)cc1)O2,1.0,Oc1ccc2O[C@H]([C@H](Sc2c1)c3occc3)c4ccc(OCCN5CCCCC5)cc4,c1coc(C2Sc3ccccc3OC2c2ccc(OCCN3CCCCC3)cc2)c1,31
Oc1ccc2c(c1)S[C@H](c1cccs1)[C@H](c1ccc(OCCN3CCCCC3)cc1)O2,1.0,Oc1ccc2O[C@H]([C@H](Sc2c1)c3cccs3)c4ccc(OCCN5CCCCC5)cc4,c1csc(C2Sc3ccccc3OC2c2ccc(OCCN3CCCCC3)cc2)c1,31
Oc1ccc2c(c1)sc1c3cc(O)ccc3n(Cc3ccc(OCCN4CCCC4)cc3)c21,1.0,Oc1ccc2c(c1)sc3c4cc(O)ccc4n(Cc5ccc(OCCN6CCCC6)cc5)c23,c1ccc2c(c1)sc1c3ccccc3n(Cc3ccc(OCCN4CCCC4)cc3)c21,33
Oc1ccc2c(c1)sc1c3cc(O)ccc3n(Cc3ccc(OCCN4CCCCC4)cc3)c21,1.0,Oc1ccc2c(c1)sc3c4cc(O)ccc4n(Cc5ccc(OCCN6CCCCC6)cc5)c23,c1ccc2c(c1)sc1c3ccccc3n(Cc3ccc(OCCN4CCCCC4)cc3)c21,34
Oc1ccc2c(c1)sc1c3cc(O)ccc3n(Cc3ccc(OCCN4CCCCCC4)cc3)c21,1.0,Oc1ccc2c(c1)sc3c4cc(O)ccc4n(Cc5ccc(OCCN6CCCCCC6)cc5)c23,c1ccc2c(c1)sc1c3ccccc3n(Cc3ccc(OCCN4CCCCCC4)cc3)c21,35
Oc1ccc2c(c1)sc1c3cc(O)ccc3n(Cc3ccc(OCCN4CCOCC4)cc3)c21,1.0,Oc1ccc2c(c1)sc3c4cc(O)ccc4n(Cc5ccc(OCCN6CCOCC6)cc5)c23,c1ccc2c(c1)sc1c3ccccc3n(Cc3ccc(OCCN4CCOCC4)cc3)c21,34
Oc1ccc2c(c1)sc1c3ccccc3n(Cc3ccc(OCCN4CCCC4)cc3)c21,1.0,Oc1ccc2c(c1)sc3c4ccccc4n(Cc5ccc(OCCN6CCCC6)cc5)c23,c1ccc2c(c1)sc1c3ccccc3n(Cc3ccc(OCCN4CCCC4)cc3)c21,32
Oc1ccc2c(c1)sc1c3ccccc3n(Cc3ccc(OCCN4CCCCC4)cc3)c21,1.0,Oc1ccc2c(c1)sc3c4ccccc4n(Cc5ccc(OCCN6CCCCC6)cc5)c23,c1ccc2c(c1)sc1c3ccccc3n(Cc3ccc(OCCN4CCCCC4)cc3)c21,33
Oc1ccc2c(c1)sc1c3ccccc3n(Cc3ccc(OCCN4CCCCCC4)cc3)c21,1.0,Oc1ccc2c(c1)sc3c4ccccc4n(Cc5ccc(OCCN6CCCCCC6)cc5)c23,c1ccc2c(c1)sc1c3ccccc3n(Cc3ccc(OCCN4CCCCCC4)cc3)c21,34
Oc1ccc2c(c1)sc1c3ccccc3n(Cc3ccc(OCCN4CCOCC4)cc3)c21,1.0,Oc1ccc2c(c1)sc3c4ccccc4n(Cc5ccc(OCCN6CCOCC6)cc5)c23,c1ccc2c(c1)sc1c3ccccc3n(Cc3ccc(OCCN4CCOCC4)cc3)c21,33
Oc1ccc2c3c(ccc2c1)-c1cc(F)cc(F)c1O[C@@H]3c1ccc(OCCN2CCCCC2)cc1,1.0,Cl.Oc1ccc2c3[C@H](Oc4c(F)cc(F)cc4c3ccc2c1)c5ccc(OCCN6CCCCC6)cc5,c1ccc2c(c1)OC(c1ccc(OCCN3CCCCC3)cc1)c1c-2ccc2ccccc12,36
Oc1ccc2c3c(ccc2c1)-c1cc(F)cc(F)c1O[C@H]3c1ccc(OCCN2CCCCC2)cc1,1.0,Cl.Oc1ccc2c3[C@@H](Oc4c(F)cc(F)cc4c3ccc2c1)c5ccc(OCCN6CCCCC6)cc5,c1ccc2c(c1)OC(c1ccc(OCCN3CCCCC3)cc1)c1c-2ccc2ccccc12,36
Oc1ccc2cc(-c3cc(F)c(O)c(F)c3)ccc2c1,1.0,Oc1ccc2cc(ccc2c1)c3cc(F)c(O)c(F)c3,c1ccc(-c2ccc3ccccc3c2)cc1,20
Oc1ccc2cc(-c3cc(F)c(O)cc3F)ccc2c1,1.0,Oc1ccc2cc(ccc2c1)c3cc(F)c(O)cc3F,c1ccc(-c2ccc3ccccc3c2)cc1,20
Oc1ccc2cc(-c3ccc(O)c(Cl)c3)ccc2c1,1.0,Oc1ccc2cc(ccc2c1)c3ccc(O)c(Cl)c3,c1ccc(-c2ccc3ccccc3c2)cc1,19
Oc1ccc2cc(-c3ccc(O)c(F)c3)cc(F)c2c1,1.0,Oc1ccc2cc(cc(F)c2c1)c3ccc(O)c(F)c3,c1ccc(-c2ccc3ccccc3c2)cc1,20
Oc1ccc2cc(-c3ccc(O)c(F)c3)ccc2c1,1.0,Oc1ccc2cc(ccc2c1)c3ccc(O)c(F)c3,c1ccc(-c2ccc3ccccc3c2)cc1,19
Oc1ccc2cc(-c3ccc(O)c(F)c3)sc2c1,1.0,Oc1ccc2cc(sc2c1)c3ccc(O)c(F)c3,c1ccc(-c2cc3ccccc3s2)cc1,18
Oc1ccc2cc(-c3ccc(O)c(O)c3)sc2c1,0.0,Oc1ccc2cc(sc2c1)c3ccc(O)c(O)c3,c1ccc(-c2cc3ccccc3s2)cc1,18
Oc1ccc2cc(-c3ccccc3)sc2c1,0.0,Oc1ccc2cc(sc2c1)c3ccccc3,c1ccc(-c2cc3ccccc3s2)cc1,16
Oc1ccc2cc(-c3ccccc3O)ccc2c1,0.0,Oc1ccc2cc(ccc2c1)c3ccccc3O,c1ccc(-c2ccc3ccccc3c2)cc1,18
Oc1ccc2cc(-c3nc4cc(O)ccc4o3)ccc2c1,0.0,Oc1ccc2cc(ccc2c1)c3oc4ccc(O)cc4n3,c1ccc2cc(-c3nc4ccccc4o3)ccc2c1,21
Oc1ccc2cc(-c3noc4cc(O)ccc34)ccc2c1,1.0,Oc1ccc2c(noc2c1)c3ccc4cc(O)ccc4c3,c1ccc2cc(-c3noc4ccccc34)ccc2c1,21
Oc1ccc2ccc(-c3ccccc3)cc2c1,0.0,Oc1ccc2ccc(cc2c1)c3ccccc3,c1ccc(-c2ccc3ccccc3c2)cc1,17
Oc1ccc2nc(-c3ccc(O)c(Cl)c3)oc2c1,0.0,Oc1ccc2nc(oc2c1)c3ccc(O)c(Cl)c3,c1ccc(-c2nc3ccccc3o2)cc1,18
Oc1ccc2nc(-c3ccc(O)c(F)c3)oc2c1,0.0,Oc1ccc2nc(oc2c1)c3ccc(O)c(F)c3,c1ccc(-c2nc3ccccc3o2)cc1,18
Oc1ccc2nc(-c3ccc(O)c(O)c3)oc2c1,0.0,Oc1ccc2nc(oc2c1)c3ccc(O)c(O)c3,c1ccc(-c2nc3ccccc3o2)cc1,18
Oc1ccc2nc(-c3cccc(O)c3O)oc2c1,0.0,Oc1ccc2nc(oc2c1)c3cccc(O)c3O,c1ccc(-c2nc3ccccc3o2)cc1,18
Oc1ccc2nc(-c3cccc4c(O)cccc34)oc2c1,1.0,Oc1ccc2nc(oc2c1)c3cccc4c(O)cccc34,c1ccc2c(-c3nc4ccccc4o3)cccc2c1,21
Oc1ccc2oc(-c3ccc(O)c(Cl)c3)nc2c1,0.0,Oc1ccc2oc(nc2c1)c3ccc(O)c(Cl)c3,c1ccc(-c2nc3ccccc3o2)cc1,18
Oc1ccc2oc(-c3cccc(O)c3O)nc2c1,0.0,Oc1ccc2oc(nc2c1)c3cccc(O)c3O,c1ccc(-c2nc3ccccc3o2)cc1,18
Oc1cccc(-c2cc3ccc(O)cc3s2)c1,0.0,Oc1cccc(c1)c2cc3ccc(O)cc3s2,c1ccc(-c2cc3ccccc3s2)cc1,17
Oc1cccc(-c2ccc3cc(O)ccc3c2Oc2ccc(OCCN3CCCCC3)cc2)c1,1.0,Oc1cccc(c1)c2ccc3cc(O)ccc3c2Oc4ccc(OCCN5CCCCC5)cc4,c1ccc(-c2ccc3ccccc3c2Oc2ccc(OCCN3CCCCC3)cc2)cc1,34
Oc1cccc(-c2ccc3ccc(O)cc3c2)c1,0.0,Oc1cccc(c1)c2ccc3ccc(O)cc3c2,c1ccc(-c2ccc3ccccc3c2)cc1,18
Oc1cccc(C2=C(c3ccc(OCCN4CCCC4)cc3)c3ccc(F)cc3OCC2)c1,1.0,Oc1cccc(c1)C2=C(c3ccc(OCCN4CCCC4)cc3)c5ccc(F)cc5OCC2,c1ccc(C2=C(c3ccc(OCCN4CCCC4)cc3)c3ccccc3OCC2)cc1,33
Oc1cccc(C2=Cc3cc(O)ccc3C23Cc2ccccc2C3)c1,1.0,Oc1cccc(c1)C2=Cc3cc(O)ccc3C24Cc5ccccc5C4,C1=C(c2ccccc2)C2(Cc3ccccc3C2)c2ccccc21,25
Oc1cccc(C2=Cc3ccc(O)cc3C23Cc2ccccc2C3)c1,1.0,Oc1cccc(c1)C2=Cc3ccc(O)cc3C24Cc5ccccc5C4,C1=C(c2ccccc2)C2(Cc3ccccc3C2)c2ccccc21,25
Oc1cccc(C2CCc3cc(O)ccc3N2Cc2ccc(OCCN3CCCCC3)cc2)c1,1.0,Oc1ccc2N(Cc3ccc(OCCN4CCCCC4)cc3)C(CCc2c1)c5cccc(O)c5,c1ccc(C2CCc3ccccc3N2Cc2ccc(OCCN3CCCCC3)cc2)cc1,34
Oc1cccc(C2Sc3cc(O)ccc3OC2c2ccc(OCCN3CCCCC3)cc2)c1,1.0,Oc1cccc(c1)C2Sc3cc(O)ccc3OC2c4ccc(OCCN5CCCCC5)cc4,c1ccc(C2Sc3ccccc3OC2c2ccc(OCCN3CCCCC3)cc2)cc1,33
Oc1cccc(N2CCc3cc(O)ccc3C2c2ccc(N3CCN(C4CCCC4)CC3)cc2)c1,1.0,Oc1cccc(c1)N2CCc3cc(O)ccc3C2c4ccc(cc4)N5CCN(CC5)C6CCCC6,c1ccc(N2CCc3ccccc3C2c2ccc(N3CCN(C4CCCC4)CC3)cc2)cc1,35
Oc1cccc(N2CCc3cc(O)ccc3C2c2ccc(N3CCN(C4CCCCC4)CC3)cc2)c1,1.0,Oc1cccc(c1)N2CCc3cc(O)ccc3C2c4ccc(cc4)N5CCN(CC5)C6CCCCC6,c1ccc(N2CCc3ccccc3C2c2ccc(N3CCN(C4CCCCC4)CC3)cc2)cc1,36
Oc1cccc(N2CCc3cc(O)ccc3C2c2ccc(N3CCN(CC4CC4)CC3)cc2)c1,1.0,Oc1cccc(c1)N2CCc3cc(O)ccc3C2c4ccc(cc4)N5CCN(CC6CC6)CC5,c1ccc(N2CCc3ccccc3C2c2ccc(N3CCN(CC4CC4)CC3)cc2)cc1,34
Oc1cccc([C@H]2Oc3ccc(O)cc3[C@H]3CCC[C@H]32)c1,1.0,Oc1cccc(c1)[C@H]2Oc3ccc(O)cc3[C@H]4CCC[C@@H]24,c1ccc(C2Oc3ccccc3C3CCCC32)cc1,21
Oc1cccc([C@H]2Sc3cc(O)ccc3O[C@H]2c2ccc(OCCN3CCCC3)cc2)c1,1.0,Oc1ccc2O[C@H]([C@H](Sc2c1)c3cccc(O)c3)c4ccc(OCCN5CCCC5)cc4,c1ccc(C2Sc3ccccc3OC2c2ccc(OCCN3CCCC3)cc2)cc1,32
Oc1cccc([C@H]2Sc3cc(O)ccc3O[C@H]2c2ccc(OCCN3CCCCC3)cc2)c1,1.0,Oc1cccc(c1)[C@H]2Sc3cc(O)ccc3O[C@H]2c4ccc(OCCN5CCCCC5)cc4,c1ccc(C2Sc3ccccc3OC2c2ccc(OCCN3CCCCC3)cc2)cc1,33
Oc1cccc([C@H]2Sc3cc(O)ccc3O[C@H]2c2ccc(OCCN3CCOCC3)cc2)c1,1.0,Oc1cccc(c1)[C@H]2Sc3cc(O)ccc3O[C@H]2c4ccc(OCCN5CCOCC5)cc4,c1ccc(C2Sc3ccccc3OC2c2ccc(OCCN3CCOCC3)cc2)cc1,33
Oc1cccc([C@H]2Sc3cc(O)ccc3O[C@H]2c2ccc(OCCNC3CCCCCC3)cc2)c1,1.0,Oc1cccc(c1)[C@H]2Sc3cc(O)ccc3O[C@H]2c4ccc(OCCNC5CCCCCC5)cc4,c1ccc(C2Sc3ccccc3OC2c2ccc(OCCNC3CCCCCC3)cc2)cc1,35
Oc1cccc([C@H]2Sc3cc(O)ccc3S[C@H]2c2ccc(OCCN3CCCCC3)c(Br)c2)c1,1.0,Oc1cccc(c1)[C@H]2Sc3cc(O)ccc3S[C@H]2c4ccc(OCCN5CCCCC5)c(Br)c4,c1ccc(C2Sc3ccccc3SC2c2ccc(OCCN3CCCCC3)cc2)cc1,34
Oc1cccc([C@H]2Sc3cc(O)ccc3S[C@H]2c2ccc(OCCN3CCCCC3)cc2)c1,1.0,Oc1cccc(c1)[C@H]2Sc3cc(O)ccc3S[C@H]2c4ccc(OCCN5CCCCC5)cc4,c1ccc(C2Sc3ccccc3SC2c2ccc(OCCN3CCCCC3)cc2)cc1,33
Oc1nc2cc3c(cc2cc1CN(Cc1cccs1)Cc1nnnn1Cc1ccco1)OCCO3,0.0,Oc1nc2cc3OCCOc3cc2cc1CN(Cc4cccs4)Cc5nnnn5Cc6occc6,c1coc(Cn2nnnc2CN(Cc2cnc3cc4c(cc3c2)OCCO4)Cc2cccs2)c1,35
[O-][S+]1c2cc(O)ccc2O[C@H](c2ccc(OCCN3CCCCC3)cc2)[C@@H]1c1ccc(O)cc1,0.0,Oc1ccc(cc1)[C@H]2[C@H](Oc3ccc(O)cc3[S+]2[O-])c4ccc(OCCN5CCCCC5)cc4,c1ccc(C2[SH+]c3ccccc3OC2c2ccc(OCCN3CCCCC3)cc2)cc1,34
c1ccc(-c2[nH]c3ccccc3c2-c2ccccc2)cc1,0.0,c1ccc(cc1)c2[nH]c3ccccc3c2c4ccccc4,c1ccc(-c2[nH]c3ccccc3c2-c2ccccc2)cc1,21
c1ccc(C2=C(c3ccc(OCCN4CCC4)cc3)c3ccccc3OCC2)cc1,1.0,C(CN1CCC1)Oc2ccc(cc2)C3=C(CCOc4ccccc34)c5ccccc5,c1ccc(C2=C(c3ccc(OCCN4CCC4)cc3)c3ccccc3OCC2)cc1,30
c1ccc(CCc2cc(CCc3ccccc3)nc(NCc3cccc4ccccc34)n2)cc1,0.0,C(Cc1cc(CCc2ccccc2)nc(NCc3cccc4ccccc34)n1)c5ccccc5,c1ccc(CCc2cc(CCc3ccccc3)nc(NCc3cccc4ccccc34)n2)cc1,34
c1ccc(CCc2cc(CCc3ccccc3)nc(NCc3ccccc3)n2)cc1,0.0,C(Cc1cc(CCc2ccccc2)nc(NCc3ccccc3)n1)c4ccccc4,c1ccc(CCc2cc(CCc3ccccc3)nc(NCc3ccccc3)n2)cc1,30
c1ccc(CCc2cc(NCc3cccc4ccccc34)nc(NCc3cccc4ccccc34)n2)cc1,0.0,C(Cc1cc(NCc2cccc3ccccc23)nc(NCc4cccc5ccccc45)n1)c6ccccc6,c1ccc(CCc2cc(NCc3cccc4ccccc34)nc(NCc3cccc4ccccc34)n2)cc1,38
c1ccc(CCc2cc(NCc3cccc4ccccc34)nc(NCc3ccccc3)n2)cc1,0.0,C(Cc1cc(NCc2cccc3ccccc23)nc(NCc4ccccc4)n1)c5ccccc5,c1ccc(CCc2cc(NCc3cccc4ccccc34)nc(NCc3ccccc3)n2)cc1,34
c1ccc(CCc2cc(NCc3ccccc3)nc(NCc3cccc4ccccc34)n2)cc1,0.0,C(Cc1cc(NCc2ccccc2)nc(NCc3cccc4ccccc34)n1)c5ccccc5,c1ccc(CCc2cc(NCc3ccccc3)nc(NCc3cccc4ccccc34)n2)cc1,34
c1ccc(CCc2cc(NCc3ccccc3)nc(NCc3ccccc3)n2)cc1,0.0,C(Cc1cc(NCc2ccccc2)nc(NCc3ccccc3)n1)c4ccccc4,c1ccc(CCc2cc(NCc3ccccc3)nc(NCc3ccccc3)n2)cc1,30
c1ccc(CCc2cc(OCc3ccccc3)nc(OCc3ccccc3)n2)cc1,0.0,C(Cc1cc(OCc2ccccc2)nc(OCc3ccccc3)n1)c4ccccc4,c1ccc(CCc2cc(OCc3ccccc3)nc(OCc3ccccc3)n2)cc1,30
c1ccc(CCc2cc(SCc3ccccc3)nc(SCc3ccccc3)n2)cc1,0.0,C(Cc1cc(SCc2ccccc2)nc(SCc3ccccc3)n1)c4ccccc4,c1ccc(CCc2cc(SCc3ccccc3)nc(SCc3ccccc3)n2)cc1,30
c1ccc(CNc2cc(CCc3cccc4ccccc34)nc(NCc3cccc4ccccc34)n2)cc1,0.0,C(Cc1cccc2ccccc12)c3cc(NCc4ccccc4)nc(NCc5cccc6ccccc56)n3,c1ccc(CNc2cc(CCc3cccc4ccccc34)nc(NCc3cccc4ccccc34)n2)cc1,38
c1ccc(CNc2cc(CCc3cccc4ccccc34)nc(NCc3ccccc3)n2)cc1,0.0,C(Cc1cccc2ccccc12)c3cc(NCc4ccccc4)nc(NCc5ccccc5)n3,c1ccc(CNc2cc(CCc3cccc4ccccc34)nc(NCc3ccccc3)n2)cc1,34
c1ccc(CNc2cc(NCc3ccccc3)nc(NCc3ccccc3)n2)cc1,0.0,C(Nc1cc(NCc2ccccc2)nc(NCc3ccccc3)n1)c4ccccc4,c1ccc(CNc2cc(NCc3ccccc3)nc(NCc3ccccc3)n2)cc1,30
c1ccc(CNc2nc(CCc3cccc4ccccc34)cc(NCc3cccc4ccccc34)n2)cc1,0.0,C(Cc1cccc2ccccc12)c3cc(NCc4cccc5ccccc45)nc(NCc6ccccc6)n3,c1ccc(CNc2nc(CCc3cccc4ccccc34)cc(NCc3cccc4ccccc34)n2)cc1,38
c1ccc(COc2cc(OCc3ccccc3)nc(OCc3ccccc3)n2)cc1,0.0,C(Oc1cc(OCc2ccccc2)nc(OCc3ccccc3)n1)c4ccccc4,c1ccc(COc2cc(OCc3ccccc3)nc(OCc3ccccc3)n2)cc1,30
c1ccc(CSc2cc(SCc3ccccc3)nc(SCc3ccccc3)n2)cc1,0.0,C(Sc1cc(SCc2ccccc2)nc(SCc3ccccc3)n1)c4ccccc4,c1ccc(CSc2cc(SCc3ccccc3)nc(SCc3ccccc3)n2)cc1,30
c1ccc(OCc2nnc3sc(C4COc5ccccc5O4)nn23)cc1,0.0,C(Oc1ccccc1)c2nnc3sc(nn23)C4COc5ccccc5O4,c1ccc(OCc2nnc3sc(C4COc5ccccc5O4)nn23)cc1,26
c1ccc2c(CCc3cc(NCc4cccc5ccccc45)nc(NCc4cccc5ccccc45)n3)cccc2c1,0.0,C(Cc1cccc2ccccc12)c3cc(NCc4cccc5ccccc45)nc(NCc6cccc7ccccc67)n3,c1ccc2c(CCc3cc(NCc4cccc5ccccc45)nc(NCc4cccc5ccccc45)n3)cccc2c1,42
