smiles,y,original_smiles,scaffold,n_heavy
C#CC(Cc1ccc(O)cc1)c1ccc(O)cc1,1.0,Oc1ccc(CC(C#C)c2ccc(O)cc2)cc1,c1ccc(CCc2ccccc2)cc1,18
C#CC(c1ccc(O)cc1)C(C#C)c1ccc(O)cc1,1.0,Oc1ccc(cc1)C(C#C)C(C#C)c2ccc(O)cc2,c1ccc(CCc2ccccc2)cc1,20
C#CC[C@]12CC[C@H](O)CC1=CCC1C2CC[C@@]2(C)C1CC[C@@H]2O,1.0,C[C@]12CCC3C(CC=C4C[C@@H](O)CC[C@]34CC#C)C1CC[C@@H]2O,C1=C2CCCCC2C2CCC3CCCC3C2C1,23
C#C[C@]1(O)CCC2C3CC=C4C[C@@H](O)CC[C@]4(C=C)C3CC[C@@]21C,1.0,C[C@]12CCC3C(CC=C4C[C@@H](O)CC[C@]34C=C)C1CC[C@@]2(O)C#C,C1=C2CCCCC2C2CCC3CCCC3C2C1,24
C#C[C@]1(O)CC[C@H]2[C@@H]3CC=C4C=C(C)CC[C@]4(C=C)[C@H]3CC[C@@]21C,1.0,CC1=CC2=CC[C@H]3[C@@H]4CC[C@@](O)(C#C)[C@@]4(C)CC[C@@H]3[C@]2(CC1)C=C,C1=CC2=CCC3C4CCCC4CCC3C2CC1,24
C#C[C@]1(O)CC[C@H]2[C@@H]3CC=C4C[C@@H](O)CC[C@]4(C=C)[C@H]3CC[C@@]21C,1.0,C[C@]12CC[C@H]3[C@@H](CC=C4C[C@@H](O)CC[C@]34C=C)[C@@H]1CC[C@@]2(O)C#C,C1=C2CCCCC2C2CCC3CCCC3C2C1,24
C#C[C@]1(O)CC[C@H]2[C@@H]3CCC4=CC(=O)CCC4=C3[C@@H](c3ccc(N(C)CCCC(=O)N(C)C4CC[C@@]5(C)[C@@H](C4)C[C@@H](O)[C@@H]4[C@@H]5C[C@H](O)[C@]5(C)[C@@H]([C@H](C)CCC(=O)O)CC[C@@H]45)cc3)C[C@@]21C,1.0,C[C@H](CCC(=O)O)[C@H]1CC[C@H]2[C@@H]3[C@H](O)C[C@@H]4CC(CC[C@]4(C)[C@H]3C[C@H](O)[C@]12C)N(C)C(=O)CCCN(C)c5ccc(cc5)[C@H]6C[C@@]7(C)[C@@H](CC[C@@]7(O)C#C)[C@@H]8CCC9=CC(=O)CCC9=C68,O=C1C=C2CCC3C(=C2CC1)C(c1ccc(NCCCC(=O)NC2CCC4C(CCC5C6CCCC6CCC45)C2)cc1)CC1CCCC13,65
C#C[C@]1(O)CC[C@H]2[C@@H]3CCC4=CC(=O)CCC4=C3[C@@H](c3ccc(N(C)CCCOC4CC[C@@]5(C)[C@@H](C4)C[C@@H](O)[C@@H]4[C@@H]5C[C@H](O)[C@]5(C)[C@@H]([C@H](C)CCC(=O)O)CC[C@@H]45)cc3)C[C@@]21C,1.0,C[C@H](CCC(=O)O)[C@H]1CC[C@H]2[C@@H]3[C@H](O)C[C@@H]4CC(CC[C@]4(C)[C@H]3C[C@H](O)[C@]12C)OCCCN(C)c5ccc(cc5)[C@H]6C[C@@]7(C)[C@@H](CC[C@@]7(O)C#C)[C@@H]8CCC9=CC(=O)CCC9=C68,O=C1C=C2CCC3C(=C2CC1)C(c1ccc(NCCCOC2CCC4C(CCC5C6CCCC6CCC45)C2)cc1)CC1CCCC13,62
C#C[C@]1(O)CC[C@H]2[C@@H]3CCC4=CC(=O)CCC4=C3[C@@H](c3ccc(N(C)CCCS(=O)(=O)N(C)C4CC[C@@]5(C)[C@@H](C4)C[C@@H](O)[C@@H]4[C@@H]5C[C@H](O)[C@]5(C)[C@@H]([C@H](C)CCC(=O)O)CC[C@@H]45)cc3)C[C@@]21C,1.0,C[C@H](CCC(=O)O)[C@H]1CC[C@H]2[C@@H]3[C@H](O)C[C@@H]4CC(CC[C@]4(C)[C@H]3C[C@H](O)[C@]12C)N(C)S(=O)(=O)CCCN(C)c5ccc(cc5)[C@H]6C[C@@]7(C)[C@@H](CC[C@@]7(O)C#C)[C@@H]8CCC9=CC(=O)CCC9=C68,O=C1C=C2CCC3C(=C2CC1)C(c1ccc(NCCCS(=O)(=O)NC2CCC4C(CCC5C6CCCC6CCC45)C2)cc1)CC1CCCC13,66
C#C[C@]1(O)CC[C@H]2[C@@H]3CCC4=CC(=O)CCC4=C3[C@@H](c3ccc(N(C)CCC[C@H]4[C@H](O)CC[C@@]5(C)[C@@H]4C[C@@H](O)[C@@H]4[C@@H]5C[C@H](O)[C@]5(C)[C@@H]([C@H](C)CCC(=O)O)CC[C@@H]45)cc3)C[C@@]21C,1.0,C[C@H](CCC(=O)O)[C@H]1CC[C@H]2[C@@H]3[C@H](O)C[C@@H]4[C@@H](CCCN(C)c5ccc(cc5)[C@H]6C[C@@]7(C)[C@@H](CC[C@@]7(O)C#C)[C@@H]8CCC9=CC(=O)CCC9=C68)[C@H](O)CC[C@]4(C)[C@H]3C[C@H](O)[C@]12C,O=C1C=C2CCC3C(=C2CC1)C(c1ccc(NCCCC2CCCC4C2CCC2C5CCCC5CCC42)cc1)CC1CCCC13,62
C#C[C@]1(O)CC[C@H]2[C@@H]3CCC4=CC(=O)CCC4=C3[C@@H](c3ccc(N(C)CCOC4CC[C@@]5(C)[C@@H](C4)C[C@@H](O)[C@@H]4[C@@H]5C[C@H](O)[C@]5(C)[C@@H]([C@H](C)CCC(=O)NCCS(=O)(=O)O)CC[C@@H]45)cc3)C[C@@]21C,1.0,C[C@H](CCC(=O)NCCS(=O)(=O)O)[C@H]1CC[C@H]2[C@@H]3[C@H](O)C[C@@H]4CC(CC[C@]4(C)[C@H]3C[C@H](O)[C@]12C)OCCN(C)c5ccc(cc5)[C@H]6C[C@@]7(C)[C@@H](CC[C@@]7(O)C#C)[C@@H]8CCC9=CC(=O)CCC9=C68,O=C1C=C2CCC3C(=C2CC1)C(c1ccc(NCCOC2CCC4C(CCC5C6CCCC6CCC45)C2)cc1)CC1CCCC13,67
C#C[C@]1(O)CC[C@H]2[C@@H]3CCC4=CC(=O)CCC4=C3[C@@H](c3ccc(N(C)CCOC4CC[C@@]5(C)[C@@H](C4)C[C@@H](O)[C@@H]4[C@@H]5C[C@H](O)[C@]5(C)[C@@H]([C@H](C)CCC(=O)O)CC[C@@H]45)cc3)C[C@@]21C,1.0,C[C@H](CCC(=O)O)[C@H]1CC[C@H]2[C@@H]3[C@H](O)C[C@@H]4CC(CC[C@]4(C)[C@H]3C[C@H](O)[C@]12C)OCCN(C)c5ccc(cc5)[C@H]6C[C@@]7(C)[C@@H](CC[C@@]7(O)C#C)[C@@H]8CCC9=CC(=O)CCC9=C68,O=C1C=C2CCC3C(=C2CC1)C(c1ccc(NCCOC2CCC4C(CCC5C6CCCC6CCC45)C2)cc1)CC1CCCC13,61
C#C[C@]1(O)CC[C@H]2[C@@H]3CCC4=CC(=O)CCC4=C3[C@@H](c3ccc(N(C)CCOCCO[C@H]4CC[C@@]5(C)[C@@H](C4)C[C@@H](O)[C@@H]4[C@@H]5C[C@H](O)[C@]5(C)[C@@H]([C@H](C)CCC(=O)O)CC[C@@H]45)cc3)C[C@@]21C,1.0,C[C@H](CCC(=O)O)[C@H]1CC[C@H]2[C@@H]3[C@H](O)C[C@@H]4C[C@H](CC[C@]4(C)[C@H]3C[C@H](O)[C@]12C)OCCOCCN(C)c5ccc(cc5)[C@H]6C[C@@]7(C)[C@@H](CC[C@@]7(O)C#C)[C@@H]8CCC9=CC(=O)CCC9=C68,O=C1C=C2CCC3C(=C2CC1)C(c1ccc(NCCOCCOC2CCC4C(CCC5C6CCCC6CCC45)C2)cc1)CC1CCCC13,64
C#C[C@]1(O)CC[C@H]2[C@@H]3CCc4cc(O)ccc4[C@H]3CCC21C,1.0,CC12CC[C@H]3[C@@H](CCc4cc(O)ccc34)[C@@H]1CC[C@@]2(O)C#C,c1ccc2c(c1)CCC1C2CCC2CCCC21,22
C#C[C@]1(O)CC[C@H]2[C@@H]3CCc4cc(O)ccc4[C@H]3CC[C@@]21C,1.0,C[C@]12CC[C@H]3[C@@H](CCc4cc(O)ccc34)[C@@H]1CC[C@@]2(O)C#C,c1ccc2c(c1)CCC1C2CCC2CCCC21,22
C#C[C@]12CC[C@H](O)CC1=CCC1C2CC[C@@]2(C)C1CC[C@@H]2O,1.0,C[C@]12CCC3C(CC=C4C[C@@H](O)CC[C@]34C#C)C1CC[C@@H]2O,C1=C2CCCCC2C2CCC3CCCC3C2C1,22
C#Cc1cc(-c2ccc(O)c(F)c2)cc2ccc(O)cc12,1.0,Oc1ccc2cc(cc(C#C)c2c1)c3ccc(O)c(F)c3,c1ccc(-c2ccc3ccccc3c2)cc1,21
C#Cc1cc(-c2ccc(O)c(F)c2)nc2ccc(O)cc12,1.0,Oc1ccc2nc(cc(C#C)c2c1)c3ccc(O)c(F)c3,c1ccc(-c2ccc3ccccc3n2)cc1,21
C#Cc1cc(-c2ccc(O)cc2)nc2ccc(O)cc12,1.0,Oc1ccc(cc1)c2cc(C#C)c3cc(O)ccc3n2,c1ccc(-c2ccc3ccccc3n2)cc1,20
C#Cc1cc(O)cc2ccc(-c3ccc(O)c(F)c3)cc12,1.0,Oc1cc(C#C)c2cc(ccc2c1)c3ccc(O)c(F)c3,c1ccc(-c2ccc3ccccc3c2)cc1,21
C#Cc1cc(O)cc2nc(-c3ccc(O)cc3)oc12,1.0,Oc1ccc(cc1)c2oc3c(cc(O)cc3n2)C#C,c1ccc(-c2nc3ccccc3o2)cc1,19
C(=C\c1cc(/C=C/c2ccccc2)nc(NCc2cccc3ccccc23)n1)/c1ccccc1,0.0,C(Nc1nc(\C=C\c2ccccc2)cc(\C=C\c3ccccc3)n1)c4cccc5ccccc45,C(=Cc1cc(C=Cc2ccccc2)nc(NCc2cccc3ccccc23)n1)c1ccccc1,34
C(=C\c1cc(/C=C/c2ccccc2)nc(NCc2ccccc2)n1)/c1ccccc1,0.0,C(Nc1nc(\C=C\c2ccccc2)cc(\C=C\c3ccccc3)n1)c4ccccc4,C(=Cc1cc(C=Cc2ccccc2)nc(NCc2ccccc2)n1)c1ccccc1,30
C(=C\c1cc(NCc2cccc3ccccc23)nc(NCc2cccc3ccccc23)n1)/c1ccccc1,0.0,C(Nc1cc(\C=C\c2ccccc2)nc(NCc3cccc4ccccc34)n1)c5cccc6ccccc56,C(=Cc1cc(NCc2cccc3ccccc23)nc(NCc2cccc3ccccc23)n1)c1ccccc1,38
C(=C\c1cc(NCc2ccccc2)nc(NCc2cccc3ccccc23)n1)/c1ccccc1,0.0,C(Nc1cc(\C=C\c2ccccc2)nc(NCc3cccc4ccccc34)n1)c5ccccc5,C(=Cc1cc(NCc2ccccc2)nc(NCc2cccc3ccccc23)n1)c1ccccc1,34
C(=C\c1cc(NCc2ccccc2)nc(NCc2ccccc2)n1)/c1ccccc1,0.0,C(Nc1cc(\C=C\c2ccccc2)nc(NCc3ccccc3)n1)c4ccccc4,C(=Cc1cc(NCc2ccccc2)nc(NCc2ccccc2)n1)c1ccccc1,30
C(=C\c1cc(OCc2ccccc2)nc(OCc2ccccc2)n1)/c1ccccc1,0.0,C(Oc1cc(\C=C\c2ccccc2)nc(OCc3ccccc3)n1)c4ccccc4,C(=Cc1cc(OCc2ccccc2)nc(OCc2ccccc2)n1)c1ccccc1,30
C(=C\c1ccccc1)/CN1CCN(C(c2ccccc2)c2ccccc2)CC1,0.0,C(\C=C\c1ccccc1)N2CCN(CC2)C(c3ccccc3)c4ccccc4,C(=Cc1ccccc1)CN1CCN(C(c2ccccc2)c2ccccc2)CC1,28
C/C(=C(/c1ccc(O)cc1)c1ccc(OCCN)cc1)c1ccccc1,1.0,C\C(=C(\c1ccc(O)cc1)/c2ccc(OCCN)cc2)\c3ccccc3,C(=C(c1ccccc1)c1ccccc1)c1ccccc1,26
C/C(=C(/c1ccc(O)cc1)c1ccc(OCCN2CCCC2)cc1)c1ccccc1,1.0,C\C(=C(\c1ccc(O)cc1)/c2ccc(OCCN3CCCC3)cc2)\c4ccccc4,C(=C(c1ccccc1)c1ccc(OCCN2CCCC2)cc1)c1ccccc1,30
C/C(=C/C(=O)C[C@@H](C)[C@]1(C)CC[C@@]2(C)C3=CCC4C(C)(C)C(=O)CC[C@]4(C)[C@@H]3CCC21)C(=O)O,0.0,C[C@H](CC(=O)\C=C(\C)/C(=O)O)[C@]1(C)CC[C@]2(C)C1CC[C@@H]3C2=CCC4C(C)(C)C(=O)CC[C@]34C,O=C1CCC2C(CC=C3C4CCCC4CCC32)C1,34
C/C(=C/C(=O)C[C@@H](C)[C@]1(C)CC[C@@]2(C)C3=CCC4C(C)(C)[C@H](O)CC[C@]4(C)[C@@H]3CC=C21)C(=O)O,0.0,C[C@H](CC(=O)\C=C(\C)/C(=O)O)[C@]1(C)CC[C@@]2(C)C3=CCC4C(C)(C)[C@H](O)CC[C@]4(C)[C@@H]3CC=C12,C1=C2CCCC2C2=CCC3CCCCC3C2C1,34
C/C(=C\c1ccc(O)cc1)c1ccc(O)cc1,1.0,C\C(=C/c1ccc(O)cc1)\c2ccc(O)cc2,C(=Cc1ccccc1)c1ccccc1,17
C/C(=N/NC(=O)c1cc2ccccc2cc1O)C1C(=O)c2ccccc2C1=O,1.0,C\C(=N\NC(=O)c1cc2ccccc2cc1O)\C3C(=O)c4ccccc4C3=O,O=C(NN=CC1C(=O)c2ccccc2C1=O)c1ccc2ccccc2c1,28
C/C(=N\O)c1cc(-c2ccc(O)c(F)c2)ccc1O,1.0,C\C(=N/O)\c1cc(ccc1O)c2ccc(O)c(F)c2,c1ccc(-c2ccccc2)cc1,19
C/C(=N\O)c1cc(-c2ccc(O)cc2)ccc1O,1.0,C\C(=N/O)\c1cc(ccc1O)c2ccc(O)cc2,c1ccc(-c2ccccc2)cc1,18
C/C=C/COC(=O)c1[nH]c2c(c1C)C(=O)CC(c1ccco1)C2,0.0,C\C=C\COC(=O)c1[nH]c2CC(CC(=O)c2c1C)c3occc3,O=C1CC(c2ccco2)Cc2[nH]ccc21,23
C/C=C/[C@]12CC[C@H](O)CC1=CCC1C2CC[C@@]2(C)C1CC[C@@H]2O,1.0,C\C=C\[C@]12CC[C@H](O)CC1=CCC3C4CC[C@H](O)[C@@]4(C)CCC23,C1=C2CCCCC2C2CCC3CCCC3C2C1,23
C/C=C/c1cc(O)cc2nc(-c3ccc(O)cc3)oc12,1.0,C\C=C\c1cc(O)cc2nc(oc12)c3ccc(O)cc3,c1ccc(-c2nc3ccccc3o2)cc1,20
C/C=C/c1cccc2c(=O)oc3c(C)c(O)ccc3c12,1.0,C\C=C\c1cccc2C(=O)Oc3c(C)c(O)ccc3c12,O=c1oc2ccccc2c2ccccc12,20
C/C=C\[C@]12CC[C@H](O)CC1=CCC1C2CC[C@@]2(C)C1CC[C@@H]2O,1.0,C\C=C/[C@]12CC[C@H](O)CC1=CCC3C4CC[C@H](O)[C@@]4(C)CCC23,C1=C2CCCCC2C2CCC3CCCC3C2C1,23
C/C=C\[C@]12CC[C@H](O)CC1=CC[C@H]1[C@@H]3CC[C@H](O)[C@@]3(C)CC[C@@H]12,1.0,C\C=C/[C@]12CC[C@H](O)CC1=CC[C@H]3[C@@H]4CC[C@H](O)[C@@]4(C)CC[C@H]23,C1=C2CCCCC2C2CCC3CCCC3C2C1,23
C/C=C\c1cc(O)cc2nc(-c3ccc(O)cc3)oc12,1.0,C\C=C/c1cc(O)cc2nc(oc12)c3ccc(O)cc3,c1ccc(-c2nc3ccccc3o2)cc1,20
C/C=C\c1cc(O)cc2nc(-c3ccc(O)cc3F)oc12,1.0,C\C=C/c1cc(O)cc2nc(oc12)c3ccc(O)cc3F,c1ccc(-c2nc3ccccc3o2)cc1,21
C/N=C1\SC(CC(=O)Nc2ccc(C(C)=O)cc2)C(=O)N1C,0.0,C\N=C\1/SC(CC(=O)Nc2ccc(cc2)C(=O)C)C(=O)N1C,N=C1NC(=O)C(CC(=O)Nc2ccccc2)S1,22
C1=C(N2CCOCC2)/C(=C/c2nc3ccccc3[nH]2)CC1,0.0,C1CN(CCO1)C2=CCC/C/2=C\c3nc4ccccc4[nH]3,C(=C1CCC=C1N1CCOCC1)c1nc2ccccc2[nH]1,21
C1=C(c2ccccc2)C2(Cc3ccccc3C2)c2ccccc21,0.0,C1c2ccccc2CC13C(=Cc4ccccc34)c5ccccc5,C1=C(c2ccccc2)C2(Cc3ccccc3C2)c2ccccc21,23
C1CCC(c2nn3c(-c4[nH]nc5c4CCC5)nnc3s2)CC1,0.0,C1CCC(CC1)c2nn3c(nnc3s2)c4[nH]nc5CCCc45,C1CCC(c2nn3c(-c4[nH]nc5c4CCC5)nnc3s2)CC1,22
C=C(C)[C@@H]1[C@@H]2O[C@@H]2[C@@H]2[C@]3(CC[C@]4(C)[C@@H]([C@H](C)CC/C=C(\C)C(=O)O)CC[C@@]24C)C[C@]13CCC(=O)O,0.0,C[C@H](CC\C=C(/C)\C(=O)O)[C@H]1CC[C@@]2(C)[C@@H]3[C@H]4O[C@H]4[C@@H](C(=C)C)[C@@]5(CCC(=O)O)C[C@@]35CC[C@]12C,C1CC2CCC34CC3CC3OC3C4C2C1,35
C=C(C)[C@@H]1[C@H](O)C[C@@H]2C(=CC[C@]3(C)[C@@H]([C@H](C)CC/C=C(\C)C(=O)O)CC[C@@]23C)[C@@]1(C)CCC(=O)O,0.0,C[C@H](CC\C=C(/C)\C(=O)O)[C@H]1CC[C@@]2(C)[C@@H]3C[C@@H](O)[C@@H](C(=C)C)[C@](C)(CCC(=O)O)C3=CC[C@]12C,C1=C2CCCCC2C2CCCC2C1,35
C=C(C)[C@@H]1[C@H](O)C[C@@H]2C(=CC[C@]3(C)[C@@H]([C@H](C)CC/C=C(\C)C(=O)OC)CC[C@@]23C)[C@@]1(C)CCC(=O)O,0.0,COC(=O)\C(=C\CC[C@@H](C)[C@H]1CC[C@@]2(C)[C@@H]3C[C@@H](O)[C@@H](C(=C)C)[C@](C)(CCC(=O)O)C3=CC[C@]12C)\C,C1=C2CCCCC2C2CCCC2C1,36
C=C(C)[C@@H]1[C@H](O)C[C@@H]2[C@]3(CC[C@]4(C)[C@@H]([C@H](C)CC/C=C(\C)C(=O)O)CC[C@@]24C)C[C@]13CCC(=O)O,0.0,C[C@H](CC\C=C(/C)\C(=O)O)[C@H]1CC[C@@]2(C)[C@@H]3C[C@@H](O)[C@@H](C(=C)C)[C@@]4(CCC(=O)O)C[C@@]34CC[C@]12C,C1CC2CCC34CC3CCCC4C2C1,35
C=C(C)c1cc(O)cc2ncn(-c3ccc(O)cc3)c(=O)c12,0.0,CC(=C)c1cc(O)cc2N=CN(C(=O)c12)c3ccc(O)cc3,O=c1c2ccccc2ncn1-c1ccccc1,22
C=C1C=C2CC[C@H]3[C@@H]4CC[C@H](O)[C@@]4(C)CC[C@@H]3[C@@]2(C)CC1,1.0,C[C@]12CC[C@H]3[C@@H](CCC4=CC(=C)CC[C@]34C)[C@@H]1CC[C@@H]2O,C=C1C=C2CCC3C4CCCC4CCC3C2CC1,21
C=CCC1(C)Oc2c(ccc(O)c2C)-c2c(C)cc(O)c(C)c21,1.0,Cc1cc(O)c(C)c2c1c3ccc(O)c(C)c3OC2(C)CC=C,c1ccc2c(c1)COc1ccccc1-2,23
C=CCN1C(=O)NC(=O)/C(=C(/CC)NCc2cccnc2)C1=O,0.0,CC\C(=C/1\C(=O)NC(=O)N(CC=C)C1=O)\NCc2cccnc2,O=C1NC(=O)C(=CNCc2cccnc2)C(=O)N1,23
C=CCN1CCN(c2nc(NCCc3ccc(O)cc3)nc(N(C)CCCc3ccc(Cl)cc3)n2)CC1,1.0,CN(CCCc1ccc(Cl)cc1)c2nc(NCCc3ccc(O)cc3)nc(n2)N4CCN(CC=C)CC4,c1ccc(CCCNc2nc(NCCc3ccccc3)nc(N3CCNCC3)n2)cc1,37
C=CCSC1=N/C(=C\C=C\c2ccco2)C(=O)S1,0.0,C=CCSC1=N\C(=C/C=C/c2occc2)\C(=O)S1,O=C1SC=NC1=CC=Cc1ccco1,18
C=CC[C@@H]1C2=CC[C@H]3[C@@H]4CC[C@H](O)[C@@]4(C)CC[C@@H]3[C@@]2(C=C)CC[C@@H]1O,0.0,C[C@]12CC[C@H]3[C@@H](CC=C4[C@@H](CC=C)[C@@H](O)CC[C@]34C=C)[C@@H]1CC[C@@H]2O,C1=C2CCCCC2C2CCC3CCCC3C2C1,25
C=CC[C@]12CC[C@H](O)CC1=CCC1C2CC[C@@]2(C)C1CC[C@@H]2O,1.0,C[C@]12CCC3C(CC=C4C[C@@H](O)CC[C@]34CC=C)C1CC[C@@H]2O,C1=C2CCCCC2C2CCC3CCCC3C2C1,23
C=CCc1cc(C)cc2c(=O)oc3c(C)c(O)ccc3c12,1.0,Cc1cc(CC=C)c2c(c1)C(=O)Oc3c(C)c(O)ccc23,O=c1oc2ccccc2c2ccccc12,21
C=CCc1cc(O)cc2nc(-c3ccc(O)c(F)c3)oc12,1.0,Oc1cc(CC=C)c2oc(nc2c1)c3ccc(O)c(F)c3,c1ccc(-c2nc3ccccc3o2)cc1,21
C=CCc1cc(O)cc2nc(-c3ccc(O)cc3)oc12,1.0,Oc1ccc(cc1)c2oc3c(CC=C)cc(O)cc3n2,c1ccc(-c2nc3ccccc3o2)cc1,20
C=CCc1cc(O)cc2nc(-c3ccc(O)cc3F)oc12,1.0,Oc1ccc(c(F)c1)c2oc3c(CC=C)cc(O)cc3n2,c1ccc(-c2nc3ccccc3o2)cc1,21
C=CCc1ccc(OC)c(-c2cc(C=O)cc(O)c2O)c1,0.0,COc1ccc(CC=C)cc1c2cc(C=O)cc(O)c2O,c1ccc(-c2ccccc2)cc1,21
C=CCn1c(=O)c(C#N)cc2c(=O)n3ccccc3nc21,1.0,C=CCN1C(=O)C(=CC2=C1N=C3C=CC=CN3C2=O)C#N,O=c1ccc2c(=O)n3ccccc3nc2[nH]1,21
C=CCn1c(COc2ccccc2F)nnc1SCC(=O)NC(=O)NCc1ccco1,0.0,Fc1ccccc1OCc2nnc(SCC(=O)NC(=O)NCc3occc3)n2CC=C,O=C(CSc1nnc(COc2ccccc2)[nH]1)NC(=O)NCc1ccco1,31
C=CCn1c(SCC(=O)NC(=O)NCc2ccco2)nc2sc(CC)cc2c1=O,1.0,CCc1cc2C(=O)N(CC=C)C(=Nc2s1)SCC(=O)NC(=O)NCc3occc3,O=C(CSc1nc2sccc2c(=O)[nH]1)NC(=O)NCc1ccco1,29
C=CCn1c(SCc2cc(C(=O)OC)c(C)o2)nnc1-c1ccncc1,0.0,COC(=O)c1cc(CSc2nnc(c3ccncc3)n2CC=C)oc1C,c1coc(CSc2nnc(-c3ccncc3)[nH]2)c1,26
C=CCn1nc(-c2ccc(O)cc2O)c2cccc(C(F)(F)F)c21,1.0,Oc1ccc(c(O)c1)c2nn(CC=C)c3c(cccc23)C(F)(F)F,c1ccc(-c2n[nH]c3ccccc23)cc1,24
C=C[C@H]1OC2(CCC3=Cc4c(cnn4-c4ccc(F)cc4)C[C@@]32C)O[C@@H]1C=C,0.0,C[C@]12Cc3cnn(c3C=C1CCC24O[C@H](C=C)[C@H](O4)C=C)c5ccc(F)cc5,C1=C2CCC3(OCCO3)C2Cc2cnn(-c3ccccc3)c21,28
C=C[C@H]1OC2(CCCC3=Cc4c(cnn4-c4ccc(F)cc4)C[C@@]32C)O[C@@H]1C=C,0.0,C[C@]12Cc3cnn(c3C=C1CCCC24O[C@H](C=C)[C@H](O4)C=C)c5ccc(F)cc5,C1=C2CCCC3(OCCO3)C2Cc2cnn(-c3ccccc3)c21,29
C=C[C@]12CCC(=C)C=C1CC[C@H]1[C@@H]3CC[C@H](O)[C@@]3(C)CC[C@@H]12,1.0,C[C@]12CC[C@H]3[C@@H](CCC4=CC(=C)CC[C@]34C=C)[C@@H]1CC[C@@H]2O,C=C1C=C2CCC3C4CCCC4CCC3C2CC1,22
C=C[C@]12CCC(C)=CC1=CC[C@@H]1[C@@H]2CC[C@@]2(C)[C@H]1CC[C@]2(C)O,1.0,CC1=CC2=CC[C@H]3[C@@H]4CC[C@](C)(O)[C@@]4(C)CC[C@@H]3[C@]2(CC1)C=C,C1=CC2=CCC3C4CCCC4CCC3C2CC1,23
C=C[C@]12CCC(C)=CC1=CC[C@H]1[C@@H]3CC[C@H](O)[C@@]3(C)CC[C@@H]12,1.0,CC1=CC2=CC[C@H]3[C@@H]4CC[C@H](O)[C@@]4(C)CC[C@@H]3[C@]2(CC1)C=C,C1=CC2=CCC3C4CCCC4CCC3C2CC1,22
C=C[C@]12CCC(CC)=CC1=CC[C@H]1[C@@H]3CC[C@H](O)[C@@]3(C)CC[C@@H]12,1.0,CCC1=CC2=CC[C@H]3[C@@H]4CC[C@H](O)[C@@]4(C)CC[C@@H]3[C@]2(CC1)C=C,C1=CC2=CCC3C4CCCC4CCC3C2CC1,23
C=C[C@]12CCC(Cl)=CC1=CC[C@H]1[C@@H]3CC[C@H](O)[C@@]3(C)CC[C@@H]12,1.0,C[C@]12CC[C@H]3[C@@H](CC=C4C=C(Cl)CC[C@]34C=C)[C@@H]1CC[C@@H]2O,C1=CC2=CCC3C4CCCC4CCC3C2CC1,22
C=C[C@]12CC[C@@](C)(O)CC1=CC[C@H]1[C@@H]3CC[C@H](O)[C@@]3(C)CC[C@@H]12,0.0,C[C@@]1(O)CC[C@]2(C=C)[C@H]3CC[C@]4(C)[C@@H](O)CC[C@H]4[C@@H]3CC=C2C1,C1=C2CCCCC2C2CCC3CCCC3C2C1,23
C=C[C@]12CC[C@H](O)CC1=CCC1C2CC[C@@]2(C)C1CC[C@@H]2O,1.0,C[C@]12CCC3C(CC=C4C[C@@H](O)CC[C@]34C=C)C1CC[C@@H]2O,C1=C2CCCCC2C2CCC3CCCC3C2C1,22
C=C[C@]12CC[C@H](O)CC1=CCC1C2CC[C@@]2(C)C1CC[C@]2(C)O,1.0,C[C@]1(O)CCC2C3CC=C4C[C@@H](O)CC[C@]4(C=C)C3CC[C@]12C,C1=C2CCCCC2C2CCC3CCCC3C2C1,23
C=C[C@]12CC[C@H](O)CC1=CC[C@@H]1[C@@H]2CC[C@@]2(C)[C@H]1CC[C@]2(C)O,1.0,C[C@]1(O)CC[C@H]2[C@@H]3CC=C4C[C@@H](O)CC[C@]4(C=C)[C@H]3CC[C@]12C,C1=C2CCCCC2C2CCC3CCCC3C2C1,23
C=C[C@]12CC[C@H](O)CC1=CC[C@H]1[C@@H]3CC[C@H](O)[C@@]3(C)CC[C@@H]12,1.0,C[C@]12CC[C@H]3[C@@H](CC=C4C[C@@H](O)CC[C@]34C=C)[C@@H]1CC[C@@H]2O,C1=C2CCCCC2C2CCC3CCCC3C2C1,22
C=Cc1c(Br)c(O)c(Br)c2nc(-c3ccc(O)c(F)c3)oc12,1.0,Oc1ccc(cc1F)c2oc3c(C=C)c(Br)c(O)c(Br)c3n2,c1ccc(-c2nc3ccccc3o2)cc1,22
C=Cc1cc(-c2ccc(O)c(F)c2)cc2ccc(O)cc12,1.0,Oc1ccc2cc(cc(C=C)c2c1)c3ccc(O)c(F)c3,c1ccc(-c2ccc3ccccc3c2)cc1,21
C=Cc1cc(-c2ccc(O)c(F)c2)nc2ccc(O)cc12,1.0,Oc1ccc2nc(cc(C=C)c2c1)c3ccc(O)c(F)c3,c1ccc(-c2ccc3ccccc3n2)cc1,21
C=Cc1cc(-c2ccc(O)cc2)nc2ccc(O)cc12,1.0,Oc1ccc(cc1)c2cc(C=C)c3cc(O)ccc3n2,c1ccc(-c2ccc3ccccc3n2)cc1,20
C=Cc1cc(C)cc2c(=O)oc3c(C)c(O)ccc3c12,1.0,Cc1cc(C=C)c2c(c1)C(=O)Oc3c(C)c(O)ccc23,O=c1oc2ccccc2c2ccccc12,20
C=Cc1cc(O)c(Br)c2nc(-c3ccc(O)c(F)c3)oc12,1.0,Oc1ccc(cc1F)c2oc3c(C=C)cc(O)c(Br)c3n2,c1ccc(-c2nc3ccccc3o2)cc1,21
C=Cc1cc(O)cc2c1-c1ccc(O)c(C)c1CC2,1.0,Cc1c(O)ccc2c1CCc3cc(O)cc(C=C)c23,c1ccc2c(c1)CCc1ccccc1-2,19
C=Cc1cc(O)cc2ccc(-c3ccc(O)c(F)c3)cc12,1.0,Oc1cc(C=C)c2cc(ccc2c1)c3ccc(O)c(F)c3,c1ccc(-c2ccc3ccccc3c2)cc1,21
C=Cc1cc(O)cc2nc(-c3c(F)cc(O)cc3F)oc12,1.0,Oc1cc(F)c(c(F)c1)c2oc3c(C=C)cc(O)cc3n2,c1ccc(-c2nc3ccccc3o2)cc1,21
C=Cc1cc(O)cc2nc(-c3cc(F)c(O)cc3F)oc12,1.0,Oc1cc(C=C)c2oc(nc2c1)c3cc(F)c(O)cc3F,c1ccc(-c2nc3ccccc3o2)cc1,21
C=Cc1cc(O)cc2nc(-c3ccc(O)c(F)c3)oc12,1.0,Oc1cc(C=C)c2oc(nc2c1)c3ccc(O)c(F)c3,c1ccc(-c2nc3ccccc3o2)cc1,20
C=Cc1cc(O)cc2nc(-c3ccc(O)c(F)c3F)oc12,1.0,Oc1cc(C=C)c2oc(nc2c1)c3ccc(O)c(F)c3F,c1ccc(-c2nc3ccccc3o2)cc1,21
C=Cc1cc(O)cc2nc(-c3ccc(O)cc3)oc12,1.0,Oc1ccc(cc1)c2oc3c(C=C)cc(O)cc3n2,c1ccc(-c2nc3ccccc3o2)cc1,19
C=Cc1cc(O)cc2nc(-c3ccc(O)cc3C)oc12,1.0,Cc1cc(O)ccc1c2oc3c(C=C)cc(O)cc3n2,c1ccc(-c2nc3ccccc3o2)cc1,20
C=Cc1cc(O)cc2nc(-c3ccc(O)cc3F)oc12,1.0,Oc1ccc(c(F)c1)c2oc3c(C=C)cc(O)cc3n2,c1ccc(-c2nc3ccccc3o2)cc1,20
C=Cc1cc(O)cc2ncn(-c3ccc(O)cc3)c(=O)c12,0.0,Oc1ccc(cc1)N2C=Nc3cc(O)cc(C=C)c3C2=O,O=c1c2ccccc2ncn1-c1ccccc1,21
C=Cc1cc(OC)cc2c(=O)oc3c(C)c(O)ccc3c12,1.0,COc1cc(C=C)c2c(c1)C(=O)Oc3c(C)c(O)ccc23,O=c1oc2ccccc2c2ccccc12,21
CC#CC(Cc1ccc(O)cc1)c1ccc(O)cc1,1.0,CC#CC(Cc1ccc(O)cc1)c2ccc(O)cc2,c1ccc(CCc2ccccc2)cc1,19
CC#C[C@@]1(O)CC[C@@]2(CC)c3ccc(OCc4cccnc4C)cc3CC[C@@H]2C1,0.0,CC[C@@]12CC[C@@](O)(C[C@H]1CCc3cc(OCc4cccnc4C)ccc23)C#CC,c1cncc(COc2ccc3c(c2)CCC2CCCCC32)c1,29
CC#C[C@@]1(O)CC[C@@]2(CC)c3ccc(OCc4ccncc4)cc3CC[C@@H]2C1,0.0,CC[C@@]12CC[C@@](O)(C[C@H]1CCc3cc(OCc4ccncc4)ccc23)C#CC,c1cc(COc2ccc3c(c2)CCC2CCCCC32)ccn1,28
CC#C[C@]1(O)CCC2C3CCC4=CC(=O)CC[C@]4(Cc4ccc(C)cc4)C3=CC[C@@]21C,0.0,CC#C[C@]1(O)CCC2C3CCC4=CC(=O)CC[C@]4(Cc5ccc(C)cc5)C3=CC[C@]12C,O=C1C=C2CCC3C(=CCC4CCCC43)C2(Cc2ccccc2)CC1,31
CC#C[C@]1(O)CC[C@H]2[C@@H]3CCC4=CC(=O)CCC4=C3[C@@H](c3ccc(N(C)C)cc3)C[C@@]21C,0.0,CC#C[C@]1(O)CC[C@H]2[C@@H]3CCC4=CC(=O)CCC4=C3[C@H](C[C@]12C)c5ccc(cc5)N(C)C,O=C1C=C2CCC3C(=C2CC1)C(c1ccccc1)CC1CCCC13,32
CC#C[C@]1(O)C[C@H]2CCc3cc(O)ccc3[C@]2(CC)C[C@@H]1O,0.0,CC[C@@]12C[C@H](O)[C@@](O)(C[C@H]1CCc3cc(O)ccc23)C#CC,c1ccc2c(c1)CCC1CCCCC21,22
CC#C[C@]1(O)C[C@H]2CCc3cc(O)ccc3[C@]2(CC)[C@H](O)C1,0.0,CC[C@@]12[C@H](O)C[C@@](O)(C[C@H]1CCc3cc(O)ccc23)C#CC,c1ccc2c(c1)CCC1CCCCC21,22
CC#C[C@]1(O)C[C@H]2CCc3cc(OCc4cccnc4C)ccc3[C@]2(CC)C[C@@H]1O,0.0,CC[C@@]12C[C@H](O)[C@@](O)(C[C@H]1CCc3cc(OCc4cccnc4C)ccc23)C#CC,c1cncc(COc2ccc3c(c2)CCC2CCCCC32)c1,30
CC#C[C@]12CC[C@H](O)CC1=CCC1C2CC[C@@]2(C)C1CC[C@@H]2O,1.0,CC#C[C@]12CC[C@H](O)CC1=CCC3C4CC[C@H](O)[C@@]4(C)CCC23,C1=C2CCCCC2C2CCC3CCCC3C2C1,23
CC#Cc1cc(-c2ccc(O)c(F)c2)cc2ccc(O)cc12,1.0,CC#Cc1cc(cc2ccc(O)cc12)c3ccc(O)c(F)c3,c1ccc(-c2ccc3ccccc3c2)cc1,22
CC#Cc1cc(O)cc2ccc(-c3ccc(O)c(F)c3)cc12,1.0,CC#Cc1cc(O)cc2ccc(cc12)c3ccc(O)c(F)c3,c1ccc(-c2ccc3ccccc3c2)cc1,22
CC(=N)/C(C#N)=C(/O)CSc1nnc(-c2ccc(OC(F)F)cc2)o1,0.0,CC(=N)\C(=C(\O)/CSc1oc(nn1)c2ccc(OC(F)F)cc2)\C#N,c1ccc(-c2nnco2)cc1,25
CC(=N)/C(C#N)=C(/O)CSc1nnc(COc2ccccc2Cl)o1,0.0,CC(=N)\C(=C(\O)/CSc1oc(COc2ccccc2Cl)nn1)\C#N,c1ccc(OCc2nnco2)cc1,24
CC(=N)/C(C#N)=C(/O)CSc1nnc(Cc2ccccc2F)n1N,0.0,CC(=N)\C(=C(\O)/CSc1nnc(Cc2ccccc2F)n1N)\C#N,c1ccc(Cc2nnc[nH]2)cc1,24
CC(=N)/C(C#N)=C(/O)CSc1nnc(NC(C)C)s1,1.0,CC(C)Nc1nnc(SC\C(=C(\C#N)/C(=N)C)\O)s1,c1nncs1,19
CC(=N)/C(C#N)=C(/O)CSc1nnc(Nc2cccc(C)c2C)s1,0.0,CC(=N)\C(=C(\O)/CSc1nnc(Nc2cccc(C)c2C)s1)\C#N,c1ccc(Nc2nncs2)cc1,24
CC(=N)/C(C#N)=C(/O)CSc1nnc(Nc2ccccc2C)s1,0.0,CC(=N)\C(=C(\O)/CSc1nnc(Nc2ccccc2C)s1)\C#N,c1ccc(Nc2nncs2)cc1,23
CC(=N)/C(C#N)=C(/O)CSc1nnnn1-c1ccc(C)cc1,0.0,CC(=N)\C(=C(\O)/CSc1nnnn1c2ccc(C)cc2)\C#N,c1ccc(-n2cnnn2)cc1,22
CC(=N)/C(C#N)=C(/O)CSc1nnnn1-c1ccccc1,0.0,CC(=N)\C(=C(\O)/CSc1nnnn1c2ccccc2)\C#N,c1ccc(-n2cnnn2)cc1,21
CC(=O)C(Cc1ccc(O)cc1)c1ccc(O)cc1,1.0,CC(=O)C(Cc1ccc(O)cc1)c2ccc(O)cc2,c1ccc(CCc2ccccc2)cc1,19
CC(=O)NC12CC3CC(C1)CC(C(=O)OCC(=O)Nc1ncc(Cl)c(C)c1Cl)(C3)C2,1.0,CC(=O)NC12CC3CC(C1)CC(C3)(C2)C(=O)OCC(=O)Nc4ncc(Cl)c(C)c4Cl,O=C(COC(=O)C12CC3CC(CC(C3)C1)C2)Nc1ccccn1,30
CC(=O)Nc1cc2c(cc1C(=O)c1ccccc1)OCCO2,0.0,CC(=O)Nc1cc2OCCOc2cc1C(=O)c3ccccc3,O=C(c1ccccc1)c1ccc2c(c1)OCCO2,22
CC(=O)Nc1ccc(/N=C/c2nc(-c3ccc(C)cc3)oc2O)cc1,0.0,CC(=O)Nc1ccc(cc1)\N=C\c2nc(oc2O)c3ccc(C)cc3,C(=Nc1ccccc1)c1coc(-c2ccccc2)n1,25
CC(=O)Nc1ccc(N2CCN(C(C)=O)CC2)cc1,0.0,CC(=O)Nc1ccc(cc1)N2CCN(CC2)C(=O)C,c1ccc(N2CCNCC2)cc1,19
CC(=O)Nc1ccc(OC(=O)CC2SC(=O)NC2=O)cc1,1.0,CC(=O)Nc1ccc(OC(=O)CC2SC(=O)NC2=O)cc1,O=C(CC1SC(=O)NC1=O)Oc1ccccc1,21
CC(=O)Nc1nonc1-c1nc2ccccc2n1N(C(C)=O)C(C)=O,0.0,CC(=O)Nc1nonc1c2nc3ccccc3n2N(C(=O)C)C(=O)C,c1ccc2[nH]c(-c3cnon3)nc2c1,25
CC(=O)S[C@@H]1CC2=CC(=O)CC[C@]2(C)[C@H]2CC[C@@]3(C)[C@@H](CC[C@@]34CCC(=O)O4)[C@H]12,0.0,CC(=O)S[C@@H]1CC2=CC(=O)CC[C@]2(C)[C@H]3CC[C@@]4(C)[C@@H](CC[C@@]45CCC(=O)O5)[C@H]13,O=C1C=C2CCC3C(CCC4C3CCC43CCC(=O)O3)C2CC1,29
CC(=O)[C@H]1CC[C@H]2[C@@H]3CCC4=CC(=O)CC[C@]4(C)[C@H]3CC[C@]12C,0.0,CC(=O)[C@H]1CC[C@H]2[C@@H]3CCC4=CC(=O)CC[C@]4(C)[C@H]3CC[C@]12C,O=C1C=C2CCC3C4CCCC4CCC3C2CC1,23
CC(=O)c1c(COC(=O)c2ccco2)nc2ccccc2[n+]1[O-],0.0,CC(=O)c1c(COC(=O)c2occc2)nc3ccccc3[n+]1[O-],O=C(OCc1c[nH+]c2ccccc2n1)c1ccco1,23
CC(=O)c1cc(-c2cc3ccc(O)cc3s2)ccc1O,0.0,CC(=O)c1cc(ccc1O)c2cc3ccc(O)cc3s2,c1ccc(-c2cc3ccccc3s2)cc1,20
CC(=O)c1cc(-c2ccc(O)c(F)c2)nc2ccc(O)cc12,1.0,CC(=O)c1cc(nc2ccc(O)cc12)c3ccc(O)c(F)c3,c1ccc(-c2ccc3ccccc3n2)cc1,22
CC(=O)c1cc(O)cc2cc(-c3ccc(O)cc3)oc12,1.0,CC(=O)c1cc(O)cc2cc(oc12)c3ccc(O)cc3,c1ccc(-c2cc3ccccc3o2)cc1,20
CC(=O)c1ccc(C2=C(c3ccc(O)cc3)Cc3cc(O)ccc32)cc1,1.0,CC(=O)c1ccc(cc1)C2=C(Cc3cc(O)ccc23)c4ccc(O)cc4,c1ccc(C2=C(c3ccccc3)c3ccccc3C2)cc1,26
CC(=O)c1ccc(NCC(=O)N2CCN(c3ccccc3)CC2)cc1,0.0,CC(=O)c1ccc(NCC(=O)N2CCN(CC2)c3ccccc3)cc1,O=C(CNc1ccccc1)N1CCN(c2ccccc2)CC1,25
CC(=O)c1sc2nc(SCC(=O)N3CCCCC3)nc(O)c2c1C,0.0,CC(=O)c1sc2nc(SCC(=O)N3CCCCC3)nc(O)c2c1C,O=C(CSc1ncc2ccsc2n1)N1CCCCC1,24
CC(C#N)(Cc1ccc(O)cc1)c1ccc(O)cc1,1.0,CC(Cc1ccc(O)cc1)(C#N)c2ccc(O)cc2,c1ccc(CCc2ccccc2)cc1,19
CC(C(=O)N(C)C)N(CC(F)(F)F)c1ccc(C#N)c(C(F)(F)F)c1,0.0,CC(N(CC(F)(F)F)c1ccc(C#N)c(c1)C(F)(F)F)C(=O)N(C)C,c1ccccc1,25
CC(C)(C)C(=O)Oc1ccc2c(c1)O[C@@H](c1ccc(OCCN3CCCCC3)cc1)C1=C2COc2cc(OC(=O)C(C)(C)C)ccc21,0.0,CC(C)(C)C(=O)Oc1ccc2C3=C(COc2c1)c4ccc(OC(=O)C(C)(C)C)cc4O[C@H]3c5ccc(OCCN6CCCCC6)cc5,c1ccc2c(c1)OC(c1ccc(OCCN3CCCCC3)cc1)C1=C2COc2ccccc21,47
CC(C)(C)C(=O)Oc1ccc2c(c1)O[C@H](c1ccc(OCCN3CCCCC3)cc1)C1=C2COc2cc(OC(=O)C(C)(C)C)ccc21,0.0,CC(C)(C)C(=O)Oc1ccc2C3=C(COc2c1)c4ccc(OC(=O)C(C)(C)C)cc4O[C@@H]3c5ccc(OCCN6CCCCC6)cc5,c1ccc2c(c1)OC(c1ccc(OCCN3CCCCC3)cc1)C1=C2COc2ccccc21,47
CC(C)(C)Cc1c(O)cc(O)c2c1O[C@H](c1ccc(O)cc1)CC2=O,1.0,CC(C)(C)Cc1c(O)cc(O)c2C(=O)C[C@H](Oc12)c3ccc(O)cc3,O=C1CC(c2ccccc2)Oc2ccccc21,25
CC(C)(C)OC(=O)N(Cc1cccc2ccccc12)c1cc(/C=C/c2ccccc2)nc(NCc2cccc3ccccc23)n1,0.0,CC(C)(C)OC(=O)N(Cc1cccc2ccccc12)c3cc(\C=C\c4ccccc4)nc(NCc5cccc6ccccc56)n3,C(=Cc1cc(NCc2cccc3ccccc23)nc(NCc2cccc3ccccc23)n1)c1ccccc1,45
CC(C)(C)OC(=O)N(Cc1cccc2ccccc12)c1cc(CCc2cccc3ccccc23)nc(NCc2ccccc2)n1,0.0,CC(C)(C)OC(=O)N(Cc1cccc2ccccc12)c3cc(CCc4cccc5ccccc45)nc(NCc6ccccc6)n3,c1ccc(CNc2nc(CCc3cccc4ccccc34)cc(NCc3cccc4ccccc34)n2)cc1,45
CC(C)(C)OC(=O)N(Cc1cccc2ccccc12)c1cc(CCc2ccccc2)nc(NCc2cccc3ccccc23)n1,0.0,CC(C)(C)OC(=O)N(Cc1cccc2ccccc12)c3cc(CCc4ccccc4)nc(NCc5cccc6ccccc56)n3,c1ccc(CCc2cc(NCc3cccc4ccccc34)nc(NCc3cccc4ccccc34)n2)cc1,45
CC(C)(C)OC(=O)N(Cc1ccccc1)c1cc(CCc2cccc3ccccc23)nc(NCc2cccc3ccccc23)n1,0.0,CC(C)(C)OC(=O)N(Cc1ccccc1)c2cc(CCc3cccc4ccccc34)nc(NCc5cccc6ccccc56)n2,c1ccc(CNc2cc(CCc3cccc4ccccc34)nc(NCc3cccc4ccccc34)n2)cc1,45
CC(C)(C)OC(=O)N1CCN(c2ccc(NC(=O)Cn3nnc(-c4ccccc4)n3)cc2)CC1,0.0,Cl.CC(C)(C)OC(=O)N1CCN(CC1)c2ccc(NC(=O)Cn3nnc(n3)c4ccccc4)cc2,O=C(Cn1nnc(-c2ccccc2)n1)Nc1ccc(N2CCNCC2)cc1,34
CC(C)(C)[C@H]1Sc2cc(O)ccc2O[C@H]1c1ccc(OCCN2CCCCC2)cc1,1.0,CC(C)(C)[C@H]1Sc2cc(O)ccc2O[C@H]1c3ccc(OCCN4CCCCC4)cc3,c1ccc2c(c1)OC(c1ccc(OCCN3CCCCC3)cc1)CS2,30
CC(C)(C)c1nnc2sc(SC/C(O)=C(\C#N)c3nc4ccccc4[nH]3)nn2c1=O,0.0,CC(C)(C)C1=NN=C2SC(=NN2C1=O)SC\C(=C(/C#N)\c3nc4ccccc4[nH]3)\O,O=c1cnnc2sc(SCC=Cc3nc4ccccc4[nH]3)nn12,30
CC(C)(COc1ccc([C@@H]2Oc3ccc(O)cc3S[C@@H]2c2ccc(O)cc2)cc1)N1CCCC1,1.0,CC(C)(COc1ccc(cc1)[C@@H]2Oc3ccc(O)cc3S[C@@H]2c4ccc(O)cc4)N5CCCC5,c1ccc(C2Sc3ccccc3OC2c2ccc(OCCN3CCCC3)cc2)cc1,34
CC(C)(Cc1ccc(O)cc1)c1ccc(O)cc1,1.0,CC(C)(Cc1ccc(O)cc1)c2ccc(O)cc2,c1ccc(CCc2ccccc2)cc1,18
CC(C)(O)c1ccc2c(c1)C(=O)C[C@H]1[C@@](C)(C(=O)O)CCC[C@]21C,0.0,CC(C)(O)c1ccc2c(c1)C(=O)C[C@H]3[C@](C)(CCC[C@]23C)C(=O)O,O=C1CC2CCCCC2c2ccccc21,24
CC(C)=CCc1c(O)cc(O)c2c1OC(c1ccc(O)cc1)CC2=O,1.0,CC(=CCc1c(O)cc(O)c2C(=O)CC(Oc12)c3ccc(O)cc3)C,O=C1CC(c2ccccc2)Oc2ccccc21,25
CC(C)=CCc1c([C@H]2CCc3ccc(O)cc3O2)cc(O)c(O)c1CC=C(C)C,0.0,CC(=CCc1c(O)c(O)cc([C@H]2CCc3ccc(O)cc3O2)c1CC=C(C)C)C,c1ccc(C2CCc3ccccc3O2)cc1,29
CC(C)=CCc1c([C@H]2CCc3ccc(O)cc3O2)ccc(O)c1O,0.0,CC(=CCc1c(O)c(O)ccc1[C@H]2CCc3ccc(O)cc3O2)C,c1ccc(C2CCc3ccccc3O2)cc1,24
CC(C)C1c2ccc(O)cc2CCN1c1ccccc1,1.0,CC(C)C1N(CCc2cc(O)ccc12)c3ccccc3,c1ccc(N2CCc3ccccc3C2)cc1,20
CC(C)CC(OC(=O)c1cccs1)C(=O)NCc1ccco1,0.0,CC(C)CC(OC(=O)c1cccs1)C(=O)NCc2occc2,O=C(COC(=O)c1cccs1)NCc1ccco1,22
CC(C)CCc1c(O)cc(O)c2c1O[C@H](c1ccc(O)cc1)CC2=O,1.0,CC(C)CCc1c(O)cc(O)c2C(=O)C[C@H](Oc12)c3ccc(O)cc3,O=C1CC(c2ccccc2)Oc2ccccc21,25
CC(C)CCc1cc(CCC(C)C)nc(NCC(C)C)n1,0.0,CC(C)CCc1cc(CCC(C)C)nc(NCC(C)C)n1,c1cncnc1,21
CC(C)CCc1cc(CCC(C)C)nc(NCc2cccc3ccccc23)n1,0.0,CC(C)CCc1cc(CCC(C)C)nc(NCc2cccc3ccccc23)n1,c1cnc(NCc2cccc3ccccc23)nc1,28
CC(C)CCc1cc(CCC(C)C)nc(NCc2ccccc2)n1,0.0,CC(C)CCc1cc(CCC(C)C)nc(NCc2ccccc2)n1,c1ccc(CNc2ncccn2)cc1,24
CC(C)CCc1cc(N(C)CC(C)C)nc(N(C)CC(C)C)n1,0.0,CC(C)CCc1cc(nc(n1)N(C)CC(C)C)N(C)CC(C)C,c1cncnc1,23
CC(C)CCc1cc(N(C)CC(C)C)nc(NCC(C)C)n1,0.0,CC(C)CCc1cc(nc(NCC(C)C)n1)N(C)CC(C)C,c1cncnc1,22
CC(C)CCc1cc(N(CC(C)C)C(=O)OC(C)(C)C)nc(NCc2cccc3ccccc23)n1,0.0,CC(C)CCc1cc(nc(NCc2cccc3ccccc23)n1)N(CC(C)C)C(=O)OC(C)(C)C,c1cnc(NCc2cccc3ccccc23)nc1,35
CC(C)CCc1cc(N(CC(C)C)C(=O)OC(C)(C)C)nc(NCc2ccccc2)n1,0.0,CC(C)CCc1cc(nc(NCc2ccccc2)n1)N(CC(C)C)C(=O)OC(C)(C)C,c1ccc(CNc2ncccn2)cc1,31
CC(C)CCc1cc(N(Cc2cccc3ccccc23)C(=O)OC(C)(C)C)nc(NCC(C)C)n1,0.0,CC(C)CCc1cc(nc(NCC(C)C)n1)N(Cc2cccc3ccccc23)C(=O)OC(C)(C)C,c1ccc2c(CNc3ccncn3)cccc2c1,35
CC(C)CCc1cc(N(Cc2cccc3ccccc23)C(=O)OC(C)(C)C)nc(NCc2ccccc2)n1,0.0,CC(C)CCc1cc(nc(NCc2ccccc2)n1)N(Cc3cccc4ccccc34)C(=O)OC(C)(C)C,c1ccc(CNc2nccc(NCc3cccc4ccccc34)n2)cc1,38
CC(C)CCc1cc(N(Cc2ccccc2)C(=O)OC(C)(C)C)nc(NCC(C)C)n1,0.0,CC(C)CCc1cc(nc(NCC(C)C)n1)N(Cc2ccccc2)C(=O)OC(C)(C)C,c1ccc(CNc2ccncn2)cc1,31
CC(C)CCc1cc(N(Cc2ccccc2)C(=O)OC(C)(C)C)nc(NCc2cccc3ccccc23)n1,0.0,CC(C)CCc1cc(nc(NCc2cccc3ccccc23)n1)N(Cc4ccccc4)C(=O)OC(C)(C)C,c1ccc(CNc2ccnc(NCc3cccc4ccccc34)n2)cc1,38
CC(C)CCc1cc(NCC(C)C)nc(N(C)CC(C)C)n1,0.0,CC(C)CCc1cc(NCC(C)C)nc(n1)N(C)CC(C)C,c1cncnc1,22
CC(C)CCc1cc(NCC(C)C)nc(NCC(C)C)n1,0.0,CC(C)CCc1cc(NCC(C)C)nc(NCC(C)C)n1,c1cncnc1,21
CC(C)CCc1cc(NCC(C)C)nc(NCc2cccc3ccccc23)n1,0.0,CC(C)CCc1cc(NCC(C)C)nc(NCc2cccc3ccccc23)n1,c1cnc(NCc2cccc3ccccc23)nc1,28
CC(C)CCc1cc(NCC(C)C)nc(NCc2ccccc2)n1,0.0,CC(C)CCc1cc(NCC(C)C)nc(NCc2ccccc2)n1,c1ccc(CNc2ncccn2)cc1,24
CC(C)CCc1cc(NCC(C)C)nc(OCC(C)C)n1,0.0,CC(C)CCc1cc(NCC(C)C)nc(OCC(C)C)n1,c1cncnc1,21
CC(C)CCc1cc(NCC(C)C)nc(S(=O)(=O)CC(C)C)n1,0.0,CC(C)CCc1cc(NCC(C)C)nc(n1)S(=O)(=O)CC(C)C,c1cncnc1,23
CC(C)CCc1cc(NCC(C)C)nc(SCC(C)C)n1,0.0,CC(C)CCc1cc(NCC(C)C)nc(SCC(C)C)n1,c1cncnc1,21
CC(C)CCc1cc(NCc2cccc3ccccc23)nc(NCC(C)C)n1,0.0,CC(C)CCc1cc(NCc2cccc3ccccc23)nc(NCC(C)C)n1,c1ccc2c(CNc3ccncn3)cccc2c1,28
CC(C)CCc1cc(NCc2cccc3ccccc23)nc(NCc2cccc3ccccc23)n1,0.0,CC(C)CCc1cc(NCc2cccc3ccccc23)nc(NCc4cccc5ccccc45)n1,c1ccc2c(CNc3ccnc(NCc4cccc5ccccc45)n3)cccc2c1,35
CC(C)CCc1cc(NCc2cccc3ccccc23)nc(NCc2ccccc2)n1,0.0,CC(C)CCc1cc(NCc2cccc3ccccc23)nc(NCc4ccccc4)n1,c1ccc(CNc2nccc(NCc3cccc4ccccc34)n2)cc1,31
CC(C)CCc1cc(NCc2ccccc2)nc(NCC(C)C)n1,0.0,CC(C)CCc1cc(NCc2ccccc2)nc(NCC(C)C)n1,c1ccc(CNc2ccncn2)cc1,24
CC(C)CCc1cc(NCc2ccccc2)nc(NCc2cccc3ccccc23)n1,0.0,CC(C)CCc1cc(NCc2ccccc2)nc(NCc3cccc4ccccc34)n1,c1ccc(CNc2ccnc(NCc3cccc4ccccc34)n2)cc1,31
CC(C)CCc1cc(NCc2ccccc2)nc(NCc2ccccc2)n1,0.0,CC(C)CCc1cc(NCc2ccccc2)nc(NCc3ccccc3)n1,c1ccc(CNc2ccnc(NCc3ccccc3)n2)cc1,27
CC(C)CCc1cc(OCC(C)C)nc(OCC(C)C)n1,0.0,CC(C)CCc1cc(OCC(C)C)nc(OCC(C)C)n1,c1cncnc1,21
CC(C)CCc1cc(OCc2ccccc2)nc(OCc2ccccc2)n1,0.0,CC(C)CCc1cc(OCc2ccccc2)nc(OCc3ccccc3)n1,c1ccc(COc2ccnc(OCc3ccccc3)n2)cc1,27
CC(C)CCc1cc(S(=O)(=O)CC(C)C)nc(S(=O)(=O)CC(C)C)n1,0.0,CC(C)CCc1cc(nc(n1)S(=O)(=O)CC(C)C)S(=O)(=O)CC(C)C,c1cncnc1,25
CC(C)CCc1cc(S(=O)(=O)Cc2ccccc2)nc(S(=O)(=O)Cc2ccccc2)n1,0.0,CC(C)CCc1cc(nc(n1)S(=O)(=O)Cc2ccccc2)S(=O)(=O)Cc3ccccc3,O=S(=O)(Cc1ccccc1)c1ccnc(S(=O)(=O)Cc2ccccc2)n1,31
CC(C)CCc1cc(SCC(C)C)nc(SCC(C)C)n1,0.0,CC(C)CCc1cc(SCC(C)C)nc(SCC(C)C)n1,c1cncnc1,21
CC(C)CCc1cc(SCc2ccccc2)nc(SCc2ccccc2)n1,0.0,CC(C)CCc1cc(SCc2ccccc2)nc(SCc3ccccc3)n1,c1ccc(CSc2ccnc(SCc3ccccc3)n2)cc1,27
CC(C)CCc1nc(NCC(C)C)cc(NCC(C)C)n1,0.0,CC(C)CCc1nc(NCC(C)C)cc(NCC(C)C)n1,c1cncnc1,21
CC(C)CCc1nc(NCc2cccc3ccccc23)cc(NCC(C)C)n1,0.0,CC(C)CCc1nc(NCC(C)C)cc(NCc2cccc3ccccc23)n1,c1ccc2c(CNc3ccncn3)cccc2c1,28
CC(C)CCc1nc(NCc2ccccc2)cc(NCC(C)C)n1,0.0,CC(C)CCc1nc(NCC(C)C)cc(NCc2ccccc2)n1,c1ccc(CNc2ccncn2)cc1,24
CC(C)CN(C(=O)OC(C)(C)C)c1cc(CCc2cccc3ccccc23)nc(NCc2cccc3ccccc23)n1,0.0,CC(C)CN(C(=O)OC(C)(C)C)c1cc(CCc2cccc3ccccc23)nc(NCc4cccc5ccccc45)n1,c1ccc2c(CCc3ccnc(NCc4cccc5ccccc45)n3)cccc2c1,42
CC(C)CN(C(=O)OC(C)(C)C)c1cc(CCc2cccc3ccccc23)nc(NCc2ccccc2)n1,0.0,CC(C)CN(C(=O)OC(C)(C)C)c1cc(CCc2cccc3ccccc23)nc(NCc4ccccc4)n1,c1ccc(CNc2nccc(CCc3cccc4ccccc34)n2)cc1,38
CC(C)CN(C(=O)OC(C)(C)C)c1cc(CCc2ccccc2)nc(NCc2ccccc2)n1,0.0,CC(C)CN(C(=O)OC(C)(C)C)c1cc(CCc2ccccc2)nc(NCc3ccccc3)n1,c1ccc(CCc2ccnc(NCc3ccccc3)n2)cc1,34
CC(C)CN(C)c1cc(-c2ccccc2)cc(-c2ccc(O)cc2)n1,0.0,CC(C)CN(C)c1cc(cc(n1)c2ccc(O)cc2)c3ccccc3,c1ccc(-c2ccnc(-c3ccccc3)c2)cc1,25
CC(C)CN(C)c1cc(/C=C/c2ccccc2)nc(N(C)CC(C)C)n1,0.0,CC(C)CN(C)c1cc(\C=C\c2ccccc2)nc(n1)N(C)CC(C)C,C(=Cc1ccncn1)c1ccccc1,26
CC(C)CN(C)c1cc(CCc2cccc3ccccc23)nc(N(C)CC(C)C)n1,0.0,CC(C)CN(C)c1cc(CCc2cccc3ccccc23)nc(n1)N(C)CC(C)C,c1ccc2c(CCc3ccncn3)cccc2c1,30
CC(C)CN(C)c1cc(CCc2ccccc2)nc(N(C)CC(C)C)n1,0.0,CC(C)CN(C)c1cc(CCc2ccccc2)nc(n1)N(C)CC(C)C,c1ccc(CCc2ccncn2)cc1,26
CC(C)CN(CCC(=O)O)CC(C)C,0.0,CC(C)CN(CCC(=O)O)CC(C)C,,14
CC(C)CNc1cc(/C=C/c2ccccc2)nc(N(C)CC(C)C)n1,0.0,CC(C)CNc1cc(\C=C\c2ccccc2)nc(n1)N(C)CC(C)C,C(=Cc1ccncn1)c1ccccc1,25
CC(C)CNc1cc(/C=C/c2ccccc2)nc(NCC(C)C)n1,0.0,CC(C)CNc1cc(\C=C\c2ccccc2)nc(NCC(C)C)n1,C(=Cc1ccncn1)c1ccccc1,24
CC(C)CNc1cc(/C=C/c2ccccc2)nc(NCc2cccc3ccccc23)n1,0.0,CC(C)CNc1cc(\C=C\c2ccccc2)nc(NCc3cccc4ccccc34)n1,C(=Cc1ccnc(NCc2cccc3ccccc23)n1)c1ccccc1,31
CC(C)CNc1cc(/C=C/c2ccccc2)nc(NCc2ccccc2)n1,0.0,CC(C)CNc1cc(\C=C\c2ccccc2)nc(NCc3ccccc3)n1,C(=Cc1ccnc(NCc2ccccc2)n1)c1ccccc1,27
CC(C)CNc1cc(CCc2cccc3ccccc23)nc(N(C)CC(C)C)n1,0.0,CC(C)CNc1cc(CCc2cccc3ccccc23)nc(n1)N(C)CC(C)C,c1ccc2c(CCc3ccncn3)cccc2c1,29
CC(C)CNc1cc(CCc2cccc3ccccc23)nc(NCC(C)C)n1,0.0,CC(C)CNc1cc(CCc2cccc3ccccc23)nc(NCC(C)C)n1,c1ccc2c(CCc3ccncn3)cccc2c1,28
CC(C)CNc1cc(CCc2cccc3ccccc23)nc(NCc2cccc3ccccc23)n1,0.0,CC(C)CNc1cc(CCc2cccc3ccccc23)nc(NCc4cccc5ccccc45)n1,c1ccc2c(CCc3ccnc(NCc4cccc5ccccc45)n3)cccc2c1,35
CC(C)CNc1cc(CCc2cccc3ccccc23)nc(NCc2ccccc2)n1,0.0,CC(C)CNc1cc(CCc2cccc3ccccc23)nc(NCc4ccccc4)n1,c1ccc(CNc2nccc(CCc3cccc4ccccc34)n2)cc1,31
CC(C)CNc1cc(CCc2ccccc2)nc(N(C)CC(C)C)n1,0.0,CC(C)CNc1cc(CCc2ccccc2)nc(n1)N(C)CC(C)C,c1ccc(CCc2ccncn2)cc1,25
CC(C)CNc1cc(CCc2ccccc2)nc(NCC(C)C)n1,0.0,CC(C)CNc1cc(CCc2ccccc2)nc(NCC(C)C)n1,c1ccc(CCc2ccncn2)cc1,24
CC(C)CNc1cc(CCc2ccccc2)nc(NCc2cccc3ccccc23)n1,0.0,CC(C)CNc1cc(CCc2ccccc2)nc(NCc3cccc4ccccc34)n1,c1ccc(CCc2ccnc(NCc3cccc4ccccc34)n2)cc1,31
CC(C)CNc1cc(CCc2ccccc2)nc(NCc2ccccc2)n1,0.0,CC(C)CNc1cc(CCc2ccccc2)nc(NCc3ccccc3)n1,c1ccc(CCc2ccnc(NCc3ccccc3)n2)cc1,27
CC(C)CNc1cc(NCC(C)C)nc(CCc2cccc3ccccc23)n1,0.0,CC(C)CNc1cc(NCC(C)C)nc(CCc2cccc3ccccc23)n1,c1cnc(CCc2cccc3ccccc23)nc1,28
CC(C)CNc1cc(NCC(C)C)nc(Cl)n1,0.0,CC(C)CNc1cc(NCC(C)C)nc(Cl)n1,c1cncnc1,17
CC(C)CNc1cc(NCC(C)C)nc(NCC(C)C)n1,0.0,CC(C)CNc1cc(NCC(C)C)nc(NCC(C)C)n1,c1cncnc1,21
CC(C)CNc1cc(NCC(C)C)ncn1,0.0,CC(C)CNc1cc(NCC(C)C)ncn1,c1cncnc1,16
CC(C)CNc1cc(NCc2ccccc2)nc(NCC(C)C)n1,0.0,CC(C)CNc1cc(NCc2ccccc2)nc(NCC(C)C)n1,c1ccc(CNc2ccncn2)cc1,24
CC(C)CNc1cc(OCC(C)C)nc(NCC(C)C)n1,0.0,CC(C)CNc1cc(OCC(C)C)nc(NCC(C)C)n1,c1cncnc1,21
CC(C)CNc1cc(S(=O)(=O)CC(C)C)nc(NCC(C)C)n1,0.0,CC(C)CNc1cc(nc(NCC(C)C)n1)S(=O)(=O)CC(C)C,c1cncnc1,23
CC(C)CNc1cc(SCC(C)C)nc(NCC(C)C)n1,0.0,CC(C)CNc1cc(SCC(C)C)nc(NCC(C)C)n1,c1cncnc1,21
CC(C)CNc1nc(/C=C/c2ccccc2)cc(/C=C/c2ccccc2)n1,0.0,CC(C)CNc1nc(\C=C\c2ccccc2)cc(\C=C\c3ccccc3)n1,C(=Cc1cc(C=Cc2ccccc2)ncn1)c1ccccc1,27
CC(C)CNc1nc(/C=C/c2ccccc2)cc(N(C)CC(C)C)n1,0.0,CC(C)CNc1nc(\C=C\c2ccccc2)cc(n1)N(C)CC(C)C,C(=Cc1ccncn1)c1ccccc1,25
CC(C)CNc1nc(/C=C/c2ccccc2)cc(N(Cc2ccccc2)C(=O)OC(C)(C)C)n1,0.0,CC(C)CNc1nc(\C=C\c2ccccc2)cc(n1)N(Cc3ccccc3)C(=O)OC(C)(C)C,C(=Cc1cc(NCc2ccccc2)ncn1)c1ccccc1,34
CC(C)CNc1nc(/C=C/c2ccccc2)cc(NCc2ccccc2)n1,0.0,CC(C)CNc1nc(NCc2ccccc2)cc(\C=C\c3ccccc3)n1,C(=Cc1cc(NCc2ccccc2)ncn1)c1ccccc1,27
CC(C)CNc1nc(CCc2cccc3ccccc23)cc(N(C)CC(C)C)n1,0.0,CC(C)CNc1nc(CCc2cccc3ccccc23)cc(n1)N(C)CC(C)C,c1ccc2c(CCc3ccncn3)cccc2c1,29
CC(C)CNc1nc(CCc2cccc3ccccc23)cc(N(CC(C)C)C(=O)OC(C)(C)C)n1,0.0,CC(C)CNc1nc(CCc2cccc3ccccc23)cc(n1)N(CC(C)C)C(=O)OC(C)(C)C,c1ccc2c(CCc3ccncn3)cccc2c1,35
CC(C)CNc1nc(CCc2cccc3ccccc23)cc(N(Cc2cccc3ccccc23)C(=O)OC(C)(C)C)n1,0.0,CC(C)CNc1nc(CCc2cccc3ccccc23)cc(n1)N(Cc4cccc5ccccc45)C(=O)OC(C)(C)C,c1ccc2c(CCc3cc(NCc4cccc5ccccc45)ncn3)cccc2c1,42
CC(C)CNc1nc(CCc2cccc3ccccc23)cc(N(Cc2ccccc2)C(=O)OC(C)(C)C)n1,0.0,CC(C)CNc1nc(CCc2cccc3ccccc23)cc(n1)N(Cc4ccccc4)C(=O)OC(C)(C)C,c1ccc(CNc2cc(CCc3cccc4ccccc34)ncn2)cc1,38
CC(C)CNc1nc(CCc2cccc3ccccc23)cc(NCc2cccc3ccccc23)n1,0.0,CC(C)CNc1nc(CCc2cccc3ccccc23)cc(NCc4cccc5ccccc45)n1,c1ccc2c(CCc3cc(NCc4cccc5ccccc45)ncn3)cccc2c1,35
CC(C)CNc1nc(CCc2cccc3ccccc23)cc(NCc2ccccc2)n1,0.0,CC(C)CNc1nc(CCc2cccc3ccccc23)cc(NCc4ccccc4)n1,c1ccc(CNc2cc(CCc3cccc4ccccc34)ncn2)cc1,31
CC(C)CNc1nc(CCc2ccccc2)cc(CCc2ccccc2)n1,0.0,CC(C)CNc1nc(CCc2ccccc2)cc(CCc3ccccc3)n1,c1ccc(CCc2cc(CCc3ccccc3)ncn2)cc1,27
CC(C)CNc1nc(CCc2ccccc2)cc(N(C)CC(C)C)n1,0.0,CC(C)CNc1nc(CCc2ccccc2)cc(n1)N(C)CC(C)C,c1ccc(CCc2ccncn2)cc1,25
CC(C)CNc1nc(CCc2ccccc2)cc(N(Cc2ccccc2)C(=O)OC(C)(C)C)n1,0.0,CC(C)CNc1nc(CCc2ccccc2)cc(n1)N(Cc3ccccc3)C(=O)OC(C)(C)C,c1ccc(CCc2cc(NCc3ccccc3)ncn2)cc1,34
CC(C)CNc1nc(CCc2ccccc2)cc(NCc2cccc3ccccc23)n1,0.0,CC(C)CNc1nc(CCc2ccccc2)cc(NCc3cccc4ccccc34)n1,c1ccc(CCc2cc(NCc3cccc4ccccc34)ncn2)cc1,31
CC(C)CNc1nc(CCc2ccccc2)cc(NCc2ccccc2)n1,0.0,CC(C)CNc1nc(CCc2ccccc2)cc(NCc3ccccc3)n1,c1ccc(CCc2cc(NCc3ccccc3)ncn2)cc1,27
CC(C)COC(=O)c1nnsc1NC(=O)Nc1ccccc1,0.0,CC(C)COC(=O)c1nnsc1NC(=O)Nc2ccccc2,O=C(Nc1ccccc1)Nc1cnns1,22
CC(C)COc1cc(/C=C/c2ccccc2)nc(OCC(C)C)n1,0.0,CC(C)COc1cc(\C=C\c2ccccc2)nc(OCC(C)C)n1,C(=Cc1ccncn1)c1ccccc1,24
CC(C)COc1cc(CCc2ccccc2)nc(OCC(C)C)n1,0.0,CC(C)COc1cc(CCc2ccccc2)nc(OCC(C)C)n1,c1ccc(CCc2ccncn2)cc1,24
CC(C)COc1cc(OCC(C)C)nc(OCC(C)C)n1,0.0,CC(C)COc1cc(OCC(C)C)nc(OCC(C)C)n1,c1cncnc1,21
CC(C)CS(=O)(=O)c1cc(CCc2ccccc2)nc(S(=O)(=O)CC(C)C)n1,0.0,CC(C)CS(=O)(=O)c1cc(CCc2ccccc2)nc(n1)S(=O)(=O)CC(C)C,c1ccc(CCc2ccncn2)cc1,28
CC(C)CSc1cc(CCc2ccccc2)nc(SCC(C)C)n1,0.0,CC(C)CSc1cc(CCc2ccccc2)nc(SCC(C)C)n1,c1ccc(CCc2ccncn2)cc1,24
CC(C)CSc1cc(SCC(C)C)nc(SCC(C)C)n1,0.0,CC(C)CSc1cc(SCC(C)C)nc(SCC(C)C)n1,c1cncnc1,21
CC(C)CSc1nc2c(c(=O)[nH]c(=O)n2C)n1CC(O)COc1cccc2ccccc12,0.0,CC(C)CSc1nc2N(C)C(=O)NC(=O)c2n1CC(O)COc3cccc4ccccc34,O=c1[nH]c(=O)c2c(ncn2CCCOc2cccc3ccccc23)[nH]1,32
CC(C)C[C@H]1Sc2cc(O)ccc2O[C@H]1c1ccc(OCCN2CCCCC2)cc1,1.0,CC(C)C[C@H]1Sc2cc(O)ccc2O[C@H]1c3ccc(OCCN4CCCCC4)cc3,c1ccc2c(c1)OC(c1ccc(OCCN3CCCCC3)cc1)CS2,30
CC(C)Cc1c(O)cc(O)c2c1O[C@H](c1ccc(O)cc1)CC2=O,1.0,CC(C)Cc1c(O)cc(O)c2C(=O)C[C@H](Oc12)c3ccc(O)cc3,O=C1CC(c2ccccc2)Oc2ccccc21,24
CC(C)Cc1cc2cc(O)ccc2c(Oc2ccc(/C=C/C(=O)O)cc2)c1-c1ccccc1,1.0,CC(C)Cc1cc2cc(O)ccc2c(Oc3ccc(\C=C\C(=O)O)cc3)c1c4ccccc4,c1ccc(Oc2c(-c3ccccc3)ccc3ccccc23)cc1,33
CC(C)Cn1c(-c2cccs2)nc2ccccc21,0.0,CC(C)Cn1c(nc2ccccc12)c3cccs3,c1csc(-c2nc3ccccc3[nH]2)c1,18
CC(C)Cn1c(N)c(C(=O)COC(=O)c2cc(-c3ccco3)nc3ccccc23)c(=O)n(C)c1=O,0.0,CC(C)CN1C(=C(C(=O)COC(=O)c2cc(nc3ccccc23)c4occc4)C(=O)N(C)C1=O)N,O=C(COC(=O)c1cc(-c2ccco2)nc2ccccc12)c1c[nH]c(=O)[nH]c1=O,35
CC(C)N(CCOc1ccc([C@@H]2Oc3cc(O)ccc3C3=C2c2ccc(O)cc2OCC3)cc1)C(C)C,1.0,CC(C)N(CCOc1ccc(cc1)[C@@H]2Oc3cc(O)ccc3C4=C2c5ccc(O)cc5OCC4)C(C)C,c1ccc(C2Oc3ccccc3C3=C2c2ccccc2OCC3)cc1,37
CC(C)N(CCOc1ccc([C@H]2Oc3cc(O)ccc3C3=C2c2ccc(O)cc2OCC3)cc1)C(C)C,1.0,CC(C)N(CCOc1ccc(cc1)[C@H]2Oc3cc(O)ccc3C4=C2c5ccc(O)cc5OCC4)C(C)C,c1ccc(C2Oc3ccccc3C3=C2c2ccccc2OCC3)cc1,37
CC(C)N1CCN(c2ccc(C(=O)c3c(-c4ccc(O)cc4)sc4cc(O)ccc34)cc2)CC1,1.0,CC(C)N1CCN(CC1)c2ccc(cc2)C(=O)c3c(sc4cc(O)ccc34)c5ccc(O)cc5,O=C(c1ccc(N2CCNCC2)cc1)c1c(-c2ccccc2)sc2ccccc12,34
CC(C)OP(=O)(OC(C)C)C1(NS(=O)(=O)c2ccccc2)C=C(Br)C(=O)c2ccccc21,0.0,CC(C)OP(=O)(OC(C)C)C1(NS(=O)(=O)c2ccccc2)C=C(Br)C(=O)c3ccccc13,O=C1C=CC(NS(=O)(=O)c2ccccc2)c2ccccc21,32
CC(C)S(=O)(=O)c1ccc(-c2ccc3cc(O)ccc3c2Oc2ccc(OCCN3CCCCC3)cc2)cc1,1.0,CC(C)S(=O)(=O)c1ccc(cc1)c2ccc3cc(O)ccc3c2Oc4ccc(OCCN5CCCCC5)cc4,c1ccc(-c2ccc3ccccc3c2Oc2ccc(OCCN3CCCCC3)cc2)cc1,39
CC(C)[C@@H](COc1ccc([C@@H]2Oc3ccc(O)cc3S[C@@H]2c2ccc(O)cc2)cc1)N1CCCC1,1.0,CC(C)[C@@H](COc1ccc(cc1)[C@@H]2Oc3ccc(O)cc3S[C@@H]2c4ccc(O)cc4)N5CCCC5,c1ccc(C2Sc3ccccc3OC2c2ccc(OCCN3CCCC3)cc2)cc1,35
CC(C)[C@@H]1CCN(CCOc2ccc([C@@H]3Oc4ccc(O)cc4S[C@@H]3c3ccc(O)cc3)cc2)C1,1.0,CC(C)[C@@H]1CCN(CCOc2ccc(cc2)[C@@H]3Oc4ccc(O)cc4S[C@@H]3c5ccc(O)cc5)C1,c1ccc(C2Sc3ccccc3OC2c2ccc(OCCN3CCCC3)cc2)cc1,35
CC(C)[C@H](COc1ccc([C@@H]2Oc3ccc(O)cc3S[C@@H]2c2ccc(O)cc2)cc1)N1CCCC1,1.0,CC(C)[C@H](COc1ccc(cc1)[C@@H]2Oc3ccc(O)cc3S[C@@H]2c4ccc(O)cc4)N5CCCC5,c1ccc(C2Sc3ccccc3OC2c2ccc(OCCN3CCCC3)cc2)cc1,35
CC(C)[C@H]1CCN(CCOc2ccc([C@@H]3Oc4ccc(O)cc4S[C@@H]3c3ccc(O)cc3)cc2)C1,1.0,CC(C)[C@H]1CCN(CCOc2ccc(cc2)[C@@H]3Oc4ccc(O)cc4S[C@@H]3c5ccc(O)cc5)C1,c1ccc(C2Sc3ccccc3OC2c2ccc(OCCN3CCCC3)cc2)cc1,35
CC(C)[C@H]1Sc2cc(O)ccc2O[C@H]1c1ccc(OCCN2CCCCC2)cc1,1.0,CC(C)[C@H]1Sc2cc(O)ccc2O[C@H]1c3ccc(OCCN4CCCCC4)cc3,c1ccc2c(c1)OC(c1ccc(OCCN3CCCCC3)cc1)CS2,29
CC(C)c1cc(O)cc2nc(-c3ccc(O)cc3)oc12,1.0,CC(C)c1cc(O)cc2nc(oc12)c3ccc(O)cc3,c1ccc(-c2nc3ccccc3o2)cc1,20
CC(C)c1ccc(-c2sc3cc(O)ccc3c2Oc2ccc(OCCN3CCCCC3)cc2)cc1,1.0,CC(C)c1ccc(cc1)c2sc3cc(O)ccc3c2Oc4ccc(OCCN5CCCCC5)cc4,c1ccc(-c2sc3ccccc3c2Oc2ccc(OCCN3CCCCC3)cc2)cc1,35
CC(C)c1ccc(N2CCc3cc(O)ccc3C2(C)c2ccc(OCCN3CCCC3)cc2)cc1,0.0,CC(C)c1ccc(cc1)N2CCc3cc(O)ccc3C2(C)c4ccc(OCCN5CCCC5)cc4,c1ccc(N2CCc3ccccc3C2c2ccc(OCCN3CCCC3)cc2)cc1,35
CC(C)c1ccc(N2CCc3cc(O)ccc3C2(C)c2ccc(OCCN3CCCCC3)cc2)cc1,0.0,CC(C)c1ccc(cc1)N2CCc3cc(O)ccc3C2(C)c4ccc(OCCN5CCCCC5)cc4,c1ccc(N2CCc3ccccc3C2c2ccc(OCCN3CCCCC3)cc2)cc1,36
CC(C)c1nc2cc(O)cc(O)c2c(=O)n1-c1ccc(O)cc1,0.0,CC(C)C1=Nc2cc(O)cc(O)c2C(=O)N1c3ccc(O)cc3,O=c1c2ccccc2ncn1-c1ccccc1,23
CC(C)c1onc(-c2c(Cl)cccc2Cl)c1COc1ccc(N(C)Cc2ccc(C(=O)O)cc2)c(C(F)(F)F)n1,0.0,CC(C)c1onc(c1COc2ccc(N(C)Cc3ccc(cc3)C(=O)O)c(n2)C(F)(F)F)c4c(Cl)cccc4Cl,c1ccc(CNc2ccc(OCc3conc3-c3ccccc3)nc2)cc1,40
CC(CCc1ccc(O)cc1)NC(=O)Cc1c(-c2ccccc2)[nH]c2ccccc12,1.0,CC(CCc1ccc(O)cc1)NC(=O)Cc2c([nH]c3ccccc23)c4ccccc4,O=C(Cc1c(-c2ccccc2)[nH]c2ccccc12)NCCCc1ccccc1,30
CC(CCc1ccccc1)NC(=O)Cc1c(-c2ccccc2)[nH]c2ccccc12,0.0,CC(CCc1ccccc1)NC(=O)Cc2c([nH]c3ccccc23)c4ccccc4,O=C(Cc1c(-c2ccccc2)[nH]c2ccccc12)NCCCc1ccccc1,29
CC(Cc1ccc(O)cc1)c1ccc(O)cc1,1.0,CC(Cc1ccc(O)cc1)c2ccc(O)cc2,c1ccc(CCc2ccccc2)cc1,17
CC(Cc1ccc(O)cc1)c1ccc(O)cn1,1.0,CC(Cc1ccc(O)cc1)c2ccc(O)cn2,c1ccc(CCc2ccccn2)cc1,17
CC(Cc1ccc(O)cn1)c1ccc(O)cc1,1.0,CC(Cc1ccc(O)cn1)c2ccc(O)cc2,c1ccc(CCc2ccccn2)cc1,17
CC(O)(CN(C1CC1)S(=O)(=O)c1ccc(O)cc1)c1c(F)cccc1F,1.0,CC(O)(CN(C1CC1)S(=O)(=O)c2ccc(O)cc2)c3c(F)cccc3F,O=S(=O)(c1ccccc1)N(CCc1ccccc1)C1CC1,26
CC(O)(CN(C1CC1)S(=O)(=O)c1ccc(O)cc1)c1ccccc1,1.0,CC(O)(CN(C1CC1)S(=O)(=O)c2ccc(O)cc2)c3ccccc3,O=S(=O)(c1ccccc1)N(CCc1ccccc1)C1CC1,24
CC(O)(CN(C1CC1)S(=O)(=O)c1ccc(O)cc1)c1ccccc1F,1.0,CC(O)(CN(C1CC1)S(=O)(=O)c2ccc(O)cc2)c3ccccc3F,O=S(=O)(c1ccccc1)N(CCc1ccccc1)C1CC1,25
CC(O)c1cc(-c2ccc(O)c(F)c2)nc2ccc(O)cc12,0.0,CC(O)c1cc(nc2ccc(O)cc12)c3ccc(O)c(F)c3,c1ccc(-c2ccc3ccccc3n2)cc1,22
CC/C(=C(/CC)c1ccc(O)cc1)c1ccc(O)cc1,1.0,CC\C(=C(\CC)/c1ccc(O)cc1)\c2ccc(O)cc2,C(=Cc1ccccc1)c1ccccc1,20
CC/C(=C(/c1ccc(/C=C/C(=O)O)cc1)c1ccc2[nH]ncc2c1)c1ccc(F)cc1Cl,1.0,CC\C(=C(\c1ccc(\C=C\C(=O)O)cc1)/c2ccc3[nH]ncc3c2)\c4ccc(F)cc4Cl,C(=C(c1ccccc1)c1ccc2[nH]ncc2c1)c1ccccc1,32
CC/C(=C(/c1ccc(N)cc1)c1ccc(OCCN)cc1)c1ccc(O)cc1,1.0,CC\C(=C(\c1ccc(N)cc1)/c2ccc(OCCN)cc2)\c3ccc(O)cc3,C(=C(c1ccccc1)c1ccccc1)c1ccccc1,28
CC/C(=C(/c1ccc(N)cc1)c1ccc(OCCN)cc1)c1ccccc1,1.0,CC\C(=C(\c1ccc(N)cc1)/c2ccc(OCCN)cc2)\c3ccccc3,C(=C(c1ccccc1)c1ccccc1)c1ccccc1,27
CC/C(=C(/c1ccc(O)cc1)c1ccc(CCCN)cc1)c1ccccc1,1.0,CC\C(=C(\c1ccc(O)cc1)/c2ccc(CCCN)cc2)\c3ccccc3,C(=C(c1ccccc1)c1ccccc1)c1ccccc1,27
CC/C(=C(/c1ccc(O)cc1)c1ccc(OCCCN)cc1)c1ccccc1,1.0,CC\C(=C(\c1ccc(O)cc1)/c2ccc(OCCCN)cc2)\c3ccccc3,C(=C(c1ccccc1)c1ccccc1)c1ccccc1,28
CC/C(=C(/c1ccc(O)cc1)c1ccc(OCCN)cc1)c1ccc(F)cc1,1.0,CC\C(=C(\c1ccc(O)cc1)/c2ccc(OCCN)cc2)\c3ccc(F)cc3,C(=C(c1ccccc1)c1ccccc1)c1ccccc1,28
CC/C(=C(/c1ccc(O)cc1)c1ccc(OCCN)cc1)c1ccc(O)cc1,1.0,CC\C(=C(\c1ccc(O)cc1)/c2ccc(OCCN)cc2)\c3ccc(O)cc3,C(=C(c1ccccc1)c1ccccc1)c1ccccc1,28
CC/C(=C(/c1ccc(O)cc1)c1ccc(OCCN)cc1)c1ccccc1,1.0,CC\C(=C(\c1ccc(O)cc1)/c2ccc(OCCN)cc2)\c3ccccc3,C(=C(c1ccccc1)c1ccccc1)c1ccccc1,27
CC/C(=C(\c1ccc(O)cc1)c1ccc(/C=C/C(=O)O)cc1)c1ccccc1,1.0,CC\C(=C(/c1ccc(O)cc1)\c2ccc(\C=C\C(=O)O)cc2)\c3ccccc3,C(=C(c1ccccc1)c1ccccc1)c1ccccc1,28
CC/C(=C(\c1ccc(O)cc1)c1ccc(OCCN(C)C)cc1)c1ccccc1,1.0,CC\C(=C(/c1ccc(O)cc1)\c2ccc(OCCN(C)C)cc2)\c3ccccc3,C(=C(c1ccccc1)c1ccccc1)c1ccccc1,29
CC/C(=C(\c1ccc(O)cc1)c1ccc(OCCN)cc1)c1ccccc1,1.0,CC\C(=C(/c1ccc(O)cc1)\c2ccc(OCCN)cc2)\c3ccccc3,C(=C(c1ccccc1)c1ccccc1)c1ccccc1,27
CC/C(=C(\c1ccccc1)c1ccc(/C=C/C(=O)O)cc1)c1ccccc1,1.0,CC\C(=C(/c1ccccc1)\c2ccc(\C=C\C(=O)O)cc2)\c3ccccc3,C(=C(c1ccccc1)c1ccccc1)c1ccccc1,27
CC/C(=C(\c1ccccc1)c1ccc(OCCN(C)C)cc1)c1ccccc1,1.0,CC\C(=C(/c1ccccc1)\c2ccc(OCCN(C)C)cc2)\c3ccccc3,C(=C(c1ccccc1)c1ccccc1)c1ccccc1,28
CC/C(=C\c1ccc(O)cc1)c1ccc(O)cc1,1.0,CC\C(=C/c1ccc(O)cc1)\c2ccc(O)cc2,C(=Cc1ccccc1)c1ccccc1,18
CC/C(=N/Nc1ccccc1)c1cnnc(-c2ccccc2)n1,0.0,CC\C(=N\Nc1ccccc1)\c2cnnc(n2)c3ccccc3,C(=NNc1ccccc1)c1cnnc(-c2ccccc2)n1,23
CC/C=C/c1cc2c(cc1Br)c(=O)oc1c(C)c(O)ccc12,1.0,CC\C=C\c1cc2c(cc1Br)C(=O)Oc3c(C)c(O)ccc23,O=c1oc2ccccc2c2ccccc12,22
CC/N=C1/C(c2ccc(O)cc2)=C(O)c2cc(O)cc(O)c21,0.0,CC\N=C/1\C(=C(O)c2cc(O)cc(O)c12)c3ccc(O)cc3,N=C1C(c2ccccc2)=Cc2ccccc21,22
CC1(C)C(=O)CC[C@]2(C)[C@@]3(C)c4[nH]c5ccccc5c4C[C@@H]3CC[C@@]12O,0.0,CC1(C)C(=O)CC[C@@]2(C)[C@@]1(O)CC[C@H]3Cc4c([nH]c5ccccc45)[C@]23C,O=C1CCC2C(CCC3Cc4c([nH]c5ccccc45)C32)C1,26
CC1(C)C(=O)Nc2ccccc2N1C(=O)COc1ccc(S(=O)(=O)N2CCOCC2)cc1Cl,1.0,CC1(C)N(C(=O)COc2ccc(cc2Cl)S(=O)(=O)N3CCOCC3)c4ccccc4NC1=O,O=C1CN(C(=O)COc2ccc(S(=O)(=O)N3CCOCC3)cc2)c2ccccc2N1,33
CC1(C)CCCC2=C1CC1C(=O)N(O)C(=O)C1C2,0.0,CC1(C)CCCC2=C1CC3C(C2)C(=O)N(O)C3=O,O=C1NC(=O)C2CC3=C(CCCC3)CC12,18
CC1(C)CCCN(C(=O)c2coc(=O)c(Br)c2)C1,0.0,CC1(C)CCCN(C1)C(=O)C2=COC(=O)C(=C2)Br,O=C(c1ccc(=O)oc1)N1CCCCC1,18
CC1(C)CCCN1CCOc1ccc([C@@H]2Oc3ccc(O)cc3S[C@@H]2c2ccc(O)cc2)cc1,1.0,CC1(C)CCCN1CCOc2ccc(cc2)[C@@H]3Oc4ccc(O)cc4S[C@@H]3c5ccc(O)cc5,c1ccc(C2Sc3ccccc3OC2c2ccc(OCCN3CCCC3)cc2)cc1,34
CC1(C)CCN(CCOc2ccc([C@@H]3Oc4ccc(O)cc4S[C@@H]3c3ccc(O)cc3)cc2)C1,1.0,CC1(C)CCN(CCOc2ccc(cc2)[C@@H]3Oc4ccc(O)cc4S[C@@H]3c5ccc(O)cc5)C1,c1ccc(C2Sc3ccccc3OC2c2ccc(OCCN3CCCC3)cc2)cc1,34
CC1(C)Oc2cc(O)cc(O)c2N=C1c1ccc(O)c(Br)c1,1.0,CC1(C)Oc2cc(O)cc(O)c2N=C1c3ccc(O)c(Br)c3,c1ccc(C2=Nc3ccccc3OC2)cc1,22
CC1(C)Oc2cc(O)ccc2N=C1c1ccc(O)cc1,1.0,CC1(C)Oc2cc(O)ccc2N=C1c3ccc(O)cc3,c1ccc(C2=Nc3ccccc3OC2)cc1,20
CC1(C)[C@H](O)CC[C@]2(C)[C@@]3(C)c4[nH]c5ccccc5c4C[C@@H]3CC[C@@]12O,0.0,CC1(C)[C@H](O)CC[C@@]2(C)[C@@]1(O)CC[C@H]3Cc4c([nH]c5ccccc45)[C@]23C,c1ccc2c3c([nH]c2c1)C1C(CCC2CCCCC21)C3,26
CC1(N2CCOCC2)CC2(O)C(=[N+]1[O-])CCc1nonc12,0.0,CC1(CC2(O)C(=[N+]1[O-])CCc3nonc23)N4CCOCC4,C1CN(C2CC3C(=[NH+]2)CCc2nonc23)CCO1,21
CC1(c2ccc(OCCN3CCCC3)cc2)c2ccc(O)cc2CCN1c1ccc(F)cc1,1.0,CC1(N(CCc2cc(O)ccc12)c3ccc(F)cc3)c4ccc(OCCN5CCCC5)cc4,c1ccc(N2CCc3ccccc3C2c2ccc(OCCN3CCCC3)cc2)cc1,33
CC1(c2ccc(OCCN3CCCC3)cc2)c2ccc(O)cc2CCN1c1cccc(Cl)c1,1.0,CC1(N(CCc2cc(O)ccc12)c3cccc(Cl)c3)c4ccc(OCCN5CCCC5)cc4,c1ccc(N2CCc3ccccc3C2c2ccc(OCCN3CCCC3)cc2)cc1,33
CC1(c2ccc(OCCN3CCCC3)cc2)c2ccc(O)cc2CCN1c1cccc(F)c1,1.0,CC1(N(CCc2cc(O)ccc12)c3cccc(F)c3)c4ccc(OCCN5CCCC5)cc4,c1ccc(N2CCc3ccccc3C2c2ccc(OCCN3CCCC3)cc2)cc1,33
CC1(c2ccc(OCCN3CCCC3)cc2)c2ccc(O)cc2CCN1c1cccc(O)c1,1.0,CC1(N(CCc2cc(O)ccc12)c3cccc(O)c3)c4ccc(OCCN5CCCC5)cc4,c1ccc(N2CCc3ccccc3C2c2ccc(OCCN3CCCC3)cc2)cc1,33
CC1(c2ccc(OCCN3CCCC3)cc2)c2ccc(O)cc2CCN1c1ccccc1,1.0,CC1(N(CCc2cc(O)ccc12)c3ccccc3)c4ccc(OCCN5CCCC5)cc4,c1ccc(N2CCc3ccccc3C2c2ccc(OCCN3CCCC3)cc2)cc1,32
CC1(c2ccc(OCCN3CCCCC3)cc2)c2ccc(O)cc2CCN1c1ccc(F)cc1,1.0,CC1(N(CCc2cc(O)ccc12)c3ccc(F)cc3)c4ccc(OCCN5CCCCC5)cc4,c1ccc(N2CCc3ccccc3C2c2ccc(OCCN3CCCCC3)cc2)cc1,34
CC1(c2ccc(OCCN3CCCCC3)cc2)c2ccc(O)cc2CCN1c1cccc(Cl)c1,1.0,CC1(N(CCc2cc(O)ccc12)c3cccc(Cl)c3)c4ccc(OCCN5CCCCC5)cc4,c1ccc(N2CCc3ccccc3C2c2ccc(OCCN3CCCCC3)cc2)cc1,34
CC1(c2ccc(OCCN3CCCCC3)cc2)c2ccc(O)cc2CCN1c1cccc(O)c1,1.0,CC1(N(CCc2cc(O)ccc12)c3cccc(O)c3)c4ccc(OCCN5CCCCC5)cc4,c1ccc(N2CCc3ccccc3C2c2ccc(OCCN3CCCCC3)cc2)cc1,34
CC1(c2ccc(OCCN3CCCCC3)cc2)c2ccc(O)cc2CCN1c1ccccc1,1.0,CC1(N(CCc2cc(O)ccc12)c3ccccc3)c4ccc(OCCN5CCCCC5)cc4,c1ccc(N2CCc3ccccc3C2c2ccc(OCCN3CCCCC3)cc2)cc1,33
CC1(c2ccc(OCCN3CCCCCC3)cc2)c2ccc(O)cc2CCN1c1ccccc1,1.0,CC1(N(CCc2cc(O)ccc12)c3ccccc3)c4ccc(OCCN5CCCCCC5)cc4,c1ccc(N2CCc3ccccc3C2c2ccc(OCCN3CCCCCC3)cc2)cc1,34
CC12CCC(=O)C(Br)=C1c1ccc(O)cc1C2,1.0,CC12CCC(=O)C(=C1c3ccc(O)cc3C2)Br,O=C1C=C2c3ccccc3CC2CC1,17
CC12CCC(=O)C(Br)=C1c1ccc3[nH]ncc3c1C2,1.0,CC12CCC(=O)C(=C1c3ccc4[nH]ncc4c3C2)Br,O=C1C=C2c3ccc4[nH]ncc4c3CC2CC1,19
CC12CCC(=O)N1C(C(=O)OCC(=O)Nc1sccc1C#N)CS2,1.0,CC12CCC(=O)N1C(CS2)C(=O)OCC(=O)Nc3sccc3C#N,O=C(COC(=O)C1CSC2CCC(=O)N21)Nc1cccs1,24
CC12CCCCC1(O)[N+]([O-])=C1CCCCC1=[N+]2[O-],0.0,CC12CCCCC1(O)[N+](=C3CCCCC3=[N+]2[O-])[O-],C1CCC2=[NH+]C3CCCCC3[NH+]=C2C1,18
CC1=C(SCCC#N)S/C(=C2\SC(C)=C(SCCC#N)S2)S1,1.0,CC1=C(SCCC#N)S\C(=C\2/SC(=C(SCCC#N)S2)C)\S1,C1=CSC(=C2SC=CS2)S1,22
CC1=C(c2ccc(O)cc2)C(=O)c2c(O)cc(O)cc21,1.0,CC1=C(C(=O)c2c(O)cc(O)cc12)c3ccc(O)cc3,O=C1C(c2ccccc2)=Cc2ccccc21,20
CC1=C(c2ccc(O)cc2)C(=O)c2cc(O)ccc21,1.0,CC1=C(C(=O)c2cc(O)ccc12)c3ccc(O)cc3,O=C1C(c2ccccc2)=Cc2ccccc21,19
CC1=C(c2ccc(O)cc2)C(=O)c2ccc(O)cc21,1.0,CC1=C(C(=O)c2ccc(O)cc12)c3ccc(O)cc3,O=C1C(c2ccccc2)=Cc2ccccc21,19
CC1=C(c2ccc(O)cc2)C2(Cc3ccccc3C2)c2ccc(O)cc21,1.0,CC1=C(c2ccc(O)cc2)C3(Cc4ccccc4C3)c5ccc(O)cc15,C1=C(c2ccccc2)C2(Cc3ccccc3C2)c2ccccc21,26
CC1=C2c3ccc(O)cc3CC2(C(C)C)CCC1=O,1.0,CC(C)C12CCC(=O)C(=C1c3ccc(O)cc3C2)C,O=C1C=C2c3ccccc3CC2CC1,19
CC1=C2c3ccc(O)cc3CC2(C)CCC1=O,1.0,CC1=C2c3ccc(O)cc3CC2(C)CCC1=O,O=C1C=C2c3ccccc3CC2CC1,17
CC1=C2c3ccc(O)cc3CC2(CC(C)C)CCC1=O,1.0,CC(C)CC12CCC(=O)C(=C1c3ccc(O)cc3C2)C,O=C1C=C2c3ccccc3CC2CC1,20
CC1=C2c3ccc(O)cc3CC2(CCO)CCC1=O,0.0,CC1=C2c3ccc(O)cc3CC2(CCO)CCC1=O,O=C1C=C2c3ccccc3CC2CC1,19
CC1=C2c3ccc(O)cc3CC2(c2ccccc2)CCC1=O,1.0,CC1=C2c3ccc(O)cc3CC2(CCC1=O)c4ccccc4,O=C1C=C2c3ccccc3CC2(c2ccccc2)CC1,22
CC1=C2c3ccc(O)cc3C[C@@]23CCC[C@H](C3)C1=O,1.0,CC1=C2c3ccc(O)cc3C[C@@]24CCC[C@H](C4)C1=O,O=C1C=C2c3ccccc3CC23CCCC1C3,19
CC1=C2c3ccc(O)cc3C[C@@]23CC[C@H](C3)C1=O,1.0,CC1=C2c3ccc(O)cc3C[C@@]24CC[C@H](C4)C1=O,O=C1C=C2c3ccccc3CC23CCC1C3,18
CC1=C2c3ccc4[nH]ncc4c3CC2(C)CCC1=O,1.0,CC1=C2c3ccc4[nH]ncc4c3CC2(C)CCC1=O,O=C1C=C2c3ccc4[nH]ncc4c3CC2CC1,19
CC1=C2c3ccc4[nH]nnc4c3CC2(Cc2ccc(F)cc2)CCC1=O,0.0,CC1=C2c3ccc4[nH]nnc4c3CC2(Cc5ccc(F)cc5)CCC1=O,O=C1C=C2c3ccc4[nH]nnc4c3CC2(Cc2ccccc2)CC1,26
CC1=C2c3ccc4[nH]nnc4c3CC2(Cc2ccccc2)CCC1=O,0.0,CC1=C2c3ccc4[nH]nnc4c3CC2(Cc5ccccc5)CCC1=O,O=C1C=C2c3ccc4[nH]nnc4c3CC2(Cc2ccccc2)CC1,25
CC1=CC(C)(C)[C@@]2(O)CO[C@@H](c3ccc(O)cc3)[C@@H]1C2,1.0,CC1=CC(C)(C)[C@@]2(O)CO[C@H]([C@@H]1C2)c3ccc(O)cc3,C1=CC2CC(C1)COC2c1ccccc1,20
CC1=CC(C)(C)[C@@]2(O)CO[C@@H](c3ccc(O)cc3Cl)[C@@H]1C2,1.0,CC1=CC(C)(C)[C@@]2(O)CO[C@H]([C@@H]1C2)c3ccc(O)cc3Cl,C1=CC2CC(C1)COC2c1ccccc1,21
CC1=CC2(O)OCCN(CCO)C2=CC1=O,1.0,CC1=CC2(O)OCCN(CCO)C2=CC1=O,O=C1C=CC2OCCNC2=C1,16
CC1=CC2=CC[C@H]3[C@@H]4CC[C@H](O)[C@@]4(C)CC[C@@H]3[C@@]2(C)CC1,1.0,CC1=CC2=CC[C@H]3[C@@H]4CC[C@H](O)[C@@]4(C)CC[C@@H]3[C@@]2(C)CC1,C1=CC2=CCC3C4CCCC4CCC3C2CC1,21
CC1=CC[C@@H]2C[C@H]1[C@H](c1ccc(O)cc1)OC2(C)C,1.0,CC1=CC[C@@H]2C[C@H]1[C@@H](OC2(C)C)c3ccc(O)cc3,C1=CC2CC(C1)COC2c1ccccc1,19
CC1=CC[C@@]2(CO)CO[C@@H](c3cc(C)c(O)c(C)c3)[C@@H]1C2,0.0,CC1=CC[C@@]2(CO)CO[C@H]([C@@H]1C2)c3cc(C)c(O)c(C)c3,C1=CC2CC(C1)COC2c1ccccc1,21
CC1=CC[C@@]2(CO)CO[C@@H](c3ccc(O)c(Cl)c3)[C@@H]1C2,1.0,CC1=CC[C@@]2(CO)CO[C@H]([C@@H]1C2)c3ccc(O)c(Cl)c3,C1=CC2CC(C1)COC2c1ccccc1,20
CC1=CC[C@@]2(CO)CO[C@@H](c3ccc(O)c(F)c3)[C@@H]1C2,1.0,CC1=CC[C@@]2(CO)CO[C@H]([C@@H]1C2)c3ccc(O)c(F)c3,C1=CC2CC(C1)COC2c1ccccc1,20
CC1=CC[C@@]2(CO)CO[C@@H](c3ccc(O)c(F)c3)[C@]1(C)C2,1.0,CC1=CC[C@@]2(CO)CO[C@@H](c3ccc(O)c(F)c3)[C@]1(C)C2,C1=CC2CC(C1)COC2c1ccccc1,21
CC1=CC[C@@]2(CO)CO[C@@H](c3ccc(O)c(O)c3)[C@@H]1C2,0.0,CC1=CC[C@@]2(CO)CO[C@H]([C@@H]1C2)c3ccc(O)c(O)c3,C1=CC2CC(C1)COC2c1ccccc1,20
CC1=CC[C@@]2(CO)CO[C@@H](c3ccc(O)cc3)[C@@H]1C2,1.0,CC1=CC[C@@]2(CO)CO[C@H]([C@@H]1C2)c3ccc(O)cc3,C1=CC2CC(C1)COC2c1ccccc1,19
CC1=CC[C@@]2(CO)CO[C@@H](c3ccc(O)cc3)[C@]1(C)C2,1.0,CC1=CC[C@@]2(CO)CO[C@@H](c3ccc(O)cc3)[C@]1(C)C2,C1=CC2CC(C1)COC2c1ccccc1,20
CC1=CC[C@@]2(CO)CO[C@@H](c3ccc(O)cc3C)[C@@H]1C2,1.0,CC1=CC[C@@]2(CO)CO[C@H]([C@@H]1C2)c3ccc(O)cc3C,C1=CC2CC(C1)COC2c1ccccc1,20
CC1=CC[C@@]2(CO)CO[C@@H](c3ccc(O)cc3Cl)[C@@H]1C2,1.0,CC1=CC[C@@]2(CO)CO[C@H]([C@@H]1C2)c3ccc(O)cc3Cl,C1=CC2CC(C1)COC2c1ccccc1,20
CC1=CC[C@@]2(CO)CO[C@@H](c3ccc(O)cc3Cl)[C@]1(C)C2,1.0,CC1=CC[C@@]2(CO)CO[C@@H](c3ccc(O)cc3Cl)[C@]1(C)C2,C1=CC2CC(C1)COC2c1ccccc1,21
CC1=CC[C@@]2(CO)CO[C@@H](c3ccc(O)cc3F)[C@@H]1C2,1.0,CC1=CC[C@@]2(CO)CO[C@H]([C@@H]1C2)c3ccc(O)cc3F,C1=CC2CC(C1)COC2c1ccccc1,20
CC1=CC[C@@]2(CO)CO[C@@H](c3ccc(O)cc3F)[C@]1(C)C2,1.0,CC1=CC[C@@]2(CO)CO[C@@H](c3ccc(O)cc3F)[C@]1(C)C2,C1=CC2CC(C1)COC2c1ccccc1,21
CC1=CC[C@@]2(O)CO[C@@H](c3ccc(O)cc3)[C@@H]1C2(C)C,1.0,CC1=CC[C@@]2(O)CO[C@H]([C@@H]1C2(C)C)c3ccc(O)cc3,C1=CC2CC(C1)COC2c1ccccc1,20
CC1=CC[C@]2(O)C[C@H]1[C@H](c1ccc(O)c(F)c1)OC2(C)C,1.0,CC1=CC[C@]2(O)C[C@H]1[C@@H](OC2(C)C)c3ccc(O)c(F)c3,C1=CC2CC(C1)COC2c1ccccc1,21
CC1=CC[C@]2(O)C[C@H]1[C@H](c1ccc(O)cc1)OC2(C)C,1.0,CC1=CC[C@]2(O)C[C@H]1[C@@H](OC2(C)C)c3ccc(O)cc3,C1=CC2CC(C1)COC2c1ccccc1,20
CC1=CC[C@]2(O)C[C@H]1[C@H](c1ccc(O)cc1Cl)OC2(C)C,1.0,CC1=CC[C@]2(O)C[C@H]1[C@@H](OC2(C)C)c3ccc(O)cc3Cl,C1=CC2CC(C1)COC2c1ccccc1,21
CC1=CC[C@]2(O)C[C@H]1[C@H](c1ccc(O)cc1F)OC2(C)C,1.0,CC1=CC[C@]2(O)C[C@H]1[C@@H](OC2(C)C)c3ccc(O)cc3F,C1=CC2CC(C1)COC2c1ccccc1,21
CC1CCCC(C)N1C(=O)Nc1cccc(Cl)c1,0.0,CC1CCCC(C)N1C(=O)Nc2cccc(Cl)c2,O=C(Nc1ccccc1)N1CCCCC1,18
CC1CCCC(C)N1CC(=O)Nc1sc2c(c1C#N)CCC2,0.0,CC1CCCC(C)N1CC(=O)Nc2sc3CCCc3c2C#N,O=C(CN1CCCCC1)Nc1cc2c(s1)CCC2,22
CC1CCCC(C)N1CC(=O)Nc1sc2c(c1C#N)CCCC2,1.0,CC1CCCC(C)N1CC(=O)Nc2sc3CCCCc3c2C#N,O=C(CN1CCCCC1)Nc1cc2c(s1)CCCC2,23
CC1CCCCN1CC(=O)Nc1sc2c(c1C#N)CCC2,0.0,CC1CCCCN1CC(=O)Nc2sc3CCCc3c2C#N,O=C(CN1CCCCC1)Nc1cc2c(s1)CCC2,21
CC1CCCCN1CC(=O)Nc1sc2c(c1C#N)CCCC2,1.0,CC1CCCCN1CC(=O)Nc2sc3CCCCc3c2C#N,O=C(CN1CCCCC1)Nc1cc2c(s1)CCCC2,22
CC1CCN(CCOc2ccc([C@@H]3Oc4ccc(O)cc4S[C@@H]3c3cccc(O)c3)cc2)CC1,1.0,CC1CCN(CCOc2ccc(cc2)[C@@H]3Oc4ccc(O)cc4S[C@@H]3c5cccc(O)c5)CC1,c1ccc(C2Sc3ccccc3OC2c2ccc(OCCN3CCCCC3)cc2)cc1,34
CC1CCN(S(=O)(=O)c2ccc(NC(=O)Cc3cccs3)cc2)CC1,1.0,CC1CCN(CC1)S(=O)(=O)c2ccc(NC(=O)Cc3cccs3)cc2,O=C(Cc1cccs1)Nc1ccc(S(=O)(=O)N2CCCCC2)cc1,25
CC1CCc2c(sc(NC(=O)c3ccc(Cn4cc([N+](=O)[O-])cn4)o3)c2C#N)C1,0.0,CC1CCc2c(C1)sc(NC(=O)c3oc(Cn4cc(cn4)[N+](=O)[O-])cc3)c2C#N,O=C(Nc1cc2c(s1)CCCC2)c1ccc(Cn2cccn2)o1,29
CC1CN(c2ccc(C3c4ccc(O)cc4CCN3c3ccccc3)cc2)CCN1C,1.0,CC1CN(CCN1C)c2ccc(cc2)C3N(CCc4cc(O)ccc34)c5ccccc5,c1ccc(N2CCc3ccccc3C2c2ccc(N3CCNCC3)cc2)cc1,31
CC1C[C@H](C)C2(CC[C@H]3[C@@H]4CCc5cc(O)ccc5[C@H]4CC[C@@]32C)O1,1.0,CC1C[C@H](C)C2(CC[C@H]3[C@@H]4CCc5cc(O)ccc5[C@H]4CC[C@]23C)O1,c1ccc2c(c1)CCC1C2CCC2C1CCC21CCCO1,25
CC1Oc2cc(O)cc(O)c2N=C1c1ccc(O)cc1,1.0,CC1Oc2cc(O)cc(O)c2N=C1c3ccc(O)cc3,c1ccc(C2=Nc3ccccc3OC2)cc1,20
CC1Oc2cc(O)ccc2N=C1c1ccc(O)cc1,1.0,CC1Oc2cc(O)ccc2N=C1c3ccc(O)cc3,c1ccc(C2=Nc3ccccc3OC2)cc1,19
CCC(=C(c1ccc(N)cc1)c1ccc(N)cc1)c1ccc([N+](=O)[O-])cc1,1.0,CCC(=C(c1ccc(N)cc1)c2ccc(N)cc2)c3ccc(cc3)[N+](=O)[O-],C(=C(c1ccccc1)c1ccccc1)c1ccccc1,27
CCC(=C(c1ccc(O)cc1)c1ccc(OCCN)cc1)c1ccccc1,1.0,CCC(=C(c1ccc(O)cc1)c2ccc(OCCN)cc2)c3ccccc3,C(=C(c1ccccc1)c1ccccc1)c1ccccc1,27
CCC(=O)CCN1CCN(c2nc(NCCc3ccc(O)cc3)nc(N(C)CCCc3ccc(Cl)cc3)n2)CC1,1.0,CCC(=O)CCN1CCN(CC1)c2nc(NCCc3ccc(O)cc3)nc(n2)N(C)CCCc4ccc(Cl)cc4,c1ccc(CCCNc2nc(NCCc3ccccc3)nc(N3CCNCC3)n2)cc1,40
CCC(=O)Nc1ccc(C(=O)Cn2nc(C(=O)O)c3ccccc3c2=O)cc1,0.0,CCC(=O)Nc1ccc(cc1)C(=O)CN2N=C(C(=O)O)c3ccccc3C2=O,O=C(Cn1ncc2ccccc2c1=O)c1ccccc1,28
CCC(=O)c1cc(O)cc2cc(-c3ccc(O)cc3)oc12,1.0,CCC(=O)c1cc(O)cc2cc(oc12)c3ccc(O)cc3,c1ccc(-c2cc3ccccc3o2)cc1,21
CCC(C)(Cc1ccc(O)cc1)c1ccc(O)cc1,1.0,CCC(C)(Cc1ccc(O)cc1)c2ccc(O)cc2,c1ccc(CCc2ccccc2)cc1,19
CCC(CC)(c1ccc(N)c(C)c1)c1ccc(O)c(C)c1,1.0,CCC(CC)(c1ccc(N)c(C)c1)c2ccc(O)c(C)c2,c1ccc(Cc2ccccc2)cc1,21
CCC(CC)(c1ccc(O)cc1)c1ccc(O)cc1,1.0,CCC(CC)(c1ccc(O)cc1)c2ccc(O)cc2,c1ccc(Cc2ccccc2)cc1,19
CCC(Cc1ccc(O)cc1)c1ccc(O)cn1,1.0,CCC(Cc1ccc(O)cc1)c2ccc(O)cn2,c1ccc(CCc2ccccn2)cc1,18
CCC(Sc1ncnc2sc(C)c(C)c12)C(=O)OC,1.0,CCC(Sc1ncnc2sc(C)c(C)c12)C(=O)OC,c1ncc2ccsc2n1,19
CCC/C(=C(/c1ccc(O)cc1)c1ccc(OCCN)cc1)c1ccccc1,1.0,CCC\C(=C(\c1ccc(O)cc1)/c2ccc(OCCN)cc2)\c3ccccc3,C(=C(c1ccccc1)c1ccccc1)c1ccccc1,28
CCC1(C)NC(=O)N(CC(=O)Nc2sc3c(c2C(N)=O)CCC3)C1=O,1.0,CCC1(C)NC(=O)N(CC(=O)Nc2sc3CCCc3c2C(=O)N)C1=O,O=C(CN1C(=O)CNC1=O)Nc1cc2c(s1)CCC2,25
CCC12CCC(=O)C(Br)=C1c1ccc(O)cc1C2,1.0,CCC12CCC(=O)C(=C1c3ccc(O)cc3C2)Br,O=C1C=C2c3ccccc3CC2CC1,18
CCC12CCC(=O)C(Br)=C1c1ccc3[nH]nc(F)c3c1C2,1.0,CCC12CCC(=O)C(=C1c3ccc4[nH]nc(F)c4c3C2)Br,O=C1C=C2c3ccc4[nH]ncc4c3CC2CC1,21
CCC12CCC(=O)C(Br)=C1c1ccc3[nH]ncc3c1C2=O,1.0,CCC12CCC(=O)C(=C1c3ccc4[nH]ncc4c3C2=O)Br,O=C1C=C2c3ccc4[nH]ncc4c3C(=O)C2CC1,21
CCC12CCC(=O)C(Br)=C1c1ccc3[nH]nnc3c1C2,1.0,CCC12CCC(=O)C(=C1c3ccc4[nH]nnc4c3C2)Br,O=C1C=C2c3ccc4[nH]nnc4c3CC2CC1,20
CCC12CCC(=O)C(C)=C1c1ccc(O)cc1C2,1.0,CCC12CCC(=O)C(=C1c3ccc(O)cc3C2)C,O=C1C=C2c3ccccc3CC2CC1,18
CCC12CCC(=O)C(C)=C1c1ccc3[nH]nc(Br)c3c1C2,1.0,CCC12CCC(=O)C(=C1c3ccc4[nH]nc(Br)c4c3C2)C,O=C1C=C2c3ccc4[nH]ncc4c3CC2CC1,21
CCC12CCC(=O)C(C)=C1c1ccc3[nH]nc(Cl)c3c1C2,1.0,CCC12CCC(=O)C(=C1c3ccc4[nH]nc(Cl)c4c3C2)C,O=C1C=C2c3ccc4[nH]ncc4c3CC2CC1,21
CCC12CCC(=O)C(C)=C1c1ccc3[nH]ncc3c1C2=O,1.0,CCC12CCC(=O)C(=C1c3ccc4[nH]ncc4c3C2=O)C,O=C1C=C2c3ccc4[nH]ncc4c3C(=O)C2CC1,21
CCC12CCC(=O)C(C)=C1c1ccc3[nH]nnc3c1C2,1.0,CCC12CCC(=O)C(=C1c3ccc4[nH]nnc4c3C2)C,O=C1C=C2c3ccc4[nH]nnc4c3CC2CC1,20
CCC12CCC(=O)C(c3ccc(O)cc3)=C1c1ccc3[nH]nnc3c1C2,1.0,CCC12CCC(=O)C(=C1c3ccc4[nH]nnc4c3C2)c5ccc(O)cc5,O=C1CCC2Cc3c(ccc4[nH]nnc34)C2=C1c1ccccc1,26
CCC12CCC(=O)C=C1c1ccc3[nH]ncc3c1C2,1.0,CCC12CCC(=O)C=C1c3ccc4[nH]ncc4c3C2,O=C1C=C2c3ccc4[nH]ncc4c3CC2CC1,19
CCC12CCC(=O)C=C1c1ccc3[nH]nnc3c1C2,0.0,CCC12CCC(=O)C=C1c3ccc4[nH]nnc4c3C2,O=C1C=C2c3ccc4[nH]nnc4c3CC2CC1,19
CCC1=C(c2ccc(O)cc2)C(C(=O)O)c2cc(O)ccc21,1.0,CCC1=C(C(C(=O)O)c2cc(O)ccc12)c3ccc(O)cc3,C1=C(c2ccccc2)Cc2ccccc21,22
CCC1=C(c2ccc(O)cc2)C(CC)c2cc(O)ccc21,1.0,CCC1C(=C(CC)c2ccc(O)cc12)c3ccc(O)cc3,C1=C(c2ccccc2)Cc2ccccc21,21
CCC1=C(c2ccc(O)cc2)Cc2cc(O)ccc21,1.0,CCC1=C(Cc2cc(O)ccc12)c3ccc(O)cc3,C1=C(c2ccccc2)Cc2ccccc21,19
CCC1=C2c3ccc4[nH]ncc4c3CC2(CC)CCC1=O,1.0,CCC1=C2c3ccc4[nH]ncc4c3CC2(CC)CCC1=O,O=C1C=C2c3ccc4[nH]ncc4c3CC2CC1,21
CCC1=C2c3ccc4[nH]nnc4c3CC2(CC)CCC1=O,1.0,CCC1=C2c3ccc4[nH]nnc4c3CC2(CC)CCC1=O,O=C1C=C2c3ccc4[nH]nnc4c3CC2CC1,21
CCC1=C2c3ccc4[nH]nnc4c3C[C@]2(CC)CCC1=O,1.0,CCC1=C2c3ccc4[nH]nnc4c3C[C@]2(CC)CCC1=O,O=C1C=C2c3ccc4[nH]nnc4c3CC2CC1,21
CCC1=NN2C(=N)/C(=C\c3ccc(SCc4ccco4)o3)C(=O)N=C2S1,0.0,CCC1=NN2C(=NC(=O)\C(=C\c3oc(SCc4occc4)cc3)\C2=N)S1,N=C1C(=Cc2ccc(SCc3ccco3)o2)C(=O)N=C2SC=NN12,26
CCC1=N[C@H](c2ccc(OCCN3CCCCC3)cc2)[C@H](c2ccc(O)cc2)N1,0.0,CCC1=N[C@@H]([C@@H](N1)c2ccc(O)cc2)c3ccc(OCCN4CCCCC4)cc3,C1=NC(c2ccc(OCCN3CCCCC3)cc2)C(c2ccccc2)N1,29
CCC1=N[C@H](c2ccc(OCCN3CCCCC3)cc2Cl)[C@H](c2ccc(O)cc2Cl)N1,0.0,CCC1=N[C@@H]([C@@H](N1)c2ccc(O)cc2Cl)c3ccc(OCCN4CCCCC4)cc3Cl,C1=NC(c2ccc(OCCN3CCCCC3)cc2)C(c2ccccc2)N1,31
CCC1CN(c2ccc(C3c4ccc(O)cc4CCN3c3ccccc3)cc2)CCN1C,0.0,CCC1CN(CCN1C)c2ccc(cc2)C3N(CCc4cc(O)ccc34)c5ccccc5,c1ccc(N2CCc3ccccc3C2c2ccc(N3CCNCC3)cc2)cc1,32
CCC1Oc2c(ccc(O)c2C)-c2c(C)cc(O)c(C)c21,1.0,CCC1Oc2c(C)c(O)ccc2c3c(C)cc(O)c(C)c13,c1ccc2c(c1)COc1ccccc1-2,21
CCC1Oc2c(ccc(O)c2C)-c2c(C)cc(O)cc21,1.0,CCC1Oc2c(C)c(O)ccc2c3c(C)cc(O)cc13,c1ccc2c(c1)COc1ccccc1-2,20
CCC1Oc2c(ccc(O)c2C)-c2ccc(O)c(C)c21,1.0,CCC1Oc2c(C)c(O)ccc2c3ccc(O)c(C)c13,c1ccc2c(c1)COc1ccccc1-2,20
CCC1Oc2cc(O)cc(C)c2N=C1c1ccc(O)c(Br)c1,1.0,CCC1Oc2cc(O)cc(C)c2N=C1c3ccc(O)c(Br)c3,c1ccc(C2=Nc3ccccc3OC2)cc1,22
CCC1Oc2cc(O)cc(O)c2N=C1c1ccc(O)c(Br)c1,1.0,CCC1Oc2cc(O)cc(O)c2N=C1c3ccc(O)c(Br)c3,c1ccc(C2=Nc3ccccc3OC2)cc1,22
CCC1Oc2cc(O)cc(O)c2N=C1c1ccc(O)cc1,1.0,CCC1Oc2cc(O)cc(O)c2N=C1c3ccc(O)cc3,c1ccc(C2=Nc3ccccc3OC2)cc1,21
CCC1Oc2cc(O)ccc2N=C1c1ccc(O)cc1,1.0,CCC1Oc2cc(O)ccc2N=C1c3ccc(O)cc3,c1ccc(C2=Nc3ccccc3OC2)cc1,20
CCCC(C)(Cc1ccc(O)cc1)c1ccc(O)cc1,1.0,CCCC(C)(Cc1ccc(O)cc1)c2ccc(O)cc2,c1ccc(CCc2ccccc2)cc1,20
CCCC(CCC)(c1ccc(O)c(C)c1)c1ccc(O)c(C)c1,1.0,CCCC(CCC)(c1ccc(O)c(C)c1)c2ccc(O)c(C)c2,c1ccc(Cc2ccccc2)cc1,23
CCCC(CCC)(c1ccc(O)c(CC)c1)c1ccc(O)c(CC)c1,0.0,CCCC(CCC)(c1ccc(O)c(CC)c1)c2ccc(O)c(CC)c2,c1ccc(Cc2ccccc2)cc1,25
CCCC(CCC)(c1ccc(O)cc1)c1ccc(O)cc1,0.0,CCCC(CCC)(c1ccc(O)cc1)c2ccc(O)cc2,c1ccc(Cc2ccccc2)cc1,21
CCCC(Cc1ccc(O)cc1)c1ccc(O)cc1,1.0,CCCC(Cc1ccc(O)cc1)c2ccc(O)cc2,c1ccc(CCc2ccccc2)cc1,19
CCCC12CCC(=O)C(Br)=C1c1ccc(O)cc1C2,1.0,CCCC12CCC(=O)C(=C1c3ccc(O)cc3C2)Br,O=C1C=C2c3ccccc3CC2CC1,19
CCCC12CCC(=O)C(Br)=C1c1ccc3[nH]ncc3c1C2,1.0,CCCC12CCC(=O)C(=C1c3ccc4[nH]ncc4c3C2)Br,O=C1C=C2c3ccc4[nH]ncc4c3CC2CC1,21
CCCC12CCC(=O)C(Br)=C1c1ccc3[nH]nnc3c1C2,1.0,CCCC12CCC(=O)C(=C1c3ccc4[nH]nnc4c3C2)Br,O=C1C=C2c3ccc4[nH]nnc4c3CC2CC1,21
CCCC12CCC(=O)C(C)=C1c1ccc(O)cc1C2,1.0,CCCC12CCC(=O)C(=C1c3ccc(O)cc3C2)C,O=C1C=C2c3ccccc3CC2CC1,19
CCCC12CCC(=O)C(C)=C1c1ccc3[nH]ncc3c1C2,1.0,CCCC12CCC(=O)C(=C1c3ccc4[nH]ncc4c3C2)C,O=C1C=C2c3ccc4[nH]ncc4c3CC2CC1,21
CCCC12CCC(=O)C(C)=C1c1ccc3[nH]nnc3c1C2,1.0,CCCC12CCC(=O)C(=C1c3ccc4[nH]nnc4c3C2)C,O=C1C=C2c3ccc4[nH]nnc4c3CC2CC1,21
CCCC12CCC(=O)C(CC)=C1c1ccc3[nH]nnc3c1C2,1.0,CCCC12CCC(=O)C(=C1c3ccc4[nH]nnc4c3C2)CC,O=C1C=C2c3ccc4[nH]nnc4c3CC2CC1,22
CCCC1=C2c3ccc4[nH]nnc4c3CC2(CC)CCC1=O,1.0,CCCC1=C2c3ccc4[nH]nnc4c3CC2(CC)CCC1=O,O=C1C=C2c3ccc4[nH]nnc4c3CC2CC1,22
CCCC1=C2c3ccc4[nH]nnc4c3CC2(CCC)CCC1=O,1.0,CCCC1=C2c3ccc4[nH]nnc4c3CC2(CCC)CCC1=O,O=C1C=C2c3ccc4[nH]nnc4c3CC2CC1,23
CCCC1=NN2C(=N)/C(=C\c3ccc(SCc4ccco4)o3)C(=O)N=C2S1,0.0,CCCC1=NN2C(=N)\C(=C/c3oc(SCc4occc4)cc3)\C(=O)N=C2S1,N=C1C(=Cc2ccc(SCc3ccco3)o2)C(=O)N=C2SC=NN12,27
CCCC1Oc2c(ccc(O)c2C)-c2c(C)cc(O)cc21,1.0,CCCC1Oc2c(C)c(O)ccc2c3c(C)cc(O)cc13,c1ccc2c(c1)COc1ccccc1-2,21
CCCC1Oc2cc(O)ccc2N=C1c1ccc(O)cc1,1.0,CCCC1Oc2cc(O)ccc2N=C1c3ccc(O)cc3,c1ccc(C2=Nc3ccccc3OC2)cc1,21
CCCCC(CC)C(=O)NCc1ccccc1OC,0.0,CCCCC(CC)C(=O)NCc1ccccc1OC,c1ccccc1,19
CCCCC(CCCC)(c1ccc(O)c(C)c1)c1ccc(O)c(C)c1,1.0,CCCCC(CCCC)(c1ccc(O)c(C)c1)c2ccc(O)c(C)c2,c1ccc(Cc2ccccc2)cc1,25
CCCCC(CCCC)(c1ccc(O)c(CC)c1)c1ccc(O)c(CC)c1,0.0,CCCCC(CCCC)(c1ccc(O)c(CC)c1)c2ccc(O)c(CC)c2,c1ccc(Cc2ccccc2)cc1,27
CCCCC(CCCC)(c1ccc(O)cc1)c1ccc(O)cc1,1.0,CCCCC(CCCC)(c1ccc(O)cc1)c2ccc(O)cc2,c1ccc(Cc2ccccc2)cc1,23
CCCCC(O)(CN(C1CC1)S(=O)(=O)c1ccc(O)cc1)c1ccccc1,1.0,CCCCC(O)(CN(C1CC1)S(=O)(=O)c2ccc(O)cc2)c3ccccc3,O=S(=O)(c1ccccc1)N(CCc1ccccc1)C1CC1,27
CCCCC12CCC(=O)C(Br)=C1c1ccc(O)cc1C2,1.0,CCCCC12CCC(=O)C(=C1c3ccc(O)cc3C2)Br,O=C1C=C2c3ccccc3CC2CC1,20
CCCCC12CCC(=O)C(Br)=C1c1ccc3[nH]ncc3c1C2,1.0,CCCCC12CCC(=O)C(=C1c3ccc4[nH]ncc4c3C2)Br,O=C1C=C2c3ccc4[nH]ncc4c3CC2CC1,22
CCCCC12CCC(=O)C(Br)=C1c1ccc3[nH]nnc3c1C2,1.0,CCCCC12CCC(=O)C(=C1c3ccc4[nH]nnc4c3C2)Br,O=C1C=C2c3ccc4[nH]nnc4c3CC2CC1,22
CCCCC12CCC(=O)C(C#N)=C1c1ccc(O)cc1C2,1.0,CCCCC12CCC(=O)C(=C1c3ccc(O)cc3C2)C#N,O=C1C=C2c3ccccc3CC2CC1,21
CCCCC12CCC(=O)C(C(F)(F)F)=C1c1ccc(O)cc1C2,1.0,CCCCC12CCC(=O)C(=C1c3ccc(O)cc3C2)C(F)(F)F,O=C1C=C2c3ccccc3CC2CC1,23
CCCCC12CCC(=O)C(C)=C1c1ccc(O)cc1C2,1.0,CCCCC12CCC(=O)C(=C1c3ccc(O)cc3C2)C,O=C1C=C2c3ccccc3CC2CC1,20
CCCCC12CCC(=O)C(C)=C1c1ccc3[nH]ncc3c1C2,1.0,CCCCC12CCC(=O)C(=C1c3ccc4[nH]ncc4c3C2)C,O=C1C=C2c3ccc4[nH]ncc4c3CC2CC1,22
CCCCC12CCC(=O)C(C)=C1c1ccc3[nH]nnc3c1C2,1.0,CCCCC12CCC(=O)C(=C1c3ccc4[nH]nnc4c3C2)C,O=C1C=C2c3ccc4[nH]nnc4c3CC2CC1,22
CCCCC12CCC(=O)C(C3CC3)=C1c1ccc3[nH]ncc3c1C2,1.0,CCCCC12CCC(=O)C(=C1c3ccc4[nH]ncc4c3C2)C5CC5,O=C1CCC2Cc3c(ccc4[nH]ncc34)C2=C1C1CC1,24
CCCCC12CCC(=O)C(CC)=C1c1ccc(O)cc1C2,1.0,CCCCC12CCC(=O)C(=C1c3ccc(O)cc3C2)CC,O=C1C=C2c3ccccc3CC2CC1,21
CCCCC12CCC(=O)C(CCC)=C1c1ccc(O)cc1C2,1.0,CCCCC12CCC(=O)C(=C1c3ccc(O)cc3C2)CCC,O=C1C=C2c3ccccc3CC2CC1,22
CCCCC12CCC(=O)C(CCC)=C1c1ccc3[nH]nnc3c1C2,1.0,CCCCC12CCC(=O)C(=C1c3ccc4[nH]nnc4c3C2)CCC,O=C1C=C2c3ccc4[nH]nnc4c3CC2CC1,24
CCCCC12CCC(=O)C(Cl)=C1c1ccc(O)cc1C2,1.0,CCCCC12CCC(=O)C(=C1c3ccc(O)cc3C2)Cl,O=C1C=C2c3ccccc3CC2CC1,20
CCCCC12CCC(=O)C(I)=C1c1ccc(O)cc1C2,1.0,CCCCC12CCC(=O)C(=C1c3ccc(O)cc3C2)I,O=C1C=C2c3ccccc3CC2CC1,20
CCCCC12CCC(=O)C(c3ccccc3)=C1c1ccc(O)cc1C2,1.0,CCCCC12CCC(=O)C(=C1c3ccc(O)cc3C2)c4ccccc4,O=C1CCC2Cc3ccccc3C2=C1c1ccccc1,25
CCCCC12CCC(=O)C(c3ccco3)=C1c1ccc(O)cc1C2,1.0,CCCCC12CCC(=O)C(=C1c3ccc(O)cc3C2)c4occc4,O=C1CCC2Cc3ccccc3C2=C1c1ccco1,24
CCCCC12CCC(=O)C(c3ccco3)=C1c1ccc3[nH]nnc3c1C2,1.0,CCCCC12CCC(=O)C(=C1c3ccc4[nH]nnc4c3C2)c5occc5,O=C1CCC2Cc3c(ccc4[nH]nnc34)C2=C1c1ccco1,26
CCCCC12CCC(=O)C(c3cccs3)=C1c1ccc(O)cc1C2,1.0,CCCCC12CCC(=O)C(=C1c3ccc(O)cc3C2)c4cccs4,O=C1CCC2Cc3ccccc3C2=C1c1cccs1,24
CCCCC12CCC(=O)C=C1c1ccc(O)cc1C2,1.0,CCCCC12CCC(=O)C=C1c3ccc(O)cc3C2,O=C1C=C2c3ccccc3CC2CC1,19
CCCCC1=C2c3ccc(O)cc3CC2(CCCC)CCC1=O,1.0,CCCCC1=C2c3ccc(O)cc3CC2(CCCC)CCC1=O,O=C1C=C2c3ccccc3CC2CC1,23
CCCCC1=C2c3ccc4[nH]nnc4c3CC2(CC)CCC1=O,1.0,CCCCC1=C2c3ccc4[nH]nnc4c3CC2(CC)CCC1=O,O=C1C=C2c3ccc4[nH]nnc4c3CC2CC1,23
CCCCCCCCCc1c(O)cc(O)c2c1O[C@H](c1ccc(O)cc1)CC2=O,1.0,CCCCCCCCCc1c(O)cc(O)c2C(=O)C[C@H](Oc12)c3ccc(O)cc3,O=C1CC(c2ccccc2)Oc2ccccc21,29
CCCCCCCCc1cc2cc(O)ccc2c(Oc2ccc(/C=C/C(=O)O)cc2)c1-c1ccccc1,1.0,CCCCCCCCc1cc2cc(O)ccc2c(Oc3ccc(\C=C\C(=O)O)cc3)c1c4ccccc4,c1ccc(Oc2c(-c3ccccc3)ccc3ccccc23)cc1,37
CCCCCCCc1c(O)cc(O)c2c1O[C@H](c1ccc(O)cc1)CC2=O,1.0,CCCCCCCc1c(O)cc(O)c2C(=O)C[C@H](Oc12)c3ccc(O)cc3,O=C1CC(c2ccccc2)Oc2ccccc21,27
CCCCCCN/C=C1\C(=O)CC(C)(C)C(C(=O)OC)C1=O,0.0,CCCCCCN\C=C\1/C(=O)CC(C)(C)C(C(=O)OC)C1=O,C=C1C(=O)CCCC1=O,22
CCCCCCNC(=O)c1cc(-c2ccco2)nc2ccccc12,0.0,CCCCCCNC(=O)c1cc(nc2ccccc12)c3occc3,c1coc(-c2ccc3ccccc3n2)c1,24
CCCCCc1c(O)cc(O)c2c1O[C@H](c1ccc(O)cc1)CC2=O,1.0,CCCCCc1c(O)cc(O)c2C(=O)C[C@H](Oc12)c3ccc(O)cc3,O=C1CC(c2ccccc2)Oc2ccccc21,25
CCCCCc1cc2cc(O)ccc2c(Oc2ccc(/C=C/C(=O)O)cc2)c1-c1ccccc1,1.0,CCCCCc1cc2cc(O)ccc2c(Oc3ccc(\C=C\C(=O)O)cc3)c1c4ccccc4,c1ccc(Oc2c(-c3ccccc3)ccc3ccccc23)cc1,34
CCCCCc1nnc(NC(=O)Cc2cccs2)s1,0.0,CCCCCc1nnc(NC(=O)Cc2cccs2)s1,O=C(Cc1cccs1)Nc1nncs1,19
CCCCN(C)C(=O)CCCCCCCCCCS[C@@H]1C(=O)c2cc(O)ccc2[C@H]2CC[C@]3(C)[C@@H](O)CC[C@H]3[C@H]12,1.0,CCCCN(C)C(=O)CCCCCCCCCCS[C@H]1[C@@H]2[C@H](CC[C@]3(C)[C@@H](O)CC[C@@H]23)c4ccc(O)cc4C1=O,O=C1CC2C(CCC3CCCC32)c2ccccc21,40
CCCCN(C)C(=O)CCCCCCCCCCS[C@@H]1Cc2cc(O)ccc2[C@H]2CC[C@]3(C)[C@@H](O)CC[C@H]3[C@@H]21,1.0,CCCCN(C)C(=O)CCCCCCCCCCS[C@@H]1Cc2cc(O)ccc2[C@H]3CC[C@]4(C)[C@@H](O)CC[C@H]4[C@H]13,c1ccc2c(c1)CCC1C2CCC2CCCC21,39
CCCCN(C)C(=O)CCCCCCCCCCS[C@H]1[C@@H]2[C@H](CC[C@]3(C)[C@@H](O)CC[C@@H]23)c2ccc(O)cc2[C@H]1O,1.0,CCCCN(C)C(=O)CCCCCCCCCCS[C@@H]1[C@H](O)c2cc(O)ccc2[C@H]3CC[C@]4(C)[C@@H](O)CC[C@H]4[C@H]13,c1ccc2c(c1)CCC1C2CCC2CCCC21,40
CCCCN(CC(C)(O)c1ccccc1)S(=O)(=O)c1ccc(O)cc1,1.0,CCCCN(CC(C)(O)c1ccccc1)S(=O)(=O)c2ccc(O)cc2,O=S(=O)(NCCc1ccccc1)c1ccccc1,25
CCCCN(CCCC)S(=O)(=O)c1ccc(NC(=O)Cc2cccs2)cc1,0.0,CCCCN(CCCC)S(=O)(=O)c1ccc(NC(=O)Cc2cccs2)cc1,O=C(Cc1cccs1)Nc1ccccc1,27
CCCCOC(=O)c1c(C)oc2ccc(NS(=O)(=O)c3ccc4c5c(cccc35)C(=O)N4)cc12,0.0,CCCCOC(=O)c1c(C)oc2ccc(NS(=O)(=O)c3ccc4NC(=O)c5cccc3c45)cc12,O=C1Nc2ccc(S(=O)(=O)Nc3ccc4occc4c3)c3cccc1c23,34
CCCCOc1cc(-c2nc3ccc(O)cc3o2)ccc1O,0.0,CCCCOc1cc(ccc1O)c2oc3cc(O)ccc3n2,c1ccc(-c2nc3ccccc3o2)cc1,22
CCCC[C@@H]1C[C@H]1[C@@H](N)c1ccc(-c2ccc(O)cc2)cc1F,0.0,Cl.CCCC[C@@H]1C[C@H]1[C@@H](N)c2ccc(cc2F)c3ccc(O)cc3,c1ccc(-c2ccc(CC3CC3)cc2)cc1,23
CCCC[C@@H]1C[C@H]1[C@@H](NC(=O)c1ccccc1)c1ccc(-c2ccc(O)cc2)cc1F,0.0,CCCC[C@@H]1C[C@H]1[C@@H](NC(=O)c2ccccc2)c3ccc(cc3F)c4ccc(O)cc4,O=C(NC(c1ccc(-c2ccccc2)cc1)C1CC1)c1ccccc1,31
CCCC[C@@]12CCC(=O)C(Br)=C1c1ccc(O)cc1C2,1.0,CCCC[C@@]12CCC(=O)C(=C1c3ccc(O)cc3C2)Br,O=C1C=C2c3ccccc3CC2CC1,20
CCCC[C@@]12CCC(=O)C(Br)=C1c1ccc3[nH]nnc3c1C2,1.0,CCCC[C@@]12CCC(=O)C(=C1c3ccc4[nH]nnc4c3C2)Br,O=C1C=C2c3ccc4[nH]nnc4c3CC2CC1,22
CCCC[C@@]12CCC(=O)C(C(=O)OC)=C1c1ccc3[nH]ncc3c1C2,1.0,CCCC[C@@]12CCC(=O)C(=C1c3ccc4[nH]ncc4c3C2)C(=O)OC,O=C1C=C2c3ccc4[nH]ncc4c3CC2CC1,25
CCCC[C@@]12CCC(=O)C(C(F)(F)F)=C1c1ccc3[nH]nc(F)c3c1C2,1.0,CCCC[C@@]12CCC(=O)C(=C1c3ccc4[nH]nc(F)c4c3C2)C(F)(F)F,O=C1C=C2c3ccc4[nH]ncc4c3CC2CC1,26
CCCC[C@@]12CCC(=O)C(C(F)(F)F)=C1c1ccc3[nH]ncc3c1C2,1.0,CCCC[C@@]12CCC(=O)C(=C1c3ccc4[nH]ncc4c3C2)C(F)(F)F,O=C1C=C2c3ccc4[nH]ncc4c3CC2CC1,25
CCCC[C@@]12CCC(=O)C(C(F)(F)F)=C1c1ccc3[nH]ncc3c1C2=O,1.0,CCCC[C@@]12CCC(=O)C(=C1c3ccc4[nH]ncc4c3C2=O)C(F)(F)F,O=C1C=C2c3ccc4[nH]ncc4c3C(=O)C2CC1,26
CCCC[C@@]12CCC(=O)C(C(F)(F)F)=C1c1ccc3[nH]nnc3c1C2,1.0,CCCC[C@@]12CCC(=O)C(=C1c3ccc4[nH]nnc4c3C2)C(F)(F)F,O=C1C=C2c3ccc4[nH]nnc4c3CC2CC1,25
CCCC[C@@]12CCC(=O)C(C)=C1c1ccc(O)cc1C2,1.0,CCCC[C@@]12CCC(=O)C(=C1c3ccc(O)cc3C2)C,O=C1C=C2c3ccccc3CC2CC1,20
CCCC[C@@]12CCC(=O)C(CC)=C1c1ccc3[nH]nc(F)c3c1C2,1.0,CCCC[C@@]12CCC(=O)C(=C1c3ccc4[nH]nc(F)c4c3C2)CC,O=C1C=C2c3ccc4[nH]ncc4c3CC2CC1,24
CCCC[C@@]12CCC(=O)C(CC)=C1c1ccc3[nH]ncc3c1C2,1.0,CCCC[C@@]12CCC(=O)C(=C1c3ccc4[nH]ncc4c3C2)CC,O=C1C=C2c3ccc4[nH]ncc4c3CC2CC1,23
CCCC[C@@]12CCC(=O)C(CC)=C1c1ccc3[nH]nnc3c1C2,1.0,CCCC[C@@]12CCC(=O)C(=C1c3ccc4[nH]nnc4c3C2)CC,O=C1C=C2c3ccc4[nH]nnc4c3CC2CC1,23
CCCC[C@@]12CCC(=O)C(c3cccs3)=C1c1ccc3[nH]nnc3c1C2,1.0,CCCC[C@@]12CCC(=O)C(=C1c3ccc4[nH]nnc4c3C2)c5cccs5,O=C1CCC2Cc3c(ccc4[nH]nnc34)C2=C1c1cccs1,26
CCCC[C@]12CCC(=O)C(CC)=C1c1ccc3[nH]nnc3c1C2,1.0,CCCC[C@]12CCC(=O)C(=C1c3ccc4[nH]nnc4c3C2)CC,O=C1C=C2c3ccc4[nH]nnc4c3CC2CC1,23
CCCCc1cc(NCCC)nc(NCCC)n1,0.0,CCCCc1cc(NCCC)nc(NCCC)n1,c1cncnc1,18
CCCCc1cc(O)cc2nc(-c3ccc(O)cc3)oc12,1.0,CCCCc1cc(O)cc2nc(oc12)c3ccc(O)cc3,c1ccc(-c2nc3ccccc3o2)cc1,21
CCCCc1cc2cc(O)ccc2c(Oc2ccc(/C=C/C(=O)O)cc2)c1-c1ccccc1,1.0,CCCCc1cc2cc(O)ccc2c(Oc3ccc(\C=C\C(=O)O)cc3)c1c4ccccc4,c1ccc(Oc2c(-c3ccccc3)ccc3ccccc23)cc1,33
CCCCc1cc2ccccc2c(Oc2ccc(/C=C/C(=O)O)cc2)c1-c1ccc(O)cc1,1.0,CCCCc1cc2ccccc2c(Oc3ccc(\C=C\C(=O)O)cc3)c1c4ccc(O)cc4,c1ccc(Oc2c(-c3ccccc3)ccc3ccccc23)cc1,33
CCCCc1ccc(-c2sc3cc(O)ccc3c2C(=O)c2ccc(OCCN3CCCCC3)cc2)cc1,1.0,CCCCc1ccc(cc1)c2sc3cc(O)ccc3c2C(=O)c4ccc(OCCN5CCCCC5)cc4,O=C(c1ccc(OCCN2CCCCC2)cc1)c1c(-c2ccccc2)sc2ccccc12,37
CCCN1CC(c2ccc(O)cc2)Cc2ccc(O)cc21,1.0,CCCN1CC(Cc2ccc(O)cc12)c3ccc(O)cc3,c1ccc(C2CNc3ccccc3C2)cc1,21
CCCN1CCN(c2ccc(C(=O)c3c(-c4ccc(O)cc4)sc4cc(O)ccc34)cc2)CC1,1.0,CCCN1CCN(CC1)c2ccc(cc2)C(=O)c3c(sc4cc(O)ccc34)c5ccc(O)cc5,O=C(c1ccc(N2CCNCC2)cc1)c1c(-c2ccccc2)sc2ccccc12,34
CCCNC(=O)c1ccc(-c2nc3ccccc3s2)s1,0.0,CCCNC(=O)c1ccc(s1)c2nc3ccccc3s2,c1csc(-c2nc3ccccc3s2)c1,20
CCCNCC1COc2ccccc2O1,0.0,Cl.CCCNCC1COc2ccccc2O1,c1ccc2c(c1)OCCO2,15
CCCNc1nc(N2CCOCC2)nc(N2CCOCC2)n1,0.0,CCCNc1nc(nc(n1)N2CCOCC2)N3CCOCC3,c1nc(N2CCOCC2)nc(N2CCOCC2)n1,22
CCCOC(=O)[C@H]1CC[C@H]2[C@@H]3CCc4cc(O)ccc4[C@H]3CC[C@]12C,1.0,CCCOC(=O)[C@H]1CC[C@H]2[C@@H]3CCc4cc(O)ccc4[C@H]3CC[C@]12C,c1ccc2c(c1)CCC1C2CCC2CCCC21,25
CCCOC(=O)c1cc(-c2ccc(/C=C3/C(=O)N(C)C(=O)C(C#N)=C3C)o2)ccc1Cl,0.0,CCCOC(=O)c1cc(ccc1Cl)c2oc(\C=C\3/C(=C(C#N)C(=O)N(C)C3=O)C)cc2,O=C1C=CC(=Cc2ccc(-c3ccccc3)o2)C(=O)N1,31
CCCSC1=N/C(=C\C=C\c2ccco2)C(=O)S1,0.0,CCCSC1=N\C(=C/C=C/c2occc2)\C(=O)S1,O=C1SC=NC1=CC=Cc1ccco1,18
CCC[C@@H]1CC[C@@H]2C[C@]13Cc1cc(O)ccc1C3=C(C)C2=O,1.0,CCC[C@@H]1CC[C@@H]2C[C@]13Cc4cc(O)ccc4C3=C(C)C2=O,O=C1C=C2c3ccccc3CC23CCCC1C3,22
CCC[C@@H]1C[C@@H]2C[C@]13Cc1cc(O)ccc1C3=C(C)C2=O,1.0,CCC[C@@H]1C[C@@H]2C[C@]13Cc4cc(O)ccc4C3=C(C)C2=O,O=C1C=C2c3ccccc3CC23CCC1C3,21
CCC[C@@]12CCC(=O)C(C)=C1c1ccc(O)cc1C2,1.0,CCC[C@@]12CCC(=O)C(=C1c3ccc(O)cc3C2)C,O=C1C=C2c3ccccc3CC2CC1,19
CCC[C@H]1CC[C@@H]2C[C@]13Cc1cc(O)ccc1C3=C(C)C2=O,1.0,CCC[C@H]1CC[C@@H]2C[C@]13Cc4cc(O)ccc4C3=C(C)C2=O,O=C1C=C2c3ccccc3CC23CCCC1C3,22
CCC[C@]12CC[C@H](O)CC1=CCC1C2CC[C@@]2(C)C1CC[C@@H]2O,1.0,CCC[C@]12CC[C@H](O)CC1=CCC3C4CC[C@H](O)[C@@]4(C)CCC23,C1=C2CCCCC2C2CCC3CCCC3C2C1,23
CCCc1c(-c2ccc(O)cc2)oc(-c2ccc(O)cc2)c1-c1ccc(OCCN2CCCCC2)cc1,1.0,CCCc1c(oc(c2ccc(O)cc2)c1c3ccc(OCCN4CCCCC4)cc3)c5ccc(O)cc5,c1ccc(-c2cc(-c3ccc(OCCN4CCCCC4)cc3)c(-c3ccccc3)o2)cc1,37
CCCc1c(O)cc(O)c2c1O[C@H](c1ccc(O)cc1)CC2=O,1.0,CCCc1c(O)cc(O)c2C(=O)C[C@H](Oc12)c3ccc(O)cc3,O=C1CC(c2ccccc2)Oc2ccccc21,23
CCCc1c(O)cc2ncn(-c3ccc(O)cc3)c(=O)c2c1O,0.0,CCCc1c(O)cc2N=CN(C(=O)c2c1O)c3ccc(O)cc3,O=c1c2ccccc2ncn1-c1ccccc1,23
CCCc1cc(-c2cc3ccc(O)cc3s2)ccc1O,1.0,CCCc1cc(ccc1O)c2cc3ccc(O)cc3s2,c1ccc(-c2cc3ccccc3s2)cc1,20
CCCc1cc(-c2noc3cc(O)ccc23)c(CC)cc1O,1.0,CCCc1cc(c(CC)cc1O)c2noc3cc(O)ccc23,c1ccc(-c2noc3ccccc23)cc1,22
CCCc1cc(-c2noc3cc(O)ccc23)c(CCC)cc1O,1.0,CCCc1cc(c(CCC)cc1O)c2noc3cc(O)ccc23,c1ccc(-c2noc3ccccc23)cc1,23
CCCc1cc(-c2noc3cc(O)ccc23)ccc1O,1.0,CCCc1cc(ccc1O)c2noc3cc(O)ccc23,c1ccc(-c2noc3ccccc23)cc1,20
CCCc1cc(O)cc2nc(-c3ccc(O)cc3)oc12,1.0,CCCc1cc(O)cc2nc(oc12)c3ccc(O)cc3,c1ccc(-c2nc3ccccc3o2)cc1,20
CCCc1cc(O)ccc1-c1noc2cc(O)ccc12,1.0,CCCc1cc(O)ccc1c2noc3cc(O)ccc23,c1ccc(-c2noc3ccccc23)cc1,20
CCCc1cc(O)nc(SCC(=O)Nc2ccc(C(=O)OC)cc2)n1,0.0,CCCc1cc(O)nc(SCC(=O)Nc2ccc(cc2)C(=O)OC)n1,O=C(CSc1ncccn1)Nc1ccccc1,25
CCCc1ccc(C(=O)N(c2ccc(O)cc2)c2ccc(O)cc2)cc1,1.0,CCCc1ccc(cc1)C(=O)N(c2ccc(O)cc2)c3ccc(O)cc3,O=C(c1ccccc1)N(c1ccccc1)c1ccccc1,26
CCCc1ccc(S(=O)(=O)N2CCc3cc(O)ccc3C2c2ccc(OCCN3CCCC3)cc2)cc1,1.0,CCCc1ccc(cc1)S(=O)(=O)N2CCc3cc(O)ccc3C2c4ccc(OCCN5CCCC5)cc4,O=S(=O)(c1ccccc1)N1CCc2ccccc2C1c1ccc(OCCN2CCCC2)cc1,37
CCCc1nc2cc(O)cc(O)c2c(=O)n1-c1ccc(O)cc1,0.0,CCCC1=Nc2cc(O)cc(O)c2C(=O)N1c3ccc(O)cc3,O=c1c2ccccc2ncn1-c1ccccc1,23
CCCc1nc2sc3ccccc3c(=O)c2c(=O)n1Cc1ccco1,0.0,CCCC1=NC2=C(C(=O)N1Cc3occc3)C(=O)c4ccccc4S2,O=c1c2ccccc2sc2ncn(Cc3ccco3)c(=O)c12,25
CCN(CC)C1=CC(=O)OC12CCCCC2,0.0,CCN(CC)C1=CC(=O)OC12CCCCC2,O=C1C=CC2(CCCCC2)O1,16
CCN(CC)CCNC(=O)c1cc(Cl)c(N)cc1OC,0.0,Cl.CCN(CC)CCNC(=O)c1cc(Cl)c(N)cc1OC,c1ccccc1,20
CCN(CC)CCOc1ccc(Cn2c3ccc(O)cc3c3sc4cc(O)ccc4c32)cc1,1.0,CCN(CC)CCOc1ccc(Cn2c3ccc(O)cc3c4sc5cc(O)ccc5c24)cc1,c1ccc(Cn2c3ccccc3c3sc4ccccc4c32)cc1,33
CCN(CC)CCOc1ccc(Cn2c3ccccc3c3sc4cc(O)ccc4c32)cc1,1.0,CCN(CC)CCOc1ccc(Cn2c3ccccc3c4sc5cc(O)ccc5c24)cc1,c1ccc(Cn2c3ccccc3c3sc4ccccc4c32)cc1,32
CCN(CC)CCOc1ccc([C@@H]2Oc3cc(F)ccc3C3=C2c2ccc(O)cc2OCC3)cc1,1.0,CCN(CC)CCOc1ccc(cc1)[C@@H]2Oc3cc(F)ccc3C4=C2c5ccc(O)cc5OCC4,c1ccc(C2Oc3ccccc3C3=C2c2ccccc2OCC3)cc1,35
CCN(CC)CCOc1ccc([C@@H]2Oc3ccccc3C3=C2c2ccc(O)cc2OCC3)cc1,1.0,CCN(CC)CCOc1ccc(cc1)[C@@H]2Oc3ccccc3C4=C2c5ccc(O)cc5OCC4,c1ccc(C2Oc3ccccc3C3=C2c2ccccc2OCC3)cc1,34
CCN(CC)CCOc1ccc([C@H]2Oc3cc(F)ccc3C3=C2c2ccc(O)cc2OCC3)cc1,1.0,CCN(CC)CCOc1ccc(cc1)[C@H]2Oc3cc(F)ccc3C4=C2c5ccc(O)cc5OCC4,c1ccc(C2Oc3ccccc3C3=C2c2ccccc2OCC3)cc1,35
CCN(CC)CCOc1ccc([C@H]2Oc3ccccc3C3=C2c2ccc(O)cc2OCC3)cc1,1.0,CCN(CC)CCOc1ccc(cc1)[C@H]2Oc3ccccc3C4=C2c5ccc(O)cc5OCC4,c1ccc(C2Oc3ccccc3C3=C2c2ccccc2OCC3)cc1,34
CCN(CC)CCc1c(C)[nH]c(C(=O)OCc2ccccc2)c1C,1.0,Br.CCN(CC)CCc1c(C)[nH]c(C(=O)OCc2ccccc2)c1C,O=C(OCc1ccccc1)c1ccc[nH]1,24
CCN(CC)S(=O)(=O)c1ccc(C(=O)NCc2ccc(C)cc2)cc1,0.0,CCN(CC)S(=O)(=O)c1ccc(cc1)C(=O)NCc2ccc(C)cc2,O=C(NCc1ccccc1)c1ccccc1,25
CCN(c1ccccc1)S(=O)(=O)c1cc(C(=O)O)ccc1C,0.0,CCN(c1ccccc1)S(=O)(=O)c2cc(ccc2C)C(=O)O,O=S(=O)(Nc1ccccc1)c1ccccc1,22
CCN1C(=O)/C(=C2/Sc3ccc(OC)cc3N2C)S/C1=N\c1cccc(O)c1,1.0,CCN1\C(=N\c2cccc(O)c2)\S\C(=C\3/Sc4ccc(OC)cc4N3C)\C1=O,O=C1NC(=Nc2ccccc2)SC1=C1Nc2ccccc2S1,28
CCN1C2=C(C(=O)CCC2)C(c2ccc(O)c(Br)c2)C2=C1CCCC2=O,0.0,CCN1C2=C(C(C3=C1CCCC3=O)c4ccc(O)c(Br)c4)C(=O)CCC2,O=C1CCCC2=C1C(c1ccccc1)C1=C(CCCC1=O)N2,26
CCN1CC(c2ccc(O)cc2)Cc2ccc(O)cc21,1.0,CCN1CC(Cc2ccc(O)cc12)c3ccc(O)cc3,c1ccc(C2CNc3ccccc3C2)cc1,20
CCN1CCC(C(N)=O)CC1,0.0,CCN1CCC(CC1)C(=O)N,C1CCNCC1,11
CCN1CCN(C(c2cccnc2)c2cc(Cl)c3cccnc3c2O)CC1,0.0,CCN1CCN(CC1)C(c2cccnc2)c3cc(Cl)c4cccnc4c3O,c1cncc(C(c2ccc3cccnc3c2)N2CCNCC2)c1,27
CCN1CCN(Cc2c(O)c(Cl)cc3c(C)cc(=O)oc23)CC1,0.0,CCN1CCN(Cc2c(O)c(Cl)cc3C(=CC(=O)Oc23)C)CC1,O=c1ccc2cccc(CN3CCNCC3)c2o1,23
CCN1CCN(c2ccc(C3c4ccc(O)cc4CCN3c3ccccc3)cc2)CC1C,1.0,CCN1CCN(CC1C)c2ccc(cc2)C3N(CCc4cc(O)ccc34)c5ccccc5,c1ccc(N2CCc3ccccc3C2c2ccc(N3CCNCC3)cc2)cc1,32
CCN1CCN(c2ccc(NC(=O)c3cccc4ncccc34)cc2)CC1,1.0,CCN1CCN(CC1)c2ccc(NC(=O)c3cccc4ncccc34)cc2,O=C(Nc1ccc(N2CCNCC2)cc1)c1cccc2ncccc12,27
CCN1CCN(c2ccc([C@@H]3Oc4ccc(O)cc4S[C@@H]3c3ccc(O)cc3)cc2)CC1,1.0,CCN1CCN(CC1)c2ccc(cc2)[C@@H]3Oc4ccc(O)cc4S[C@@H]3c5ccc(O)cc5,c1ccc(C2Sc3ccccc3OC2c2ccc(N3CCNCC3)cc2)cc1,32
CCN1CCc2c(sc(N)c2C#N)C1,0.0,CCN1CCc2c(C1)sc(N)c2C#N,c1cc2c(s1)CNCC2,14
CCNc1c(/C=N/O)ccc(-c2ccccc2)c1-c1ccccc1,1.0,CCNc1c(\C=N\O)ccc(c2ccccc2)c1c3ccccc3,c1ccc(-c2ccccc2-c2ccccc2)cc1,24
CCOC(=O)C1(C#N)Cc2ccc([C@]3(O)CC[C@H]4[C@@H]5CCc6cc(O)ccc6[C@H]5CC[C@@]43C)cc2C1,1.0,CCOC(=O)C1(Cc2ccc(cc2C1)[C@]3(O)CC[C@H]4[C@@H]5CCc6cc(O)ccc6[C@H]5CC[C@]34C)C#N,c1ccc2c(c1)CCC1C2CCC2C(c3ccc4c(c3)CCC4)CCC21,36
CCOC(=O)C1(C(=O)OCC)Cc2ccc([C@]3(O)CC[C@H]4[C@@H]5CCc6cc(O)ccc6[C@H]5CC[C@@]43C)cc2C1,1.0,CCOC(=O)C1(Cc2ccc(cc2C1)[C@]3(O)CC[C@H]4[C@@H]5CCc6cc(O)ccc6[C@H]5CC[C@]34C)C(=O)OCC,c1ccc2c(c1)CCC1C2CCC2C(c3ccc4c(c3)CCC4)CCC21,39
CCOC(=O)C1(C(C)=O)Cc2ccc([C@]3(O)CC[C@H]4[C@@H]5CCc6cc(O)ccc6[C@H]5CC[C@@]43C)cc2C1,1.0,CCOC(=O)C1(Cc2ccc(cc2C1)[C@]3(O)CC[C@H]4[C@@H]5CCc6cc(O)ccc6[C@H]5CC[C@]34C)C(=O)C,c1ccc2c(c1)CCC1C2CCC2C(c3ccc4c(c3)CCC4)CCC21,37
CCOC(=O)C1=C(C)NC(=O)NC1c1ccco1,1.0,CCOC(=O)C1=C(C)NC(=O)NC1c2occc2,O=C1NC=CC(c2ccco2)N1,18
CCOC(=O)C1=C(N)Oc2cc(O)ccc2C1c1ccc(F)cc1F,0.0,CCOC(=O)C1=C(N)Oc2cc(O)ccc2C1c3ccc(F)cc3F,C1=CC(c2ccccc2)c2ccccc2O1,25
CCOC(=O)C1=C(O)/C(=C\c2ccc(CNC(=O)C(=O)Nc3ccc(C)c(C)c3)o2)N=C1C,0.0,CCOC(=O)C1=C(O)\C(=C/c2oc(CNC(=O)C(=O)Nc3ccc(C)c(C)c3)cc2)\N=C1C,O=C(NCc1ccc(C=C2C=CC=N2)o1)C(=O)Nc1ccccc1,33
CCOC(=O)C1=c2/c(=C/c3ccccc3OC)c(N)c(C#N)n2C(=O)C(c2ccccc2OC)S1,0.0,CCOC(=O)C1=C2N(C(=O)C(S1)c3ccccc3OC)C(=C(N)/C/2=C\c4ccccc4OC)C#N,O=C1C(c2ccccc2)SC=c2c(=Cc3ccccc3)ccn21,35
CCOC(=O)C1CCCN(C(=O)c2cc3ncc(Br)cn3n2)C1,1.0,CCOC(=O)C1CCCN(C1)C(=O)c2cc3ncc(Br)cn3n2,O=C(c1cc2ncccn2n1)N1CCCCC1,23
CCOC(=O)C1CCCN(C(=O)c2ccc(CS(=O)(=O)c3ccc(C)cc3)o2)C1,1.0,CCOC(=O)C1CCCN(C1)C(=O)c2oc(CS(=O)(=O)c3ccc(C)cc3)cc2,O=C(c1ccc(CS(=O)(=O)c2ccccc2)o1)N1CCCCC1,29
CCOC(=O)CCC(NC(=O)c1ccc(NCN2C(=O)CCC2=O)cc1)C(=O)OCC,0.0,CCOC(=O)CCC(NC(=O)c1ccc(NCN2C(=O)CCC2=O)cc1)C(=O)OCC,O=C1CCC(=O)N1CNc1ccccc1,31
CCOC(=O)CN1CC23C=CC(O2)C(C(=O)Nc2cc(OC)ccc2OC)C3C1=O,0.0,CCOC(=O)CN1CC23OC(C=C2)C(C3C1=O)C(=O)Nc4cc(OC)ccc4OC,O=C(Nc1ccccc1)C1C2C=CC3(CNC(=O)C13)O2,30
CCOC(=O)CNC(=O)C(Cc1ccccc1)NS(=O)(=O)c1ccc2c(c1)CCC(=O)N2,0.0,CCOC(=O)CNC(=O)C(Cc1ccccc1)NS(=O)(=O)c2ccc3NC(=O)CCc3c2,O=C1CCc2cc(S(=O)(=O)NCCc3ccccc3)ccc2N1,32
CCOC(=O)Cc1cc(O)n2nc(-c3ccc(C)cc3)cc2n1,0.0,CCOC(=O)Cc1cc(O)n2nc(cc2n1)c3ccc(C)cc3,c1ccc(-c2cc3ncccn3n2)cc1,23
CCOC(=O)Cc1csc(NC(=O)Cc2cccs2)n1,0.0,CCOC(=O)Cc1csc(NC(=O)Cc2cccs2)n1,O=C(Cc1cccs1)Nc1nccs1,20
CCOC(=O)Cc1nn(C)c(=O)c2ccccc12,0.0,CCOC(=O)CC1=NN(C)C(=O)c2ccccc12,O=c1[nH]ncc2ccccc12,18
CCOC(=O)Cn1cnc2sc3c(c2c1=O)CCC3,0.0,CCOC(=O)CN1C=Nc2sc3CCCc3c2C1=O,O=c1[nH]cnc2sc3c(c12)CCC3,19
CCOC(=O)N1CCC(NC(=O)c2cccc3c2C(=O)N(c2ccc(OC)cc2)C3)CC1,0.0,CCOC(=O)N1CCC(CC1)NC(=O)c2cccc3CN(C(=O)c23)c4ccc(OC)cc4,O=C(NC1CCNCC1)c1cccc2c1C(=O)N(c1ccccc1)C2,32
CCOC(=O)N1CCN(C(c2cccnc2)c2ccc3cccnc3c2O)CC1,0.0,CCOC(=O)N1CCN(CC1)C(c2cccnc2)c3ccc4cccnc4c3O,c1cncc(C(c2ccc3cccnc3c2)N2CCNCC2)c1,29
CCOC(=O)N1CCN(c2cc(NCCC(=O)O)c3c4c(onc24)-c2ccccc2C3=O)CC1,0.0,CCOC(=O)N1CCN(CC1)c2cc(NCCC(=O)O)c3C(=O)c4ccccc4c5onc2c35,O=C1c2ccccc2-c2onc3c(N4CCNCC4)ccc1c23,34
CCOC(=O)c1c(C)[nH]c(C)c1C(=O)COC(=O)CCOc1ccccc1OC,0.0,CCOC(=O)c1c(C)[nH]c(C)c1C(=O)COC(=O)CCOc2ccccc2OC,O=C(CCOc1ccccc1)OCC(=O)c1cc[nH]c1,29
CCOC(=O)c1c(C)oc2c1c(C(c1cccnc1)N1CCCCC1)c(O)c1ccccc12,0.0,CCOC(=O)c1c(C)oc2c3ccccc3c(O)c(C(N4CCCCC4)c5cccnc5)c12,c1cncc(C(c2cc3ccccc3c3occc23)N2CCCCC2)c1,33
CCOC(=O)c1c(N)sc(=S)c2c1CCC2,0.0,CCOC(=O)C1=C(N)SC(=S)C2=C1CCC2,S=c1sccc2c1CCC2,16
CCOC(=O)c1c(NS(=O)(=O)c2ccc(Br)cc2)sc2c1CCC2,0.0,CCOC(=O)c1c2CCCc2sc1NS(=O)(=O)c3ccc(Br)cc3,O=S(=O)(Nc1cc2c(s1)CCC2)c1ccccc1,24
CCOC(=O)c1cc(O)cc2nc(-c3ccc(O)cc3)oc12,1.0,CCOC(=O)c1cc(O)cc2nc(oc12)c3ccc(O)cc3,c1ccc(-c2nc3ccccc3o2)cc1,22
CCOC(=O)c1ccc(NC(=O)COc2ccc(-n3cnnn3)cc2)cc1,1.0,CCOC(=O)c1ccc(NC(=O)COc2ccc(cc2)n3cnnn3)cc1,O=C(COc1ccc(-n2cnnn2)cc1)Nc1ccccc1,27
CCOC(=O)c1ccc(NC(=O)CSc2nc(C)cc(O)n2)cc1,1.0,CCOC(=O)c1ccc(NC(=O)CSc2nc(C)cc(O)n2)cc1,O=C(CSc1ncccn1)Nc1ccccc1,24
CCOC(=O)c1cccc(NC(=O)c2cccs2)c1,0.0,CCOC(=O)c1cccc(NC(=O)c2cccs2)c1,O=C(Nc1ccccc1)c1cccs1,19
CCOC(=O)c1cnn(-c2nc(SC)nc3sc4c(c23)CCC4)c1N,1.0,CCOC(=O)c1cnn(c1N)c2nc(SC)nc3sc4CCCc4c23,c1cnn(-c2ncnc3sc4c(c23)CCC4)c1,25
CCOCCN(CCOCC)c1cc(-c2ccccc2)cc(-c2ccc(O)c(C)c2)n1,0.0,CCOCCN(CCOCC)c1cc(cc(n1)c2ccc(O)c(C)c2)c3ccccc3,c1ccc(-c2ccnc(-c3ccccc3)c2)cc1,31
CCOCc1cc(O)cc2c1O[C@@H](c1ccc(O)cc1)[C@H]1CCC[C@@H]21,1.0,CCOCc1cc(O)cc2[C@@H]3CCC[C@@H]3[C@@H](Oc12)c4ccc(O)cc4,c1ccc(C2Oc3ccccc3C3CCCC32)cc1,25
CCOc1[nH]c(/N=C/c2ccco2)c(C#N)c1C#N,0.0,CCOc1[nH]c(\N=C\c2occc2)c(C#N)c1C#N,C(=Nc1ccc[nH]1)c1ccco1,19
CCOc1c(C(N)=O)c(-c2ccccc2)c2c(O)nc3ccccc3n12,0.0,CCOc1c(C(=O)N)c(c2ccccc2)c3c(O)nc4ccccc4n13,c1ccc(-c2ccn3c2cnc2ccccc23)cc1,26
CCOc1cc(NC(=O)c2cccs2)c(OCC)cc1NC(=O)c1ccco1,0.0,CCOc1cc(NC(=O)c2cccs2)c(OCC)cc1NC(=O)c3occc3,O=C(Nc1ccc(NC(=O)c2cccs2)cc1)c1ccco1,28
CCOc1cc(O)cc2ncn(-c3ccc(O)cc3)c(=O)c12,0.0,CCOc1cc(O)cc2N=CN(C(=O)c12)c3ccc(O)cc3,O=c1c2ccccc2ncn1-c1ccccc1,22
CCOc1ccc(C(=O)CCN2CCCCC2)cc1,0.0,CCOc1ccc(cc1)C(=O)CCN2CCCCC2,O=C(CCN1CCCCC1)c1ccccc1,19
CCOc1ccc(C(=O)OCC(=O)NCc2ccco2)cc1OCC,1.0,CCOc1ccc(cc1OCC)C(=O)OCC(=O)NCc2occc2,O=C(COC(=O)c1ccccc1)NCc1ccco1,25
CCOc1ccc(N2CSC3=C(C#N)C(c4ccco4)CC(=O)N3C2)cc1,0.0,CCOc1ccc(cc1)N2CSC3=C(C#N)C(CC(=O)N3C2)c4occc4,O=C1CC(c2ccco2)C=C2SCN(c3ccccc3)CN12,27
CCOc1ccc(NC2=NC(=O)S/C2=C\c2ccc(OC)cc2)cc1,0.0,CCOc1ccc(NC2=NC(=O)S/C/2=C\c3ccc(OC)cc3)cc1,O=C1N=C(Nc2ccccc2)C(=Cc2ccccc2)S1,25
CCOc1ccc2nc(NC(=O)CCC(=O)c3cccs3)sc2c1,1.0,CCOc1ccc2nc(NC(=O)CCC(=O)c3cccs3)sc2c1,O=C(CCC(=O)c1cccs1)Nc1nc2ccccc2s1,24
CCOc1ccc2nc(O)c(O)nc2c1,0.0,CCOc1ccc2nc(O)c(O)nc2c1,c1ccc2nccnc2c1,15
CCOc1cccc2cc(-c3cn4cc(C)ccc4n3)c(=O)oc12,0.0,CCOc1cccc2C=C(C(=O)Oc12)c3cn4cc(C)ccc4n3,O=c1oc2ccccc2cc1-c1cn2ccccc2n1,24
CCOc1ccccc1-c1nc(-c2cc3ccccc3nc2OC)no1,0.0,CCOc1ccccc1c2onc(n2)c3cc4ccccc4nc3OC,c1ccc(-c2nc(-c3cnc4ccccc4c3)no2)cc1,26
CCOc1ccccc1-n1nnnc1SCC(=O)NC(=O)NCc1ccco1,0.0,CCOc1ccccc1n2nnnc2SCC(=O)NC(=O)NCc3occc3,O=C(CSc1nnnn1-c1ccccc1)NC(=O)NCc1ccco1,28
CCOc1ccccc1C(=O)N1CCN=C1SC,0.0,CCOc1ccccc1C(=O)N2CCN=C2SC,O=C(c1ccccc1)N1C=NCC1,18
CCOc1ccccc1N1CCN(S(=O)(=O)c2ccc3c4c(cccc24)C(=O)N3)CC1,0.0,CCOc1ccccc1N2CCN(CC2)S(=O)(=O)c3ccc4NC(=O)c5cccc3c45,O=C1Nc2ccc(S(=O)(=O)N3CCN(c4ccccc4)CC3)c3cccc1c23,31
CCS(=O)(=O)N1Cc2ccccc2CC1C(=O)N1CCN(c2cccc(C)c2C)CC1,0.0,CCS(=O)(=O)N1Cc2ccccc2CC1C(=O)N3CCN(CC3)c4cccc(C)c4C,O=C(C1Cc2ccccc2CN1)N1CCN(c2ccccc2)CC1,31
CCS(=O)(=O)c1ccc(-c2ccc3cc(O)ccc3c2Oc2ccc(OCCN3CCCCC3)cc2)cc1,1.0,CCS(=O)(=O)c1ccc(cc1)c2ccc3cc(O)ccc3c2Oc4ccc(OCCN5CCCCC5)cc4,c1ccc(-c2ccc3ccccc3c2Oc2ccc(OCCN3CCCCC3)cc2)cc1,38
CCS(=O)(=O)c1ccc(-c2sc3cc(O)ccc3c2Oc2ccc(OCCN3CCCCC3)cc2)cc1,1.0,CCS(=O)(=O)c1ccc(cc1)c2sc3cc(O)ccc3c2Oc4ccc(OCCN5CCCCC5)cc4,c1ccc(-c2sc3ccccc3c2Oc2ccc(OCCN3CCCCC3)cc2)cc1,37
CCSC1=C(c2ccc(O)cc2)C(=O)c2cc(O)cc(O)c21,1.0,CCSC1=C(C(=O)c2cc(O)cc(O)c12)c3ccc(O)cc3,O=C1C(c2ccccc2)=Cc2ccccc21,22
CCSC1=C(c2ccc(O)cc2)C(=O)c2cc(O)ccc21,1.0,CCSC1=C(C(=O)c2cc(O)ccc12)c3ccc(O)cc3,O=C1C(c2ccccc2)=Cc2ccccc21,21
CCSC1=C(c2ccc(O)cc2)C(=O)c2ccc(O)cc21,1.0,CCSC1=C(C(=O)c2ccc(O)cc12)c3ccc(O)cc3,O=C1C(c2ccccc2)=Cc2ccccc21,21
CCSc1nnc(Cc2cc(O)nc(O)n2)n1-c1cc(C)ccc1C,0.0,CCSc1nnc(Cc2cc(O)nc(O)n2)n1c3cc(C)ccc3C,c1ccc(-n2cnnc2Cc2ccncn2)cc1,25
CC[C@@H](CN1CCCC1)Oc1ccc([C@@H]2Oc3ccc(O)cc3S[C@@H]2c2ccc(O)cc2)cc1,1.0,CC[C@@H](CN1CCCC1)Oc2ccc(cc2)[C@@H]3Oc4ccc(O)cc4S[C@@H]3c5ccc(O)cc5,c1ccc(C2Sc3ccccc3OC2c2ccc(OCCN3CCCC3)cc2)cc1,34
CC[C@@H](COc1ccc([C@@H]2Oc3ccc(O)cc3S[C@@H]2c2ccc(O)cc2)cc1)N1CCCC1,1.0,CC[C@@H](COc1ccc(cc1)[C@@H]2Oc3ccc(O)cc3S[C@@H]2c4ccc(O)cc4)N5CCCC5,c1ccc(C2Sc3ccccc3OC2c2ccc(OCCN3CCCC3)cc2)cc1,34
CC[C@@H]1CCN(CCOc2ccc([C@@H]3Oc4ccc(O)cc4S[C@@H]3c3ccc(O)cc3)cc2)C1,1.0,CC[C@@H]1CCN(CCOc2ccc(cc2)[C@@H]3Oc4ccc(O)cc4S[C@@H]3c5ccc(O)cc5)C1,c1ccc(C2Sc3ccccc3OC2c2ccc(OCCN3CCCC3)cc2)cc1,34
CC[C@@H]1CC[C@@H]2C[C@]13Cc1cc(O)ccc1C3=C(C)C2=O,1.0,CC[C@@H]1CC[C@@H]2C[C@]13Cc4cc(O)ccc4C3=C(C)C2=O,O=C1C=C2c3ccccc3CC23CCCC1C3,21
CC[C@@H]1c2cc(O)ccc2O[C@@H](c2ccc(OCCN3CCCCC3)cc2)[C@H]1c1ccc(O)cc1,1.0,CC[C@H]1[C@@H]([C@@H](Oc2ccc(O)cc12)c3ccc(OCCN4CCCCC4)cc3)c5ccc(O)cc5,c1ccc(C2Cc3ccccc3OC2c2ccc(OCCN3CCCCC3)cc2)cc1,35
CC[C@@]12CCC(=O)C(Br)=C1c1ccc3[nH]ncc3c1C2,1.0,CC[C@@]12CCC(=O)C(=C1c3ccc4[nH]ncc4c3C2)Br,O=C1C=C2c3ccc4[nH]ncc4c3CC2CC1,20
CC[C@@]12CCC(=O)C(C(F)(F)F)=C1c1ccc3[nH]nc(F)c3c1C2,1.0,CC[C@@]12CCC(=O)C(=C1c3ccc4[nH]nc(F)c4c3C2)C(F)(F)F,O=C1C=C2c3ccc4[nH]ncc4c3CC2CC1,24
CC[C@@]12CCC(=O)C(C(F)(F)F)=C1c1ccc3[nH]ncc3c1C2,1.0,CC[C@@]12CCC(=O)C(=C1c3ccc4[nH]ncc4c3C2)C(F)(F)F,O=C1C=C2c3ccc4[nH]ncc4c3CC2CC1,23
CC[C@@]12CCC(=O)C(C(F)(F)F)=C1c1ccc3[nH]ncc3c1C2=O,1.0,CC[C@@]12CCC(=O)C(=C1c3ccc4[nH]ncc4c3C2=O)C(F)(F)F,O=C1C=C2c3ccc4[nH]ncc4c3C(=O)C2CC1,24
CC[C@@]12CCC(=O)C(C(F)(F)F)=C1c1ccc3[nH]nnc3c1C2,1.0,CC[C@@]12CCC(=O)C(=C1c3ccc4[nH]nnc4c3C2)C(F)(F)F,O=C1C=C2c3ccc4[nH]nnc4c3CC2CC1,23
CC[C@@]12CCC(=O)C(C)=C1c1ccc(O)cc1C2,1.0,CC[C@@]12CCC(=O)C(=C1c3ccc(O)cc3C2)C,O=C1C=C2c3ccccc3CC2CC1,18
CC[C@@]12CCC(=O)C(C)=C1c1ccc3[nH]ncc3c1C2,1.0,CC[C@@]12CCC(=O)C(=C1c3ccc4[nH]ncc4c3C2)C,O=C1C=C2c3ccc4[nH]ncc4c3CC2CC1,20
CC[C@@]12CCC(=O)C(C3CC3)=C1c1ccc3[nH]ncc3c1C2,1.0,CC[C@@]12CCC(=O)C(=C1c3ccc4[nH]ncc4c3C2)C5CC5,O=C1CCC2Cc3c(ccc4[nH]ncc34)C2=C1C1CC1,22
CC[C@@]12CCC(=O)C(Cl)=C1c1ccc3[nH]nc(F)c3c1C2,1.0,CC[C@@]12CCC(=O)C(=C1c3ccc4[nH]nc(F)c4c3C2)Cl,O=C1C=C2c3ccc4[nH]ncc4c3CC2CC1,21
CC[C@@]12CCC(=O)C(Cl)=C1c1ccc3[nH]ncc3c1C2,1.0,CC[C@@]12CCC(=O)C(=C1c3ccc4[nH]ncc4c3C2)Cl,O=C1C=C2c3ccc4[nH]ncc4c3CC2CC1,20
CC[C@@]12CCC(=O)C(Cl)=C1c1ccc3[nH]ncc3c1C2=O,1.0,CC[C@@]12CCC(=O)C(=C1c3ccc4[nH]ncc4c3C2=O)Cl,O=C1C=C2c3ccc4[nH]ncc4c3C(=O)C2CC1,21
CC[C@@]12CCC(=O)C(c3ccccc3)=C1c1ccc3[nH]ncc3c1C2,1.0,CC[C@@]12CCC(=O)C(=C1c3ccc4[nH]ncc4c3C2)c5ccccc5,O=C1CCC2Cc3c(ccc4[nH]ncc34)C2=C1c1ccccc1,25
CC[C@@]12C[C@@](C)(O)[C@](O)(c3ccccc3)C[C@H]1CCc1cc(O)ccc12,0.0,CC[C@@]12C[C@@](C)(O)[C@@](O)(C[C@H]1CCc3cc(O)ccc23)c4ccccc4,c1ccc(C2CCC3c4ccccc4CCC3C2)cc1,26
CC[C@@]12C[C@H](O)[C@](O)(c3ccccc3)C[C@H]1CCc1cc(OCc3cccnc3C)ccc12,0.0,CC[C@@]12C[C@H](O)[C@@](O)(C[C@H]1CCc3cc(OCc4cccnc4C)ccc23)c5ccccc5,c1ccc(C2CCC3c4ccc(OCc5cccnc5)cc4CCC3C2)cc1,33
CC[C@H](C)C1=CC[C@H]2[C@@H]3CCc4cc(O)ccc4[C@H]3CC[C@]12C,1.0,CC[C@H](C)C1=CC[C@H]2[C@@H]3CCc4cc(O)ccc4[C@H]3CC[C@]12C,C1=CC2CCC3c4ccccc4CCC3C2C1,23
CC[C@H](CN1CCCC1)Oc1ccc([C@@H]2Oc3ccc(O)cc3S[C@@H]2c2ccc(O)cc2)cc1,1.0,CC[C@H](CN1CCCC1)Oc2ccc(cc2)[C@@H]3Oc4ccc(O)cc4S[C@@H]3c5ccc(O)cc5,c1ccc(C2Sc3ccccc3OC2c2ccc(OCCN3CCCC3)cc2)cc1,34
CC[C@H](COc1ccc([C@@H]2Oc3ccc(O)cc3S[C@@H]2c2ccc(O)cc2)cc1)N1CCCC1,1.0,CC[C@H](COc1ccc(cc1)[C@@H]2Oc3ccc(O)cc3S[C@@H]2c4ccc(O)cc4)N5CCCC5,c1ccc(C2Sc3ccccc3OC2c2ccc(OCCN3CCCC3)cc2)cc1,34
CC[C@H](c1ccc(O)cc1)[C@@H](C#N)c1ccc(O)cc1,1.0,CC[C@@H]([C@@H](C#N)c1ccc(O)cc1)c2ccc(O)cc2,c1ccc(CCc2ccccc2)cc1,20
CC[C@H](c1ccc(O)cc1)[C@H](CC)c1ccc(O)cn1,1.0,CC[C@@H]([C@H](CC)c1ccc(O)cn1)c2ccc(O)cc2,c1ccc(CCc2ccccn2)cc1,20
CC[C@H](c1ccc(O)cn1)[C@@H](C)c1ccc(O)cc1,1.0,CC[C@@H]([C@@H](C)c1ccc(O)cc1)c2ccc(O)cn2,c1ccc(CCc2ccccn2)cc1,19
CC[C@H](c1ccc(O)cn1)[C@@H](CC)c1ccc(O)cc1,1.0,CC[C@H]([C@H](CC)c1ccc(O)cn1)c2ccc(O)cc2,c1ccc(CCc2ccccn2)cc1,20
CC[C@H]1CCN(CCOc2ccc([C@@H]3Oc4ccc(O)cc4S[C@@H]3c3ccc(O)cc3)cc2)C1,1.0,CC[C@H]1CCN(CCOc2ccc(cc2)[C@@H]3Oc4ccc(O)cc4S[C@@H]3c5ccc(O)cc5)C1,c1ccc(C2Sc3ccccc3OC2c2ccc(OCCN3CCCC3)cc2)cc1,34
CC[C@H]1CC[C@@H]2C[C@]13Cc1cc(O)ccc1C3=C(C)C2=O,1.0,CC[C@H]1CC[C@@H]2C[C@]13Cc4cc(O)ccc4C3=C(C)C2=O,O=C1C=C2c3ccccc3CC23CCCC1C3,21
CC[C@]12CCC(=O)C(C)=C1c1ccc3[nH]ncc3c1C2,0.0,CC[C@]12CCC(=O)C(=C1c3ccc4[nH]ncc4c3C2)C,O=C1C=C2c3ccc4[nH]ncc4c3CC2CC1,20
CC[C@]12CC[C@H](O)CC1=CCC1C2CC[C@@]2(C)C1CC[C@@H]2O,1.0,CC[C@]12CC[C@H](O)CC1=CCC3C4CC[C@H](O)[C@@]4(C)CCC23,C1=C2CCCCC2C2CCC3CCCC3C2C1,22
CC[C@]12CC[C@H](O)CC1=CC[C@@H]1[C@@H]2CC[C@]2(C)[C@@H](O)CC[C@@H]12,1.0,CC[C@]12CC[C@H](O)CC1=CC[C@H]3[C@@H]4CC[C@H](O)[C@@]4(C)CC[C@H]23,C1=C2CCCCC2C2CCC3CCCC3C2C1,22
CCc1c(-c2ccc(O)cc2)oc(-c2ccc(O)cc2)c1-c1ccc(OC)cc1,1.0,CCc1c(oc(c2ccc(O)cc2)c1c3ccc(OC)cc3)c4ccc(O)cc4,c1ccc(-c2cc(-c3ccccc3)c(-c3ccccc3)o2)cc1,29
CCc1c(-c2ccc(O)cc2)oc(-c2ccc(O)cc2)c1-c1ccc(OCCN2CCCCC2)cc1,1.0,CCc1c(oc(c2ccc(O)cc2)c1c3ccc(OCCN4CCCCC4)cc3)c5ccc(O)cc5,c1ccc(-c2cc(-c3ccc(OCCN4CCCCC4)cc3)c(-c3ccccc3)o2)cc1,36
CCc1c(-c2ccc(O)cc2)oc(-c2ccccc2)c1-c1ccc(OCCN2CCCCC2)cc1,1.0,CCc1c(oc(c2ccccc2)c1c3ccc(OCCN4CCCCC4)cc3)c5ccc(O)cc5,c1ccc(-c2cc(-c3ccc(OCCN4CCCCC4)cc3)c(-c3ccccc3)o2)cc1,35
CCc1c(-c2ccc(OCCN3CCCCC3)cc2)oc(-c2ccc(O)cc2)c1-c1ccc(O)cc1,1.0,CCc1c(oc(c2ccc(O)cc2)c1c3ccc(O)cc3)c4ccc(OCCN5CCCCC5)cc4,c1ccc(-c2cc(-c3ccc(OCCN4CCCCC4)cc3)oc2-c2ccccc2)cc1,36
CCc1c(-c2ccccc2)oc(-c2ccc(O)cc2)c1-c1ccc(OCCN2CCCCC2)cc1,1.0,CCc1c(oc(c2ccc(O)cc2)c1c3ccc(OCCN4CCCCC4)cc3)c5ccccc5,c1ccc(-c2cc(-c3ccc(OCCN4CCCCC4)cc3)c(-c3ccccc3)o2)cc1,35
CCc1c(C)nc(SCC(=O)c2cccs2)c(C#N)c1C,0.0,CCc1c(C)nc(SCC(=O)c2cccs2)c(C#N)c1C,O=C(CSc1ccccn1)c1cccs1,21
CCc1c(O)ccc2c1O[C@H](c1ccc(OCCN3CCCCC3)cc1)[C@H](c1ccc(O)cc1)S2,1.0,CCc1c(O)ccc2S[C@H]([C@H](Oc12)c3ccc(OCCN4CCCCC4)cc3)c5ccc(O)cc5,c1ccc(C2Sc3ccccc3OC2c2ccc(OCCN3CCCCC3)cc2)cc1,35
CCc1c(O)ccc2c1c(=O)oc1c(C)c(O)ccc12,1.0,CCc1c(O)ccc2c3ccc(O)c(C)c3OC(=O)c12,O=c1oc2ccccc2c2ccccc12,20
CCc1c(O)ccc2c1c(=O)oc1c(F)c(O)ccc12,1.0,CCc1c(O)ccc2c3ccc(O)c(F)c3OC(=O)c12,O=c1oc2ccccc2c2ccccc12,20
CCc1c(O)ccc2c1oc(=O)c1c(C)c(O)ccc12,1.0,CCc1c(O)ccc2c1OC(=O)c3c(C)c(O)ccc23,O=c1oc2ccccc2c2ccccc12,20
CCc1c(O)ccc2c1oc(=O)c1cc(Br)ccc12,0.0,CCc1c(O)ccc2c1OC(=O)c3cc(Br)ccc23,O=c1oc2ccccc2c2ccccc12,19
CCc1cc(-c2cc3ccc(O)cc3s2)ccc1O,0.0,CCc1cc(ccc1O)c2cc3ccc(O)cc3s2,c1ccc(-c2cc3ccccc3s2)cc1,19
CCc1cc(-c2ccc(O)c(F)c2)cc2ccc(O)cc12,1.0,CCc1cc(cc2ccc(O)cc12)c3ccc(O)c(F)c3,c1ccc(-c2ccc3ccccc3c2)cc1,21
CCc1cc(-c2ccc(O)c(F)c2)nc2ccc(O)cc12,1.0,CCc1cc(nc2ccc(O)cc12)c3ccc(O)c(F)c3,c1ccc(-c2ccc3ccccc3n2)cc1,21
CCc1cc(-c2ccc(O)cc2)nc2ccc(O)cc12,1.0,CCc1cc(nc2ccc(O)cc12)c3ccc(O)cc3,c1ccc(-c2ccc3ccccc3n2)cc1,20
CCc1cc(NCC(C)C)nc(NCC(C)C)n1,0.0,CCc1cc(NCC(C)C)nc(NCC(C)C)n1,c1cncnc1,18
CCc1cc(O)cc2c(=O)oc3c(C)c(O)ccc3c12,1.0,CCc1cc(O)cc2C(=O)Oc3c(C)c(O)ccc3c12,O=c1oc2ccccc2c2ccccc12,20
CCc1cc(O)cc2c1C(=O)[C@@H](c1ccc(O)cc1)[C@@H](c1ccc(OCCN3CCCCC3)cc1)O2,1.0,CCc1cc(O)cc2O[C@@H]([C@@H](C(=O)c12)c3ccc(O)cc3)c4ccc(OCCN5CCCCC5)cc4,O=C1c2ccccc2OC(c2ccc(OCCN3CCCCC3)cc2)C1c1ccccc1,36
CCc1cc(O)cc2c1S[C@@H](c1ccc(O)cc1)[C@@H](c1ccc(OCCN3CCCCC3)cc1)O2,1.0,CCc1cc(O)cc2O[C@@H]([C@@H](Sc12)c3ccc(O)cc3)c4ccc(OCCN5CCCCC5)cc4,c1ccc(C2Sc3ccccc3OC2c2ccc(OCCN3CCCCC3)cc2)cc1,35
CCc1cc(O)cc2ccc(-c3ccc(O)c(F)c3)cc12,1.0,CCc1cc(O)cc2ccc(cc12)c3ccc(O)c(F)c3,c1ccc(-c2ccc3ccccc3c2)cc1,21
CCc1cc(O)cc2nc(-c3ccc(O)cc3)oc12,1.0,CCc1cc(O)cc2nc(oc12)c3ccc(O)cc3,c1ccc(-c2nc3ccccc3o2)cc1,19
CCc1cc(O)cc2ncn(-c3ccc(O)cc3)c(=O)c12,1.0,CCc1cc(O)cc2N=CN(C(=O)c12)c3ccc(O)cc3,O=c1c2ccccc2ncn1-c1ccccc1,21
CCc1cc(O)cc2ncn(-c3ccc(O)cc3)c(=S)c12,1.0,CCc1cc(O)cc2N=CN(C(=S)c12)c3ccc(O)cc3,S=c1c2ccccc2ncn1-c1ccccc1,21
CCc1cc(OC)cc2c(=O)oc3c(C)c(O)ccc3c12,1.0,CCc1cc(OC)cc2C(=O)Oc3c(C)c(O)ccc3c12,O=c1oc2ccccc2c2ccccc12,21
CCc1cc2c(=O)n(CC)c(SC(C)C(=O)Nc3c(C)n(C)n(-c4ccccc4)c3=O)nc2s1,0.0,CCN1C(=Nc2sc(CC)cc2C1=O)SC(C)C(=O)NC3=C(C)N(C)N(C3=O)c4ccccc4,O=C(CSc1nc2sccc2c(=O)[nH]1)Nc1c[nH]n(-c2ccccc2)c1=O,34
CCc1ccc(C(=O)Cn2ncc(Cl)c(Cl)c2=O)cc1,0.0,CCc1ccc(cc1)C(=O)CN2N=CC(=C(Cl)C2=O)Cl,O=C(Cn1ncccc1=O)c1ccccc1,20
CCc1ccc(NC(=O)CSc2nc(C)cc(O)n2)cc1,0.0,CCc1ccc(NC(=O)CSc2nc(C)cc(O)n2)cc1,O=C(CSc1ncccn1)Nc1ccccc1,21
CCc1ccc(NC(=O)c2noc3c2CCC3)cc1,1.0,CCc1ccc(NC(=O)c2noc3CCCc23)cc1,O=C(Nc1ccccc1)c1noc2c1CCC2,19
CCc1ccc2c(c1)C(c1ccc(OCCN3CCOCC3)cc1)Cc1cc(O)cc(C)c1-2,1.0,CCc1ccc2c(c1)C(Cc3cc(O)cc(C)c23)c4ccc(OCCN5CCOCC5)cc4,c1ccc2c(c1)CC(c1ccc(OCCN3CCOCC3)cc1)c1ccccc1-2,33
CCc1ccc2nc(O)c(C3C(C#N)=C(N)Oc4c3ccc3cccnc43)cc2c1,0.0,CCc1ccc2nc(O)c(cc2c1)C3C(=C(N)Oc4c3ccc5cccnc45)C#N,C1=CC(c2cnc3ccccc3c2)c2ccc3cccnc3c2O1,30
CCc1ccccc1NC(=O)c1cc2ncc(Br)cn2n1,0.0,CCc1ccccc1NC(=O)c2cc3ncc(Br)cn3n2,O=C(Nc1ccccc1)c1cc2ncccn2n1,21
CCc1nc2cc(O)cc(O)c2c(=O)n1-c1ccc(O)cc1,0.0,CCC1=Nc2cc(O)cc(O)c2C(=O)N1c3ccc(O)cc3,O=c1c2ccccc2ncn1-c1ccccc1,22
CCc1nc2cc(O)ccc2c(Oc2ccc(/C=C/C(=O)N(C)C)cc2)c1-c1ccccc1,1.0,CCc1nc2cc(O)ccc2c(Oc3ccc(\C=C\C(=O)N(C)C)cc3)c1c4ccccc4,c1ccc(Oc2c(-c3ccccc3)cnc3ccccc23)cc1,33
CCc1nc2cc(O)ccc2c(Oc2ccc(/C=C/C(=O)N3CCCCC3)cc2)c1-c1ccccc1,1.0,CCc1nc2cc(O)ccc2c(Oc3ccc(\C=C\C(=O)N4CCCCC4)cc3)c1c5ccccc5,O=C(C=Cc1ccc(Oc2c(-c3ccccc3)cnc3ccccc23)cc1)N1CCCCC1,36
CCc1nc2cc(O)ccc2c(Oc2ccc(/C=C/C(=O)NC(C)C)cc2)c1-c1ccccc1,1.0,CCc1nc2cc(O)ccc2c(Oc3ccc(\C=C\C(=O)NC(C)C)cc3)c1c4ccccc4,c1ccc(Oc2c(-c3ccccc3)cnc3ccccc23)cc1,34
CCc1nc2cc(O)ccc2c(Oc2ccc(/C=C/C(=O)O)cc2)c1-c1ccccc1,1.0,CCc1nc2cc(O)ccc2c(Oc3ccc(\C=C\C(=O)O)cc3)c1c4ccccc4,c1ccc(Oc2c(-c3ccccc3)cnc3ccccc23)cc1,31
CCc1nc2cc(O)ccc2c(Oc2ccc(/C=C/C(N)=O)cc2)c1-c1ccccc1,1.0,CCc1nc2cc(O)ccc2c(Oc3ccc(\C=C\C(=O)N)cc3)c1c4ccccc4,c1ccc(Oc2c(-c3ccccc3)cnc3ccccc23)cc1,31
CCc1nc2cc(O)ccc2c(Oc2ccc(OCCN(C)C)cc2)c1-c1ccccc1,1.0,CCc1nc2cc(O)ccc2c(Oc3ccc(OCCN(C)C)cc3)c1c4ccccc4,c1ccc(Oc2c(-c3ccccc3)cnc3ccccc23)cc1,32
CCc1nc2cc(O)ccc2c(Oc2cccc(/C=C/C(=O)O)c2)c1-c1ccccc1,0.0,CCc1nc2cc(O)ccc2c(Oc3cccc(\C=C\C(=O)O)c3)c1c4ccccc4,c1ccc(Oc2c(-c3ccccc3)cnc3ccccc23)cc1,31
CCc1nc2oc3cc(OC)ccc3c(=O)c2c(=O)n1Cc1ccco1,1.0,CCC1=NC2=C(C(=O)N1Cc3occc3)C(=O)c4ccc(OC)cc4O2,O=c1c2ccccc2oc2ncn(Cc3ccco3)c(=O)c12,26
CCc1nc2sc3ccccc3c(=O)c2c(=O)n1Cc1ccco1,0.0,CCC1=NC2=C(C(=O)N1Cc3occc3)C(=O)c4ccccc4S2,O=c1c2ccccc2sc2ncn(Cc3ccco3)c(=O)c12,24
CCn1c(CCCc2ccc(-c3ccc(NS(=O)(=O)c4ccc(-c5ccc(OC)cc5)cc4)cc3)cc2)nn(Cc2ccc(C(C)(C)C)cc2)c1=O,0.0,CCN1C(=NN(Cc2ccc(cc2)C(C)(C)C)C1=O)CCCc3ccc(cc3)c4ccc(NS(=O)(=O)c5ccc(cc5)c6ccc(OC)cc6)cc4,O=c1[nH]c(CCCc2ccc(-c3ccc(NS(=O)(=O)c4ccc(-c5ccccc5)cc4)cc3)cc2)nn1Cc1ccccc1,52
CCn1c(CCCc2ccc(-c3ccc(NS(=O)(=O)c4ccccc4)cn3)cc2)nn(Cc2ccc(C(C)(C)C)cc2)c1=O,0.0,CCN1C(=NN(Cc2ccc(cc2)C(C)(C)C)C1=O)CCCc3ccc(cc3)c4ccc(NS(=O)(=O)c5ccccc5)cn4,O=c1[nH]c(CCCc2ccc(-c3ccc(NS(=O)(=O)c4ccccc4)cn3)cc2)nn1Cc1ccccc1,44
CCn1c(NN)nc2sc3c(c2c1=O)CCC3,0.0,CCN1C(=Nc2sc3CCCc3c2C1=O)NN,O=c1[nH]cnc2sc3c(c12)CCC3,17
CCn1c(SCC(=O)N2CCOCC2)nc2oc3c(Cl)cc(Cl)cc3c(=O)c2c1=O,0.0,CCN1C(=O)C2=C(Oc3c(Cl)cc(Cl)cc3C2=O)N=C1SCC(=O)N4CCOCC4,O=C(CSc1nc2oc3ccccc3c(=O)c2c(=O)[nH]1)N1CCOCC1,30
CCn1c(SCC(=O)c2ccc(O)c(O)c2)nnc1-c1ccccc1OC,0.0,CCn1c(SCC(=O)c2ccc(O)c(O)c2)nnc1c3ccccc3OC,O=C(CSc1nnc(-c2ccccc2)[nH]1)c1ccccc1,27
CCn1cc(-c2cc(C(F)(F)F)n3nc(C(=O)O)cc3n2)c(C)n1,0.0,CCn1cc(c(C)n1)c2cc(n3nc(cc3n2)C(=O)O)C(F)(F)F,c1cc2nc(-c3cn[nH]c3)ccn2n1,24
CCn1cc(SCC(=O)NCc2ccc3c(c2)OCO3)c2ccccc21,0.0,CCn1cc(SCC(=O)NCc2ccc3OCOc3c2)c4ccccc14,O=C(CSc1c[nH]c2ccccc12)NCc1ccc2c(c1)OCO2,26
CCn1nnc(NC(=O)CSc2ccc(Cl)cc2)n1,0.0,CCn1nnc(NC(=O)CSc2ccc(Cl)cc2)n1,O=C(CSc1ccccc1)Nc1nn[nH]n1,19
CN(C)C(=O)/C=C/c1ccc(N2CCc3cc(O)ccc3C2c2ccccc2)cc1,1.0,CN(C)C(=O)\C=C\c1ccc(cc1)N2CCc3cc(O)ccc3C2c4ccccc4,c1ccc(C2c3ccccc3CCN2c2ccccc2)cc1,30
CN(C)C(=O)/C=C/c1ccc(S[C@@H]2Cc3cc(O)ccc3[C@H]3CC[C@]4(C)[C@@H](O)CC[C@H]4[C@@H]32)cc1,1.0,CN(C)C(=O)\C=C\c1ccc(S[C@@H]2Cc3cc(O)ccc3[C@H]4CC[C@]5(C)[C@@H](O)CC[C@H]5[C@H]24)cc1,c1ccc(SC2Cc3ccccc3C3CCC4CCCC4C23)cc1,34
CN(C)C(=O)c1ccc(-c2ccc3cc(O)ccc3c2Oc2ccc(OCCN3CCCCC3)cc2)cc1,1.0,CN(C)C(=O)c1ccc(cc1)c2ccc3cc(O)ccc3c2Oc4ccc(OCCN5CCCCC5)cc4,c1ccc(-c2ccc3ccccc3c2Oc2ccc(OCCN3CCCCC3)cc2)cc1,38
CN(C)CCN1CCc2ccccc21,1.0,CN(C)CCN1CCc2ccccc12,c1ccc2c(c1)CCN2,14
CN(C)CCOc1ccc(Cn2c3ccc(O)cc3c3sc4cc(O)ccc4c32)cc1,1.0,CN(C)CCOc1ccc(Cn2c3ccc(O)cc3c4sc5cc(O)ccc5c24)cc1,c1ccc(Cn2c3ccccc3c3sc4ccccc4c32)cc1,31
CN(C)CCOc1ccc(Cn2c3ccccc3c3sc4cc(O)ccc4c32)cc1,1.0,CN(C)CCOc1ccc(Cn2c3ccccc3c4sc5cc(O)ccc5c24)cc1,c1ccc(Cn2c3ccccc3c3sc4ccccc4c32)cc1,30
CN(C)CCOc1ccc([C@@H]2Oc3cc(O)ccc3C3=C2c2ccc(O)cc2OCC3)cc1,1.0,CN(C)CCOc1ccc(cc1)[C@@H]2Oc3cc(O)ccc3C4=C2c5ccc(O)cc5OCC4,c1ccc(C2Oc3ccccc3C3=C2c2ccccc2OCC3)cc1,33
CN(C)CCOc1ccc([C@@H]2Oc3cc(O)ccc3C3=C2c2ccccc2OCC3)cc1,1.0,CN(C)CCOc1ccc(cc1)[C@@H]2Oc3cc(O)ccc3C4=C2c5ccccc5OCC4,c1ccc(C2Oc3ccccc3C3=C2c2ccccc2OCC3)cc1,32
CN(C)CCOc1ccc([C@@H]2Oc3ccc(O)cc3S[C@@H]2c2cccc(O)c2)cc1,1.0,CN(C)CCOc1ccc(cc1)[C@@H]2Oc3ccc(O)cc3S[C@@H]2c4cccc(O)c4,c1ccc(C2Oc3ccccc3SC2c2ccccc2)cc1,30
CN(C)CCOc1ccc([C@@H]2Oc3ccccc3C3=C2c2ccc(O)cc2OCC3)cc1,1.0,CN(C)CCOc1ccc(cc1)[C@@H]2Oc3ccccc3C4=C2c5ccc(O)cc5OCC4,c1ccc(C2Oc3ccccc3C3=C2c2ccccc2OCC3)cc1,32
CN(C)CCOc1ccc([C@H]2N=CN[C@H]2c2ccc(O)cc2Cl)c(Cl)c1,0.0,CN(C)CCOc1ccc([C@H]2N=CN[C@H]2c3ccc(O)cc3Cl)c(Cl)c1,C1=NC(c2ccccc2)C(c2ccccc2)N1,26
CN(C)CCOc1ccc([C@H]2Oc3cc(O)ccc3C3=C2c2ccc(O)cc2OCC3)cc1,1.0,CN(C)CCOc1ccc(cc1)[C@H]2Oc3cc(O)ccc3C4=C2c5ccc(O)cc5OCC4,c1ccc(C2Oc3ccccc3C3=C2c2ccccc2OCC3)cc1,33
CN(C)CCOc1ccc([C@H]2Oc3ccccc3C3=C2c2ccc(O)cc2OCC3)cc1,1.0,CN(C)CCOc1ccc(cc1)[C@H]2Oc3ccccc3C4=C2c5ccc(O)cc5OCC4,c1ccc(C2Oc3ccccc3C3=C2c2ccccc2OCC3)cc1,32
CN(C)S(=O)(=O)c1ccc(-c2ccc3cc(O)ccc3c2Oc2ccc(OCCN3CCCCC3)cc2)cc1,1.0,CN(C)S(=O)(=O)c1ccc(cc1)c2ccc3cc(O)ccc3c2Oc4ccc(OCCN5CCCCC5)cc4,c1ccc(-c2ccc3ccccc3c2Oc2ccc(OCCN3CCCCC3)cc2)cc1,39
CN(C)[C@@H]1C(O)=C(C(N)=O)C(=O)[C@@]2(O)C(O)=C3C(=O)c4c(O)ccc(Cl)c4[C@@H](O)[C@H]3C[C@@H]12,1.0,Cl.CN(C)[C@H]1[C@@H]2C[C@@H]3[C@H](O)c4c(Cl)ccc(O)c4C(=O)C3=C(O)[C@]2(O)C(=O)C(=C1O)C(=O)N,O=C1C2=CC3C(=O)C=CCC3CC2Cc2ccccc21,32
CN(C)[C@@H]1C(O)=C(C(N)=O)C(=O)[C@@]2(O)C(O)=C3C(=O)c4c(O)cccc4[C@@](C)(O)[C@H]3C[C@@H]12,0.0,CN(C)[C@H]1[C@@H]2C[C@H]3C(=C(O)[C@]2(O)C(=O)C(=C1O)C(=O)N)C(=O)c4c(O)cccc4[C@@]3(C)O,O=C1C2=CC3C(=O)C=CCC3CC2Cc2ccccc21,32
CN(C)c1ccc(/N=C/c2ccco2)cc1,1.0,CN(C)c1ccc(cc1)\N=C\c2occc2,C(=Nc1ccccc1)c1ccco1,16
CN(C)c1ccc(NC(=O)N2CCOCC2)cc1,1.0,CN(C)c1ccc(NC(=O)N2CCOCC2)cc1,O=C(Nc1ccccc1)N1CCOCC1,18
CN(C)c1cccc(N2CCc3cc(O)ccc3C2(C)c2ccc(OCCN3CCCC3)cc2)c1,0.0,CN(C)c1cccc(c1)N2CCc3cc(O)ccc3C2(C)c4ccc(OCCN5CCCC5)cc4,c1ccc(N2CCc3ccccc3C2c2ccc(OCCN3CCCC3)cc2)cc1,35
CN(C)c1cccc(N2CCc3cc(O)ccc3C2(C)c2ccc(OCCN3CCCCC3)cc2)c1,0.0,CN(C)c1cccc(c1)N2CCc3cc(O)ccc3C2(C)c4ccc(OCCN5CCCCC5)cc4,c1ccc(N2CCc3ccccc3C2c2ccc(OCCN3CCCCC3)cc2)cc1,36
CN(C)c1cccc(N2CCc3cc(O)ccc3C2c2ccc(OCCN3CCCCC3)cc2)c1,0.0,CN(C)c1cccc(c1)N2CCc3cc(O)ccc3C2c4ccc(OCCN5CCCCC5)cc4,c1ccc(N2CCc3ccccc3C2c2ccc(OCCN3CCCCC3)cc2)cc1,35
CN(C)c1ncc(C2=C(Cl)C(=O)C(N3CCCC3)=C(Cl)C2=O)s1,0.0,CN(C)c1ncc(s1)C2=C(Cl)C(=O)C(=C(Cl)C2=O)N3CCCC3,O=C1C=C(N2CCCC2)C(=O)C=C1c1cncs1,23
CN(C1CCCCC1)S(=O)(=O)c1ccc(S(=O)(=O)N2CCN(CCC#N)CC2)cc1,0.0,CN(C1CCCCC1)S(=O)(=O)c2ccc(cc2)S(=O)(=O)N3CCN(CCC#N)CC3,O=S(=O)(NC1CCCCC1)c1ccc(S(=O)(=O)N2CCNCC2)cc1,30
CN(CC(O)COc1ccc(S(=O)(=O)N2CCOCC2)cc1)C1CCCCC1,0.0,CN(CC(O)COc1ccc(cc1)S(=O)(=O)N2CCOCC2)C3CCCCC3,O=S(=O)(c1ccc(OCCCNC2CCCCC2)cc1)N1CCOCC1,28
CN(CCCc1ccc(C#N)cc1)c1nc(NCCc2ccc(O)cc2)nc(N2CCNCC2)n1,1.0,CN(CCCc1ccc(cc1)C#N)c2nc(NCCc3ccc(O)cc3)nc(n2)N4CCNCC4,c1ccc(CCCNc2nc(NCCc3ccccc3)nc(N3CCNCC3)n2)cc1,35
CN(CCCc1ccc(C(F)(F)F)cc1)c1nc(NCCc2ccc(O)cc2)nc(N2CCNCC2)n1,1.0,CN(CCCc1ccc(cc1)C(F)(F)F)c2nc(NCCc3ccc(O)cc3)nc(n2)N4CCNCC4,c1ccc(CCCNc2nc(NCCc3ccccc3)nc(N3CCNCC3)n2)cc1,37
CN(CCCc1ccc(Cl)cc1)c1nc(NCCc2ccc(O)cc2)nc(N2CCN(C3CCCC3)CC2)n1,1.0,CN(CCCc1ccc(Cl)cc1)c2nc(NCCc3ccc(O)cc3)nc(n2)N4CCN(CC4)C5CCCC5,c1ccc(CCCNc2nc(NCCc3ccccc3)nc(N3CCN(C4CCCC4)CC3)n2)cc1,39
CN(CCCc1ccc(Cl)cc1)c1nc(NCCc2ccc(O)cc2)nc(N2CCN(CCO)CC2)n1,1.0,CN(CCCc1ccc(Cl)cc1)c2nc(NCCc3ccc(O)cc3)nc(n2)N4CCN(CCO)CC4,c1ccc(CCCNc2nc(NCCc3ccccc3)nc(N3CCNCC3)n2)cc1,37
CN(CCCc1ccc(Cl)cc1)c1nc(NCCc2ccc(O)cc2)nc(N2CCN(Cc3ccccc3)CC2)n1,1.0,CN(CCCc1ccc(Cl)cc1)c2nc(NCCc3ccc(O)cc3)nc(n2)N4CCN(Cc5ccccc5)CC4,c1ccc(CCCNc2nc(NCCc3ccccc3)nc(N3CCN(Cc4ccccc4)CC3)n2)cc1,41
CN(CCCc1ccc(Cl)cc1)c1nc(NCCc2ccc(O)cc2)nc(N2CCN(Cc3ccccn3)CC2)n1,1.0,CN(CCCc1ccc(Cl)cc1)c2nc(NCCc3ccc(O)cc3)nc(n2)N4CCN(Cc5ccccn5)CC4,c1ccc(CCCNc2nc(NCCc3ccccc3)nc(N3CCN(Cc4ccccn4)CC3)n2)cc1,41
CN(CCCc1ccc(Cl)cc1)c1nc(NCCc2ccc(O)cc2)nc(N2CCN(Cc3cccnc3)CC2)n1,1.0,CN(CCCc1ccc(Cl)cc1)c2nc(NCCc3ccc(O)cc3)nc(n2)N4CCN(Cc5cccnc5)CC4,c1ccc(CCCNc2nc(NCCc3ccccc3)nc(N3CCN(Cc4cccnc4)CC3)n2)cc1,41
CN(CCCc1ccc(Cl)cc1)c1nc(NCCc2ccc(O)cc2)nc(N2CCNCC2)n1,1.0,CN(CCCc1ccc(Cl)cc1)c2nc(NCCc3ccc(O)cc3)nc(n2)N4CCNCC4,c1ccc(CCCNc2nc(NCCc3ccccc3)nc(N3CCNCC3)n2)cc1,34
CN(CCCc1ccc(Cl)cc1Cl)c1nc(NCCc2ccc(O)cc2)nc(N2CCNCC2)n1,1.0,CN(CCCc1ccc(Cl)cc1Cl)c2nc(NCCc3ccc(O)cc3)nc(n2)N4CCNCC4,c1ccc(CCCNc2nc(NCCc3ccccc3)nc(N3CCNCC3)n2)cc1,35
CN(CCCc1ccc(F)c(F)c1)c1nc(NCCc2ccc(O)cc2)nc(N2CCNCC2)n1,1.0,CN(CCCc1ccc(F)c(F)c1)c2nc(NCCc3ccc(O)cc3)nc(n2)N4CCNCC4,c1ccc(CCCNc2nc(NCCc3ccccc3)nc(N3CCNCC3)n2)cc1,35
CN(CCCc1ccc(F)cc1)c1nc(NCCc2ccc(O)cc2)nc(N2CCNCC2)n1,1.0,CN(CCCc1ccc(F)cc1)c2nc(NCCc3ccc(O)cc3)nc(n2)N4CCNCC4,c1ccc(CCCNc2nc(NCCc3ccccc3)nc(N3CCNCC3)n2)cc1,34
CN(CCCc1ccc2c(c1)OCO2)c1nc(NCCc2ccc(O)cc2)nc(N2CCNCC2)n1,1.0,CN(CCCc1ccc2OCOc2c1)c3nc(NCCc4ccc(O)cc4)nc(n3)N5CCNCC5,c1ccc(CCNc2nc(NCCCc3ccc4c(c3)OCO4)nc(N3CCNCC3)n2)cc1,36
CN(CCCc1ccccc1Cl)c1nc(NCCc2ccc(O)cc2)nc(N2CCNCC2)n1,1.0,CN(CCCc1ccccc1Cl)c2nc(NCCc3ccc(O)cc3)nc(n2)N4CCNCC4,c1ccc(CCCNc2nc(NCCc3ccccc3)nc(N3CCNCC3)n2)cc1,34
CN(CCc1ccccc1)c1cc(-c2ccc(O)cc2)cc(-c2ccc(O)cc2)n1,0.0,CN(CCc1ccccc1)c2cc(cc(n2)c3ccc(O)cc3)c4ccc(O)cc4,c1ccc(CCNc2cc(-c3ccccc3)cc(-c3ccccc3)n2)cc1,30
CN(CCc1ccccc1)c1cc(-c2ccccc2)cc(-c2ccc(O)cc2)n1,0.0,CN(CCc1ccccc1)c2cc(cc(n2)c3ccc(O)cc3)c4ccccc4,c1ccc(CCNc2cc(-c3ccccc3)cc(-c3ccccc3)n2)cc1,29
CN(C[C@@H]1C[C@@H]1c1ccccc1)c1nc(NCCc2ccc(O)cc2)nc(N2CCNCC2)n1,1.0,CN(C[C@@H]1C[C@@H]1c2ccccc2)c3nc(NCCc4ccc(O)cc4)nc(n3)N5CCNCC5,c1ccc(CCNc2nc(NCC3CC3c3ccccc3)nc(N3CCNCC3)n2)cc1,34
CN(C[C@@H]1C[C@H]1c1ccccc1)c1nc(NCCc2ccc(O)cc2)nc(N2CCNCC2)n1,0.0,CN(C[C@@H]1C[C@H]1c2ccccc2)c3nc(NCCc4ccc(O)cc4)nc(n3)N5CCNCC5,c1ccc(CCNc2nc(NCC3CC3c3ccccc3)nc(N3CCNCC3)n2)cc1,34
CN(Cc1ccc(C(=O)O)cc1)c1ccc(OCc2c(-c3c(Cl)cccc3Cl)noc2C2CC2)nc1C(F)(F)F,0.0,CN(Cc1ccc(cc1)C(=O)O)c2ccc(OCc3c(onc3c4c(Cl)cccc4Cl)C5CC5)nc2C(F)(F)F,c1ccc(CNc2ccc(OCc3c(-c4ccccc4)noc3C3CC3)nc2)cc1,40
CN(Cc1cccc(C(=O)O)c1)c1ccc(OCc2c(-c3c(Cl)cccc3Cl)noc2C2CC2)nc1C(F)(F)F,0.0,CN(Cc1cccc(c1)C(=O)O)c2ccc(OCc3c(onc3c4c(Cl)cccc4Cl)C5CC5)nc2C(F)(F)F,c1ccc(CNc2ccc(OCc3c(-c4ccccc4)noc3C3CC3)nc2)cc1,40
CN(c1ccccc1C(=O)O)S(=O)(=O)c1ccc2c3c(cccc13)C(=O)N2,0.0,CN(c1ccccc1C(=O)O)S(=O)(=O)c2ccc3NC(=O)c4cccc2c34,O=C1Nc2ccc(S(=O)(=O)Nc3ccccc3)c3cccc1c23,27
CN1C(=O)CC(C(=O)O)S/C1=N/c1cc(Cl)c(O)c(Cl)c1,0.0,CN1C(=O)CC(S/C/1=N/c2cc(Cl)c(O)c(Cl)c2)C(=O)O,O=C1CCSC(=Nc2ccccc2)N1,21
CN1C(=O)CSc2ccc(NC(=O)N3CCC(N4CCCCC4)CC3)cc21,1.0,CN1C(=O)CSc2ccc(NC(=O)N3CCC(CC3)N4CCCCC4)cc12,O=C1CSc2ccc(NC(=O)N3CCC(N4CCCCC4)CC3)cc2N1,27
CN1CC2(C)CN(C(c3ccccc3)c3ccccc3)CC(C)(C1)C2O,0.0,CN1CC2(C)CN(CC(C)(C1)C2O)C(c3ccccc3)c4ccccc4,c1ccc(C(c2ccccc2)N2CC3CNCC(C3)C2)cc1,26
CN1CCC(c2ccc(C3c4ccc(O)cc4CCN3c3ccc(F)cc3)cc2)CC1,1.0,CN1CCC(CC1)c2ccc(cc2)C3N(CCc4cc(O)ccc34)c5ccc(F)cc5,c1ccc(N2CCc3ccccc3C2c2ccc(C3CCNCC3)cc2)cc1,31
CN1CCCC(OC(=O)c2ccc3c(c2)OCCO3)C1,0.0,Cl.CN1CCCC(C1)OC(=O)c2ccc3OCCOc3c2,O=C(OC1CCCNC1)c1ccc2c(c1)OCCO2,20
CN1CCN(C(c2cccnc2)c2ccc3cccnc3c2O)CC1,0.0,CN1CCN(CC1)C(c2cccnc2)c3ccc4cccnc4c3O,c1cncc(C(c2ccc3cccnc3c2)N2CCNCC2)c1,25
CN1CCN(CC(=O)Nc2sc3c(c2C#N)CCC3)CC1,0.0,CN1CCN(CC(=O)Nc2sc3CCCc3c2C#N)CC1,O=C(CN1CCNCC1)Nc1cc2c(s1)CCC2,21
CN1CCN(CC(=O)Nc2sc3c(c2C#N)CCCC3)CC1,0.0,CN1CCN(CC(=O)Nc2sc3CCCCc3c2C#N)CC1,O=C(CN1CCNCC1)Nc1cc2c(s1)CCCC2,22
CN1CCN(CCOc2ccc([C@H]3Oc4cc(O)ccc4C4=C3c3ccc(O)cc3OCC4)cc2)CC1,1.0,CN1CCN(CCOc2ccc(cc2)[C@H]3Oc4cc(O)ccc4C5=C3c6ccc(O)cc6OCC5)CC1,c1ccc2c(c1)OC(c1ccc(OCCN3CCNCC3)cc1)C1=C2CCOc2ccccc21,37
CN1CCN(c2ccc(C3c4ccc(O)cc4CCN3c3ccccc3)cc2)CC1,1.0,CN1CCN(CC1)c2ccc(cc2)C3N(CCc4cc(O)ccc34)c5ccccc5,c1ccc(N2CCc3ccccc3C2c2ccc(N3CCNCC3)cc2)cc1,30
CN1CCN(c2ccc(N)cc2)CC1,0.0,CN1CCN(CC1)c2ccc(N)cc2,c1ccc(N2CCNCC2)cc1,14
CN1CCN(c2ccc(NC(=O)c3cccc(OCc4ccccc4)c3)cc2)CC1,1.0,CN1CCN(CC1)c2ccc(NC(=O)c3cccc(OCc4ccccc4)c3)cc2,O=C(Nc1ccc(N2CCNCC2)cc1)c1cccc(OCc2ccccc2)c1,30
CN1CCN(c2ccc([C@@H]3Oc4ccc(O)cc4S[C@@H]3c3ccc(O)cc3)cc2)CC1,1.0,CN1CCN(CC1)c2ccc(cc2)[C@@H]3Oc4ccc(O)cc4S[C@@H]3c5ccc(O)cc5,c1ccc(C2Sc3ccccc3OC2c2ccc(N3CCNCC3)cc2)cc1,31
CN1CCN(c2nc(NCCCc3ccccc3)nc(N3CCCC(c4ccc(O)cc4)C3)n2)CC1,0.0,CN1CCN(CC1)c2nc(NCCCc3ccccc3)nc(n2)N4CCCC(C4)c5ccc(O)cc5,c1ccc(CCCNc2nc(N3CCNCC3)nc(N3CCCC(c4ccccc4)C3)n2)cc1,36
CN1CCN(c2nc(NCCCc3ccccc3)nc(N3CCc4cc(O)ccc4C3)n2)CC1,0.0,CN1CCN(CC1)c2nc(NCCCc3ccccc3)nc(n2)N4CCc5cc(O)ccc5C4,c1ccc(CCCNc2nc(N3CCNCC3)nc(N3CCc4ccccc4C3)n2)cc1,34
CN1CCN(c2nc(NCCCc3ccccc3)nc(NC3CCc4ccc(O)cc4C3)n2)CC1,0.0,CN1CCN(CC1)c2nc(NCCCc3ccccc3)nc(NC4CCc5ccc(O)cc5C4)n2,c1ccc(CCCNc2nc(NC3CCc4ccccc4C3)nc(N3CCNCC3)n2)cc1,35
CN1CCN(c2nc(NCCCc3ccccc3)nc(NCCc3cccc(O)c3)n2)CC1,0.0,CN1CCN(CC1)c2nc(NCCCc3ccccc3)nc(NCCc4cccc(O)c4)n2,c1ccc(CCCNc2nc(NCCc3ccccc3)nc(N3CCNCC3)n2)cc1,33
CN1CCN(c2nc(NCCCc3ccccc3)nc(NCc3ccc(O)cc3)n2)CC1,0.0,CN1CCN(CC1)c2nc(NCCCc3ccccc3)nc(NCc4ccc(O)cc4)n2,c1ccc(CCCNc2nc(NCc3ccccc3)nc(N3CCNCC3)n2)cc1,32
CN1CCN(c2nc(NCCc3ccc(O)cc3)nc(N(C)CCCc3ccc(Cl)cc3)n2)CC1,1.0,CN(CCCc1ccc(Cl)cc1)c2nc(NCCc3ccc(O)cc3)nc(n2)N4CCN(C)CC4,c1ccc(CCCNc2nc(NCCc3ccccc3)nc(N3CCNCC3)n2)cc1,35
CN1CCN(c2nc(NCCc3ccc(O)cc3)nc(NC3CCc4ccccc43)n2)CC1,0.0,CN1CCN(CC1)c2nc(NCCc3ccc(O)cc3)nc(NC4CCc5ccccc45)n2,c1ccc(CCNc2nc(NC3CCc4ccccc43)nc(N3CCNCC3)n2)cc1,33
CN1CCN(c2nc(NCCc3ccc(O)cc3)nc(SCCCc3ccccc3)n2)CC1,1.0,CN1CCN(CC1)c2nc(NCCc3ccc(O)cc3)nc(SCCCc4ccccc4)n2,c1ccc(CCCSc2nc(NCCc3ccccc3)nc(N3CCNCC3)n2)cc1,33
CN1CC[C@H](N(Cc2ccccc2C(F)(F)F)c2ccc(C#N)c(Cl)c2)C1,0.0,CN1CC[C@@H](C1)N(Cc2ccccc2C(F)(F)F)c3ccc(C#N)c(Cl)c3,c1ccc(CN(c2ccccc2)C2CCNC2)cc1,27
CNC(=O)c1c(NC(=O)c2nc3ccccc3s2)sc2c1CCC2,1.0,CNC(=O)c1c2CCCc2sc1NC(=O)c3nc4ccccc4s3,O=C(Nc1cc2c(s1)CCC2)c1nc2ccccc2s1,24
CNc1c(/C=N/O)ccc(-c2ccccc2)c1-c1ccccc1,1.0,CNc1c(\C=N\O)ccc(c2ccccc2)c1c3ccccc3,c1ccc(-c2ccccc2-c2ccccc2)cc1,23
CO/C=C\[C@]12CC[C@H](O)CC1=CCC1C2CC[C@@]2(C)C1CC[C@@H]2O,1.0,CO\C=C/[C@]12CC[C@H](O)CC1=CCC3C4CC[C@H](O)[C@@]4(C)CCC23,C1=C2CCCCC2C2CCC3CCCC3C2C1,24
CO/N=C/c1ccc(-c2ccccc2)c(-c2ccccc2)c1O,1.0,CO\N=C\c1ccc(c2ccccc2)c(c1O)c3ccccc3,c1ccc(-c2ccccc2-c2ccccc2)cc1,23
COC(=O)C(Cc1ccc(O)cc1)c1ccc(O)cc1,1.0,COC(=O)C(Cc1ccc(O)cc1)c2ccc(O)cc2,c1ccc(CCc2ccccc2)cc1,20
COC(=O)C(O)(c1ccc(N(C)C(=O)OC(C)C)cc1)C(F)(F)F,0.0,COC(=O)C(O)(c1ccc(cc1)N(C)C(=O)OC(C)C)C(F)(F)F,c1ccccc1,24
COC(=O)CCCCCCC(=O)Nc1cccc(OS(=O)(=O)C2CC3OC2C(c2ccc(O)cc2)=C3c2ccc(O)cc2)c1,0.0,COC(=O)CCCCCCC(=O)Nc1cccc(OS(=O)(=O)C2CC3OC2C(=C3c4ccc(O)cc4)c5ccc(O)cc5)c1,O=S(=O)(Oc1ccccc1)C1CC2OC1C(c1ccccc1)=C2c1ccccc1,44
COC(=O)COc1ccc(C2Oc3cc(O)ccc3C3=C2c2ccc(O)cc2OCC3)cc1,1.0,COC(=O)COc1ccc(cc1)C2Oc3cc(O)ccc3C4=C2c5ccc(O)cc5OCC4,c1ccc(C2Oc3ccccc3C3=C2c2ccccc2OCC3)cc1,33
COC(=O)Nc1c(-c2ccccc2)nc2ccc(C)cn12,0.0,COC(=O)Nc1c(nc2ccc(C)cn12)c3ccccc3,c1ccc(-c2cn3ccccc3n2)cc1,21
COC(=O)[C@@H]1CC2=CC(=O)CC[C@]2(C)[C@@]23O[C@@H]2C[C@@]2(C)[C@@H](CC[C@@]24CCC(=O)O4)[C@H]13,0.0,COC(=O)[C@@H]1CC2=CC(=O)CC[C@]2(C)[C@@]34O[C@@H]3C[C@@]5(C)[C@@H](CC[C@@]56CCC(=O)O6)[C@H]14,O=C1C=C2CCC3C4CCC5(CCC(=O)O5)C4CC4OC43C2CC1,30
COC(=O)c1c(NC(=O)Cc2cccs2)sc2c1CCCC2,0.0,COC(=O)c1c2CCCCc2sc1NC(=O)Cc3cccs3,O=C(Cc1cccs1)Nc1cc2c(s1)CCCC2,22
COC(=O)c1cc(O)cc2ncn(-c3ccc(O)cc3)c(=O)c12,0.0,COC(=O)c1cc(O)cc2N=CN(C(=O)c12)c3ccc(O)cc3,O=c1c2ccccc2ncn1-c1ccccc1,23
COC(=O)c1cc(OC(C)=O)cc2ncn(-c3ccc(OC(C)=O)cc3)c(=S)c12,0.0,COC(=O)c1cc(OC(=O)C)cc2N=CN(C(=S)c12)c3ccc(OC(=O)C)cc3,S=c1c2ccccc2ncn1-c1ccccc1,29
COC(=O)c1ccc(CC(=O)c2c(C)cc(O)cc2O)o1,0.0,COC(=O)c1oc(CC(=O)c2c(C)cc(O)cc2O)cc1,O=C(Cc1ccco1)c1ccccc1,21
COC(=O)c1ccc(CSc2ncnc3c2oc2ccccc23)o1,1.0,COC(=O)c1oc(CSc2ncnc3c2oc4ccccc34)cc1,c1coc(CSc2ncnc3c2oc2ccccc23)c1,24
COC(=O)c1ccc(NC(=O)CSc2nc(C)cc(O)n2)cc1,0.0,COC(=O)c1ccc(NC(=O)CSc2nc(C)cc(O)n2)cc1,O=C(CSc1ncccn1)Nc1ccccc1,23
COC(=O)c1ccccc1NC(=O)c1noc2c1CCC2,0.0,COC(=O)c1ccccc1NC(=O)c2noc3CCCc23,O=C(Nc1ccccc1)c1noc2c1CCC2,21
COC(=O)c1cnn2c(C(F)(F)F)cc(-c3ccco3)nc12,0.0,COC(=O)c1cnn2c(cc(nc12)c3occc3)C(F)(F)F,c1coc(-c2ccn3nccc3n2)c1,22
COC(=O)c1sc2nc(-c3ccco3)ccc2c1N,0.0,COC(=O)c1sc2nc(ccc2c1N)c3occc3,c1coc(-c2ccc3ccsc3n2)c1,19
COCC(=O)Nc1nnc(Cc2ccc(OC)cc2)s1,0.0,COCC(=O)Nc1nnc(Cc2ccc(OC)cc2)s1,c1ccc(Cc2nncs2)cc1,20
COCCCCCC[C@H]1C[C@H]2[C@@H](CCC3[C@H](O)CC[C@@H]32)c2ccc(O)cc21,1.0,COCCCCCC[C@H]1C[C@@H]2[C@H]3CC[C@@H](O)C3CC[C@H]2c4ccc(O)cc14,c1ccc2c(c1)CCC1C2CCC2CCCC21,27
COCCCNc1nc2c(=O)[nH]c(=O)n(C)c2[nH]1,0.0,COCCCNc1nc2C(=O)NC(=O)N(C)c2[nH]1,O=c1[nH]c(=O)c2nc[nH]c2[nH]1,18
COCCCn1c(Cc2csc(Nc3cccc(Cl)c3)n2)nnc1SCC(=O)OC,0.0,COCCCn1c(Cc2csc(Nc3cccc(Cl)c3)n2)nnc1SCC(=O)OC,c1ccc(Nc2nc(Cc3nnc[nH]3)cs2)cc1,30
COCCCn1c(Cc2csc(Nc3cccc(Cl)c3)n2)nnc1SCC(=O)OC1CCCCC1,1.0,COCCCn1c(Cc2csc(Nc3cccc(Cl)c3)n2)nnc1SCC(=O)OC4CCCCC4,O=C(CSc1nnc(Cc2csc(Nc3ccccc3)n2)[nH]1)OC1CCCCC1,35
COCCOC(=O)c1c(C)oc2ccc(NS(=O)(=O)c3ccc(C(=O)O)cc3)cc12,0.0,COCCOC(=O)c1c(C)oc2ccc(NS(=O)(=O)c3ccc(cc3)C(=O)O)cc12,O=S(=O)(Nc1ccc2occc2c1)c1ccccc1,30
COCCn1c(C)cc(C(=O)COC(=O)c2cc3c(s2)CCC3)c1C,0.0,COCCn1c(C)cc(C(=O)COC(=O)c2cc3CCCc3s2)c1C,O=C(COC(=O)c1cc2c(s1)CCC2)c1cc[nH]c1,25
COC[C@@H]1CC2C(CC[C@@]3(C)C2CC[C@@H]3O)c2ccc(O)cc21,1.0,COC[C@@H]1CC2C(CC[C@]3(C)[C@@H](O)CCC23)c4ccc(O)cc14,c1ccc2c(c1)CCC1C2CCC2CCCC21,23
COC[C@@H]1C[C@@H]2[C@H](CCC3C(O)CC[C@H]32)c2ccc(O)cc21,1.0,COC[C@@H]1C[C@H]2[C@@H]3CCC(O)C3CC[C@@H]2c4ccc(O)cc14,c1ccc2c(c1)CCC1C2CCC2CCCC21,22
COCc1cc(O)cc2c1O[C@@H](c1ccc(O)cc1)[C@H]1CC(F)(F)C[C@@H]21,1.0,COCc1cc(O)cc2[C@@H]3CC(F)(F)C[C@@H]3[C@@H](Oc12)c4ccc(O)cc4,c1ccc(C2Oc3ccccc3C3CCCC32)cc1,26
COCc1cc(O)cc2c1O[C@@H](c1ccc(O)cc1)[C@H]1CCC[C@@H]21,1.0,COCc1cc(O)cc2[C@@H]3CCC[C@@H]3[C@@H](Oc12)c4ccc(O)cc4,c1ccc(C2Oc3ccccc3C3CCCC32)cc1,24
COCc1cc(O)n2c(-c3ccc(C)cc3)nnc2n1,0.0,COCc1cc(O)n2c(nnc2n1)c3ccc(C)cc3,c1ccc(-c2nnc3ncccn23)cc1,20
COc1c(Br)c(O)c(Br)c2nc(-c3ccc(O)c(F)c3)oc12,1.0,COc1c(Br)c(O)c(Br)c2nc(oc12)c3ccc(O)c(F)c3,c1ccc(-c2nc3ccccc3o2)cc1,22
COc1c(C)c(Br)c2c(=O)oc3c(C)c(O)ccc3c2c1C,1.0,COc1c(C)c(Br)c2C(=O)Oc3c(C)c(O)ccc3c2c1C,O=c1oc2ccccc2c2ccccc12,22
COc1c(C)cc2c(=O)oc3c(C)c(O)ccc3c2c1C,1.0,COc1c(C)cc2C(=O)Oc3c(C)c(O)ccc3c2c1C,O=c1oc2ccccc2c2ccccc12,21
COc1c(O)ccc2cc(-c3ccc(O)cc3)ccc12,1.0,COc1c(O)ccc2cc(ccc12)c3ccc(O)cc3,c1ccc(-c2ccc3ccccc3c2)cc1,20
COc1cc(-c2cc(=O)c3cc(O)ccc3o2)ccc1O,0.0,COc1cc(ccc1O)C2=CC(=O)c3cc(O)ccc3O2,O=c1cc(-c2ccccc2)oc2ccccc12,21
COc1cc(/C=C2\SC(=O)NC2=O)ccc1Oc1ccc(C#N)cc1C(F)(F)F,0.0,COc1cc(\C=C\2/SC(=O)NC2=O)ccc1Oc3ccc(cc3C(F)(F)F)C#N,O=C1NC(=O)C(=Cc2ccc(Oc3ccccc3)cc2)S1,29
COc1cc(/C=N/NC(=O)c2cc3c(ccc4ccccc43)o2)cc(OC)c1O,0.0,COc1cc(\C=N\NC(=O)c2oc3ccc4ccccc4c3c2)cc(OC)c1O,O=C(NN=Cc1ccccc1)c1cc2c(ccc3ccccc32)o1,29
COc1cc(Br)c2c(c1)C(=O)N(c1ccc(O)cc1)C2=O,0.0,COc1cc(Br)c2C(=O)N(C(=O)c2c1)c3ccc(O)cc3,O=C1c2ccccc2C(=O)N1c1ccccc1,21
COc1cc(C(Nc2ccccn2)c2ccc3ccc(C)nc3c2O)cc(OC)c1O,0.0,COc1cc(cc(OC)c1O)C(Nc2ccccn2)c3ccc4ccc(C)nc4c3O,c1ccc(C(Nc2ccccn2)c2ccc3cccnc3c2)cc1,31
COc1cc(C2C(C#N)=C(N)Oc3cc(C)oc(=O)c32)cc2c1OCO2,0.0,COc1cc(cc2OCOc12)C3C(=C(N)OC4=C3C(=O)OC(=C4)C)C#N,O=c1occc2c1C(c1ccc3c(c1)OCO3)C=CO2,26
COc1cc(C2Nc3cccc4cccc(c34)N2)cc(OC)c1O,0.0,COc1cc(cc(OC)c1O)C2Nc3cccc4cccc(N2)c34,c1ccc(C2Nc3cccc4cccc(c34)N2)cc1,24
COc1cc(C2Nc3ccccc3C(=O)N2Cc2ccccc2)ccc1O,0.0,COc1cc(ccc1O)C2Nc3ccccc3C(=O)N2Cc4ccccc4,O=C1c2ccccc2NC(c2ccccc2)N1Cc1ccccc1,27
COc1cc(CCC(=O)OCC(=O)Nc2ncc(Cl)cc2Cl)cc(OC)c1OC,0.0,COc1cc(CCC(=O)OCC(=O)Nc2ncc(Cl)cc2Cl)cc(OC)c1OC,O=C(COC(=O)CCc1ccccc1)Nc1ccccn1,29
COc1cc(CNC(=O)[C@@]2(Cc3ccccc3)OC(=O)N([C@@H]3CCc4ccccc43)C2=O)cc(OC)c1,0.0,COc1cc(CNC(=O)[C@@]2(Cc3ccccc3)OC(=O)N([C@@H]4CCc5ccccc45)C2=O)cc(OC)c1,O=C1OC(Cc2ccccc2)(C(=O)NCc2ccccc2)C(=O)N1C1CCc2ccccc21,37
COc1cc(NC(=O)c2cccs2)c(C(=O)OCC(=O)NC(=O)NC(C)(C)C)cc1OC,0.0,COc1cc(NC(=O)c2cccs2)c(cc1OC)C(=O)OCC(=O)NC(=O)NC(C)(C)C,O=C(Nc1ccccc1)c1cccs1,32
COc1cc(O)c(Br)c2cc(-c3ccc(O)c(F)c3)oc12,1.0,COc1cc(O)c(Br)c2cc(oc12)c3ccc(O)c(F)c3,c1ccc(-c2cc3ccccc3o2)cc1,21
COc1cc(O)c(Br)c2cc(-c3ccc(O)cc3)oc12,1.0,COc1cc(O)c(Br)c2cc(oc12)c3ccc(O)cc3,c1ccc(-c2cc3ccccc3o2)cc1,20
COc1cc(O)c(Br)c2nc(-c3ccc(O)c(F)c3)oc12,1.0,COc1cc(O)c(Br)c2nc(oc12)c3ccc(O)c(F)c3,c1ccc(-c2nc3ccccc3o2)cc1,21
COc1cc(O)c(C#N)c2cc(-c3ccc(O)cc3)oc12,1.0,COc1cc(O)c(C#N)c2cc(oc12)c3ccc(O)cc3,c1ccc(-c2cc3ccccc3o2)cc1,21
COc1cc(O)c(Cl)c2cc(-c3ccc(O)cc3)oc12,1.0,COc1cc(O)c(Cl)c2cc(oc12)c3ccc(O)cc3,c1ccc(-c2cc3ccccc3o2)cc1,20
COc1cc(O)c2c(=O)c3c(oc2c1)oc1cc(O)ccc13,1.0,COc1cc(O)c2C(=O)c3c(Oc2c1)oc4cc(O)ccc34,O=c1c2ccccc2oc2oc3ccccc3c12,22
COc1cc(O)c2c(=O)n(-c3ccc(O)cc3)c(=S)[nH]c2c1,0.0,COc1cc(O)c2C(=O)N(C(=S)Nc2c1)c3ccc(O)cc3,O=c1c2ccccc2[nH]c(=S)n1-c1ccccc1,22
COc1cc(O)c2c(=O)n(-c3ccc(O)cc3)cnc2c1,0.0,COc1cc(O)c2C(=O)N(C=Nc2c1)c3ccc(O)cc3,O=c1c2ccccc2ncn1-c1ccccc1,21
COc1cc(O)cc2c1C(Br)=C(c1ccc(O)cc1)C2=O,1.0,COc1cc(O)cc2C(=O)C(=C(Br)c12)c3ccc(O)cc3,O=C1C(c2ccccc2)=Cc2ccccc21,21
COc1cc(O)cc2cc(-c3ccc(O)c(F)c3)oc12,1.0,COc1cc(O)cc2cc(oc12)c3ccc(O)c(F)c3,c1ccc(-c2cc3ccccc3o2)cc1,20
COc1cc(O)cc2cc(-c3ccc(O)cc3)oc12,1.0,COc1cc(O)cc2cc(oc12)c3ccc(O)cc3,c1ccc(-c2cc3ccccc3o2)cc1,19
COc1cc(O)cc2nc(-c3ccc(O)cc3)oc12,1.0,COc1cc(O)cc2nc(oc12)c3ccc(O)cc3,c1ccc(-c2nc3ccccc3o2)cc1,19
COc1cc(O)cc2ncn(-c3ccc(O)cc3)c(=O)c12,0.0,COc1cc(O)cc2N=CN(C(=O)c12)c3ccc(O)cc3,O=c1c2ccccc2ncn1-c1ccccc1,21
COc1cc(O)ccc1-c1ccc2cc(O)ccc2c1,1.0,COc1cc(O)ccc1c2ccc3cc(O)ccc3c2,c1ccc(-c2ccc3ccccc3c2)cc1,20
COc1cc([C@@H]2C(=O)N(c3ccc(O)cc3)[C@H]2c2ccc(O)cc2)cc(OC)c1OC,0.0,COc1cc(cc(OC)c1OC)[C@H]2[C@@H](N(C2=O)c3ccc(O)cc3)c4ccc(O)cc4,O=C1C(c2ccccc2)C(c2ccccc2)N1c1ccccc1,31
COc1cc([C@@H]2C(=O)c3ccc(O)cc3O[C@@H]2c2ccc(OCCN3CCCCC3)cc2)ccc1O,0.0,COc1cc(ccc1O)[C@H]2[C@H](Oc3cc(O)ccc3C2=O)c4ccc(OCCN5CCCCC5)cc4,O=C1c2ccccc2OC(c2ccc(OCCN3CCCCC3)cc2)C1c1ccccc1,36
COc1cc([C@@H]2OC[C@]3(CO)CC=C(C)[C@H]2C3)ccc1O,0.0,COc1cc(ccc1O)[C@@H]2OC[C@]3(CO)CC=C(C)[C@H]2C3,C1=CC2CC(C1)COC2c1ccccc1,21
COc1cc([C@H]2[C@H](c3ccc(O)cc3)C(=O)N2c2ccc(O)cc2)cc(OC)c1OC,0.0,COc1cc(cc(OC)c1OC)[C@H]2[C@@H](C(=O)N2c3ccc(O)cc3)c4ccc(O)cc4,O=C1C(c2ccccc2)C(c2ccccc2)N1c1ccccc1,31
COc1cc2c(=O)oc3c(C)c(O)ccc3c2cc1Br,1.0,COc1cc2C(=O)Oc3c(C)c(O)ccc3c2cc1Br,O=c1oc2ccccc2c2ccccc12,20
COc1cc2c3c(c1)/C(=C1/SC(NC(C)=O)=NC1=O)C(=O)N3C(C)(C)C=C2C,0.0,COc1cc2C(=CC(C)(C)N3C(=O)\C(=C\4/SC(=NC4=O)NC(=O)C)\c(c1)c23)C,O=C1N=CSC1=C1C(=O)N2CC=Cc3cccc1c32,28
COc1ccc(-c2ccc(O)cc2)cc1,0.0,COc1ccc(cc1)c2ccc(O)cc2,c1ccc(-c2ccccc2)cc1,15
COc1ccc(-c2cn3ccsc3n2)cc1,0.0,COc1ccc(cc1)c2cn3ccsc3n2,c1ccc(-c2cn3ccsc3n2)cc1,16
COc1ccc(-c2nnc(SC/C(O)=C(/C#N)C(C)=N)o2)cc1,0.0,COc1ccc(cc1)c2oc(SC\C(=C(\C#N)/C(=N)C)\O)nn2,c1ccc(-c2nnco2)cc1,23
COc1ccc(-c2noc(CCC(=O)N3CCN(c4cccc(C(F)(F)F)c4)CC3)n2)cc1,0.0,COc1ccc(cc1)c2noc(CCC(=O)N3CCN(CC3)c4cccc(c4)C(F)(F)F)n2,O=C(CCc1nc(-c2ccccc2)no1)N1CCN(c2ccccc2)CC1,33
COc1ccc(-c2sc3cc(O)ccc3c2Oc2ccc(OCCN3CCCCC3)cc2)cc1,1.0,COc1ccc(cc1)c2sc3cc(O)ccc3c2Oc4ccc(OCCN5CCCCC5)cc4,c1ccc(-c2sc3ccccc3c2Oc2ccc(OCCN3CCCCC3)cc2)cc1,34
COc1ccc(/C=C(/C(=O)N(C)CCCCCCCCCCCCn2c(-c3ccc(O)cc3)c(C)c3cc(O)ccc32)c2cc(OC)c(OC)c(OC)c2)cc1O,1.0,COc1ccc(\C=C(\C(=O)N(C)CCCCCCCCCCCCn2c(c(C)c3cc(O)ccc23)c4ccc(O)cc4)/c5cc(OC)c(OC)c(OC)c5)cc1O,O=C(NCCCCCCCCCCCCn1c(-c2ccccc2)cc2ccccc21)C(=Cc1ccccc1)c1ccccc1,57
COc1ccc(C(=O)COC(=O)c2ccc(O)cc2)cc1,0.0,COc1ccc(cc1)C(=O)COC(=O)c2ccc(O)cc2,O=C(COC(=O)c1ccccc1)c1ccccc1,21
COc1ccc(C(=O)Nc2nc3c(s2)Cc2cc(OC)ccc2-3)cc1,1.0,COc1ccc(cc1)C(=O)Nc2nc3c(Cc4cc(OC)ccc34)s2,O=C(Nc1nc2c(s1)Cc1ccccc1-2)c1ccccc1,25
COc1ccc(C(=O)c2c(C(F)(F)F)oc3c2C(=O)c2ccccc2C3=O)cc1,0.0,COc1ccc(cc1)C(=O)c2c3C(=O)c4ccccc4C(=O)c3oc2C(F)(F)F,O=C(c1ccccc1)c1coc2c1C(=O)c1ccccc1C2=O,29
COc1ccc(C(C(=O)NC2CCCC2)N(C(=O)c2ccco2)c2ccc3c(c2)OCO3)cc1OC,0.0,COc1ccc(cc1OC)C(N(C(=O)c2occc2)c3ccc4OCOc4c3)C(=O)NC5CCCC5,O=C(NC1CCCC1)C(c1ccccc1)N(C(=O)c1ccco1)c1ccc2c(c1)OCO2,36
COc1ccc(C(N)CCc2ccc(C)o2)cc1,0.0,Cl.COc1ccc(cc1)C(N)CCc2oc(C)cc2,c1ccc(CCCc2ccco2)cc1,18
COc1ccc(C2CC(=O)Nc3ccccc3S2(=O)=O)cc1OC,1.0,COc1ccc(cc1OC)C2CC(=O)Nc3ccccc3S2(=O)=O,O=C1CC(c2ccccc2)S(=O)(=O)c2ccccc2N1,24
COc1ccc(CNC(=O)COC(=O)c2cc(-c3ccco3)nc3ccccc23)cc1,0.0,COc1ccc(CNC(=O)COC(=O)c2cc(nc3ccccc23)c4occc4)cc1,O=C(COC(=O)c1cc(-c2ccco2)nc2ccccc12)NCc1ccccc1,31
COc1ccc(Cc2nnc(NC(=O)Cc3cccs3)s2)cc1,1.0,COc1ccc(Cc2nnc(NC(=O)Cc3cccs3)s2)cc1,O=C(Cc1cccs1)Nc1nnc(Cc2ccccc2)s1,23
COc1ccc(Cl)cc1NC(=O)c1ocnc1C,0.0,COc1ccc(Cl)cc1NC(=O)c2ocnc2C,O=C(Nc1ccccc1)c1cnco1,18
COc1ccc(Cn2c(C)c(C)c(C#N)c2NC(=O)Nc2cccc(C)c2)cc1,0.0,COc1ccc(Cn2c(C)c(C)c(C#N)c2NC(=O)Nc3cccc(C)c3)cc1,O=C(Nc1ccccc1)Nc1cccn1Cc1ccccc1,29
COc1ccc(Cn2nnnc2C(c2ccccc2OC)N2CCC(C(N)=O)CC2)cc1,0.0,COc1ccc(Cn2nnnc2C(N3CCC(CC3)C(=O)N)c4ccccc4OC)cc1,c1ccc(Cn2nnnc2C(c2ccccc2)N2CCCCC2)cc1,32
COc1ccc(N2C(=O)c3ccc(O)cc3C2=O)c(OC)c1,0.0,COc1ccc(N2C(=O)c3ccc(O)cc3C2=O)c(OC)c1,O=C1c2ccccc2C(=O)N1c1ccccc1,22
COc1ccc(N2C(=O)c3ccc(O)cc3C2=O)c([N+](=O)[O-])c1,0.0,COc1ccc(N2C(=O)c3ccc(O)cc3C2=O)c(c1)[N+](=O)[O-],O=C1c2ccccc2C(=O)N1c1ccccc1,23
COc1ccc(N2C(=O)c3ccc(O)cc3C2=O)cc1,0.0,COc1ccc(cc1)N2C(=O)c3ccc(O)cc3C2=O,O=C1c2ccccc2C(=O)N1c1ccccc1,20
COc1ccc(N2CC(C(=O)O)CC2=O)cc1,0.0,COc1ccc(cc1)N2CC(CC2=O)C(=O)O,O=C1CCCN1c1ccccc1,17
COc1ccc(N2CCN(C(=O)CCCn3c(=O)[nH]c4ccsc4c3=O)CC2)cc1,0.0,COc1ccc(cc1)N2CCN(CC2)C(=O)CCCN3C(=O)Nc4ccsc4C3=O,O=C(CCCn1c(=O)[nH]c2ccsc2c1=O)N1CCN(c2ccccc2)CC1,30
COc1ccc(N2Cc3cccc(C(=O)N4CCN(C(=O)c5ccco5)CC4)c3C2=O)cc1,0.0,COc1ccc(cc1)N2Cc3cccc(C(=O)N4CCN(CC4)C(=O)c5occc5)c3C2=O,O=C(c1ccco1)N1CCN(C(=O)c2cccc3c2C(=O)N(c2ccccc2)C3)CC1,33
COc1ccc(N2Cc3cccc(C(=O)O)c3C2=O)cc1,0.0,COc1ccc(cc1)N2Cc3cccc(C(=O)O)c3C2=O,O=C1c2ccccc2CN1c1ccccc1,21
COc1ccc(NC(=O)CN(c2ccccc2)S(=O)(=O)N(C)C)cc1OC,0.0,COc1ccc(NC(=O)CN(c2ccccc2)S(=O)(=O)N(C)C)cc1OC,O=C(CNc1ccccc1)Nc1ccccc1,27
COc1ccc(NC(=O)CSc2nc3c(cc2C#N)CN(C)CC3)cc1,0.0,COc1ccc(NC(=O)CSc2nc3CCN(C)Cc3cc2C#N)cc1,O=C(CSc1ccc2c(n1)CCNC2)Nc1ccccc1,26
COc1ccc(NC(=O)Nc2ccc(N(C)C)cc2)cc1,0.0,COc1ccc(NC(=O)Nc2ccc(cc2)N(C)C)cc1,O=C(Nc1ccccc1)Nc1ccccc1,21
COc1ccc(NC(=O)c2cc(-c3ccc(C)o3)nc3ccccc23)cc1OC,0.0,COc1ccc(NC(=O)c2cc(nc3ccccc23)c4oc(C)cc4)cc1OC,O=C(Nc1ccccc1)c1cc(-c2ccco2)nc2ccccc12,29
COc1ccc(NC(=O)c2ccco2)cc1N,0.0,COc1ccc(NC(=O)c2occc2)cc1N,O=C(Nc1ccccc1)c1ccco1,17
COc1ccc(NC(=O)c2noc3c2CCC3)cc1,1.0,COc1ccc(NC(=O)c2noc3CCCc23)cc1,O=C(Nc1ccccc1)c1noc2c1CCC2,19
COc1ccc(NC2=NC(=O)S/C2=C\c2ccc(N(C)C)cc2)cc1,0.0,COc1ccc(NC2=NC(=O)S/C/2=C\c3ccc(cc3)N(C)C)cc1,O=C1N=C(Nc2ccccc2)C(=Cc2ccccc2)S1,25
COc1ccc(Nc2nnc(SCc3cc(=O)n4ccsc4n3)s2)cc1,0.0,COc1ccc(Nc2nnc(SCC3=CC(=O)N4C=CSC4=N3)s2)cc1,O=c1cc(CSc2nnc(Nc3ccccc3)s2)nc2sccn12,26
COc1ccc(OC)c(/C=N/c2oc(-c3ccco3)c(-c3ccco3)c2C#N)c1,0.0,COc1ccc(OC)c(\C=N\c2oc(c3occc3)c(c4occc4)c2C#N)c1,C(=Nc1cc(-c2ccco2)c(-c2ccco2)o1)c1ccccc1,29
COc1ccc(OC)c(N2C(=O)[C@@H]3C(c4ccccc4Cl)=NO[C@@H]3C2=O)c1,0.0,COc1ccc(OC)c(c1)N2C(=O)[C@H]3ON=C([C@H]3C2=O)c4ccccc4Cl,O=C1C2ON=C(c3ccccc3)C2C(=O)N1c1ccccc1,27
COc1ccc([C@@H](Oc2ccc3c(cnn3-c3ccc(F)cc3)c2)[C@H](C)NC(=O)C2CC2)cn1,0.0,COc1ccc(cn1)[C@@H](Oc2ccc3c(cnn3c4ccc(F)cc4)c2)[C@H](C)NC(=O)C5CC5,O=C(NCC(Oc1ccc2c(cnn2-c2ccccc2)c1)c1cccnc1)C1CC1,34
COc1ccc([C@H]2[C@H](C(O)c3ccc(O)cc3)C(=O)N2c2cc(OC)c(OC)c(OC)c2)cc1,1.0,COc1ccc(cc1)[C@H]2[C@H](C(O)c3ccc(O)cc3)C(=O)N2c4cc(OC)c(OC)c(OC)c4,O=C1C(Cc2ccccc2)C(c2ccccc2)N1c1ccccc1,34
COc1ccc2c(=O)c3c(=O)n(Cc4ccco4)c(-c4ccco4)nc3oc2c1,0.0,COc1ccc2C(=O)C3=C(Oc2c1)N=C(N(Cc4occc4)C3=O)c5occc5,O=c1c2ccccc2oc2nc(-c3ccco3)n(Cc3ccco3)c(=O)c12,29
COc1ccc2c(C(Nc3ccc(Cl)cc3)c3ccccc3Cl)c(C)[nH]c2c1,0.0,COc1ccc2c(C(Nc3ccc(Cl)cc3)c4ccccc4Cl)c(C)[nH]c2c1,c1ccc(NC(c2ccccc2)c2c[nH]c3ccccc23)cc1,28
COc1ccc2c(c1)C(Br)=C(c1ccc(O)cc1)C2=O,1.0,COc1ccc2C(=O)C(=C(Br)c2c1)c3ccc(O)cc3,O=C1C(c2ccccc2)=Cc2ccccc21,20
COc1ccc2c(c1)CCC1=CC(=O)CC[C@@]12Cc1ccccc1,0.0,COc1ccc2c(CCC3=CC(=O)CC[C@]23Cc4ccccc4)c1,O=C1C=C2CCc3ccccc3C2(Cc2ccccc2)CC1,24
COc1ccc2c(c1)CCC1=CC(=O)CC[C@]12Cc1ccccc1,0.0,COc1ccc2c(CCC3=CC(=O)CC[C@@]23Cc4ccccc4)c1,O=C1C=C2CCc3ccccc3C2(Cc2ccccc2)CC1,24
COc1ccc2c(c1)CCN(C(=O)C(F)(F)F)C2,0.0,COc1ccc2CN(CCc2c1)C(=O)C(F)(F)F,c1ccc2c(c1)CCNC2,18
COc1ccc2c(c1)CC[C@@H]1[C@@H]2CC[C@@]2(C)[C@H]1CC[C@@]2(O)/C=C/CC(F)(F)C(F)(F)C(F)(F)C(F)(F)C(F)(F)C(F)(F)F,0.0,COc1ccc2[C@H]3CC[C@@]4(C)[C@@H](CC[C@@]4(O)\C=C\CC(F)(F)C(F)(F)C(F)(F)C(F)(F)C(F)(F)C(F)(F)F)[C@@H]3CCc2c1,c1ccc2c(c1)CCC1C2CCC2CCCC21,43
COc1ccc2c(c1)CC[C@@H]1[C@@H]2CC[C@@]2(C)[C@H]1CC[C@@]2(O)/C=C/CC(F)(F)C(F)(F)C(F)(F)F,0.0,COc1ccc2[C@H]3CC[C@@]4(C)[C@@H](CC[C@@]4(O)\C=C\CC(F)(F)C(F)(F)C(F)(F)F)[C@@H]3CCc2c1,c1ccc2c(c1)CCC1C2CCC2CCCC21,34
COc1ccc2c(c1)CC[C@@H]1[C@@H]2CC[C@@]2(C)[C@H]1CC[C@@]2(O)C/C=C/CC(F)(F)C(F)(F)C(F)(F)C(F)(F)C(F)(F)C(F)(F)F,0.0,COc1ccc2[C@H]3CC[C@@]4(C)[C@@H](CC[C@@]4(O)C\C=C\CC(F)(F)C(F)(F)C(F)(F)C(F)(F)C(F)(F)C(F)(F)F)[C@@H]3CCc2c1,c1ccc2c(c1)CCC1C2CCC2CCCC21,44
COc1ccc2c(c1)CC[C@@H]1[C@@H]2CC[C@@]2(C)[C@H]1CC[C@@]2(O)C/C=C/CC(F)(F)C(F)(F)C(F)(F)F,0.0,COc1ccc2[C@H]3CC[C@@]4(C)[C@@H](CC[C@@]4(O)C\C=C\CC(F)(F)C(F)(F)C(F)(F)F)[C@@H]3CCc2c1,c1ccc2c(c1)CCC1C2CCC2CCCC21,35
COc1ccc2c(c1)CS[C@H](c1ccccc1)[C@@H]2c1ccc(OCCN2CCCC2)cc1,1.0,COc1ccc2[C@H]([C@H](SCc2c1)c3ccccc3)c4ccc(OCCN5CCCC5)cc4,c1ccc(C2SCc3ccccc3C2c2ccc(OCCN3CCCC3)cc2)cc1,32
COc1ccc2c(c1)OCCC(c1ccc(O)cc1)=C2c1ccc(OCCN2CCC2)cc1,1.0,COc1ccc2C(=C(CCOc2c1)c3ccc(O)cc3)c4ccc(OCCN5CCC5)cc4,c1ccc(C2=C(c3ccc(OCCN4CCC4)cc3)c3ccccc3OCC2)cc1,33
COc1ccc2c(c1)OCCC(c1ccc(O)cc1)=C2c1ccc(OCCN2CCCC2)cc1,1.0,COc1ccc2C(=C(CCOc2c1)c3ccc(O)cc3)c4ccc(OCCN5CCCC5)cc4,c1ccc(C2=C(c3ccc(OCCN4CCCC4)cc3)c3ccccc3OCC2)cc1,34
COc1ccc2c(c1)OCCC1=C2[C@@H](c2ccc(OCCN3CCCCC3)cc2)Oc2cc(O)ccc21,1.0,COc1ccc2C3=C(CCOc2c1)c4ccc(O)cc4O[C@@H]3c5ccc(OCCN6CCCCC6)cc5,c1ccc2c(c1)OC(c1ccc(OCCN3CCCCC3)cc1)C1=C2CCOc2ccccc21,37
COc1ccc2c(c1)OCCC1=C2[C@H](c2ccc(OCCN3CCCCC3)cc2)Oc2cc(O)ccc21,1.0,COc1ccc2C3=C(CCOc2c1)c4ccc(O)cc4O[C@H]3c5ccc(OCCN6CCCCC6)cc5,c1ccc2c(c1)OC(c1ccc(OCCN3CCCCC3)cc1)C1=C2CCOc2ccccc21,37
COc1ccc2c(c1)O[C@@H](c1ccc(OCCN3CCCCC3)cc1)C1=C2CCOc2cc(O)ccc21,1.0,COc1ccc2C3=C([C@@H](Oc2c1)c4ccc(OCCN5CCCCC5)cc4)c6ccc(O)cc6OCC3,c1ccc2c(c1)OC(c1ccc(OCCN3CCCCC3)cc1)C1=C2CCOc2ccccc21,37
COc1ccc2c(c1)O[C@@H](c1ccc(OCCN3CCCCC3)cc1)C1=C2CCOc2cc(OC)ccc21,0.0,COc1ccc2C3=C(CCOc2c1)c4ccc(OC)cc4O[C@H]3c5ccc(OCCN6CCCCC6)cc5,c1ccc2c(c1)OC(c1ccc(OCCN3CCCCC3)cc1)C1=C2CCOc2ccccc21,38
COc1ccc2c(c1)O[C@H](c1ccc(OCCN3CCCCC3)cc1)C1=C2CCOc2cc(O)ccc21,1.0,COc1ccc2C3=C([C@H](Oc2c1)c4ccc(OCCN5CCCCC5)cc4)c6ccc(O)cc6OCC3,c1ccc2c(c1)OC(c1ccc(OCCN3CCCCC3)cc1)C1=C2CCOc2ccccc21,37
COc1ccc2c(c1)c(=O)oc1cc(OCC(=O)N3CCC(C)CC3)ccc12,0.0,COc1ccc2c(c1)C(=O)Oc3cc(OCC(=O)N4CCC(C)CC4)ccc23,O=C(COc1ccc2c(c1)oc(=O)c1ccccc12)N1CCCCC1,28
COc1ccc2c(c1)c(=O)oc1cc(OCC(=O)N3CCc4ccccc4C3)ccc12,0.0,COc1ccc2c(c1)C(=O)Oc3cc(OCC(=O)N4CCc5ccccc5C4)ccc23,O=C(COc1ccc2c(c1)oc(=O)c1ccccc12)N1CCc2ccccc2C1,31
COc1ccc2c(c1)c(=O)oc1cc(OCC(=O)NC3CCCCC3)ccc12,0.0,COc1ccc2c(c1)C(=O)Oc3cc(OCC(=O)NC4CCCCC4)ccc23,O=C(COc1ccc2c(c1)oc(=O)c1ccccc12)NC1CCCCC1,28
COc1ccc2c(c1)c(=O)oc1cc3oc(C)c(C)c3cc12,0.0,COc1ccc2c(c1)C(=O)Oc3cc4oc(C)c(C)c4cc23,O=c1oc2cc3occc3cc2c2ccccc12,22
COc1ccc2c(c1C)c(=O)oc1c(C)c(O)ccc12,1.0,COc1ccc2c3ccc(O)c(C)c3OC(=O)c2c1C,O=c1oc2ccccc2c2ccccc12,20
COc1cccc(-c2[nH]nc3c2C(c2ccoc2)C(C#N)=C(N)O3)c1,0.0,COc1cccc(c1)c2[nH]nc3OC(=C(C#N)C(c4cocc4)c23)N,C1=CC(c2ccoc2)c2c(n[nH]c2-c2ccccc2)O1,25
COc1cccc(-n2nc(-c3ccnn3-c3ccc(F)cc3)c(=O)n(C)c2=O)c1,0.0,COc1cccc(c1)N2N=C(C(=O)N(C)C2=O)c3ccnn3c4ccc(F)cc4,O=c1[nH]c(=O)n(-c2ccccc2)nc1-c1ccnn1-c1ccccc1,29
COc1cccc(C(=O)NC2CC3CCCC(C2)N3CC(=O)Nc2ccccc2)c1,0.0,Cl.COc1cccc(c1)C(=O)NC2CC3CCCC(C2)N3CC(=O)Nc4ccccc4,O=C(CN1C2CCCC1CC(NC(=O)c1ccccc1)C2)Nc1ccccc1,30
COc1cccc(C(=O)Oc2cccc(O)c2)c1,0.0,COc1cccc(c1)C(=O)Oc2cccc(O)c2,O=C(Oc1ccccc1)c1ccccc1,18
COc1cccc(COc2ccc3c4c(c(=O)oc3c2)CCC4)c1,0.0,COc1cccc(COc2ccc3C4=C(CCC4)C(=O)Oc3c2)c1,O=c1oc2cc(OCc3ccccc3)ccc2c2c1CCC2,24
COc1cccc(OS(=O)(=O)C2CC3OC2C(c2ccc(NC(=O)CCCCCCC(=O)O)cc2)=C3c2ccc(O)cc2)c1,1.0,COc1cccc(OS(=O)(=O)C2CC3OC2C(=C3c4ccc(O)cc4)c5ccc(NC(=O)CCCCCCC(=O)O)cc5)c1,O=S(=O)(Oc1ccccc1)C1CC2OC1C(c1ccccc1)=C2c1ccccc1,44
COc1cccc2cc3c(=O)n(-c4ccccc4)nc-3oc12,0.0,COc1cccc2C=C3C(=NN(C3=O)c4ccccc4)Oc12,O=c1c2cc3ccccc3oc-2nn1-c1ccccc1,22
COc1cccc2oc3cc(O)ccc3c(=O)c12,1.0,COc1cccc2Oc3cc(O)ccc3C(=O)c12,O=c1c2ccccc2oc2ccccc12,18
COc1ccccc1-c1nnc2sc(-c3cnccn3)nn12,0.0,COc1ccccc1c2nnc3sc(nn23)c4cnccn4,c1ccc(-c2nnc3sc(-c4cnccn4)nn23)cc1,22
COc1ccccc1N1CCN(C(=O)c2ccc3nc(-c4ccco4)c(-c4ccco4)nc3c2)CC1,0.0,COc1ccccc1N2CCN(CC2)C(=O)c3ccc4nc(c5occc5)c(nc4c3)c6occc6,O=C(c1ccc2nc(-c3ccco3)c(-c3ccco3)nc2c1)N1CCN(c2ccccc2)CC1,36
COc1ccccc1NC(=O)NC(N)=O,0.0,COc1ccccc1NC(=O)NC(=O)N,c1ccccc1,15
COc1ccccc1OS(=O)(=O)C1CC2OC1C(c1ccc(NC(=O)CCCCCCC(=O)NO)cc1)=C2c1ccc(O)cc1,1.0,COc1ccccc1OS(=O)(=O)C2CC3OC2C(=C3c4ccc(O)cc4)c5ccc(NC(=O)CCCCCCC(=O)NO)cc5,O=S(=O)(Oc1ccccc1)C1CC2OC1C(c1ccccc1)=C2c1ccccc1,45
COc1ccccc1OS(=O)(=O)C1CC2OC1C(c1ccc(NC(=O)CCCCCCC(=O)O)cc1)=C2c1ccc(O)cc1,1.0,COc1ccccc1OS(=O)(=O)C2CC3OC2C(=C3c4ccc(O)cc4)c5ccc(NC(=O)CCCCCCC(=O)O)cc5,O=S(=O)(Oc1ccccc1)C1CC2OC1C(c1ccccc1)=C2c1ccccc1,44
COc1ccccc1Oc1coc2cc(O)ccc2c1=O,0.0,COc1ccccc1OC2=COc3cc(O)ccc3C2=O,O=c1c(Oc2ccccc2)coc2ccccc12,21
CP(=O)(Nc1ccccn1)Oc1ccc(Cl)cc1,0.0,CP(=O)(Nc1ccccn1)Oc2ccc(Cl)cc2,O=[PH](Nc1ccccn1)Oc1ccccc1,18
CS(=O)(=O)C1CC=C(c2ccc3cc(O)ccc3c2Oc2ccc(OCCN3CCCCC3)cc2)CC1,1.0,CS(=O)(=O)C1CCC(=CC1)c2ccc3cc(O)ccc3c2Oc4ccc(OCCN5CCCCC5)cc4,C1=C(c2ccc3ccccc3c2Oc2ccc(OCCN3CCCCC3)cc2)CCCC1,37
CS(=O)(=O)N1CCc2cc(O)ccc2C1,0.0,CS(=O)(=O)N1CCc2cc(O)ccc2C1,c1ccc2c(c1)CCNC2,15
CS(=O)(=O)c1ccc(-c2ccc3cc(O)ccc3c2Oc2ccc(OCCN3CCCCC3)cc2)cc1,1.0,CS(=O)(=O)c1ccc(cc1)c2ccc3cc(O)ccc3c2Oc4ccc(OCCN5CCCCC5)cc4,c1ccc(-c2ccc3ccccc3c2Oc2ccc(OCCN3CCCCC3)cc2)cc1,37
CS(=O)(=O)c1ccc(-c2sc3cc(O)ccc3c2Oc2ccc(OCCN3CCCCC3)cc2)cc1,1.0,CS(=O)(=O)c1ccc(cc1)c2sc3cc(O)ccc3c2Oc4ccc(OCCN5CCCCC5)cc4,c1ccc(-c2sc3ccccc3c2Oc2ccc(OCCN3CCCCC3)cc2)cc1,36
CS(=O)(=O)c1ccc(C2=C(c3ccc(OCCN4CCCC4)cc3)c3ccc(F)cc3OCC2)cc1,0.0,CS(=O)(=O)c1ccc(cc1)C2=C(c3ccc(OCCN4CCCC4)cc3)c5ccc(F)cc5OCC2,c1ccc(C2=C(c3ccc(OCCN4CCCC4)cc3)c3ccccc3OCC2)cc1,36
CSC1=C(c2ccc(O)cc2)C(=O)c2cc(O)cc(O)c21,1.0,CSC1=C(C(=O)c2cc(O)cc(O)c12)c3ccc(O)cc3,O=C1C(c2ccccc2)=Cc2ccccc21,21
CSC1=C(c2ccc(O)cc2)C(=O)c2cc(O)ccc21,1.0,CSC1=C(C(=O)c2cc(O)ccc12)c3ccc(O)cc3,O=C1C(c2ccccc2)=Cc2ccccc21,20
CSC1=C(c2ccc(O)cc2)C(=O)c2ccc(O)cc21,1.0,CSC1=C(C(=O)c2ccc(O)cc12)c3ccc(O)cc3,O=C1C(c2ccccc2)=Cc2ccccc21,20
CSC1=N/C(=C\c2ccc(Br)o2)C(=O)S1,1.0,CSC1=N\C(=C/c2oc(Br)cc2)\C(=O)S1,O=C1SC=NC1=Cc1ccco1,15
CSCCC(NC(=O)c1ccco1)C(=O)OCC(=O)Nc1sccc1C#N,0.0,CSCCC(NC(=O)c1occc1)C(=O)OCC(=O)Nc2sccc2C#N,O=C(COC(=O)CNC(=O)c1ccco1)Nc1cccs1,27
CSCCOC(=O)c1[nH]c2c(c1C)C(=O)CC(c1ccco1)C2,0.0,CSCCOC(=O)c1[nH]c2CC(CC(=O)c2c1C)c3occc3,O=C1CC(c2ccco2)Cc2[nH]ccc21,23
CSc1ccc(C2C(C#N)=C(N)Oc3c2ccc(=O)c2c(C)oc(C)c32)cc1,0.0,CSc1ccc(cc1)C2C3=C(OC(=C2C#N)N)c4c(C)oc(C)c4C(=O)C=C3,O=c1ccc2c(c3cocc13)OC=CC2c1ccccc1,28
CSc1ccc([C@@H](Oc2ccc3c(cnn3-c3ccc(F)cc3)c2)[C@H](C)NS(=O)(=O)C2CC2)cc1,0.0,CSc1ccc(cc1)[C@@H](Oc2ccc3c(cnn3c4ccc(F)cc4)c2)[C@H](C)NS(=O)(=O)C5CC5,O=S(=O)(NCC(Oc1ccc2c(cnn2-c2ccccc2)c1)c1ccccc1)C1CC1,35
CSc1ccccc1NC(=O)c1ccccc1N(Cc1ccccc1)S(C)(=O)=O,0.0,CSc1ccccc1NC(=O)c2ccccc2N(Cc3ccccc3)S(=O)(=O)C,O=C(Nc1ccccc1)c1ccccc1NCc1ccccc1,29
CSc1ccccc1NC(=O)c1noc2c1CCC2,0.0,CSc1ccccc1NC(=O)c2noc3CCCc23,O=C(Nc1ccccc1)c1noc2c1CCC2,19
CSc1nc(N(CCO)CCO)c2sc3nc(-c4ccco4)c4c(c3c2n1)CCC4,0.0,CSc1nc(N(CCO)CCO)c2sc3nc(c4CCCc4c3c2n1)c5occc5,c1coc(-c2nc3sc4cncnc4c3c3c2CCC3)c1,30
CSc1nc(O)c2c(n1)N=C1CCCC(O)=C1C2c1cccs1,0.0,CSc1nc(O)c2C(C3=C(O)CCCC3=Nc2n1)c4cccs4,C1=C2C(=Nc3ncncc3C2c2cccs2)CCC1,23
CSc1nnc(-c2ccco2)c(-c2ccco2)n1,0.0,CSc1nnc(c2occc2)c(n1)c3occc3,c1coc(-c2ncnnc2-c2ccco2)c1,18
C[C@@H](CCO)C1=CC[C@H]2[C@@H]3CCc4cc(O)ccc4[C@H]3CC[C@]12C,1.0,C[C@@H](CCO)C1=CC[C@H]2[C@@H]3CCc4cc(O)ccc4[C@H]3CC[C@]12C,C1=CC2CCC3c4ccccc4CCC3C2C1,24
C[C@@H](CN1CCCC1)Oc1ccc([C@@H]2Oc3ccc(O)cc3S[C@@H]2c2ccc(O)cc2)cc1,1.0,C[C@@H](CN1CCCC1)Oc2ccc(cc2)[C@@H]3Oc4ccc(O)cc4S[C@@H]3c5ccc(O)cc5,c1ccc(C2Sc3ccccc3OC2c2ccc(OCCN3CCCC3)cc2)cc1,33
C[C@@H](COc1ccc(C(=O)c2c(-c3ccc(O)cc3)sc3cc(O)ccc23)cc1)N1CCCC1,1.0,C[C@@H](COc1ccc(cc1)C(=O)c2c(sc3cc(O)ccc23)c4ccc(O)cc4)N5CCCC5,O=C(c1ccc(OCCN2CCCC2)cc1)c1c(-c2ccccc2)sc2ccccc12,34
C[C@@H](COc1ccc([C@@H]2Oc3ccc(O)cc3S[C@@H]2c2ccc(O)cc2)cc1)N1CCCC1,1.0,C[C@@H](COc1ccc(cc1)[C@@H]2Oc3ccc(O)cc3S[C@@H]2c4ccc(O)cc4)N5CCCC5,c1ccc(C2Sc3ccccc3OC2c2ccc(OCCN3CCCC3)cc2)cc1,33
C[C@@H](COc1ccc([C@@H]2c3ccc(O)cc3CC[C@@H]2c2ccccc2)cc1)N1CCCC1,1.0,C[C@@H](COc1ccc(cc1)[C@H]2[C@H](CCc3cc(O)ccc23)c4ccccc4)N5CCCC5,c1ccc(C2CCc3ccccc3C2c2ccc(OCCN3CCCC3)cc2)cc1,32
C[C@@H]1C(=O)c2ccc(O)cc2O[C@@H]1c1ccc(OCCN2CCCCC2)cc1,0.0,C[C@H]1[C@H](Oc2cc(O)ccc2C1=O)c3ccc(OCCN4CCCCC4)cc3,O=C1CC(c2ccc(OCCN3CCCCC3)cc2)Oc2ccccc21,28
C[C@@H]1CCCN1CCOc1ccc([C@@H]2Oc3ccc(O)cc3S[C@@H]2c2ccc(O)cc2)cc1,1.0,C[C@@H]1CCCN1CCOc2ccc(cc2)[C@@H]3Oc4ccc(O)cc4S[C@@H]3c5ccc(O)cc5,c1ccc(C2Sc3ccccc3OC2c2ccc(OCCN3CCCC3)cc2)cc1,33
C[C@@H]1CCN(CCOc2ccc(C(=O)c3c(-c4ccc(O)cc4)sc4cc(O)ccc34)cc2)C1,1.0,C[C@@H]1CCN(CCOc2ccc(cc2)C(=O)c3c(sc4cc(O)ccc34)c5ccc(O)cc5)C1,O=C(c1ccc(OCCN2CCCC2)cc1)c1c(-c2ccccc2)sc2ccccc12,34
C[C@@H]1CCN(CCOc2ccc([C@@H]3Oc4ccc(O)c(F)c4[C@@H](C)[C@@H]3c3ccc(O)cc3)cc2)C1,1.0,C[C@@H]1CCN(CCOc2ccc(cc2)[C@@H]3Oc4ccc(O)c(F)c4[C@@H](C)[C@@H]3c5ccc(O)cc5)C1,c1ccc(C2Cc3ccccc3OC2c2ccc(OCCN3CCCC3)cc2)cc1,35
C[C@@H]1CCN(CCOc2ccc([C@@H]3Oc4ccc(O)cc4S[C@@H]3c3ccc(O)cc3)cc2)C1,1.0,C[C@@H]1CCN(CCOc2ccc(cc2)[C@@H]3Oc4ccc(O)cc4S[C@@H]3c5ccc(O)cc5)C1,c1ccc(C2Sc3ccccc3OC2c2ccc(OCCN3CCCC3)cc2)cc1,33
C[C@@H]1CCN(CCOc2ccc([C@@H]3Oc4ccc(O)cc4[C@@H](C)[C@@H]3c3ccc(O)cc3)cc2)C1,1.0,C[C@@H]1CCN(CCOc2ccc(cc2)[C@@H]3Oc4ccc(O)cc4[C@@H](C)[C@@H]3c5ccc(O)cc5)C1,c1ccc(C2Cc3ccccc3OC2c2ccc(OCCN3CCCC3)cc2)cc1,34
C[C@@H]1CCN(CCOc2ccc([C@@H]3c4ccc(O)cc4CC[C@@H]3c3ccccc3)cc2)C1,1.0,C[C@@H]1CCN(CCOc2ccc(cc2)[C@H]3[C@H](CCc4cc(O)ccc34)c5ccccc5)C1,c1ccc(C2CCc3ccccc3C2c2ccc(OCCN3CCCC3)cc2)cc1,32
C[C@@H]1CCN([C@@H](C)COc2ccc([C@@H]3Oc4ccc(O)c(F)c4S[C@@H]3c3ccc(O)cc3)cc2)C1,1.0,C[C@@H](COc1ccc(cc1)[C@@H]2Oc3ccc(O)c(F)c3S[C@@H]2c4ccc(O)cc4)N5CC[C@@H](C)C5,c1ccc(C2Sc3ccccc3OC2c2ccc(OCCN3CCCC3)cc2)cc1,35
C[C@@H]1CCN([C@@H](C)COc2ccc([C@@H]3Oc4ccc(O)c(F)c4S[C@@H]3c3cccc(O)c3)cc2)C1,1.0,C[C@@H](COc1ccc(cc1)[C@@H]2Oc3ccc(O)c(F)c3S[C@@H]2c4cccc(O)c4)N5CC[C@@H](C)C5,c1ccc(C2Sc3ccccc3OC2c2ccc(OCCN3CCCC3)cc2)cc1,35
C[C@@H]1CCN([C@@H](C)COc2ccc([C@@H]3Oc4ccc(O)c(F)c4[C@@H](C)[C@@H]3c3ccc(O)cc3)cc2)C1,1.0,C[C@@H](COc1ccc(cc1)[C@@H]2Oc3ccc(O)c(F)c3[C@@H](C)[C@@H]2c4ccc(O)cc4)N5CC[C@@H](C)C5,c1ccc(C2Cc3ccccc3OC2c2ccc(OCCN3CCCC3)cc2)cc1,36
C[C@@H]1CCN([C@@H](C)COc2ccc([C@@H]3Oc4ccc(O)cc4S[C@@H]3c3ccc(O)cc3)cc2)C1,1.0,C[C@@H](COc1ccc(cc1)[C@@H]2Oc3ccc(O)cc3S[C@@H]2c4ccc(O)cc4)N5CC[C@@H](C)C5,c1ccc(C2Sc3ccccc3OC2c2ccc(OCCN3CCCC3)cc2)cc1,34
C[C@@H]1CCN([C@@H](C)COc2ccc([C@@H]3Oc4ccc(O)cc4S[C@@H]3c3cccc(O)c3)cc2)C1,1.0,C[C@@H](COc1ccc(cc1)[C@@H]2Oc3ccc(O)cc3S[C@@H]2c4cccc(O)c4)N5CC[C@@H](C)C5,c1ccc(C2Sc3ccccc3OC2c2ccc(OCCN3CCCC3)cc2)cc1,34
C[C@@H]1CCN([C@@H](C)COc2ccc([C@@H]3Oc4ccc(O)cc4[C@@H](C)[C@@H]3c3ccc(O)cc3)cc2)C1,1.0,C[C@@H](COc1ccc(cc1)[C@@H]2Oc3ccc(O)cc3[C@@H](C)[C@@H]2c4ccc(O)cc4)N5CC[C@@H](C)C5,c1ccc(C2Cc3ccccc3OC2c2ccc(OCCN3CCCC3)cc2)cc1,35
C[C@@H]1CCN([C@H](C)COc2ccc([C@@H]3Oc4ccc(O)cc4S[C@@H]3c3ccc(O)cc3)cc2)C1,1.0,C[C@H](COc1ccc(cc1)[C@@H]2Oc3ccc(O)cc3S[C@@H]2c4ccc(O)cc4)N5CC[C@@H](C)C5,c1ccc(C2Sc3ccccc3OC2c2ccc(OCCN3CCCC3)cc2)cc1,34
C[C@@H]1CN(CCOc2ccc([C@@H]3Oc4ccc(O)cc4S[C@@H]3c3ccc(O)cc3)cc2)C[C@@H]1C,1.0,C[C@@H]1CN(CCOc2ccc(cc2)[C@@H]3Oc4ccc(O)cc4S[C@@H]3c5ccc(O)cc5)C[C@@H]1C,c1ccc(C2Sc3ccccc3OC2c2ccc(OCCN3CCCC3)cc2)cc1,34
C[C@@H]1CN(CCOc2ccc([C@@H]3Oc4ccc(O)cc4S[C@@H]3c3ccc(O)cc3)cc2)C[C@H]1C,1.0,C[C@@H]1CN(CCOc2ccc(cc2)[C@@H]3Oc4ccc(O)cc4S[C@@H]3c5ccc(O)cc5)C[C@H]1C,c1ccc(C2Sc3ccccc3OC2c2ccc(OCCN3CCCC3)cc2)cc1,34
C[C@@H]1CN(c2nc(NCCc3ccc(O)cc3)nc(N(C)CCCc3ccc(Cl)cc3)n2)C[C@H](C)N1,1.0,C[C@@H]1CN(C[C@H](C)N1)c2nc(NCCc3ccc(O)cc3)nc(n2)N(C)CCCc4ccc(Cl)cc4,c1ccc(CCCNc2nc(NCCc3ccccc3)nc(N3CCNCC3)n2)cc1,36
C[C@@H]1C[C@H]2[C@@H](C1)c1cc(O)ccc1O[C@H]2c1ccc(O)cc1,1.0,C[C@@H]1C[C@H]2[C@@H](C1)c3cc(O)ccc3O[C@H]2c4ccc(O)cc4,c1ccc(C2Oc3ccccc3C3CCCC32)cc1,22
C[C@@H]1c2c(ccc(O)c2F)O[C@@H](c2ccc(OCCN3CCCC3)cc2)[C@H]1c1ccc(O)cc1,1.0,C[C@H]1[C@@H]([C@@H](Oc2ccc(O)c(F)c12)c3ccc(OCCN4CCCC4)cc3)c5ccc(O)cc5,c1ccc(C2Cc3ccccc3OC2c2ccc(OCCN3CCCC3)cc2)cc1,34
C[C@@H]1c2c(ccc(O)c2F)O[C@@H](c2ccc(OCCN3CCCCC3)cc2)[C@H]1c1ccc(O)cc1,1.0,C[C@H]1[C@@H]([C@@H](Oc2ccc(O)c(F)c12)c3ccc(OCCN4CCCCC4)cc3)c5ccc(O)cc5,c1ccc(C2Cc3ccccc3OC2c2ccc(OCCN3CCCCC3)cc2)cc1,35
C[C@@H]1c2c(ccc(O)c2F)O[C@@H](c2ccc(OCCN3CCCCCC3)cc2)[C@H]1c1ccc(O)cc1,1.0,C[C@H]1[C@@H]([C@@H](Oc2ccc(O)c(F)c12)c3ccc(OCCN4CCCCCC4)cc3)c5ccc(O)cc5,c1ccc(C2Cc3ccccc3OC2c2ccc(OCCN3CCCCCC3)cc2)cc1,36
C[C@@H]1c2c(ccc(O)c2F)O[C@@H](c2ccc(OC[C@H](C)N3CCCC3)cc2)[C@H]1c1ccc(O)cc1,1.0,C[C@@H](COc1ccc(cc1)[C@@H]2Oc3ccc(O)c(F)c3[C@@H](C)[C@@H]2c4ccc(O)cc4)N5CCCC5,c1ccc(C2Cc3ccccc3OC2c2ccc(OCCN3CCCC3)cc2)cc1,35
C[C@@H]1c2c(ccc(O)c2F)O[C@@H](c2ccc(OC[C@H](C)N3CCC[C@H]3C)cc2)[C@H]1c1ccc(O)cc1,1.0,C[C@@H](COc1ccc(cc1)[C@@H]2Oc3ccc(O)c(F)c3[C@@H](C)[C@@H]2c4ccc(O)cc4)N5CCC[C@H]5C,c1ccc(C2Cc3ccccc3OC2c2ccc(OCCN3CCCC3)cc2)cc1,36
C[C@@H]1c2cc(O)ccc2O[C@@H](c2ccc(OCCN3CCCC3)cc2)[C@H]1c1ccc(O)cc1,1.0,C[C@H]1[C@@H]([C@@H](Oc2ccc(O)cc12)c3ccc(OCCN4CCCC4)cc3)c5ccc(O)cc5,c1ccc(C2Cc3ccccc3OC2c2ccc(OCCN3CCCC3)cc2)cc1,33
C[C@@H]1c2cc(O)ccc2O[C@@H](c2ccc(OCCN3CCCCC3)cc2)[C@H]1c1ccc(O)cc1,1.0,C[C@H]1[C@@H]([C@@H](Oc2ccc(O)cc12)c3ccc(OCCN4CCCCC4)cc3)c5ccc(O)cc5,c1ccc(C2Cc3ccccc3OC2c2ccc(OCCN3CCCCC3)cc2)cc1,34
C[C@@H]1c2cc(O)ccc2O[C@@H](c2ccc(OC[C@H](C)N3CCCC3)cc2)[C@H]1c1ccc(O)cc1,1.0,C[C@@H](COc1ccc(cc1)[C@@H]2Oc3ccc(O)cc3[C@@H](C)[C@@H]2c4ccc(O)cc4)N5CCCC5,c1ccc(C2Cc3ccccc3OC2c2ccc(OCCN3CCCC3)cc2)cc1,34
C[C@@H]1c2ccc(O)cc2O[C@@H](c2ccc(OCCN3CCCCC3)cc2)[C@H]1c1ccc(O)cc1,1.0,C[C@H]1[C@@H]([C@@H](Oc2cc(O)ccc12)c3ccc(OCCN4CCCCC4)cc3)c5ccc(O)cc5,c1ccc(C2Cc3ccccc3OC2c2ccc(OCCN3CCCCC3)cc2)cc1,34
C[C@@](O)(CN(C1CC1)S(=O)(=O)c1ccc(O)cc1)c1ccccc1,1.0,C[C@@](O)(CN(C1CC1)S(=O)(=O)c2ccc(O)cc2)c3ccccc3,O=S(=O)(c1ccccc1)N(CCc1ccccc1)C1CC1,24
C[C@@]12CCC(=O)C(C(F)(F)F)=C1c1ccc3[nH]ncc3c1C2,1.0,C[C@@]12CCC(=O)C(=C1c3ccc4[nH]ncc4c3C2)C(F)(F)F,O=C1C=C2c3ccc4[nH]ncc4c3CC2CC1,22
C[C@@]12CCc3c(sc4cc(O)ccc34)[C@H]1CC[C@H]2O,1.0,C[C@@]12CCc3c(sc4cc(O)ccc34)[C@H]1CC[C@H]2O,c1ccc2c3c(sc2c1)C1CCCC1CC3,19
C[C@H](CCc1ccc(O)cc1)NC(=O)Cc1c(-c2ccccc2)[nH]c2c(OCCCCCN3CCCCC3)cccc12,0.0,C[C@H](CCc1ccc(O)cc1)NC(=O)Cc2c([nH]c3c(OCCCCCN4CCCCC4)cccc23)c5ccccc5,O=C(Cc1c(-c2ccccc2)[nH]c2c(OCCCCCN3CCCCC3)cccc12)NCCCc1ccccc1,42
C[C@H](CCc1ccc(O)cc1)NC(=O)Cc1c(-c2ccccc2)[nH]c2c(OCCCCN3CCCCC3)cccc12,0.0,C[C@H](CCc1ccc(O)cc1)NC(=O)Cc2c([nH]c3c(OCCCCN4CCCCC4)cccc23)c5ccccc5,O=C(Cc1c(-c2ccccc2)[nH]c2c(OCCCCN3CCCCC3)cccc12)NCCCc1ccccc1,41
C[C@H](CCc1ccc(O)cc1)NC(=O)Cc1c(-c2ccccc2)[nH]c2c(OCCCN3CCCCC3)cccc12,0.0,C[C@H](CCc1ccc(O)cc1)NC(=O)Cc2c([nH]c3c(OCCCN4CCCCC4)cccc23)c5ccccc5,O=C(Cc1c(-c2ccccc2)[nH]c2c(OCCCN3CCCCC3)cccc12)NCCCc1ccccc1,40
C[C@H](CCc1ccc(O)cc1)NC(=O)Cc1c(-c2ccccc2)[nH]c2c(OCCN3CCCCC3)cccc12,0.0,C[C@H](CCc1ccc(O)cc1)NC(=O)Cc2c([nH]c3c(OCCN4CCCCC4)cccc23)c5ccccc5,O=C(Cc1c(-c2ccccc2)[nH]c2c(OCCN3CCCCC3)cccc12)NCCCc1ccccc1,39
C[C@H](CCc1ccc(O)cc1)NC(=O)Cc1c(-c2ccccc2)[nH]c2cc(OCCCN3CCCC3)ccc12,0.0,C[C@H](CCc1ccc(O)cc1)NC(=O)Cc2c([nH]c3cc(OCCCN4CCCC4)ccc23)c5ccccc5,O=C(Cc1c(-c2ccccc2)[nH]c2cc(OCCCN3CCCC3)ccc12)NCCCc1ccccc1,39
C[C@H](CCc1ccc(O)cc1)NC(=O)Cc1c(-c2ccccc2)[nH]c2cc(OCCCN3CCCCC3)ccc12,0.0,C[C@H](CCc1ccc(O)cc1)NC(=O)Cc2c([nH]c3cc(OCCCN4CCCCC4)ccc23)c5ccccc5,O=C(Cc1c(-c2ccccc2)[nH]c2cc(OCCCN3CCCCC3)ccc12)NCCCc1ccccc1,40
C[C@H](CCc1ccc(O)cc1)NC(=O)Cc1c(-c2ccccc2)[nH]c2cc(OCCN3CCCC3)ccc12,0.0,C[C@H](CCc1ccc(O)cc1)NC(=O)Cc2c([nH]c3cc(OCCN4CCCC4)ccc23)c5ccccc5,O=C(Cc1c(-c2ccccc2)[nH]c2cc(OCCN3CCCC3)ccc12)NCCCc1ccccc1,38
C[C@H](CCc1ccc(O)cc1)NC(=O)Cc1c(-c2ccccc2)[nH]c2ccc(OCCCCCN3CCCCC3)cc12,0.0,C[C@H](CCc1ccc(O)cc1)NC(=O)Cc2c([nH]c3ccc(OCCCCCN4CCCCC4)cc23)c5ccccc5,O=C(Cc1c(-c2ccccc2)[nH]c2ccc(OCCCCCN3CCCCC3)cc12)NCCCc1ccccc1,42
C[C@H](CCc1ccc(O)cc1)NC(=O)Cc1c(-c2ccccc2)[nH]c2ccc(OCCCCN3CCCCC3)cc12,0.0,C[C@H](CCc1ccc(O)cc1)NC(=O)Cc2c([nH]c3ccc(OCCCCN4CCCCC4)cc23)c5ccccc5,O=C(Cc1c(-c2ccccc2)[nH]c2ccc(OCCCCN3CCCCC3)cc12)NCCCc1ccccc1,41
C[C@H](CCc1ccc(O)cc1)NC(=O)Cc1c(-c2ccccc2)[nH]c2ccc(OCCCN3CCCCC3)cc12,0.0,C[C@H](CCc1ccc(O)cc1)NC(=O)Cc2c([nH]c3ccc(OCCCN4CCCCC4)cc23)c5ccccc5,O=C(Cc1c(-c2ccccc2)[nH]c2ccc(OCCCN3CCCCC3)cc12)NCCCc1ccccc1,40
C[C@H](CCc1ccc(O)cc1)NC(=O)Cc1c(-c2ccccc2)[nH]c2ccc(OCCN3CCCCC3)cc12,0.0,C[C@H](CCc1ccc(O)cc1)NC(=O)Cc2c([nH]c3ccc(OCCN4CCCCC4)cc23)c5ccccc5,O=C(Cc1c(-c2ccccc2)[nH]c2ccc(OCCN3CCCCC3)cc12)NCCCc1ccccc1,39
C[C@H](CCc1ccc(O)cc1)NC(=O)Cc1c(-c2ccccc2)[nH]c2cccc(OCCN3CCCCC3)c12,0.0,C[C@H](CCc1ccc(O)cc1)NC(=O)Cc2c([nH]c3cccc(OCCN4CCCCC4)c23)c5ccccc5,O=C(Cc1c(-c2ccccc2)[nH]c2cccc(OCCN3CCCCC3)c12)NCCCc1ccccc1,39
C[C@H](CCc1ccc(O)cc1)NC(=O)Cc1c(-c2ccccc2)[nH]c2ccccc12,1.0,C[C@H](CCc1ccc(O)cc1)NC(=O)Cc2c([nH]c3ccccc23)c4ccccc4,O=C(Cc1c(-c2ccccc2)[nH]c2ccccc12)NCCCc1ccccc1,30
C[C@H](CCc1ccc(O)cc1)NC(=O)Cc1c(-c2ccccc2)n(C(=O)c2ccc(OCCN3CCCCC3)cc2)c2ccccc12,0.0,C[C@H](CCc1ccc(O)cc1)NC(=O)Cc2c(c3ccccc3)n(C(=O)c4ccc(OCCN5CCCCC5)cc4)c6ccccc26,O=C(Cc1c(-c2ccccc2)n(C(=O)c2ccc(OCCN3CCCCC3)cc2)c2ccccc12)NCCCc1ccccc1,47
C[C@H](CCc1ccc(O)cc1)NC(=O)Cc1c(-c2ccccc2)n(Cc2ccc(OCCCCN3CCCCC3)cc2)c2ccccc12,1.0,C[C@H](CCc1ccc(O)cc1)NC(=O)Cc2c(c3ccccc3)n(Cc4ccc(OCCCCN5CCCCC5)cc4)c6ccccc26,O=C(Cc1c(-c2ccccc2)n(Cc2ccc(OCCCCN3CCCCC3)cc2)c2ccccc12)NCCCc1ccccc1,48
C[C@H](CN1CCCC1)Oc1ccc([C@@H]2Oc3ccc(O)cc3[C@@H](C)[C@@H]2c2ccc(O)cc2)cc1,1.0,C[C@H](CN1CCCC1)Oc2ccc(cc2)[C@@H]3Oc4ccc(O)cc4[C@@H](C)[C@@H]3c5ccc(O)cc5,c1ccc(C2Cc3ccccc3OC2c2ccc(OCCN3CCCC3)cc2)cc1,34
C[C@H](COc1ccc(C(=O)c2c(-c3ccc(O)cc3)sc3cc(O)ccc23)cc1)N1CCCC1,1.0,C[C@H](COc1ccc(cc1)C(=O)c2c(sc3cc(O)ccc23)c4ccc(O)cc4)N5CCCC5,O=C(c1ccc(OCCN2CCCC2)cc1)c1c(-c2ccccc2)sc2ccccc12,34
C[C@H](COc1ccc([C@@H]2Oc3ccc(O)cc3S[C@@H]2c2ccc(O)cc2)cc1)N1CCCC1,1.0,C[C@H](COc1ccc(cc1)[C@@H]2Oc3ccc(O)cc3S[C@@H]2c4ccc(O)cc4)N5CCCC5,c1ccc(C2Sc3ccccc3OC2c2ccc(OCCN3CCCC3)cc2)cc1,33
C[C@H](NC(=O)C(F)(F)F)[C@H](Oc1ccc2c(cnn2-c2ccc(F)cc2)c1)c1ccc2ccccc2c1,0.0,C[C@H](NC(=O)C(F)(F)F)[C@H](Oc1ccc2c(cnn2c3ccc(F)cc3)c1)c4ccc5ccccc5c4,c1ccc(-n2ncc3cc(OCc4ccc5ccccc5c4)ccc32)cc1,37
C[C@H](NC(=O)C(F)(F)F)[C@H](Oc1ccc2c(cnn2-c2ccc(F)cc2)c1)c1ccccc1,0.0,C[C@H](NC(=O)C(F)(F)F)[C@H](Oc1ccc2c(cnn2c3ccc(F)cc3)c1)c4ccccc4,c1ccc(COc2ccc3c(cnn3-c3ccccc3)c2)cc1,33
C[C@H](NC(=O)CO)[C@H](Oc1ccc2c(cnn2-c2ccc(F)cc2)c1)c1ccc(S(C)(=O)=O)cc1,0.0,C[C@H](NC(=O)CO)[C@H](Oc1ccc2c(cnn2c3ccc(F)cc3)c1)c4ccc(cc4)S(=O)(=O)C,c1ccc(COc2ccc3c(cnn3-c3ccccc3)c2)cc1,35
C[C@H](NS(=O)(=O)C1CC1)[C@H](Oc1ccc2c(cnn2-c2ccc(F)cc2)c1)c1ccc(S(C)(=O)=O)cc1,0.0,C[C@H](NS(=O)(=O)C1CC1)[C@H](Oc2ccc3c(cnn3c4ccc(F)cc4)c2)c5ccc(cc5)S(=O)(=O)C,O=S(=O)(NCC(Oc1ccc2c(cnn2-c2ccccc2)c1)c1ccccc1)C1CC1,37
C[C@H](NS(=O)(=O)C1CC1)[C@H](Oc1ccc2c(cnn2-c2ccc(F)cc2)c1)c1ccccc1,0.0,C[C@H](NS(=O)(=O)C1CC1)[C@H](Oc2ccc3c(cnn3c4ccc(F)cc4)c2)c5ccccc5,O=S(=O)(NCC(Oc1ccc2c(cnn2-c2ccccc2)c1)c1ccccc1)C1CC1,33
C[C@H](c1ccc(F)cc1)N1C(=O)O[C@](Cc2ccc(F)cc2)(C(=O)NCc2ccc(Cl)c(Cl)c2)C1=O,0.0,C[C@@H](N1C(=O)O[C@](Cc2ccc(F)cc2)(C(=O)NCc3ccc(Cl)c(Cl)c3)C1=O)c4ccc(F)cc4,O=C1OC(Cc2ccccc2)(C(=O)NCc2ccccc2)C(=O)N1Cc1ccccc1,36
C[C@H](c1ccc(F)cc1)N1C(=O)O[C@](Cc2ccccc2)(c2nc3c(NS(C)(=O)=O)cccc3[nH]2)C1=O,0.0,C[C@@H](N1C(=O)O[C@@](Cc2ccccc2)(C1=O)c3nc4c(NS(=O)(=O)C)cccc4[nH]3)c5ccc(F)cc5,O=C1OC(Cc2ccccc2)(c2nc3ccccc3[nH]2)C(=O)N1Cc1ccccc1,37
C[C@H](c1ccc(F)cc1)N1C(=O)O[C@](Cc2ccccc2)(c2nc3cc(-c4cc[nH]n4)ccc3[nH]2)C1=O,0.0,C[C@@H](N1C(=O)O[C@@](Cc2ccccc2)(C1=O)c3nc4cc(ccc4[nH]3)c5cc[nH]n5)c6ccc(F)cc6,O=C1OC(Cc2ccccc2)(c2nc3cc(-c4cc[nH]n4)ccc3[nH]2)C(=O)N1Cc1ccccc1,37
C[C@H](c1ccc(F)cc1)N1C(=O)O[C@](Cc2ccccc2)(c2nc3cc(-c4cccnc4)ccc3[nH]2)C1=O,0.0,C[C@@H](N1C(=O)O[C@@](Cc2ccccc2)(C1=O)c3nc4cc(ccc4[nH]3)c5cccnc5)c6ccc(F)cc6,O=C1OC(Cc2ccccc2)(c2nc3cc(-c4cccnc4)ccc3[nH]2)C(=O)N1Cc1ccccc1,38
C[C@H](c1ccc(F)cc1)N1C(=O)O[C@](Cc2ccccc2)(c2nc3cc(C(F)(F)F)ccc3[nH]2)C1=O,0.0,C[C@@H](N1C(=O)O[C@@](Cc2ccccc2)(C1=O)c3nc4cc(ccc4[nH]3)C(F)(F)F)c5ccc(F)cc5,O=C1OC(Cc2ccccc2)(c2nc3ccccc3[nH]2)C(=O)N1Cc1ccccc1,36
C[C@H](c1ccc(F)cc1)N1C(=O)O[C@](Cc2ccccc2)(c2nc3cc(Cl)ccc3[nH]2)C1=O,0.0,C[C@@H](N1C(=O)O[C@@](Cc2ccccc2)(C1=O)c3nc4cc(Cl)ccc4[nH]3)c5ccc(F)cc5,O=C1OC(Cc2ccccc2)(c2nc3ccccc3[nH]2)C(=O)N1Cc1ccccc1,33
C[C@H](c1ccc(F)cc1)N1C(=O)O[C@](Cc2ccccc2)(c2nc3cc(N4CCOCC4)ccc3[nH]2)C1=O,0.0,C[C@@H](N1C(=O)O[C@@](Cc2ccccc2)(C1=O)c3nc4cc(ccc4[nH]3)N5CCOCC5)c6ccc(F)cc6,O=C1OC(Cc2ccccc2)(c2nc3cc(N4CCOCC4)ccc3[nH]2)C(=O)N1Cc1ccccc1,38
C[C@H](c1ccc(F)cc1)N1C(=O)O[C@](Cc2ccccc2)(c2nc3cc(NS(C)(=O)=O)ccc3[nH]2)C1=O,0.0,C[C@@H](N1C(=O)O[C@@](Cc2ccccc2)(C1=O)c3nc4cc(NS(=O)(=O)C)ccc4[nH]3)c5ccc(F)cc5,O=C1OC(Cc2ccccc2)(c2nc3ccccc3[nH]2)C(=O)N1Cc1ccccc1,37
C[C@H](c1ccc(O)cc1)[C@@H](C#N)c1ccc(O)cc1,1.0,C[C@@H]([C@@H](C#N)c1ccc(O)cc1)c2ccc(O)cc2,c1ccc(CCc2ccccc2)cc1,19
C[C@H]1C(=O)c2ccc(O)cc2O[C@@H]1c1ccc(OCCN2CCCCC2)cc1,0.0,C[C@@H]1[C@H](Oc2cc(O)ccc2C1=O)c3ccc(OCCN4CCCCC4)cc3,O=C1CC(c2ccc(OCCN3CCCCC3)cc2)Oc2ccccc21,28
C[C@H]1CCCC(=O)CCC/C=C/c2cc(O)cc(O)c2C(=O)O1,1.0,C[C@H]1CCCC(=O)CCC\C=C\c2cc(O)cc(O)c2C(=O)O1,O=C1CCCC=Cc2ccccc2C(=O)OCCCC1,23
C[C@H]1CCCC(=O)CCCCCc2cc(O)cc(O)c2C(=O)O1,1.0,C[C@H]1CCCC(=O)CCCCCc2cc(O)cc(O)c2C(=O)O1,O=C1CCCCCc2ccccc2C(=O)OCCCC1,23
C[C@H]1CCCN1CCOc1ccc([C@@H]2Oc3ccc(O)cc3S[C@@H]2c2ccc(O)cc2)cc1,1.0,C[C@H]1CCCN1CCOc2ccc(cc2)[C@@H]3Oc4ccc(O)cc4S[C@@H]3c5ccc(O)cc5,c1ccc(C2Sc3ccccc3OC2c2ccc(OCCN3CCCC3)cc2)cc1,33
C[C@H]1CCC[C@@H](O)CCCCCc2cc(O)cc(O)c2C(=O)O1,1.0,C[C@H]1CCC[C@@H](O)CCCCCc2cc(O)cc(O)c2C(=O)O1,O=C1OCCCCCCCCCCc2ccccc21,23
C[C@H]1CCC[C@H](O)CCCCCc2cc(O)cc(O)c2C(=O)O1,1.0,C[C@H]1CCC[C@H](O)CCCCCc2cc(O)cc(O)c2C(=O)O1,O=C1OCCCCCCCCCCc2ccccc21,23
C[C@H]1CCN(CCOc2ccc(C(=O)c3c(-c4ccc(O)cc4)sc4cc(O)ccc34)cc2)C1,1.0,C[C@H]1CCN(CCOc2ccc(cc2)C(=O)c3c(sc4cc(O)ccc34)c5ccc(O)cc5)C1,O=C(c1ccc(OCCN2CCCC2)cc1)c1c(-c2ccccc2)sc2ccccc12,34
C[C@H]1CCN(CCOc2ccc([C@@H]3Oc4ccc(O)c(F)c4[C@@H](C)[C@@H]3c3ccc(O)cc3)cc2)C1,1.0,C[C@H]1CCN(CCOc2ccc(cc2)[C@@H]3Oc4ccc(O)c(F)c4[C@@H](C)[C@@H]3c5ccc(O)cc5)C1,c1ccc(C2Cc3ccccc3OC2c2ccc(OCCN3CCCC3)cc2)cc1,35
C[C@H]1CCN(CCOc2ccc([C@@H]3Oc4ccc(O)cc4S[C@@H]3c3ccc(O)cc3)cc2)C1,1.0,C[C@H]1CCN(CCOc2ccc(cc2)[C@@H]3Oc4ccc(O)cc4S[C@@H]3c5ccc(O)cc5)C1,c1ccc(C2Sc3ccccc3OC2c2ccc(OCCN3CCCC3)cc2)cc1,33
C[C@H]1CCN(CCOc2ccc([C@@H]3Oc4ccc(O)cc4[C@@H](C)[C@@H]3c3ccc(O)cc3)cc2)C1,1.0,C[C@H]1CCN(CCOc2ccc(cc2)[C@@H]3Oc4ccc(O)cc4[C@@H](C)[C@@H]3c5ccc(O)cc5)C1,c1ccc(C2Cc3ccccc3OC2c2ccc(OCCN3CCCC3)cc2)cc1,34
C[C@H]1CCN([C@@H](C)COc2ccc([C@@H]3Oc4ccc(O)c(F)c4[C@@H](C)[C@@H]3c3ccc(O)cc3)cc2)C1,1.0,C[C@@H](COc1ccc(cc1)[C@@H]2Oc3ccc(O)c(F)c3[C@@H](C)[C@@H]2c4ccc(O)cc4)N5CC[C@H](C)C5,c1ccc(C2Cc3ccccc3OC2c2ccc(OCCN3CCCC3)cc2)cc1,36
C[C@H]1CCN([C@@H](C)COc2ccc([C@@H]3Oc4ccc(O)cc4S[C@@H]3c3ccc(O)cc3)cc2)C1,1.0,C[C@@H](COc1ccc(cc1)[C@@H]2Oc3ccc(O)cc3S[C@@H]2c4ccc(O)cc4)N5CC[C@H](C)C5,c1ccc(C2Sc3ccccc3OC2c2ccc(OCCN3CCCC3)cc2)cc1,34
C[C@H]1CCN([C@H](C)COc2ccc([C@@H]3Oc4ccc(O)cc4S[C@@H]3c3ccc(O)cc3)cc2)C1,1.0,C[C@H](COc1ccc(cc1)[C@@H]2Oc3ccc(O)cc3S[C@@H]2c4ccc(O)cc4)N5CC[C@H](C)C5,c1ccc(C2Sc3ccccc3OC2c2ccc(OCCN3CCCC3)cc2)cc1,34
C[C@H]1CN(CCOc2ccc([C@@H]3Oc4ccc(O)cc4S[C@@H]3c3ccc(O)cc3)cc2)C[C@@H]1C,1.0,C[C@H]1CN(CCOc2ccc(cc2)[C@@H]3Oc4ccc(O)cc4S[C@@H]3c5ccc(O)cc5)C[C@@H]1C,c1ccc(C2Sc3ccccc3OC2c2ccc(OCCN3CCCC3)cc2)cc1,34
C[C@H]1C[C@H](C)OC2(CCC3=Cc4c(cnn4-c4ccc(F)cc4)C[C@@]32C)O1,0.0,C[C@H]1C[C@H](C)OC2(CCC3=Cc4c(C[C@]23C)cnn4c5ccc(F)cc5)O1,C1=C2CCC3(OCCCO3)C2Cc2cnn(-c3ccccc3)c21,27
C[C@H]1Cc2c([nH]c3cc(Cl)c(F)cc23)[C@@]2(N1)C(=O)Nc1ccc(Cl)cc12,0.0,C[C@H]1Cc2c([nH]c3cc(Cl)c(F)cc23)[C@@]4(N1)C(=O)Nc5ccc(Cl)cc45,O=C1Nc2ccccc2C12NCCc1c2[nH]c2ccccc12,26
C[C@H]1OC2(CCC3=Cc4c(cnn4-c4ccc(F)cc4)C[C@@]32C)O[C@@H]1C,0.0,C[C@H]1OC2(CCC3=Cc4c(C[C@]23C)cnn4c5ccc(F)cc5)O[C@@H]1C,C1=C2CCC3(OCCO3)C2Cc2cnn(-c3ccccc3)c21,26
C[C@H]1c2ccc(O)cc2O[C@@H](c2ccc(OCCN3CCCCC3)cc2)[C@H]1c1ccc(O)cc1,1.0,C[C@@H]1[C@@H]([C@@H](Oc2cc(O)ccc12)c3ccc(OCCN4CCCCC4)cc3)c5ccc(O)cc5,c1ccc(C2Cc3ccccc3OC2c2ccc(OCCN3CCCCC3)cc2)cc1,34
C[C@](N)(Cc1ccc(O)c(O)c1)C(=O)O,0.0,C[C@](N)(Cc1ccc(O)c(O)c1)C(=O)O,c1ccccc1,15
C[C@](O)(CN(C1CC1)S(=O)(=O)c1ccc(O)cc1)c1ccccc1,1.0,C[C@](O)(CN(C1CC1)S(=O)(=O)c2ccc(O)cc2)c3ccccc3,O=S(=O)(c1ccccc1)N(CCc1ccccc1)C1CC1,24
C[C@]12C=CC(=O)C=C1CC[C@@H]1[C@@H]2[C@@H](O)C[C@@]2(C)[C@H]1CC[C@]2(O)C(=O)CO,0.0,C[C@]12C[C@H](O)[C@H]3[C@@H](CCC4=CC(=O)C=C[C@]34C)[C@@H]1CC[C@]2(O)C(=O)CO,O=C1C=CC2C(=C1)CCC1C3CCCC3CCC21,26
C[C@]12CCC(=O)C=C1CCC1C2CC[C@@]2(C)C1CC[C@@]2(O)CC#N,0.0,C[C@]12CCC(=O)C=C1CCC3C2CC[C@@]4(C)C3CC[C@@]4(O)CC#N,O=C1C=C2CCC3C4CCCC4CCC3C2CC1,24
C[C@]12CCC(c3ccc(O)cc3)C[C@H]1CC[C@@H]2O,1.0,C[C@]12CCC(C[C@H]1CC[C@@H]2O)c3ccc(O)cc3,c1ccc(C2CCC3CCCC3C2)cc1,18
C[C@]12CCC3C(CC=C4C[C@@H](O)CC[C@@]43/C=C/Br)C1CC[C@@H]2O,1.0,C[C@]12CCC3C(CC=C4C[C@@H](O)CC[C@]34\C=C\Br)C1CC[C@@H]2O,C1=C2CCCCC2C2CCC3CCCC3C2C1,23
C[C@]12CCC3C(CC=C4C[C@@H](O)CC[C@@]43/C=C/Cl)C1CC[C@@H]2O,1.0,C[C@]12CCC3C(CC=C4C[C@@H](O)CC[C@]34\C=C\Cl)C1CC[C@@H]2O,C1=C2CCCCC2C2CCC3CCCC3C2C1,23
C[C@]12CCC3C(CC=C4C[C@@H](O)CC[C@@]43/C=C/F)C1CC[C@@H]2O,1.0,C[C@]12CCC3C(CC=C4C[C@@H](O)CC[C@]34\C=C\F)C1CC[C@@H]2O,C1=C2CCCCC2C2CCC3CCCC3C2C1,23
C[C@]12CCC3C(CC=C4C[C@@H](O)CC[C@@]43/C=C\Br)C1CC[C@@H]2O,1.0,C[C@]12CCC3C(CC=C4C[C@@H](O)CC[C@]34\C=C/Br)C1CC[C@@H]2O,C1=C2CCCCC2C2CCC3CCCC3C2C1,23
C[C@]12CCC3C(CC=C4C[C@@H](O)CC[C@@]43/C=C\Cl)C1CC[C@@H]2O,1.0,C[C@]12CCC3C(CC=C4C[C@@H](O)CC[C@]34\C=C/Cl)C1CC[C@@H]2O,C1=C2CCCCC2C2CCC3CCCC3C2C1,23
C[C@]12CCC3C(CC=C4C[C@@H](O)CC[C@@]43/C=C\F)C1CC[C@@H]2O,1.0,C[C@]12CCC3C(CC=C4C[C@@H](O)CC[C@]34\C=C/F)C1CC[C@@H]2O,C1=C2CCCCC2C2CCC3CCCC3C2C1,23
C[C@]12CCC3C(CC=C4C[C@@H](O)CC[C@@]43C=O)C1CC[C@@H]2O,1.0,C[C@]12CCC3C(CC=C4C[C@@H](O)CC[C@]34C=O)C1CC[C@@H]2O,C1=C2CCCCC2C2CCC3CCCC3C2C1,22
C[C@]12CC[C@@H](c3ccc(O)cc3)C[C@H]1CCC2=O,1.0,C[C@]12CC[C@H](C[C@H]1CCC2=O)c3ccc(O)cc3,O=C1CCC2CC(c3ccccc3)CCC12,18
C[C@]12CC[C@@H]3c4ccc(O)cc4C(O)[C@@H](Sc4ccc(Br)cc4)[C@H]3[C@@H]1CC[C@@H]2O,1.0,C[C@]12CC[C@H]3[C@@H]([C@H](Sc4ccc(Br)cc4)C(O)c5cc(O)ccc35)[C@@H]1CC[C@@H]2O,c1ccc(SC2Cc3ccccc3C3CCC4CCCC4C23)cc1,29
C[C@]12CC[C@@H]3c4ccc(O)cc4CC[C@H]3[C@@H]1CC=C2CO,1.0,C[C@]12CC[C@H]3[C@@H](CCc4cc(O)ccc34)[C@@H]1CC=C2CO,C1=CC2CCC3c4ccccc4CCC3C2C1,21
C[C@]12CC[C@@H]3c4ccc(O)cc4CC[C@H]3[C@@H]1CCC2=O,1.0,C[C@]12CC[C@H]3[C@@H](CCc4cc(O)ccc34)[C@@H]1CCC2=O,O=C1CCC2C1CCC1c3ccccc3CCC12,20
C[C@]12CC[C@@H]3c4ccc(O)cc4CC[C@H]3[C@@H]1CC[C@@H]2O,1.0,C[C@]12CC[C@H]3[C@@H](CCc4cc(O)ccc34)[C@@H]1CC[C@@H]2O,c1ccc2c(c1)CCC1C2CCC2CCCC21,20
C[C@]12CC[C@@H]3c4ccc(O)cc4CC[C@H]3[C@@H]1CC[C@@]2(O)/C=C/CC(F)(C(F)(F)F)C(F)(F)F,0.0,C[C@]12CC[C@H]3[C@@H](CCc4cc(O)ccc34)[C@@H]1CC[C@@]2(O)\C=C\CC(F)(C(F)(F)F)C(F)(F)F,c1ccc2c(c1)CCC1C2CCC2CCCC21,33
C[C@]12CC[C@@H]3c4ccc(O)cc4CC[C@H]3[C@@H]1CC[C@@]2(O)/C=C/CC(F)(F)C(F)(F)C(F)(F)C(F)(F)C(F)(F)C(F)(F)F,0.0,C[C@]12CC[C@H]3[C@@H](CCc4cc(O)ccc34)[C@@H]1CC[C@@]2(O)\C=C\CC(F)(F)C(F)(F)C(F)(F)C(F)(F)C(F)(F)C(F)(F)F,c1ccc2c(c1)CCC1C2CCC2CCCC21,42
C[C@]12CC[C@@H]3c4ccc(O)cc4CC[C@H]3[C@@H]1CC[C@@]2(O)/C=C/CC(F)(F)C(F)(F)C(F)(F)F,1.0,C[C@]12CC[C@H]3[C@@H](CCc4cc(O)ccc34)[C@@H]1CC[C@@]2(O)\C=C\CC(F)(F)C(F)(F)C(F)(F)F,c1ccc2c(c1)CCC1C2CCC2CCCC21,33
C[C@]12CC[C@@H]3c4ccc(O)cc4CC[C@H]3[C@@H]1CC[C@@]2(O)C/C=C/CC(F)(C(F)(F)F)C(F)(F)F,0.0,C[C@]12CC[C@H]3[C@@H](CCc4cc(O)ccc34)[C@@H]1CC[C@@]2(O)C\C=C\CC(F)(C(F)(F)F)C(F)(F)F,c1ccc2c(c1)CCC1C2CCC2CCCC21,34
C[C@]12CC[C@@H]3c4ccc(O)cc4CC[C@H]3[C@@H]1CC[C@@]2(O)C/C=C/CC(F)(F)C(F)(F)C(F)(F)C(F)(F)C(F)(F)C(F)(F)F,1.0,C[C@]12CC[C@H]3[C@@H](CCc4cc(O)ccc34)[C@@H]1CC[C@@]2(O)C\C=C\CC(F)(F)C(F)(F)C(F)(F)C(F)(F)C(F)(F)C(F)(F)F,c1ccc2c(c1)CCC1C2CCC2CCCC21,43
C[C@]12CC[C@@H]3c4ccc(O)cc4CC[C@H]3[C@@H]1CC[C@@]2(O)C/C=C/CC(F)(F)C(F)(F)C(F)(F)F,0.0,C[C@]12CC[C@H]3[C@@H](CCc4cc(O)ccc34)[C@@H]1CC[C@@]2(O)C\C=C\CC(F)(F)C(F)(F)C(F)(F)F,c1ccc2c(c1)CCC1C2CCC2CCCC21,34
C[C@]12CC[C@@H]3c4ccc(O)cc4CC[C@H]3[C@@H]1CC[C@@]2(O)c1ccc2c(c1)COC2,1.0,C[C@]12CC[C@H]3[C@@H](CCc4cc(O)ccc34)[C@@H]1CC[C@@]2(O)c5ccc6COCc6c5,c1ccc2c(c1)CCC1C2CCC2C(c3ccc4c(c3)COC4)CCC21,29
C[C@]12CC[C@@H]3c4ccc(O)cc4CC[C@H]3[C@@H]1CC[C@H]2O,1.0,C[C@]12CC[C@H]3[C@@H](CCc4cc(O)ccc34)[C@@H]1CC[C@H]2O,c1ccc2c(c1)CCC1C2CCC2CCCC21,20
C[C@]12CC[C@@H]3c4ccc(O)cc4CC[C@H]3[C@@H]1C[C@@H](O)[C@@H]2O,1.0,C[C@]12CC[C@H]3[C@@H](CCc4cc(O)ccc34)[C@@H]1C[C@@H](O)[C@@H]2O,c1ccc2c(c1)CCC1C2CCC2CCCC21,21
C[C@]12CC[C@@H]3c4ccc(O)cc4CC[C@H]3[C@@H]1C[C@H](O)[C@H]2O,1.0,C[C@]12CC[C@H]3[C@@H](CCc4cc(O)ccc34)[C@@H]1C[C@H](O)[C@H]2O,c1ccc2c(c1)CCC1C2CCC2CCCC21,21
C[C@]12CC[C@@H]3c4ccc(O)cc4CC[C@H]3[C@@H]1[C@@H](O)[C@@H](O)[C@@H]2O,1.0,C[C@]12CC[C@H]3[C@@H](CCc4cc(O)ccc34)[C@@H]1[C@@H](O)[C@@H](O)[C@@H]2O,c1ccc2c(c1)CCC1C2CCC2CCCC21,22
C[C@]12CC[C@@H]3c4ccc(O)cc4C[C@@H](CCCCCCCCC[S+]([O-])CCCC(F)(F)C(F)(F)F)[C@H]3[C@@H]1CC[C@@H]2O,1.0,C[C@]12CC[C@H]3[C@@H]([C@H](CCCCCCCCC[S+]([O-])CCCC(F)(F)C(F)(F)F)Cc4cc(O)ccc34)[C@@H]1CC[C@@H]2O,c1ccc2c(c1)CCC1C2CCC2CCCC21,41
C[C@]12CC[C@@H]3c4ccc(O)cc4C[C@@H](Sc4ccc(/C=C/C(=O)O)cc4)[C@H]3[C@@H]1CC[C@@H]2O,1.0,C[C@]12CC[C@H]3[C@@H]([C@@H](Cc4cc(O)ccc34)Sc5ccc(\C=C\C(=O)O)cc5)[C@@H]1CC[C@@H]2O,c1ccc(SC2Cc3ccccc3C3CCC4CCCC4C23)cc1,32
C[C@]12CC[C@@H]3c4ccc(OS(N)(=O)=O)cc4CC[C@H]3[C@@H]1CCC2=O,0.0,C[C@]12CC[C@H]3[C@@H](CCc4cc(OS(=O)(=O)N)ccc34)[C@@H]1CCC2=O,O=C1CCC2C1CCC1c3ccccc3CCC12,24
C[C@]12CC[C@H](c3ccc(O)cc3)C[C@H]1C[C@H](O)[C@H]2O,1.0,C[C@]12CC[C@@H](C[C@H]1C[C@H](O)[C@H]2O)c3ccc(O)cc3,c1ccc(C2CCC3CCCC3C2)cc1,19
C[C@]12CC[C@H]3[C@@H](CC4C5=CC(=O)CC[C@@]53C[C@H]4O)[C@@H]1CC[C@@H]2O,0.0,C[C@]12CC[C@H]3[C@@H](CC4[C@H](O)C[C@@]35CCC(=O)C=C45)[C@@H]1CC[C@@H]2O,O=C1C=C2C3CCC2(CC1)C1CCC2CCCC2C1C3,23
C[C@]12CC[C@H]3[C@@H](CC=C4C[C@@H](O)CC[C@@]43C)[C@@H]1CC[C@@H]2O,1.0,C[C@]12CC[C@H]3[C@@H](CC=C4C[C@@H](O)CC[C@]34C)[C@@H]1CC[C@@H]2O,C1=C2CCCCC2C2CCC3CCCC3C2C1,21
C[C@]12CC[C@H]3[C@@H](CC=C4C[C@@H]5CC[C@@]43CC(=O)O5)[C@@H]1CC[C@@H]2O,0.0,C[C@]12CC[C@H]3[C@@H](CC=C4C[C@@H]5CC[C@]34CC(=O)O5)[C@@H]1CC[C@@H]2O,O=C1CC23CCC(CC2=CCC2C4CCCC4CCC23)O1,23
C[C@]12CC[C@H]3[C@@H](CC=C4C[C@@H]5CC[C@@]43CCO5)[C@@H]1CC[C@@H]2O,0.0,C[C@]12CC[C@H]3[C@@H](CC=C4C[C@@H]5CC[C@]34CCO5)[C@@H]1CC[C@@H]2O,C1=C2CC3CCC2(CCO3)C2CCC3CCCC3C2C1,22
C[C@]12CC[C@H]3[C@@H](CC=C4[C@@H]5C(=O)CC[C@@]43C[C@@H]5O)[C@@H]1CC[C@@H]2O,0.0,C[C@]12CC[C@H]3[C@@H](CC=C4[C@H]5[C@@H](O)C[C@@]34CCC5=O)[C@@H]1CC[C@@H]2O,O=C1CCC23CCC1C2=CCC1C2CCCC2CCC13,23
C[C@]12CC[C@H]3[C@@H](CC=C4[C@@H]5C(=O)CC[C@@]43C[C@H]5O)[C@@H]1CC[C@@H]2O,0.0,C[C@]12CC[C@H]3[C@@H](CC=C4[C@H]5[C@H](O)C[C@@]34CCC5=O)[C@@H]1CC[C@@H]2O,O=C1CCC23CCC1C2=CCC1C2CCCC2CCC13,23
C[C@]12CC[C@H]3[C@@H](CC=C4[C@H]5CC=C[C@]43CC[C@@H]5O)[C@@H]1CC[C@@H]2O,1.0,C[C@]12CC[C@H]3[C@@H](CC=C4[C@H]5CC=C[C@@]34CC[C@@H]5O)[C@@H]1CC[C@@H]2O,C1=CC23CCCC(C1)C2=CCC1C2CCCC2CCC13,23
C[C@]12CC[C@H]3[C@@H](CC=C4[C@H]5CC[C@]43CCC5=O)[C@@H]1CC[C@@H]2O,1.0,C[C@]12CC[C@H]3[C@@H](CC=C4[C@H]5CC[C@@]34CCC5=O)[C@@H]1CC[C@@H]2O,O=C1CCC23CCC1C2=CCC1C2CCCC2CCC13,22
C[C@]12CC[C@H]3[C@@H](CC=C4[C@H]5CC[C@]43CC[C@@H]5O)[C@@H]1CC[C@@H]2O,1.0,C[C@]12CC[C@H]3[C@@H](CC=C4[C@H]5CC[C@@]34CC[C@@H]5O)[C@@H]1CC[C@@H]2O,C1=C2C3CCCC2(CC3)C2CCC3CCCC3C2C1,22
C[C@]12CC[C@H]3[C@@H](CC=C4[C@H]5CC[C@]43CC[C@H]5O)[C@@H]1CC[C@@H]2O,1.0,C[C@]12CC[C@H]3[C@@H](CC=C4[C@H]5CC[C@@]34CC[C@H]5O)[C@@H]1CC[C@@H]2O,C1=C2C3CCCC2(CC3)C2CCC3CCCC3C2C1,22
C[C@]12CC[C@H]3[C@@H](CCC4=CC(=O)CC[C@@]43C)[C@@H]1CC[C@@H]2O,0.0,C[C@]12CC[C@H]3[C@@H](CCC4=CC(=O)CC[C@]34C)[C@@H]1CC[C@@H]2O,O=C1C=C2CCC3C4CCCC4CCC3C2CC1,21
C[C@]12CCc3c(ccc4cc(O)ccc34)[C@@H]1CC[C@H]2O,1.0,C[C@]12CCc3c(ccc4cc(O)ccc34)[C@@H]1CC[C@H]2O,c1ccc2c3c(ccc2c1)C1CCCC1CC3,20
C[C@]12CCc3c(sc4cc(O)ccc34)[C@@H]1CC[C@@H]2O,1.0,C[C@]12CCc3c(sc4cc(O)ccc34)[C@@H]1CC[C@@H]2O,c1ccc2c3c(sc2c1)C1CCCC1CC3,19
C[C@]12CCc3c(sc4cc(O)ccc34)[C@@H]1CC[C@H]2O,1.0,C[C@]12CCc3c(sc4cc(O)ccc34)[C@@H]1CC[C@H]2O,c1ccc2c3c(sc2c1)C1CCCC1CC3,19
C[C@]12CCc3c(sc4cc(O)ccc34)[C@H]1CC[C@@H]2O,1.0,C[C@]12CCc3c(sc4cc(O)ccc34)[C@H]1CC[C@@H]2O,c1ccc2c3c(sc2c1)C1CCCC1CC3,19
C[C@]12Cc3cnn(-c4ccc(F)cc4)c3C=C1CCC21OCCO1,0.0,C[C@]12Cc3cnn(c3C=C1CCC24OCCO4)c5ccc(F)cc5,C1=C2CCC3(OCCO3)C2Cc2cnn(-c3ccccc3)c21,24
C[C@]12Cc3cnn(-c4ccc(F)cc4)c3C=C1CCCC21OCCO1,0.0,C[C@]12Cc3cnn(c3C=C1CCCC24OCCO4)c5ccc(F)cc5,C1=C2CCCC3(OCCO3)C2Cc2cnn(-c3ccccc3)c21,25
Cc1[nH]n(-c2ccccc2)c(=O)c1Sc1ccc(Cl)cc1,0.0,CC1=C(Sc2ccc(Cl)cc2)C(=O)N(N1)c3ccccc3,O=c1c(Sc2ccccc2)c[nH]n1-c1ccccc1,21
Cc1c(-c2ccc(O)cc2)n(CCCCn2c(-c3ccc(O)cc3)c(C)c3cc(O)ccc32)c2ccc(O)cc12,1.0,Cc1c(c2ccc(O)cc2)n(CCCCn3c(c(C)c4cc(O)ccc34)c5ccc(O)cc5)c6ccc(O)cc16,c1ccc(-c2cc3ccccc3n2CCCCn2c(-c3ccccc3)cc3ccccc32)cc1,40
Cc1c(-c2ccc(O)cc2)n(Cc2ccc(OCCN3CCCCC3)cc2)c2ccc(O)cc12,1.0,Cc1c(c2ccc(O)cc2)n(Cc3ccc(OCCN4CCCCC4)cc3)c5ccc(O)cc15,c1ccc(-c2cc3ccccc3n2Cc2ccc(OCCN3CCCCC3)cc2)cc1,34
Cc1c(-c2ccc(O)cc2)n(Cc2ccc(OCCN3CCCCCC3)cc2)c2ccc(O)cc12,1.0,Cc1c(c2ccc(O)cc2)n(Cc3ccc(OCCN4CCCCCC4)cc3)c5ccc(O)cc15,c1ccc(-c2cc3ccccc3n2Cc2ccc(OCCN3CCCCCC3)cc2)cc1,35
Cc1c(-c2ccc(O)cc2)n(Cc2ccc(OCCN3CC[C@@H](C)C3)cc2)c2ccc(O)cc12,1.0,C[C@@H]1CCN(CCOc2ccc(Cn3c(c(C)c4cc(O)ccc34)c5ccc(O)cc5)cc2)C1,c1ccc(-c2cc3ccccc3n2Cc2ccc(OCCN3CCCC3)cc2)cc1,34
Cc1c(-c2ccc(O)cc2)n(Cc2ccc(OC[C@H](C)N3CCCC3)cc2)c2ccc(O)cc12,1.0,C[C@@H](COc1ccc(Cn2c(c(C)c3cc(O)ccc23)c4ccc(O)cc4)cc1)N5CCCC5,c1ccc(-c2cc3ccccc3n2Cc2ccc(OCCN3CCCC3)cc2)cc1,34
Cc1c(-c2ccc(O)cc2)oc(-c2ccc(O)cc2)c1-c1ccc(OCCN2CCCCC2)cc1,1.0,Cc1c(oc(c2ccc(O)cc2)c1c3ccc(OCCN4CCCCC4)cc3)c5ccc(O)cc5,c1ccc(-c2cc(-c3ccc(OCCN4CCCCC4)cc3)c(-c3ccccc3)o2)cc1,35
Cc1c(/C=N/O)c2ccccc2n1-c1ccc(O)c(F)c1,1.0,Cc1c(\C=N\O)c2ccccc2n1c3ccc(O)c(F)c3,c1ccc(-n2ccc3ccccc32)cc1,21
Cc1c(/C=N/O)c2ccccc2n1-c1ccc(O)cc1,1.0,Cc1c(\C=N\O)c2ccccc2n1c3ccc(O)cc3,c1ccc(-n2ccc3ccccc32)cc1,20
Cc1c(C(=O)OCc2ccccc2)[nH]c2c1C(=O)CC(c1ccco1)C2,0.0,Cc1c([nH]c2CC(CC(=O)c12)c3occc3)C(=O)OCc4ccccc4,O=C(OCc1ccccc1)c1cc2c([nH]1)CC(c1ccco1)CC2=O,26
Cc1c(Cl)cccc1NC(=O)CC1SCCNC1=O,0.0,Cc1c(Cl)cccc1NC(=O)CC2SCCNC2=O,O=C(CC1SCCNC1=O)Nc1ccccc1,19
Cc1c(F)cccc1C(=O)N(c1ccc(O)cc1)c1ccc(O)cc1,1.0,Cc1c(F)cccc1C(=O)N(c2ccc(O)cc2)c3ccc(O)cc3,O=C(c1ccccc1)N(c1ccccc1)c1ccccc1,25
Cc1c(O)c(Cl)c(C)c2c1c(=O)oc1c(Cl)c(O)ccc12,1.0,Cc1c(O)c(Cl)c(C)c2c3ccc(O)c(Cl)c3OC(=O)c12,O=c1oc2ccccc2c2ccccc12,21
Cc1c(O)c(Cl)cc2c1c(=O)oc1c(Cl)c(O)ccc12,1.0,Cc1c(O)c(Cl)cc2c3ccc(O)c(Cl)c3OC(=O)c12,O=c1oc2ccccc2c2ccccc12,20
Cc1c(O)cc(C#N)c2cc(-c3ccc(O)c(F)c3)ccc12,1.0,Cc1c(O)cc(C#N)c2cc(ccc12)c3ccc(O)c(F)c3,c1ccc(-c2ccc3ccccc3c2)cc1,22
Cc1c(O)cc(C)c2c1oc(=O)c1c(C)c(O)ccc12,1.0,Cc1cc(O)c(C)c2OC(=O)c3c(C)c(O)ccc3c12,O=c1oc2ccccc2c2ccccc12,20
Cc1c(O)cc(C)c2c1oc(=O)c1cc(O)ccc12,1.0,Cc1cc(O)c(C)c2OC(=O)c3cc(O)ccc3c12,O=c1oc2ccccc2c2ccccc12,19
Cc1c(O)cc(O)c2c(=O)n(-c3ccc(O)cc3)cnc12,0.0,Cc1c(O)cc(O)c2C(=O)N(C=Nc12)c3ccc(O)cc3,O=c1c2ccccc2ncn1-c1ccccc1,21
Cc1c(O)ccc(-c2noc3cc(O)ccc23)c1O,1.0,Cc1c(O)ccc(c1O)c2noc3cc(O)ccc23,c1ccc(-c2noc3ccccc23)cc1,19
Cc1c(O)ccc2c1COc1c-2ccc(O)c1C,1.0,Cc1c(O)ccc2c1COc3c(C)c(O)ccc23,c1ccc2c(c1)COc1ccccc1-2,18
Cc1c(O)ccc2c1OC(C)(C)c1c-2ccc(O)c1C,1.0,Cc1c(O)ccc2c1OC(C)(C)c3c(C)c(O)ccc23,c1ccc2c(c1)COc1ccccc1-2,20
Cc1c(O)ccc2c1OC(C)c1c-2ccc(O)c1C,1.0,CC1Oc2c(C)c(O)ccc2c3ccc(O)c(C)c13,c1ccc2c(c1)COc1ccccc1-2,19
Cc1c(O)ccc2c1O[C@H](c1ccc(OCCN3CCCCC3)cc1)[C@H](c1ccc(O)cc1)S2,1.0,Cc1c(O)ccc2S[C@H]([C@H](Oc12)c3ccc(OCCN4CCCCC4)cc3)c5ccc(O)cc5,c1ccc(C2Sc3ccccc3OC2c2ccc(OCCN3CCCCC3)cc2)cc1,34
Cc1c(O)ccc2c1c(=O)oc1c(Br)c(O)ccc12,1.0,Cc1c(O)ccc2c3ccc(O)c(Br)c3OC(=O)c12,O=c1oc2ccccc2c2ccccc12,19
Cc1c(O)ccc2c1c(=O)oc1c(F)c(O)ccc12,1.0,Cc1c(O)ccc2c3ccc(O)c(F)c3OC(=O)c12,O=c1oc2ccccc2c2ccccc12,19
Cc1c(O)ccc2c1c(=O)oc1cc(O)cc(C)c12,1.0,Cc1cc(O)cc2OC(=O)c3c(C)c(O)ccc3c12,O=c1oc2ccccc2c2ccccc12,19
Cc1c(O)ccc2c1c(=O)oc1cc(O)ccc12,1.0,Cc1c(O)ccc2c3ccc(O)cc3OC(=O)c12,O=c1oc2ccccc2c2ccccc12,18
Cc1c(O)ccc2c1oc(=O)c1c(Br)cc(Br)cc12,1.0,Cc1c(O)ccc2c1OC(=O)c3c(Br)cc(Br)cc23,O=c1oc2ccccc2c2ccccc12,19
Cc1c(O)ccc2c1oc(=O)c1c(C)c(O)cc(C)c12,1.0,Cc1cc(O)c(C)c2C(=O)Oc3c(C)c(O)ccc3c12,O=c1oc2ccccc2c2ccccc12,20
Cc1c(O)ccc2c1oc(=O)c1c(C)c(O)ccc12,1.0,Cc1c(O)ccc2c1OC(=O)c3c(C)c(O)ccc23,O=c1oc2ccccc2c2ccccc12,19
Cc1c(O)ccc2c1oc(=O)c1c(C)ccc(C)c12,1.0,Cc1ccc(C)c2c3ccc(O)c(C)c3OC(=O)c12,O=c1oc2ccccc2c2ccccc12,19
Cc1c(O)ccc2c1oc(=O)c1c(C)cccc12,1.0,Cc1cccc2c3ccc(O)c(C)c3OC(=O)c12,O=c1oc2ccccc2c2ccccc12,18
Cc1c(O)ccc2c1oc(=O)c1c(O)c(O)ccc12,1.0,Cc1c(O)ccc2c1OC(=O)c3c(O)c(O)ccc23,O=c1oc2ccccc2c2ccccc12,19
Cc1c(O)ccc2c1oc(=O)c1cc(Br)ccc12,1.0,Cc1c(O)ccc2c1OC(=O)c3cc(Br)ccc23,O=c1oc2ccccc2c2ccccc12,18
Cc1c(O)ccc2c1oc(=O)c1cc(O)cc(C)c12,1.0,Cc1cc(O)cc2C(=O)Oc3c(C)c(O)ccc3c12,O=c1oc2ccccc2c2ccccc12,19
Cc1c(O)ccc2c1oc(=O)c1cc(O)ccc12,1.0,Cc1c(O)ccc2c1OC(=O)c3cc(O)ccc23,O=c1oc2ccccc2c2ccccc12,18
Cc1c(O)ccc2cc(-c3ccc(O)cc3)ccc12,1.0,Cc1c(O)ccc2cc(ccc12)c3ccc(O)cc3,c1ccc(-c2ccc3ccccc3c2)cc1,19
Cc1c([C@H]2[C@@H](CC#N)C2(C)C)c2ccccc2n1C,0.0,Cc1c([C@H]2[C@@H](CC#N)C2(C)C)c3ccccc3n1C,c1ccc2c(C3CC3)c[nH]c2c1,19
Cc1cc(-c2cc(-c3ccccc3)cc(N(C)CCc3ccccn3)n2)ccc1O,0.0,CN(CCc1ccccn1)c2cc(cc(n2)c3ccc(O)c(C)c3)c4ccccc4,c1ccc(-c2cc(NCCc3ccccn3)nc(-c3ccccc3)c2)cc1,30
Cc1cc(-c2cc(-c3ccccc3)cc(N(C)Cc3cccc4ccccc34)n2)ccc1O,0.0,CN(Cc1cccc2ccccc12)c3cc(cc(n3)c4ccc(O)c(C)c4)c5ccccc5,c1ccc(-c2cc(NCc3cccc4ccccc34)nc(-c3ccccc3)c2)cc1,33
Cc1cc(-c2cc(-c3ccccc3)cc(N(C)Cc3ccccc3)n2)ccc1O,0.0,CN(Cc1ccccc1)c2cc(cc(n2)c3ccc(O)c(C)c3)c4ccccc4,c1ccc(CNc2cc(-c3ccccc3)cc(-c3ccccc3)n2)cc1,29
Cc1cc(-c2cc3c(O)cc(O)cc3s2)ccc1O,0.0,Cc1cc(ccc1O)c2cc3c(O)cc(O)cc3s2,c1ccc(-c2cc3ccccc3s2)cc1,19
Cc1cc(-c2ccc(N3C(=O)CCC3=O)c(C)c2)ccc1N1C(=O)CCC1=O,0.0,Cc1cc(ccc1N2C(=O)CCC2=O)c3ccc(N4C(=O)CCC4=O)c(C)c3,O=C1CCC(=O)N1c1ccc(-c2ccc(N3C(=O)CCC3=O)cc2)cc1,28
Cc1cc(-c2ccc(O)cc2F)sc1-c1ccc(O)cc1F,0.0,Cc1cc(sc1c2ccc(O)cc2F)c3ccc(O)cc3F,c1ccc(-c2ccc(-c3ccccc3)s2)cc1,22
Cc1cc(-c2cccc(Cl)c2)ccc1O,0.0,Cc1cc(ccc1O)c2cccc(Cl)c2,c1ccc(-c2ccccc2)cc1,15
Cc1cc(-c2nc3c4c5c(sc4nc(O)n3n2)CCC5)c(C)o1,0.0,Cc1oc(C)c(c1)c2nc3c4c5CCCc5sc4nc(O)n3n2,c1cc(-c2nc3c4c5c(sc4ncn3n2)CCC5)co1,23
Cc1cc(-c2noc3cc(O)ccc23)c(O)cc1O,1.0,Cc1cc(c(O)cc1O)c2noc3cc(O)ccc23,c1ccc(-c2noc3ccccc23)cc1,19
Cc1cc(-c2noc3cc(O)ccc23)ccc1O,1.0,Cc1cc(ccc1O)c2noc3cc(O)ccc23,c1ccc(-c2noc3ccccc23)cc1,18
Cc1cc(-n2cnc3cc(O)cc(O)c3c2=O)ccc1O,0.0,Cc1cc(ccc1O)N2C=Nc3cc(O)cc(O)c3C2=O,O=c1c2ccccc2ncn1-c1ccccc1,21
Cc1cc(-n2cnc3cc(O)cc(O)c3c2=S)ccc1O,1.0,Cc1cc(ccc1O)N2C=Nc3cc(O)cc(O)c3C2=S,S=c1c2ccccc2ncn1-c1ccccc1,21
Cc1cc(=O)oc2c(CN3CCC(C)CC3)c(O)c(Cl)cc12,0.0,CC1CCN(Cc2c(O)c(Cl)cc3C(=CC(=O)Oc23)C)CC1,O=c1ccc2cccc(CN3CCCCC3)c2o1,22
Cc1cc(Br)c2c(c1)c(=O)oc1c(C)c(O)ccc12,1.0,Cc1cc(Br)c2c(c1)C(=O)Oc3c(C)c(O)ccc23,O=c1oc2ccccc2c2ccccc12,19
Cc1cc(C(=O)Nc2sc3c(c2C#N)CCC3)no1,1.0,Cc1onc(c1)C(=O)Nc2sc3CCCc3c2C#N,O=C(Nc1cc2c(s1)CCC2)c1ccon1,19
Cc1cc(C)c(C(=O)COc2cccnc2[N+](=O)[O-])cc1C,0.0,Cc1cc(C)c(cc1C)C(=O)COc2cccnc2[N+](=O)[O-],O=C(COc1cccnc1)c1ccccc1,22
Cc1cc(C)c(S(=O)(=O)/N=C2\C=CC(=O)C(Cl)=C2)c(C)c1,0.0,Cc1cc(C)c(c(C)c1)S(=O)(=O)\N=C\2/C=CC(=O)C(=C2)Cl,O=C1C=CC(=NS(=O)(=O)c2ccccc2)C=C1,21
Cc1cc(C)c(S(=O)(=O)N[C@@H](C)CNc2cccc3c2cnn3-c2ccc(F)cc2)c(C)c1,0.0,C[C@@H](CNc1cccc2c1cnn2c3ccc(F)cc3)NS(=O)(=O)c4c(C)cc(C)cc4C,O=S(=O)(NCCNc1cccc2c1cnn2-c1ccccc1)c1ccccc1,33
Cc1cc(C)c2c(c1)c(=O)oc1c(C)c(O)ccc12,1.0,Cc1cc(C)c2c(c1)C(=O)Oc3c(C)c(O)ccc23,O=c1oc2ccccc2c2ccccc12,19
Cc1cc(C)c2c(c1)c(=O)oc1cc(O)ccc12,1.0,Cc1cc(C)c2c(c1)C(=O)Oc3cc(O)ccc23,O=c1oc2ccccc2c2ccccc12,18
Cc1cc(C)c2cc3c(ccn3C3OC[C@H](O)[C@H](O)[C@H]3O)cc2n1,1.0,Cl.Cc1cc(C)c2cc3c(ccn3C4OC[C@H](O)[C@H](O)[C@H]4O)cc2n1,c1cnc2cc3ccn(C4CCCCO4)c3cc2c1,24
Cc1cc(C)n2nc(C(=O)OCC(=O)c3cc(C)n(C)c3C)nc2n1,0.0,Cc1cc(C)n2nc(nc2n1)C(=O)OCC(=O)c3cc(C)n(C)c3C,O=C(COC(=O)c1nc2ncccn2n1)c1cc[nH]c1,25
Cc1cc(C)nc(N2CCN(c3ccc(C(=O)c4c(-c5ccc(O)cc5)sc5cc(O)ccc45)cc3)CC2)n1,1.0,Cc1cc(C)nc(n1)N2CCN(CC2)c3ccc(cc3)C(=O)c4c(sc5cc(O)ccc45)c6ccc(O)cc6,O=C(c1ccc(N2CCN(c3ncccn3)CC2)cc1)c1c(-c2ccccc2)sc2ccccc12,39
Cc1cc(Cc2ccc(O)c(C)c2)ccc1O,0.0,Cc1cc(Cc2ccc(O)c(C)c2)ccc1O,c1ccc(Cc2ccccc2)cc1,17
Cc1cc(Cl)c(S(=O)(=O)Nc2ccc3c(c2)OCO3)cc1OCC(N)=O,0.0,Cc1cc(Cl)c(cc1OCC(=O)N)S(=O)(=O)Nc2ccc3OCOc3c2,O=S(=O)(Nc1ccc2c(c1)OCO2)c1ccccc1,26
Cc1cc(Cl)ccc1OCC(=O)OC(C)C(=O)N(C)C,1.0,CC(OC(=O)COc1ccc(Cl)cc1C)C(=O)N(C)C,c1ccccc1,20
Cc1cc(NC(=O)c2c(F)cccc2Cl)n(-c2nc3ccccc3[nH]2)n1,0.0,Cc1cc(NC(=O)c2c(F)cccc2Cl)n(n1)c3nc4ccccc4[nH]3,O=C(Nc1ccnn1-c1nc2ccccc2[nH]1)c1ccccc1,26
Cc1cc(O)c(C)c2c1-c1ccc(O)c(C)c1OC2C,1.0,CC1Oc2c(C)c(O)ccc2c3c(C)cc(O)c(C)c13,c1ccc2c(c1)COc1ccccc1-2,20
Cc1cc(O)c(Cl)c2c(=O)oc3c(Cl)c(O)ccc3c12,1.0,Cc1cc(O)c(Cl)c2C(=O)Oc3c(Cl)c(O)ccc3c12,O=c1oc2ccccc2c2ccccc12,20
Cc1cc(O)c2c(c1)C(=O)c1cc(O)cc(O)c1C2=O,0.0,Cc1cc(O)c2C(=O)c3c(O)cc(O)cc3C(=O)c2c1,O=C1c2ccccc2C(=O)c2ccccc21,20
Cc1cc(O)c2c(c1)C(=O)c1cc(O)cc(O[C@@H]3O[C@H](CO)[C@@H](O)[C@H](O)[C@H]3O)c1C2=O,0.0,Cc1cc(O)c2C(=O)c3c(O[C@@H]4O[C@H](CO)[C@@H](O)[C@H](O)[C@H]4O)cc(O)cc3C(=O)c2c1,O=C1c2ccccc2C(=O)c2c(OC3CCCCO3)cccc21,31
Cc1cc(O)c2cccc(-c3nc4ccc(O)cc4o3)c2c1,1.0,Cc1cc(O)c2cccc(c3oc4cc(O)ccc4n3)c2c1,c1ccc2c(-c3nc4ccccc4o3)cccc2c1,22
Cc1cc(O)cc2c1-c1ccc(O)c(C)c1OC2,1.0,Cc1cc(O)cc2COc3c(C)c(O)ccc3c12,c1ccc2c(c1)COc1ccccc1-2,18
Cc1cc(O)cc2c1-c1ccc(O)c(C)c1OC2C,1.0,CC1Oc2c(C)c(O)ccc2c3c(C)cc(O)cc13,c1ccc2c(c1)COc1ccccc1-2,19
Cc1cc(O)cc2c1-c1ccc(O)c(C)c1OC2CC(C)C,1.0,CC(C)CC1Oc2c(C)c(O)ccc2c3c(C)cc(O)cc13,c1ccc2c(c1)COc1ccccc1-2,22
Cc1cc(O)cc2c1N=C(c1ccc(O)c(Br)c1)C(C)O2,1.0,CC1Oc2cc(O)cc(C)c2N=C1c3ccc(O)c(Br)c3,c1ccc(C2=Nc3ccccc3OC2)cc1,21
Cc1cc(O)cc2c1O[C@@H](c1ccc(O)cc1)[C@H]1CCC[C@@H]21,1.0,Cc1cc(O)cc2[C@@H]3CCC[C@@H]3[C@@H](Oc12)c4ccc(O)cc4,c1ccc(C2Oc3ccccc3C3CCCC32)cc1,22
Cc1cc(O)cc2c1S[C@@H](c1ccc(O)cc1)[C@@H](c1ccc(OCCN3CCCCC3)cc1)O2,1.0,Cc1cc(O)cc2O[C@@H]([C@@H](Sc12)c3ccc(O)cc3)c4ccc(OCCN5CCCCC5)cc4,c1ccc(C2Sc3ccccc3OC2c2ccc(OCCN3CCCCC3)cc2)cc1,34
Cc1cc(O)cc2cc(-c3ccc(O)c(F)c3)oc12,1.0,Cc1cc(O)cc2cc(oc12)c3ccc(O)c(F)c3,c1ccc(-c2cc3ccccc3o2)cc1,19
Cc1cc(O)cc2cc(-c3ccc(O)cc3)oc12,1.0,Cc1cc(O)cc2cc(oc12)c3ccc(O)cc3,c1ccc(-c2cc3ccccc3o2)cc1,18
Cc1cc(O)cc2ncn(-c3ccc(O)cc3)c(=O)c12,1.0,Cc1cc(O)cc2N=CN(C(=O)c12)c3ccc(O)cc3,O=c1c2ccccc2ncn1-c1ccccc1,20
Cc1cc(O)cc2ncn(-c3ccc(O)cc3)c(=S)c12,1.0,Cc1cc(O)cc2N=CN(C(=S)c12)c3ccc(O)cc3,S=c1c2ccccc2ncn1-c1ccccc1,20
Cc1cc(O)ccc1-c1cc(C)c(-c2ccc(O)cc2C)s1,0.0,Cc1cc(O)ccc1c2cc(C)c(s2)c3ccc(O)cc3C,c1ccc(-c2ccc(-c3ccccc3)s2)cc1,22
Cc1cc(O)ccc1-c1cc2ccc(O)cc2s1,1.0,Cc1cc(O)ccc1c2cc3ccc(O)cc3s2,c1ccc(-c2cc3ccccc3s2)cc1,18
Cc1cc(O)ccc1-c1ccc(-c2ccc(O)cc2C)s1,0.0,Cc1cc(O)ccc1c2ccc(s2)c3ccc(O)cc3C,c1ccc(-c2ccc(-c3ccccc3)s2)cc1,21
Cc1cc(O)ccc1-c1ccc2c(Cl)c(O)ccc2c1,1.0,Cc1cc(O)ccc1c2ccc3c(Cl)c(O)ccc3c2,c1ccc(-c2ccc3ccccc3c2)cc1,20
Cc1cc(O)ccc1-c1ccc2cc(O)ccc2c1,1.0,Cc1cc(O)ccc1c2ccc3cc(O)ccc3c2,c1ccc(-c2ccc3ccccc3c2)cc1,19
Cc1cc(O)ccc1-c1ccccc1,0.0,Cc1cc(O)ccc1c2ccccc2,c1ccc(-c2ccccc2)cc1,14
Cc1cc(O)ccc1-c1cocc1-c1ccc(O)cc1C,0.0,Cc1cc(O)ccc1c2cocc2c3ccc(O)cc3C,c1ccc(-c2cocc2-c2ccccc2)cc1,21
Cc1cc(O)ccc1-c1nc2cc(O)cc(Br)c2o1,1.0,Cc1cc(O)ccc1c2oc3c(Br)cc(O)cc3n2,c1ccc(-c2nc3ccccc3o2)cc1,19
Cc1cc(O)ccc1-c1noc2cc(O)ccc12,1.0,Cc1cc(O)ccc1c2noc3cc(O)ccc23,c1ccc(-c2noc3ccccc23)cc1,18
Cc1cc(O)ccc1-n1cnc2cc(O)cc(O)c2c1=O,1.0,Cc1cc(O)ccc1N2C=Nc3cc(O)cc(O)c3C2=O,O=c1c2ccccc2ncn1-c1ccccc1,21
Cc1cc(O)ccc1C(C#N)Cc1ccc(O)cc1,1.0,Cc1cc(O)ccc1C(Cc2ccc(O)cc2)C#N,c1ccc(CCc2ccccc2)cc1,19
Cc1cc(O)ccc1C1=C(c2ccc(O)cc2C)[C@H]2[C@@H](S(=O)(=O)Oc3ccc(O)cc3)C[C@@H]1S2=O,0.0,Cc1cc(O)ccc1C2=C([C@H]3[C@H](C[C@@H]2S3=O)S(=O)(=O)Oc4ccc(O)cc4)c5ccc(O)cc5C,O=S1C2CC(S(=O)(=O)Oc3ccccc3)C1C(c1ccccc1)=C2c1ccccc1,35
Cc1cc(O)ccc1C1=C(c2ccc(O)cc2C)[C@H]2[C@@H](S(=O)(=O)Oc3ccccc3)C[C@@H]1S2=O,0.0,Cc1cc(O)ccc1C2=C([C@H]3[C@H](C[C@@H]2S3=O)S(=O)(=O)Oc4ccccc4)c5ccc(O)cc5C,O=S1C2CC(S(=O)(=O)Oc3ccccc3)C1C(c1ccccc1)=C2c1ccccc1,34
Cc1cc(O)ccc1C1=C(c2ccc(O)cc2C)[C@H]2[C@@H](S(=O)(=O)Oc3ccccc3Cl)C[C@@H]1S2=O,1.0,Cc1cc(O)ccc1C2=C([C@H]3[C@H](C[C@@H]2S3=O)S(=O)(=O)Oc4ccccc4Cl)c5ccc(O)cc5C,O=S1C2CC(S(=O)(=O)Oc3ccccc3)C1C(c1ccccc1)=C2c1ccccc1,35
Cc1cc(O)ccc1CC(C#N)c1ccc(O)cc1,1.0,Cc1cc(O)ccc1CC(C#N)c2ccc(O)cc2,c1ccc(CCc2ccccc2)cc1,19
Cc1cc(O)ccc1N1C(=O)c2ccc(O)cc2C1=O,0.0,Cc1cc(O)ccc1N2C(=O)c3ccc(O)cc3C2=O,O=C1c2ccccc2C(=O)N1c1ccccc1,20
Cc1cc(O)nc(SCC(=O)NCc2ccco2)n1,0.0,Cc1cc(O)nc(SCC(=O)NCc2occc2)n1,O=C(CSc1ncccn1)NCc1ccco1,19
Cc1cc(O)nc(SCC(=O)Nc2nc3c(s2)CCCC3)n1,0.0,Cc1cc(O)nc(SCC(=O)Nc2nc3CCCCc3s2)n1,O=C(CSc1ncccn1)Nc1nc2c(s1)CCCC2,22
Cc1cc(S(=O)(=O)N(Cc2ccc(F)cc2)CC2CCCO2)ccc1-n1cnnn1,0.0,Cc1cc(ccc1n2cnnn2)S(=O)(=O)N(CC3CCCO3)Cc4ccc(F)cc4,O=S(=O)(c1ccc(-n2cnnn2)cc1)N(Cc1ccccc1)CC1CCCO1,30
Cc1cc([C@@H]2C(=O)c3ccc(O)cc3O[C@@H]2c2ccc(OCCN3CCCCC3)cc2)cc(C)c1O,0.0,Cc1cc(cc(C)c1O)[C@H]2[C@H](Oc3cc(O)ccc3C2=O)c4ccc(OCCN5CCCCC5)cc4,O=C1c2ccccc2OC(c2ccc(OCCN3CCCCC3)cc2)C1c1ccccc1,36
Cc1cc2c(=O)oc3c(C)c(O)ccc3c2c(C)c1Br,1.0,Cc1cc2C(=O)Oc3c(C)c(O)ccc3c2c(C)c1Br,O=c1oc2ccccc2c2ccccc12,20
Cc1cc2c(C(C)C)c(O)c(O)c(C=O)c2c(O)c1-c1c(C)cc2c(C(C)C)c(O)c(O)c(C=O)c2c1O,0.0,CC(C)c1c(O)c(O)c(C=O)c2c(O)c(c(C)cc12)c3c(C)cc4c(C(C)C)c(O)c(O)c(C=O)c4c3O.CC(=O)O,c1ccc2cc(-c3ccc4ccccc4c3)ccc2c1,38
Cc1cc2n(c1)CCn1c(C)ccc1-2,0.0,Cc1cc2c3ccc(C)n3CCn2c1,c1cc2n(c1)CCn1cccc1-2,14
Cc1ccc(-c2cc(C(=O)NCc3ccco3)c3ccccc3n2)o1,0.0,Cc1oc(cc1)c2cc(C(=O)NCc3occc3)c4ccccc4n2,O=C(NCc1ccco1)c1cc(-c2ccco2)nc2ccccc12,25
Cc1ccc(-c2cc3ccc(O)cc3s2)cc1,1.0,Cc1ccc(cc1)c2cc3ccc(O)cc3s2,c1ccc(-c2cc3ccccc3s2)cc1,17
Cc1ccc(-c2csc(NC(=O)c3ccno3)n2)cc1,1.0,Cc1ccc(cc1)c2csc(NC(=O)c3oncc3)n2,O=C(Nc1nc(-c2ccccc2)cs1)c1ccno1,20
Cc1ccc(-c2nc3s/c(=C\c4ccco4)c(=O)n3n2)cc1,0.0,Cc1ccc(cc1)c2nc3S\C(=C/c4occc4)\C(=O)n3n2,O=c1c(=Cc2ccco2)sc2nc(-c3ccccc3)nn12,22
Cc1ccc(-c2nnc(CSc3nc4cc5c(cc4cc3C)OCO5)o2)cc1,1.0,Cc1ccc(cc1)c2oc(CSc3nc4cc5OCOc5cc4cc3C)nn2,c1ccc(-c2nnc(CSc3ccc4cc5c(cc4n3)OCO5)o2)cc1,28
Cc1ccc(-n2c(=O)c(C#N)cc3c(=O)n4cccc(C)c4nc32)cc1,0.0,CC1=CC=CN2C(=O)C3=C(N=C12)N(C(=O)C(=C3)C#N)c4ccc(C)cc4,O=c1ccc2c(=O)n3ccccc3nc2n1-c1ccccc1,26
Cc1ccc(-n2c(SCc3cc(=O)n4ccsc4n3)nnc2-c2cccnc2)c(C)c1,0.0,Cc1ccc(c(C)c1)n2c(SCC3=CC(=O)N4C=CSC4=N3)nnc2c5cccnc5,O=c1cc(CSc2nnc(-c3cccnc3)n2-c2ccccc2)nc2sccn12,31
Cc1ccc(-n2nc(C)c(/C=N/n3c(C)nc4ccccc4c3=O)c2O)cc1,0.0,CC1=Nc2ccccc2C(=O)N1\N=C\c3c(C)nn(c3O)c4ccc(C)cc4,O=c1c2ccccc2ncn1N=Cc1cnn(-c2ccccc2)c1,28
Cc1ccc(/C=c2\sc3nc(-c4ccccc4Br)nn3c2=O)o1,1.0,Cc1oc(\C=C\2/Sc3nc(nn3C2=O)c4ccccc4Br)cc1,O=c1c(=Cc2ccco2)sc2nc(-c3ccccc3)nn12,23
Cc1ccc(/N=C(\c2ccc(O)cc2)c2ccc(O)cc2O)cc1,0.0,Cc1ccc(cc1)\N=C(/c2ccc(O)cc2)\c3ccc(O)cc3O,c1ccc(N=C(c2ccccc2)c2ccccc2)cc1,24
Cc1ccc(C(=O)CC(Nc2ccc([N+](=O)[O-])cc2)c2cccc(F)c2)cc1,0.0,Cc1ccc(cc1)C(=O)CC(Nc2ccc(cc2)[N+](=O)[O-])c3cccc(F)c3,O=C(CC(Nc1ccccc1)c1ccccc1)c1ccccc1,28
Cc1ccc(C(=O)CSC2=C(C#N)C(c3ccco3)CC(=O)N2)c(C)c1,0.0,Cc1ccc(C(=O)CSC2=C(C#N)C(CC(=O)N2)c3occc3)c(C)c1,O=C1CC(c2ccco2)C=C(SCC(=O)c2ccccc2)N1,26
Cc1ccc(C(=O)N2CCN(c3ccc(C(=O)c4c(-c5ccc(O)cc5)sc5cc(O)ccc45)cc3)CC2)cc1,1.0,Cc1ccc(cc1)C(=O)N2CCN(CC2)c3ccc(cc3)C(=O)c4c(sc5cc(O)ccc45)c6ccc(O)cc6,O=C(c1ccc(N2CCN(C(=O)c3ccccc3)CC2)cc1)c1c(-c2ccccc2)sc2ccccc12,40
Cc1ccc(C(=O)NCC(=O)OCC(=O)c2c(N)n(C)c(=O)n(C)c2=O)s1,0.0,CN1C(=C(C(=O)COC(=O)CNC(=O)c2ccc(C)s2)C(=O)N(C)C1=O)N,O=C(CNC(=O)c1cccs1)OCC(=O)c1c[nH]c(=O)[nH]c1=O,27
Cc1ccc(C(=O)Nc2nc(-c3cccnc3)cs2)o1,0.0,Cc1oc(cc1)C(=O)Nc2nc(cs2)c3cccnc3,O=C(Nc1nc(-c2cccnc2)cs1)c1ccco1,20
Cc1ccc(C(=O)Nc2nc3ccccc3c(=O)s2)cc1,0.0,Cc1ccc(cc1)C(=O)NC2=Nc3ccccc3C(=O)S2,O=C(Nc1nc2ccccc2c(=O)s1)c1ccccc1,21
Cc1ccc(C(=O)O)cc1-c1ccc(/C=C2/NC(=O)N(c3ccccc3)C2=O)o1,0.0,Cc1ccc(cc1c2oc(\C=C/3\NC(=O)N(C3=O)c4ccccc4)cc2)C(=O)O,O=C1NC(=Cc2ccc(-c3ccccc3)o2)C(=O)N1c1ccccc1,29
Cc1ccc(C(=O)ONc2ccc(N=NC(=O)c3ccccc3O)cc2)cc1,1.0,Cc1ccc(cc1)C(=O)ONc2ccc(cc2)N=NC(=O)c3ccccc3O,O=C(N=Nc1ccc(NOC(=O)c2ccccc2)cc1)c1ccccc1,28
Cc1ccc(C)c(C(=O)C2=C(O)C(=O)N(CCN3CCOCC3)C2c2ccco2)c1,0.0,Cc1ccc(C)c(c1)C(=O)C2=C(O)C(=O)N(CCN3CCOCC3)C2c4occc4,O=C(C1=CC(=O)N(CCN2CCOCC2)C1c1ccco1)c1ccccc1,30
Cc1ccc(C)c(Cn2c(=O)n(-c3ccc(CC(=O)NCc4ccco4)cc3)c(=O)c3sccc32)c1,0.0,Cc1ccc(C)c(CN2C(=O)N(C(=O)c3sccc23)c4ccc(CC(=O)NCc5occc5)cc4)c1,O=C(Cc1ccc(-n2c(=O)c3sccc3n(Cc3ccccc3)c2=O)cc1)NCc1ccco1,36
Cc1ccc(C)c(SCC(=O)OCC(=O)c2ccco2)c1,1.0,Cc1ccc(C)c(SCC(=O)OCC(=O)c2occc2)c1,O=C(CSc1ccccc1)OCC(=O)c1ccco1,21
Cc1ccc(C)n1-c1sccc1C(=O)O,0.0,Cc1ccc(C)n1c2sccc2C(=O)O,c1csc(-n2cccc2)c1,15
Cc1ccc(C2=C(c3ccc(O)cc3)Cc3cc(O)ccc32)cc1,1.0,Cc1ccc(cc1)C2=C(Cc3cc(O)ccc23)c4ccc(O)cc4,c1ccc(C2=C(c3ccccc3)c3ccccc3C2)cc1,24
Cc1ccc(CCNS(=O)(=O)c2c[nH]cn2)cc1,0.0,Cc1ccc(CCNS(=O)(=O)c2c[nH]cn2)cc1,O=S(=O)(NCCc1ccccc1)c1c[nH]cn1,18
Cc1ccc(Cc2cncc(O)c2)cc1S(=O)(=O)O,0.0,Cc1ccc(Cc2cncc(O)c2)cc1S(=O)(=O)O,c1ccc(Cc2cccnc2)cc1,19
Cc1ccc(N(CC2=NCCN2)c2cccc(O)c2)cc1,0.0,Cc1ccc(cc1)N(CC2=NCCN2)c3cccc(O)c3,c1ccc(N(CC2=NCCN2)c2ccccc2)cc1,21
Cc1ccc(N=C(c2ccc(O)cc2)c2ccc(O)cc2)cc1,1.0,Cc1ccc(cc1)N=C(c2ccc(O)cc2)c3ccc(O)cc3,c1ccc(N=C(c2ccccc2)c2ccccc2)cc1,23
Cc1ccc(NC(=O)COc2ccc(-n3cnnn3)cc2)cc1C,1.0,Cc1ccc(NC(=O)COc2ccc(cc2)n3cnnn3)cc1C,O=C(COc1ccc(-n2cnnn2)cc1)Nc1ccccc1,24
Cc1ccc(O)c(CCNS(=O)(=O)c2ccc(O)cc2)c1,0.0,Cc1ccc(O)c(CCNS(=O)(=O)c2ccc(O)cc2)c1,O=S(=O)(NCCc1ccccc1)c1ccccc1,21
Cc1ccc(OCc2ccoc2C(=O)O)cc1C,1.0,Cc1ccc(OCc2ccoc2C(=O)O)cc1C,c1ccc(OCc2ccoc2)cc1,18
Cc1ccc(OS(=O)(=O)C2CC3OC2C(c2ccc(NC(=O)CCCCCCC(=O)NO)cc2)=C3c2ccc(O)cc2)cc1,1.0,Cc1ccc(OS(=O)(=O)C2CC3OC2C(=C3c4ccc(O)cc4)c5ccc(NC(=O)CCCCCCC(=O)NO)cc5)cc1,O=S(=O)(Oc1ccccc1)C1CC2OC1C(c1ccccc1)=C2c1ccccc1,44
Cc1ccc(OS(=O)(=O)C2CC3OC2C(c2ccc(NC(=O)CCCCCCC(=O)O)cc2)=C3c2ccc(O)cc2)cc1,1.0,Cc1ccc(OS(=O)(=O)C2CC3OC2C(=C3c4ccc(O)cc4)c5ccc(NC(=O)CCCCCCC(=O)O)cc5)cc1,O=S(=O)(Oc1ccccc1)C1CC2OC1C(c1ccccc1)=C2c1ccccc1,43
Cc1ccc(S(=O)(=O)Cc2ccc(C(=O)N3CCC4(CC3)OCCO4)o2)cc1,0.0,Cc1ccc(cc1)S(=O)(=O)Cc2oc(cc2)C(=O)N3CCC4(CC3)OCCO4,O=C(c1ccc(CS(=O)(=O)c2ccccc2)o1)N1CCC2(CC1)OCCO2,28
Cc1ccc(S(=O)(=O)Cc2ccc(C(=O)N3CCN(Cc4ccccc4)CC3)o2)cc1,0.0,Cc1ccc(cc1)S(=O)(=O)Cc2oc(cc2)C(=O)N3CCN(Cc4ccccc4)CC3,O=C(c1ccc(CS(=O)(=O)c2ccccc2)o1)N1CCN(Cc2ccccc2)CC1,31
Cc1ccc(S(=O)(=O)Cc2ccc(C(=O)N3CCc4ccccc4C3)o2)cc1,1.0,Cc1ccc(cc1)S(=O)(=O)Cc2oc(cc2)C(=O)N3CCc4ccccc4C3,O=C(c1ccc(CS(=O)(=O)c2ccccc2)o1)N1CCc2ccccc2C1,28
Cc1ccc(S(=O)(=O)Cc2ccc(C(=O)O)o2)cc1,1.0,Cc1ccc(cc1)S(=O)(=O)Cc2oc(cc2)C(=O)O,O=S(=O)(Cc1ccco1)c1ccccc1,19
Cc1ccc(S(=O)(=O)N2CCCCC2)cc1C(=O)Nc1nc[nH]n1,0.0,Cc1ccc(cc1C(=O)Nc2nc[nH]n2)S(=O)(=O)N3CCCCC3,O=C(Nc1nc[nH]n1)c1cccc(S(=O)(=O)N2CCCCC2)c1,24
Cc1ccc(S(=O)(=O)N2CCc3cc(O)ccc3C2c2ccc(OCCN3CCCC3)cc2)cc1,1.0,Cc1ccc(cc1)S(=O)(=O)N2CCc3cc(O)ccc3C2c4ccc(OCCN5CCCC5)cc4,O=S(=O)(c1ccccc1)N1CCc2ccccc2C1c1ccc(OCCN2CCCC2)cc1,35
Cc1ccc([C@@H]2c3c(O)cc(O)cc3[C@H]3[C@H](c4ccc(O)cc4)c4c(O)cc(O)cc4[C@@H]23)cc1,0.0,Cc1ccc(cc1)[C@H]2[C@H]3[C@H]([C@H](c4ccc(O)cc4)c5c(O)cc(O)cc35)c6cc(O)cc(O)c26,c1ccc(C2c3ccccc3C3C(c4ccccc4)c4ccccc4C23)cc1,34
Cc1ccc2c(Cl)cc(Cl)c(OCC(=O)NCc3ccco3)c2n1,0.0,Cc1ccc2c(Cl)cc(Cl)c(OCC(=O)NCc3occc3)c2n1,O=C(COc1cccc2cccnc12)NCc1ccco1,24
Cc1ccc2c(c1)c(=O)c1c3n2CCN(C(=O)CCl)C3CC1,0.0,Cc1ccc2N3CCN(C4CCC(=C34)C(=O)c2c1)C(=O)CCl,O=c1c2c3n(c4ccccc14)CCNC3CC2,22
Cc1cccc(-n2c(SCCC(=O)O)nnc2-c2cccs2)c1C,0.0,Cc1cccc(c1C)n2c(SCCC(=O)O)nnc2c3cccs3,c1ccc(-n2cnnc2-c2cccs2)cc1,24
Cc1cccc(-n2c(SCc3cc(=O)n4c(C)cccc4n3)nc3nncc-3c2O)c1,0.0,CC1=CC=CC2=NC(=CC(=O)N12)CSc3nc4nncc4c(O)n3c5cccc(C)c5,O=c1cc(CSc2nc3nncc-3cn2-c2ccccc2)nc2ccccn12,31
Cc1cccc(/N=C(\c2ccc(O)cc2)c2ccc(O)cc2O)c1,1.0,Cc1cccc(c1)\N=C(/c2ccc(O)cc2)\c3ccc(O)cc3O,c1ccc(N=C(c2ccccc2)c2ccccc2)cc1,24
Cc1cccc(C(=O)N(c2ccc(O)cc2)c2ccc(O)cc2)c1C,1.0,Cc1cccc(C(=O)N(c2ccc(O)cc2)c3ccc(O)cc3)c1C,O=C(c1ccccc1)N(c1ccccc1)c1ccccc1,25
Cc1cccc(C(=O)N2CCN(c3ccc(C(=O)c4c(-c5ccc(O)cc5)sc5cc(O)ccc45)cc3)CC2)c1,1.0,Cc1cccc(c1)C(=O)N2CCN(CC2)c3ccc(cc3)C(=O)c4c(sc5cc(O)ccc45)c6ccc(O)cc6,O=C(c1ccc(N2CCN(C(=O)c3ccccc3)CC2)cc1)c1c(-c2ccccc2)sc2ccccc12,40
Cc1cccc(C)c1NC(=O)CSc1nnc(-c2ccco2)c(-c2ccco2)n1,0.0,Cc1cccc(C)c1NC(=O)CSc2nnc(c3occc3)c(n2)c4occc4,O=C(CSc1nnc(-c2ccco2)c(-c2ccco2)n1)Nc1ccccc1,29
Cc1cccc(CN(c2ccc(O)cc2)c2ccc(O)cc2)c1C,1.0,Cc1cccc(CN(c2ccc(O)cc2)c3ccc(O)cc3)c1C,c1ccc(CN(c2ccccc2)c2ccccc2)cc1,24
Cc1cccc(N=C(c2ccc(O)cc2)c2ccc(O)cc2)c1,1.0,Cc1cccc(c1)N=C(c2ccc(O)cc2)c3ccc(O)cc3,c1ccc(N=C(c2ccccc2)c2ccccc2)cc1,23
Cc1cccc(NC(=O)C2CCN(S(=O)(=O)c3c(C)nn(C)c3C)CC2)n1,0.0,Cc1cccc(NC(=O)C2CCN(CC2)S(=O)(=O)c3c(C)nn(C)c3C)n1,O=C(Nc1ccccn1)C1CCN(S(=O)(=O)c2cn[nH]c2)CC1,27
Cc1cccc(OS(=O)(=O)C2CC3OC2C(c2ccc(NC(=O)CCCCCCC(=O)NO)cc2)=C3c2ccc(O)cc2)c1,1.0,Cc1cccc(OS(=O)(=O)C2CC3OC2C(=C3c4ccc(O)cc4)c5ccc(NC(=O)CCCCCCC(=O)NO)cc5)c1,O=S(=O)(Oc1ccccc1)C1CC2OC1C(c1ccccc1)=C2c1ccccc1,44
Cc1cccc(OS(=O)(=O)C2CC3OC2C(c2ccc(NC(=O)CCCCCCC(=O)O)cc2)=C3c2ccc(O)cc2)c1,1.0,Cc1cccc(OS(=O)(=O)C2CC3OC2C(=C3c4ccc(O)cc4)c5ccc(NC(=O)CCCCCCC(=O)O)cc5)c1,O=S(=O)(Oc1ccccc1)C1CC2OC1C(c1ccccc1)=C2c1ccccc1,43
Cc1cccc(Oc2c(C(F)(F)F)oc3cc(O)ccc3c2=O)c1,1.0,Cc1cccc(OC2=C(Oc3cc(O)ccc3C2=O)C(F)(F)F)c1,O=c1c(Oc2ccccc2)coc2ccccc12,24
Cc1cccc(S(=O)(=O)c2c(N)n(Cc3ccco3)c3nc4ccccc4nc23)c1,0.0,Cc1cccc(c1)S(=O)(=O)c2c(N)n(Cc3occc3)c4nc5ccccc5nc24,O=S(=O)(c1ccccc1)c1cn(Cc2ccco2)c2nc3ccccc3nc12,30
Cc1ccccc1-c1c(C(F)(F)F)oc2cc(O)ccc2c1=O,1.0,Cc1ccccc1C2=C(Oc3cc(O)ccc3C2=O)C(F)(F)F,O=c1c(-c2ccccc2)coc2ccccc12,23
Cc1ccccc1-c1cc(-c2ccc(O)cc2)nc(N(C)CCc2ccccc2)c1,0.0,CN(CCc1ccccc1)c2cc(cc(n2)c3ccc(O)cc3)c4ccccc4C,c1ccc(CCNc2cc(-c3ccccc3)cc(-c3ccccc3)n2)cc1,30
Cc1ccccc1-c1ccc(Nc2ccc(N3CCOCC3)cc2)nn1,1.0,Cc1ccccc1c2ccc(Nc3ccc(cc3)N4CCOCC4)nn2,c1ccc(-c2ccc(Nc3ccc(N4CCOCC4)cc3)nn2)cc1,26
Cc1ccccc1-n1c(SC/C(O)=C(\C#N)c2nc3ccccc3[nH]2)nnc1-c1ccncc1,0.0,Cc1ccccc1n2c(SC\C(=C(/C#N)\c3nc4ccccc4[nH]3)\O)nnc2c5ccncc5,C(=Cc1nc2ccccc2[nH]1)CSc1nnc(-c2ccncc2)n1-c1ccccc1,34
Cc1ccccc1/N=C(\c1ccc(O)cc1)c1ccc(O)cc1O,1.0,Cc1ccccc1\N=C(/c2ccc(O)cc2)\c3ccc(O)cc3O,c1ccc(N=C(c2ccccc2)c2ccccc2)cc1,24
Cc1ccccc1C(=O)N1CCN(c2ccc(C(=O)c3c(-c4ccc(O)cc4)sc4cc(O)ccc34)cc2)CC1,1.0,Cc1ccccc1C(=O)N2CCN(CC2)c3ccc(cc3)C(=O)c4c(sc5cc(O)ccc45)c6ccc(O)cc6,O=C(c1ccc(N2CCN(C(=O)c3ccccc3)CC2)cc1)c1c(-c2ccccc2)sc2ccccc12,40
Cc1ccccc1C(=O)Oc1cccc2c(O)cccc12,0.0,Cc1ccccc1C(=O)Oc2cccc3c(O)cccc23,O=C(Oc1cccc2ccccc12)c1ccccc1,21
Cc1ccccc1N=C(c1ccc(O)cc1)c1ccc(O)cc1,1.0,Cc1ccccc1N=C(c2ccc(O)cc2)c3ccc(O)cc3,c1ccc(N=C(c2ccccc2)c2ccccc2)cc1,23
Cc1ccccc1NC(=O)Cn1cnc2c1c(=O)n(C)c(=O)n2C,0.0,CN1C(=O)N(C)c2ncn(CC(=O)Nc3ccccc3C)c2C1=O,O=C(Cn1cnc2[nH]c(=O)[nH]c(=O)c21)Nc1ccccc1,24
Cc1ccccc1Nc1nnc(SCC(=O)NCc2ccco2)s1,0.0,Cc1ccccc1Nc2nnc(SCC(=O)NCc3occc3)s2,O=C(CSc1nnc(Nc2ccccc2)s1)NCc1ccco1,24
Cc1ccccc1OS(=O)(=O)C1CC2OC1C(c1ccc(NC(=O)CCCCCCC(=O)NO)cc1)=C2c1ccc(O)cc1,0.0,Cc1ccccc1OS(=O)(=O)C2CC3OC2C(=C3c4ccc(O)cc4)c5ccc(NC(=O)CCCCCCC(=O)NO)cc5,O=S(=O)(Oc1ccccc1)C1CC2OC1C(c1ccccc1)=C2c1ccccc1,44
Cc1ccccc1OS(=O)(=O)C1CC2OC1C(c1ccc(NC(=O)CCCCCCC(=O)O)cc1)=C2c1ccc(O)cc1,1.0,Cc1ccccc1OS(=O)(=O)C2CC3OC2C(=C3c4ccc(O)cc4)c5ccc(NC(=O)CCCCCCC(=O)O)cc5,O=S(=O)(Oc1ccccc1)C1CC2OC1C(c1ccccc1)=C2c1ccccc1,43
Cc1ccccc1S(=O)(=O)Oc1ccc2ccc(O)cc2c1,1.0,Cc1ccccc1S(=O)(=O)Oc2ccc3ccc(O)cc3c2,O=S(=O)(Oc1ccc2ccccc2c1)c1ccccc1,22
Cc1ccnc(NS(=O)(=O)c2ccc(NC(=O)Cc3cccs3)cc2)n1,0.0,Cc1ccnc(NS(=O)(=O)c2ccc(NC(=O)Cc3cccs3)cc2)n1,O=C(Cc1cccs1)Nc1ccc(S(=O)(=O)Nc2ncccn2)cc1,26
Cc1cnc(C(=O)OCC(=O)c2csc(N3CCCCC3)n2)cn1,0.0,Cc1cnc(cn1)C(=O)OCC(=O)c2csc(n2)N3CCCCC3,O=C(COC(=O)c1cnccn1)c1csc(N2CCCCC2)n1,24
Cc1csc(C(C#N)C(=O)c2ccncc2)n1,0.0,Cc1csc(n1)C(C#N)C(=O)c2ccncc2,O=C(Cc1nccs1)c1ccncc1,17
Cc1csc2ncc(C(=O)N3c4ccccc4CC3C)c(=O)n12,0.0,CC1Cc2ccccc2N1C(=O)C3=CN=C4SC=C(C)N4C3=O,O=C(c1cnc2sccn2c1=O)N1CCc2ccccc21,23
Cc1n[nH]c(C)c1S(=O)(=O)N(CC(=O)N1CCc2ccccc21)c1ccc(C(C)C)cc1,0.0,CC(C)c1ccc(cc1)N(CC(=O)N2CCc3ccccc23)S(=O)(=O)c4c(C)n[nH]c4C,O=C(CN(c1ccccc1)S(=O)(=O)c1cn[nH]c1)N1CCc2ccccc21,32
Cc1nc(-c2ccc(O)c(O)c2)cs1,0.0,Cc1nc(cs1)c2ccc(O)c(O)c2,c1ccc(-c2cscn2)cc1,14
Cc1nc(CN2CCN(c3nc(NCCc4ccc(O)cc4)nc(N(C)CCCc4ccc(Cl)cc4)n3)CC2)cs1,1.0,CN(CCCc1ccc(Cl)cc1)c2nc(NCCc3ccc(O)cc3)nc(n2)N4CCN(Cc5csc(C)n5)CC4,c1ccc(CCCNc2nc(NCCc3ccccc3)nc(N3CCN(Cc4cscn4)CC3)n2)cc1,41
Cc1nc2c(c(=O)n1CCC1=CCCCC1)c1nc3ccccc3nc1n2/N=C/c1ccco1,0.0,CC1=Nc2c(C(=O)N1CCC3=CCCCC3)c4nc5ccccc5nc4n2\N=C\c6occc6,O=c1c2c3nc4ccccc4nc3n(N=Cc3ccco3)c2ncn1CCC1=CCCCC1,34
Cc1nc2cc(-c3ccsc3-n3c(C)ccc3C)nn2c(O)c1Cl,0.0,Cc1nc2cc(nn2c(O)c1Cl)c3ccsc3n4c(C)ccc4C,c1ccn(-c2sccc2-c2cc3ncccn3n2)c1,24
Cc1nc2cc(C(=O)O)ccc2[nH]1,0.0,Cc1nc2cc(ccc2[nH]1)C(=O)O,c1ccc2[nH]cnc2c1,13
Cc1nc2cc(O)cc(O)c2c(=O)n1-c1ccc(O)cc1,0.0,CC1=Nc2cc(O)cc(O)c2C(=O)N1c3ccc(O)cc3,O=c1c2ccccc2ncn1-c1ccccc1,21
Cc1nc2ncnn2c(N2CCN(C(=O)Cc3cccs3)CC2)c1C,1.0,Cc1nc2ncnn2c(N3CCN(CC3)C(=O)Cc4cccs4)c1C,O=C(Cc1cccs1)N1CCN(c2ccnc3ncnn23)CC1,25
Cc1nccn1-c1ncnc2sc3c(c12)CCCC3,0.0,Cc1nccn1c2ncnc3sc4CCCCc4c23,c1cn(-c2ncnc3sc4c(c23)CCCC4)cn1,19
Cc1nn(-c2ccccc2)c(C)c1NC(=O)Cc1cccs1,1.0,Cc1nn(c(C)c1NC(=O)Cc2cccs2)c3ccccc3,O=C(Cc1cccs1)Nc1cnn(-c2ccccc2)c1,22
Cc1nn(-c2ccccc2)c(Cl)c1/C=N/Nc1ccc(S(=O)(=O)Nc2ccccc2C(=O)O)cc1[N+](=O)[O-],0.0,Cc1nn(c(Cl)c1\C=N\Nc2ccc(cc2[N+](=O)[O-])S(=O)(=O)Nc3ccccc3C(=O)O)c4ccccc4,O=S(=O)(Nc1ccccc1)c1ccc(NN=Cc2cnn(-c3ccccc3)c2)cc1,38
Cc1nn(C)c(C)c1CN(C)C(=O)c1cnn2c1NC(c1ccccc1)CC2C(F)(F)F,0.0,CN(Cc1c(C)nn(C)c1C)C(=O)c2cnn3C(CC(Nc23)c4ccccc4)C(F)(F)F,O=C(NCc1cn[nH]c1)c1cnn2c1NC(c1ccccc1)CC2,32
Cc1nn(C2CCCC2)c(C)c1S(=O)(=O)N[C@@H](C)CNc1cccc2c1cnn2-c1ccc(F)nc1,0.0,C[C@@H](CNc1cccc2c1cnn2c3ccc(F)nc3)NS(=O)(=O)c4c(C)nn(C5CCCC5)c4C,O=S(=O)(NCCNc1cccc2c1cnn2-c1cccnc1)c1cnn(C2CCCC2)c1,36
Cc1nn(Cc2ccccc2Cl)c(C)c1C(=O)NCc1ccco1,0.0,Cc1nn(Cc2ccccc2Cl)c(C)c1C(=O)NCc3occc3,O=C(NCc1ccco1)c1cnn(Cc2ccccc2)c1,24
Cc1nn2c(-c3cccc(NC(=O)CSc4nc5ccccc5o4)c3)nnc2c2ccccc12,0.0,Cc1nn2c(nnc2c3ccccc13)c4cccc(NC(=O)CSc5oc6ccccc6n5)c4,O=C(CSc1nc2ccccc2o1)Nc1cccc(-c2nnc3c4ccccc4cnn23)c1,34
Cc1nnc(N2C(=O)c3oc4ccccc4c(=O)c3C2c2ccco2)s1,1.0,Cc1nnc(s1)N2C(C3=C(Oc4ccccc4C3=O)C2=O)c5occc5,O=C1c2oc3ccccc3c(=O)c2C(c2ccco2)N1c1nncs1,26
Cc1noc(=O)c2ccc(NC(=O)C(O)(CC3(c4cc(F)ccc4Cl)CCC3)C(F)(F)F)cc12,0.0,CC1=NOC(=O)c2ccc(NC(=O)C(O)(CC3(CCC3)c4cc(F)ccc4Cl)C(F)(F)F)cc12,O=C(CCC1(c2ccccc2)CCC1)Nc1ccc2c(=O)oncc2c1,34
Cc1noc(C)c1-c1cc2c(c3c1CCC3)NC(C)(C)C(=O)C2(C)C,0.0,Cc1onc(C)c1c2cc3c(NC(C)(C)C(=O)C3(C)C)c4CCCc24,O=C1CNc2c(cc(-c3cnoc3)c3c2CCC3)C1,25
Cc1noc(C)c1COc1ccc(C(=O)OCC(=O)N2c3ccccc3NC(=O)C2(C)C)cc1,0.0,Cc1onc(C)c1COc2ccc(cc2)C(=O)OCC(=O)N3c4ccccc4NC(=O)C3(C)C,O=C1CN(C(=O)COC(=O)c2ccc(OCc3cnoc3)cc2)c2ccccc2N1,34
Cc1noc(C)c1CSCC(=O)OCC(=O)Nc1sccc1C#N,0.0,Cc1onc(C)c1CSCC(=O)OCC(=O)Nc2sccc2C#N,O=C(COC(=O)CSCc1cnoc1)Nc1cccs1,24
Cc1noc(C)c1S(=O)(=O)N(CC(=O)O)c1ccc2c(c1)OCO2,1.0,Cc1onc(C)c1S(=O)(=O)N(CC(=O)O)c2ccc3OCOc3c2,O=S(=O)(Nc1ccc2c(c1)OCO2)c1cnoc1,24
Cc1nocc1-c1ccc2[nH]c([C@@]3(Cc4ccccc4)OC(=O)N([C@H](C)c4ccc(F)cc4)C3=O)nc2c1,0.0,C[C@@H](N1C(=O)O[C@@](Cc2ccccc2)(C1=O)c3nc4cc(ccc4[nH]3)c5conc5C)c6ccc(F)cc6,O=C1OC(Cc2ccccc2)(c2nc3cc(-c4cnoc4)ccc3[nH]2)C(=O)N1Cc1ccccc1,38
Cc1nocc1-c1nc2ccccc2n1-c1ccc(O)cc1,1.0,Cc1nocc1c2nc3ccccc3n2c4ccc(O)cc4,c1ccc(-n2c(-c3cnoc3)nc3ccccc32)cc1,22
Cc1oc(-c2ccc(Cl)cc2)nc1CN1CCCC(C(=O)NCc2cccnc2)C1,0.0,Cc1oc(nc1CN2CCCC(C2)C(=O)NCc3cccnc3)c4ccc(Cl)cc4,O=C(NCc1cccnc1)C1CCCN(Cc2coc(-c3ccccc3)n2)C1,30
Cc1oc2c(cc(NS(=O)(=O)c3ccc4c5c(cccc35)C(=O)N4)c3ccccc32)c1C(=O)OC(C)C,0.0,CC(C)OC(=O)c1c(C)oc2c3ccccc3c(NS(=O)(=O)c4ccc5NC(=O)c6cccc4c56)cc12,O=C1Nc2ccc(S(=O)(=O)Nc3cc4ccoc4c4ccccc34)c3cccc1c23,37
Cc1oc2nc(SCC(=O)NCCCO)nc(N)c2c1C,0.0,Cc1oc2nc(SCC(=O)NCCCO)nc(N)c2c1C,c1ncc2ccoc2n1,21
Cc1occc1-c1nnc(SCc2cc(=O)n3cc(Br)ccc3n2)n1C,0.0,Cc1occc1c2nnc(SCC3=CC(=O)N4C=C(Br)C=CC4=N3)n2C,O=c1cc(CSc2nnc(-c3ccoc3)[nH]2)nc2ccccn12,26
Cc1occc1C(=O)NCCCc1ccccc1,0.0,Cc1occc1C(=O)NCCCc2ccccc2,O=C(NCCCc1ccccc1)c1ccoc1,18
Cc1occc1C(=O)Nc1ccccc1NC(=O)c1ccoc1C,1.0,Cc1occc1C(=O)Nc2ccccc2NC(=O)c3ccoc3C,O=C(Nc1ccccc1NC(=O)c1ccoc1)c1ccoc1,24
Cc1onc(-c2ccccc2Cl)c1C(=O)NCc1ccco1,0.0,Cc1onc(c2ccccc2Cl)c1C(=O)NCc3occc3,O=C(NCc1ccco1)c1conc1-c1ccccc1,22
Cc1sc2ncnc(NCc3ccco3)c2c1C,0.0,Cc1sc2ncnc(NCc3occc3)c2c1C,c1coc(CNc2ncnc3sccc23)c1,18
Cc1snc2sc(C(=O)c3ccc(Br)cc3)c(N)c12,1.0,Cc1snc2sc(C(=O)c3ccc(Br)cc3)c(N)c12,O=C(c1ccccc1)c1cc2csnc2s1,19
Cn1c(=O)[nH]c(=O)c2c1nc1n2CCCN1CCc1ccccc1,0.0,CN1C(=O)NC(=O)c2c1nc3N(CCc4ccccc4)CCCn23,O=c1[nH]c(=O)c2c(nc3n2CCCN3CCc2ccccc2)[nH]1,24
Cn1c(=O)c2c(ncn2CCCNC2=CC(C)(C)CC(=O)C2)n(C)c1=O,0.0,CN1C(=O)N(C)c2ncn(CCCNC3=CC(C)(C)CC(=O)C3)c2C1=O,O=C1CCC=C(NCCCn2cnc3[nH]c(=O)[nH]c(=O)c32)C1,26
Cn1c(C(=O)Nc2ccc3c(c2)OCO3)cc2c(=O)n(C)c3ccccc3c21,1.0,CN1C(=O)c2cc(C(=O)Nc3ccc4OCOc4c3)n(C)c2c5ccccc15,O=C(Nc1ccc2c(c1)OCO2)c1cc2c(=O)[nH]c3ccccc3c2[nH]1,28
Cn1cccc1-c1nc2ccccc2n1-c1ccc(O)cc1,1.0,Cn1cccc1c2nc3ccccc3n2c4ccc(O)cc4,c1ccc(-n2c(-c3ccc[nH]3)nc3ccccc32)cc1,22
Cn1nc(C(=O)Nc2sccc2C(N)=O)ccc1=O,0.0,CN1N=C(C=CC1=O)C(=O)Nc2sccc2C(=O)N,O=C(Nc1cccs1)c1ccc(=O)[nH]n1,19
Cn1nc(CC(=O)Nc2ncc(Br)s2)c2ccccc2c1=O,0.0,CN1N=C(CC(=O)Nc2ncc(Br)s2)c3ccccc3C1=O,O=C(Cc1n[nH]c(=O)c2ccccc12)Nc1nccs1,22
Cn1nc([N+](=O)[O-])c2c(-c3nc4ccccc4s3)c(N)n(C3CCCCC3)c2c1=O,0.0,CN1N=C(c2c(c(N)n(C3CCCCC3)c2C1=O)c4nc5ccccc5s4)[N+](=O)[O-],O=c1[nH]ncc2c(-c3nc4ccccc4s3)cn(C3CCCCC3)c12,30
Fc1ccc(CSc2ncnc3c2oc2ccccc23)cc1,0.0,Fc1ccc(CSc2ncnc3c2oc4ccccc34)cc1,c1ccc(CSc2ncnc3c2oc2ccccc23)cc1,22
Fc1ccc2c(c1)OCCC(c1ccccc1)=C2c1ccc(OCCN2CCCC2)cc1,1.0,Fc1ccc2C(=C(CCOc2c1)c3ccccc3)c4ccc(OCCN5CCCC5)cc4,c1ccc(C2=C(c3ccc(OCCN4CCCC4)cc3)c3ccccc3OCC2)cc1,32
N#C/C(=C\c1c(N2CCC(C(N)=O)CC2)nc2ccccn2c1=O)S(=O)(=O)c1ccccc1,0.0,NC(=O)C1CCN(CC1)C2=C(\C=C(/C#N)\S(=O)(=O)c3ccccc3)C(=O)N4C=CC=CC4=N2,O=c1c(C=CS(=O)(=O)c2ccccc2)c(N2CCCCC2)nc2ccccn12,33
N#C/C(=C\c1ccc(O)cc1)c1ccc(O)cc1,1.0,Oc1ccc(\C=C(/C#N)\c2ccc(O)cc2)cc1,C(=Cc1ccccc1)c1ccccc1,18
N#CC(C#N)(Cc1ccc(O)cc1)c1ccc(O)cc1,1.0,Oc1ccc(CC(C#N)(C#N)c2ccc(O)cc2)cc1,c1ccc(CCc2ccccc2)cc1,20
N#CC(C(=O)Nc1ccccc1)=C1CCCCC1,0.0,O=C(Nc1ccccc1)C(=C2CCCCC2)C#N,O=C(C=C1CCCCC1)Nc1ccccc1,18
N#CC(Cc1ccc(O)cc1)c1ccc(O)cc1,1.0,Oc1ccc(CC(C#N)c2ccc(O)cc2)cc1,c1ccc(CCc2ccccc2)cc1,18
N#CC(c1ccc(O)cc1)C(C#N)c1ccc(O)cc1,1.0,Oc1ccc(cc1)C(C#N)C(C#N)c2ccc(O)cc2,c1ccc(CCc2ccccc2)cc1,20
N#CC(c1ccc(O)cc1)C(C#N)c1cccc(O)c1,1.0,Oc1ccc(cc1)C(C#N)C(C#N)c2cccc(O)c2,c1ccc(CCc2ccccc2)cc1,20
N#CC1=C(N)OC2=C(CCC/C2=C/c2ccoc2)C1c1ccoc1,0.0,NC1=C(C#N)C(C2=C(O1)\C(=C/c3cocc3)\CCC2)c4cocc4,C1=CC(c2ccoc2)C2=C(O1)C(=Cc1ccoc1)CCC2,24
N#CC1=C(SCC(=O)Nc2cccc3cccnc23)NC(=O)C(C#N)C12CCCCC2,0.0,O=C(CSC1=C(C#N)C2(CCCCC2)C(C#N)C(=O)N1)Nc3cccc4cccnc34,O=C1CC2(C=C(SCC(=O)Nc3cccc4cccnc34)N1)CCCCC2,31
N#CC1=C2c3ccc(O)cc3CC2(c2ccccc2)CCC1=O,1.0,Oc1ccc2C3=C(C#N)C(=O)CCC3(Cc2c1)c4ccccc4,O=C1C=C2c3ccccc3CC2(c2ccccc2)CC1,23
N#CCCS(=O)(=O)c1nnnn1-c1ccccc1,0.0,O=S(=O)(CCC#N)c1nnnn1c2ccccc2,c1ccc(-n2cnnn2)cc1,18
N#CC[C@H](Cc1ccc(O)cc1)c1ccc(O)cc1,1.0,Oc1ccc(C[C@@H](CC#N)c2ccc(O)cc2)cc1,c1ccc(CCc2ccccc2)cc1,19
N#CCc1cc(O)c(Br)c2cc(-c3ccc(O)cc3)oc12,1.0,Oc1ccc(cc1)c2oc3c(CC#N)cc(O)c(Br)c3c2,c1ccc(-c2cc3ccccc3o2)cc1,21
N#CCc1cc(O)c(Cl)c2cc(-c3ccc(O)cc3)oc12,1.0,Oc1ccc(cc1)c2oc3c(CC#N)cc(O)c(Cl)c3c2,c1ccc(-c2cc3ccccc3o2)cc1,21
N#CCc1cc(O)cc2cc(-c3ccc(O)c(F)c3)oc12,1.0,Oc1cc(CC#N)c2oc(cc2c1)c3ccc(O)c(F)c3,c1ccc(-c2cc3ccccc3o2)cc1,21
N#CCc1cc(O)cc2cc(-c3ccc(O)cc3)oc12,1.0,Oc1ccc(cc1)c2oc3c(CC#N)cc(O)cc3c2,c1ccc(-c2cc3ccccc3o2)cc1,20
N#CCc1cc(O)ccc1-c1noc2cc(O)ccc12,1.0,Oc1ccc(c(CC#N)c1)c2noc3cc(O)ccc23,c1ccc(-c2noc3ccccc23)cc1,20
N#C[C@@H](Cc1ccc(O)cc1)c1ccc(O)cc1,1.0,Oc1ccc(C[C@H](C#N)c2ccc(O)cc2)cc1,c1ccc(CCc2ccccc2)cc1,18
N#C[C@H](Cc1ccc(O)cc1)c1ccc(O)cc1,1.0,Oc1ccc(C[C@@H](C#N)c2ccc(O)cc2)cc1,c1ccc(CCc2ccccc2)cc1,18
N#Cc1c(N/C=C2\C(=O)NC(=O)N(Cc3ccco3)C2=O)sc2c1CCCC2,0.0,O=C1NC(=O)\C(=C/Nc2sc3CCCCc3c2C#N)\C(=O)N1Cc4occc4,O=C1NC(=O)N(Cc2ccco2)C(=O)C1=CNc1cc2c(s1)CCCC2,28
N#Cc1c(NC(=O)CN2CCCCC2)sc2c1CCC2,1.0,O=C(CN1CCCCC1)Nc2sc3CCCc3c2C#N,O=C(CN1CCCCC1)Nc1cc2c(s1)CCC2,20
N#Cc1c(NC(=O)CN2CCCCC2)sc2c1CCCC2,1.0,O=C(CN1CCCCC1)Nc2sc3CCCCc3c2C#N,O=C(CN1CCCCC1)Nc1cc2c(s1)CCCC2,21
N#Cc1c(NC(=O)CN2CCN(c3ccccc3)CC2)sc2c1CCC2,0.0,O=C(CN1CCN(CC1)c2ccccc2)Nc3sc4CCCc4c3C#N,O=C(CN1CCN(c2ccccc2)CC1)Nc1cc2c(s1)CCC2,26
N#Cc1c(O)ccc2cc(-c3ccc(O)cc3)ccc12,1.0,Oc1ccc(cc1)c2ccc3c(C#N)c(O)ccc3c2,c1ccc(-c2ccc3ccccc3c2)cc1,20
N#Cc1cc(-c2c(F)cc(O)cc2F)cc2ccc(O)cc12,1.0,Oc1ccc2cc(cc(C#N)c2c1)c3c(F)cc(O)cc3F,c1ccc(-c2ccc3ccccc3c2)cc1,22
N#Cc1cc(-c2cc(F)c(O)c(F)c2)cc2ccc(O)cc12,1.0,Oc1ccc2cc(cc(C#N)c2c1)c3cc(F)c(O)c(F)c3,c1ccc(-c2ccc3ccccc3c2)cc1,22
N#Cc1cc(-c2cc(F)c(O)cc2F)cc2ccc(O)cc12,1.0,Oc1ccc2cc(cc(C#N)c2c1)c3cc(F)c(O)cc3F,c1ccc(-c2ccc3ccccc3c2)cc1,22
N#Cc1cc(-c2ccc(O)c(F)c2)cc2ccc(O)c(Cl)c12,1.0,Oc1ccc(cc1F)c2cc(C#N)c3c(Cl)c(O)ccc3c2,c1ccc(-c2ccc3ccccc3c2)cc1,22
N#Cc1cc(-c2ccc(O)c(F)c2)cc2ccc(O)c(F)c12,1.0,Oc1ccc(cc1F)c2cc(C#N)c3c(F)c(O)ccc3c2,c1ccc(-c2ccc3ccccc3c2)cc1,22
N#Cc1cc(-c2ccc(O)c(F)c2)cc2ccc(O)cc12,1.0,Oc1ccc2cc(cc(C#N)c2c1)c3ccc(O)c(F)c3,c1ccc(-c2ccc3ccccc3c2)cc1,21
N#Cc1cc(-c2ccc(O)c(F)c2)nc2ccc(O)cc12,1.0,Oc1ccc2nc(cc(C#N)c2c1)c3ccc(O)c(F)c3,c1ccc(-c2ccc3ccccc3n2)cc1,21
N#Cc1cc(-c2ccc(O)cc2)cc2ccc(O)c(Br)c12,1.0,Oc1ccc(cc1)c2cc(C#N)c3c(Br)c(O)ccc3c2,c1ccc(-c2ccc3ccccc3c2)cc1,21
N#Cc1cc(-c2ccc(O)cc2)cc2ccc(O)c(Cl)c12,1.0,Oc1ccc(cc1)c2cc(C#N)c3c(Cl)c(O)ccc3c2,c1ccc(-c2ccc3ccccc3c2)cc1,21
N#Cc1cc(-c2ccc(O)cc2)cc2ccc(O)cc12,1.0,Oc1ccc(cc1)c2cc(C#N)c3cc(O)ccc3c2,c1ccc(-c2ccc3ccccc3c2)cc1,20
N#Cc1cc(-c2ccc(O)cc2)nc2ccc(O)cc12,1.0,Oc1ccc(cc1)c2cc(C#N)c3cc(O)ccc3n2,c1ccc(-c2ccc3ccccc3n2)cc1,20
N#Cc1cc(-c2ccc(O)cc2F)cc2ccc(O)cc12,1.0,Oc1ccc(c(F)c1)c2cc(C#N)c3cc(O)ccc3c2,c1ccc(-c2ccc3ccccc3c2)cc1,21
N#Cc1cc(O)c(Br)c2ccc(-c3ccc(O)c(F)c3)cc12,1.0,Oc1ccc(cc1F)c2ccc3c(Br)c(O)cc(C#N)c3c2,c1ccc(-c2ccc3ccccc3c2)cc1,22
N#Cc1cc(O)c(C#N)c2ccc(-c3ccc(O)c(F)c3)cc12,1.0,Oc1ccc(cc1F)c2ccc3c(C#N)c(O)cc(C#N)c3c2,c1ccc(-c2ccc3ccccc3c2)cc1,23
N#Cc1cc(O)c(Cl)c2ccc(-c3ccc(O)c(F)c3)cc12,1.0,Oc1ccc(cc1F)c2ccc3c(Cl)c(O)cc(C#N)c3c2,c1ccc(-c2ccc3ccccc3c2)cc1,22
N#Cc1cc(O)c(Cl)c2ccc(-c3ccc(O)cc3)cc12,1.0,Oc1ccc(cc1)c2ccc3c(Cl)c(O)cc(C#N)c3c2,c1ccc(-c2ccc3ccccc3c2)cc1,21
N#Cc1cc(O)cc2c1oc1c(=O)c3ccc(O)cc3oc12,0.0,Oc1ccc2C(=O)c3oc4c(cc(O)cc4c3Oc2c1)C#N,O=c1c2ccccc2oc2c1oc1ccccc12,22
N#Cc1cc(O)cc2cc(-c3ccc(O)c(F)c3)oc12,1.0,Oc1cc(C#N)c2oc(cc2c1)c3ccc(O)c(F)c3,c1ccc(-c2cc3ccccc3o2)cc1,20
N#Cc1cc(O)cc2cc(-c3ccc(O)cc3)oc12,1.0,Oc1ccc(cc1)c2oc3c(cc(O)cc3c2)C#N,c1ccc(-c2cc3ccccc3o2)cc1,19
N#Cc1cc(O)cc2ccc(-c3ccc(O)c(F)c3)cc12,1.0,Oc1cc(C#N)c2cc(ccc2c1)c3ccc(O)c(F)c3,c1ccc(-c2ccc3ccccc3c2)cc1,21
N#Cc1cc(O)cc2ccc(-c3ccc(O)cc3)cc12,1.0,Oc1ccc(cc1)c2ccc3cc(O)cc(C#N)c3c2,c1ccc(-c2ccc3ccccc3c2)cc1,20
N#Cc1cc(O)cc2nc(-c3ccc(O)c(F)c3)oc12,1.0,Oc1cc(C#N)c2oc(nc2c1)c3ccc(O)c(F)c3,c1ccc(-c2nc3ccccc3o2)cc1,20
N#Cc1cc(O)cc2nc(-c3ccc(O)cc3)oc12,1.0,Oc1ccc(cc1)c2oc3c(cc(O)cc3n2)C#N,c1ccc(-c2nc3ccccc3o2)cc1,19
N#Cc1cc(O)cc2nc(-c3ccc(O)cc3F)oc12,1.0,Oc1ccc(c(F)c1)c2oc3c(cc(O)cc3n2)C#N,c1ccc(-c2nc3ccccc3o2)cc1,20
N#Cc1cc(O)cc2ncn(-c3ccc(O)cc3)c(=O)c12,0.0,Oc1ccc(cc1)N2C=Nc3cc(O)cc(C#N)c3C2=O,O=c1c2ccccc2ncn1-c1ccccc1,21
N#Cc1cc(O)ccc1-c1noc2cc(O)ccc12,1.0,Oc1ccc(c(c1)C#N)c2noc3cc(O)ccc23,c1ccc(-c2noc3ccccc23)cc1,19
N#Cc1cc2c(=O)n3ccccc3nc2n(CCCn2ccnc2)c1=N,0.0,N=C1N(CCCn2ccnc2)C3=C(C=C1C#N)C(=O)N4C=CC=CC4=N3,N=c1ccc2c(=O)n3ccccc3nc2n1CCCn1ccnc1,26
N#Cc1cc2c(nc1SCc1ccccc1)CCC2,1.0,N#Cc1cc2CCCc2nc1SCc3ccccc3,c1ccc(CSc2ccc3c(n2)CCC3)cc1,19
N#Cc1ccc(-c2cccnc2)nc1SCC(=O)Nc1sc2c(c1C#N)CCC2,1.0,O=C(CSc1nc(ccc1C#N)c2cccnc2)Nc3sc4CCCc4c3C#N,O=C(CSc1cccc(-c2cccnc2)n1)Nc1cc2c(s1)CCC2,29
N#Cc1ccc(N2CCN(C(=O)CCCCCn3c(=S)[nH]c4ccccc4c3=O)CC2)cc1,0.0,O=C(CCCCCN1C(=S)Nc2ccccc2C1=O)N3CCN(CC3)c4ccc(cc4)C#N,O=C(CCCCCn1c(=S)[nH]c2ccccc2c1=O)N1CCN(c2ccccc2)CC1,33
N#Cc1cccc(-c2ccc3cc(O)ccc3c2Oc2ccc(OCCN3CCCCC3)cc2)c1,1.0,Oc1ccc2c(Oc3ccc(OCCN4CCCCC4)cc3)c(ccc2c1)c5cccc(c5)C#N,c1ccc(-c2ccc3ccccc3c2Oc2ccc(OCCN3CCCCC3)cc2)cc1,35
N#Cc1ccsc1NC(=O)CSc1ncnc2ccccc12,1.0,O=C(CSc1ncnc2ccccc12)Nc3sccc3C#N,O=C(CSc1ncnc2ccccc12)Nc1cccs1,22
N=C(NC(=O)c1ccccc1NC(=O)c1ccccc1)Nc1nc2ccccc2o1,0.0,N=C(NC(=O)c1ccccc1NC(=O)c2ccccc2)Nc3oc4ccccc4n3,N=C(NC(=O)c1ccccc1NC(=O)c1ccccc1)Nc1nc2ccccc2o1,30
N=c1c(-c2nc3ccccc3[nH]2)cc(C(=O)c2cccs2)nn1-c1ccc(Cl)cc1,0.0,Clc1ccc(cc1)N2N=C(C=C(C2=N)c3nc4ccccc4[nH]3)C(=O)c5cccs5,N=c1c(-c2nc3ccccc3[nH]2)cc(C(=O)c2cccs2)nn1-c1ccccc1,30
N=c1c(C(=O)NCc2ccc3c(c2)OCO3)cc2c(=O)n3ccccc3nc2n1Cc1cccnc1,0.0,N=C1N(Cc2cccnc2)C3=C(C=C1C(=O)NCc4ccc5OCOc5c4)C(=O)N6C=CC=CC6=N3,N=c1c(C(=O)NCc2ccc3c(c2)OCO3)cc2c(=O)n3ccccc3nc2n1Cc1cccnc1,36
N=c1c(C(=O)NCc2ccco2)cc2c(=O)n3ccccc3nc2n1CCc1ccccc1,0.0,N=C1N(CCc2ccccc2)C3=C(C=C1C(=O)NCc4occc4)C(=O)N5C=CC=CC5=N3,N=c1c(C(=O)NCc2ccco2)cc2c(=O)n3ccccc3nc2n1CCc1ccccc1,33
NC(=O)COc1ccc(C2c3c(oc4ccccc4c3=O)C(=O)N2CC2CCCO2)cc1,0.0,NC(=O)COc1ccc(cc1)C2N(CC3CCCO3)C(=O)C4=C2C(=O)c5ccccc5O4,O=C1c2oc3ccccc3c(=O)c2C(c2ccccc2)N1CC1CCCO1,32
NC(=O)Cc1c[nH]c2cccc(O)c12,0.0,NC(=O)Cc1c[nH]c2cccc(O)c12,c1ccc2[nH]ccc2c1,14
NC(=O)Cn1c(=O)n(Cc2ccco2)c(=O)c2c3c(sc21)CCCCC3,1.0,NC(=O)CN1C(=O)N(Cc2occc2)C(=O)c3c4CCCCCc4sc13,O=c1[nH]c2sc3c(c2c(=O)n1Cc1ccco1)CCCCC3,26
NC(=O)c1c(NC(=O)c2cc3ccccc3o2)sc2c1CCC2,1.0,NC(=O)c1c2CCCc2sc1NC(=O)c3oc4ccccc4c3,O=C(Nc1cc2c(s1)CCC2)c1cc2ccccc2o1,23
NC(=O)c1cc(O)cc2nc(-c3ccc(O)cc3)oc12,1.0,NC(=O)c1cc(O)cc2nc(oc12)c3ccc(O)cc3,c1ccc(-c2nc3ccccc3o2)cc1,20
NC(=O)c1ccc(C2=C(c3ccc(O)cc3)Cc3cc(O)ccc32)cc1,1.0,NC(=O)c1ccc(cc1)C2=C(Cc3cc(O)ccc23)c4ccc(O)cc4,c1ccc(C2=C(c3ccccc3)c3ccccc3C2)cc1,26
NC(=O)c1cccc2c1C(=O)N(C1CCCCC1)C2,0.0,NC(=O)c1cccc2CN(C3CCCCC3)C(=O)c12,O=C1c2ccccc2CN1C1CCCCC1,19
NC(=O)c1ccsc1NC(=O)COC(=O)Cc1ccsc1,0.0,NC(=O)c1ccsc1NC(=O)COC(=O)Cc2ccsc2,O=C(COC(=O)Cc1ccsc1)Nc1cccs1,21
NC(CO)C(=O)NNCc1ccc(O)c(O)c1O,0.0,Cl.NC(CO)C(=O)NNCc1ccc(O)c(O)c1O,c1ccccc1,18
NC1=C(c2nc3ccccc3[nH]2)C(=O)CN1c1ccc(CC(=O)O)cc1,1.0,NC1=C(C(=O)CN1c2ccc(CC(=O)O)cc2)c3nc4ccccc4[nH]3,O=C1CN(c2ccccc2)C=C1c1nc2ccccc2[nH]1,26
NCCOc1ccc(/C(=C(/Cn2cnnc2)c2ccccc2)c2ccc(O)cc2)cc1,1.0,NCCOc1ccc(cc1)\C(=C(\Cn2cnnc2)/c3ccccc3)\c4ccc(O)cc4,c1ccc(C(Cn2cnnc2)=C(c2ccccc2)c2ccccc2)cc1,31
NCCOc1ccc(/C(=C(\CCCl)c2ccccc2)c2ccc(O)cc2)cc1,1.0,NCCOc1ccc(cc1)\C(=C(/CCCl)\c2ccccc2)\c3ccc(O)cc3,C(=C(c1ccccc1)c1ccccc1)c1ccccc1,28
NCCOc1ccc(/C(=C(\Cn2cnnc2)c2ccccc2)c2ccc(O)cc2)cc1,1.0,NCCOc1ccc(cc1)\C(=C(/Cn2cnnc2)\c3ccccc3)\c4ccc(O)cc4,c1ccc(C(Cn2cnnc2)=C(c2ccccc2)c2ccccc2)cc1,31
NCCOc1ccc(/C(=C/c2ccccc2)c2ccc(O)cc2)cc1,1.0,NCCOc1ccc(cc1)\C(=C\c2ccccc2)\c3ccc(O)cc3,C(=C(c1ccccc1)c1ccccc1)c1ccccc1,25
NS(=O)(=O)Oc1ccc2nc(C=C3C4CC5CC(C4)CC3C5)oc2c1,0.0,NS(=O)(=O)Oc1ccc2nc(oc2c1)C=C3C4CC5CC(CC3C5)C4,C(=C1C2CC3CC(C2)CC1C3)c1nc2ccccc2o1,25
NS(=O)(=O)c1ccc(CCNC2CC(=O)N(CCc3ccccc3)C2=O)cc1,0.0,NS(=O)(=O)c1ccc(CCNC2CC(=O)N(CCc3ccccc3)C2=O)cc1,O=C1CC(NCCc2ccccc2)C(=O)N1CCc1ccccc1,28
Nc1[nH]n(-c2ccccc2)c(=O)c1N=Nc1ccccc1[N+](=O)[O-],0.0,NC1=C(N=Nc2ccccc2[N+](=O)[O-])C(=O)N(N1)c3ccccc3,O=c1c(N=Nc2ccccc2)c[nH]n1-c1ccccc1,24
Nc1c(/C=N/O)ccc(-c2ccccc2)c1-c1ccccc1,1.0,Nc1c(\C=N\O)ccc(c2ccccc2)c1c3ccccc3,c1ccc(-c2ccccc2-c2ccccc2)cc1,22
Nc1c(C(=O)NCc2ccco2)sc2nc3c(cc12)C(=O)CCC3,0.0,Nc1c(sc2nc3CCCC(=O)c3cc12)C(=O)NCc4occc4,O=C(NCc1ccco1)c1cc2cc3c(nc2s1)CCCC3=O,24
Nc1c(C(=O)Nc2ccc(F)cc2)sc2nc(-c3ccco3)ccc12,0.0,Nc1c(sc2nc(ccc12)c3occc3)C(=O)Nc4ccc(F)cc4,O=C(Nc1ccccc1)c1cc2ccc(-c3ccco3)nc2s1,25
Nc1c(Cl)cc(Cl)cc1C(=O)OCC(=O)NC1CC1,1.0,Nc1c(Cl)cc(Cl)cc1C(=O)OCC(=O)NC2CC2,O=C(COC(=O)c1ccccc1)NC1CC1,19
Nc1cc(O)cc2ncn(-c3ccc(O)cc3)c(=O)c12,0.0,Nc1cc(O)cc2N=CN(C(=O)c12)c3ccc(O)cc3,O=c1c2ccccc2ncn1-c1ccccc1,20
Nc1ccc(-c2ccc(O)cc2)cc1Cl,0.0,Nc1ccc(cc1Cl)c2ccc(O)cc2,c1ccc(-c2ccccc2)cc1,15
Nc1ccc(-c2sc3cc(O)ccc3c2Oc2ccc(OCCN3CCCCC3)cc2)cc1,1.0,Nc1ccc(cc1)c2sc3cc(O)ccc3c2Oc4ccc(OCCN5CCCCC5)cc4,c1ccc(-c2sc3ccccc3c2Oc2ccc(OCCN3CCCCC3)cc2)cc1,33
Nc1ccc(C(=O)O)c(O)c1,0.0,Nc1ccc(C(=O)O)c(O)c1.Nc2ccc(C(=O)O)c(O)c2,c1ccccc1,11
Nc1ccc(C2=C(c3ccc(O)cc3)Cc3cc(O)ccc32)cc1,1.0,Nc1ccc(cc1)C2=C(Cc3cc(O)ccc23)c4ccc(O)cc4,c1ccc(C2=C(c3ccccc3)c3ccccc3C2)cc1,24
Nc1nc(-c2ccco2)c(-c2ccco2)s1,0.0,Nc1nc(c2occc2)c(s1)c3occc3,c1coc(-c2ncsc2-c2ccco2)c1,16
Nc1ncnc2oc(-c3ccco3)c(-c3ccco3)c12,0.0,Nc1ncnc2oc(c3occc3)c(c4occc4)c12,c1coc(-c2oc3ncncc3c2-c2ccco2)c1,20
Nc1nonc1NC(=O)CSc1ncccc1C(=O)O,0.0,Nc1nonc1NC(=O)CSc2ncccc2C(=O)O,O=C(CSc1ccccn1)Nc1cnon1,20
O/N=C/c1c(Cl)cc(-c2ccc(O)c(F)c2)cc1Cl,1.0,O\N=C\c1c(Cl)cc(cc1Cl)c2ccc(O)c(F)c2,c1ccc(-c2ccccc2)cc1,19
O/N=C/c1c(O)ccc(-c2ccc(O)c(F)c2)c1Cl,1.0,O\N=C\c1c(O)ccc(c1Cl)c2ccc(O)c(F)c2,c1ccc(-c2ccccc2)cc1,19
O/N=C/c1c(O)ccc(-c2ccc(O)cc2)c1-c1ccc(O)cc1,1.0,O\N=C\c1c(O)ccc(c2ccc(O)cc2)c1c3ccc(O)cc3,c1ccc(-c2ccccc2-c2ccccc2)cc1,24
O/N=C/c1c(O)ccc(-c2ccc(O)cc2)c1Cl,1.0,O\N=C\c1c(O)ccc(c1Cl)c2ccc(O)cc2,c1ccc(-c2ccccc2)cc1,18
O/N=C/c1cc(-c2ccc(O)c(F)c2)ccc1O,1.0,O\N=C\c1cc(ccc1O)c2ccc(O)c(F)c2,c1ccc(-c2ccccc2)cc1,18
O/N=C/c1cc(-c2ccc(O)cc2)ccc1O,1.0,O\N=C\c1cc(ccc1O)c2ccc(O)cc2,c1ccc(-c2ccccc2)cc1,17
O/N=C/c1ccc(-c2ccc(O)c(F)c2)c(Cl)c1O,1.0,O\N=C\c1ccc(c(Cl)c1O)c2ccc(O)c(F)c2,c1ccc(-c2ccccc2)cc1,19
O/N=C/c1ccc(-c2ccc(O)c(F)c2)c2ccccc12,1.0,O\N=C\c1ccc(c2ccc(O)c(F)c2)c3ccccc13,c1ccc(-c2cccc3ccccc23)cc1,21
O/N=C/c1ccc(-c2ccc(O)cc2)c(Cl)c1O,1.0,O\N=C\c1ccc(c(Cl)c1O)c2ccc(O)cc2,c1ccc(-c2ccccc2)cc1,18
O/N=C/c1ccc(-c2ccc(O)cc2)c2ccccc12,1.0,O\N=C\c1ccc(c2ccc(O)cc2)c3ccccc13,c1ccc(-c2cccc3ccccc23)cc1,20
O/N=C/c1ccc(-c2ccc(O)cc2)c2ccoc12,1.0,O\N=C\c1ccc(c2ccc(O)cc2)c3ccoc13,c1ccc(-c2cccc3occc23)cc1,19
O/N=C/c1ccc(-c2ccc(O)cc2)c2ccsc12,1.0,O\N=C\c1ccc(c2ccc(O)cc2)c3ccsc13,c1ccc(-c2cccc3sccc23)cc1,19
O/N=C/c1ccc(-c2ccc(O)cc2)c2sccc12,1.0,O\N=C\c1ccc(c2ccc(O)cc2)c3sccc13,c1ccc(-c2cccc3ccsc23)cc1,19
O/N=C/c1ccc(-c2ccc(O)cc2)cc1F,1.0,O\N=C\c1ccc(cc1F)c2ccc(O)cc2,c1ccc(-c2ccccc2)cc1,17
O/N=C/c1ccc(-c2ccccc2)c(-c2ccccc2)c1,1.0,O\N=C\c1ccc(c2ccccc2)c(c1)c3ccccc3,c1ccc(-c2ccccc2-c2ccccc2)cc1,21
O/N=C/c1ccc(-c2ccccc2)c(-c2ccccc2)c1O,1.0,O\N=C\c1ccc(c2ccccc2)c(c1O)c3ccccc3,c1ccc(-c2ccccc2-c2ccccc2)cc1,22
O/N=C1\c2ccc(O)cc2O[C@H](c2ccc(OCCN3CCCCC3)cc2)[C@@H]1c1ccc(O)cc1,0.0,O\N=C/1\[C@H]([C@H](Oc2cc(O)ccc12)c3ccc(OCCN4CCCCC4)cc3)c5ccc(O)cc5,N=C1c2ccccc2OC(c2ccc(OCCN3CCCCC3)cc2)C1c1ccccc1,35
O=C(/C=C/c1ccc(N2CCc3cc(O)ccc3C2c2ccccc2)cc1)N1CCOCC1,1.0,Oc1ccc2C(N(CCc2c1)c3ccc(\C=C\C(=O)N4CCOCC4)cc3)c5ccccc5,O=C(C=Cc1ccc(N2CCc3ccccc3C2c2ccccc2)cc1)N1CCOCC1,33
O=C(/C=C/c1ccc(O)cc1)c1ccc(Br)cc1,0.0,Oc1ccc(\C=C\C(=O)c2ccc(Br)cc2)cc1,O=C(C=Cc1ccccc1)c1ccccc1,18
O=C(C(Cc1ccc(O)cc1)c1ccc(O)cc1)C(F)(F)F,1.0,Oc1ccc(CC(C(=O)C(F)(F)F)c2ccc(O)cc2)cc1,c1ccc(CCc2ccccc2)cc1,22
O=C(C1CC1)N1CC(c2ccc(O)cc2)Cc2ccc(O)cc21,0.0,Oc1ccc(cc1)C2CN(C(=O)C3CC3)c4cc(O)ccc4C2,O=C(C1CC1)N1CC(c2ccccc2)Cc2ccccc21,23
O=C(CCC(=O)Nc1nnc(C2CCCCC2)s1)NCC1CCCO1,0.0,O=C(CCC(=O)Nc1nnc(s1)C2CCCCC2)NCC3CCCO3,O=C(CCC(=O)Nc1nnc(C2CCCCC2)s1)NCC1CCCO1,25
O=C(CCCCCCC(=O)Nc1ccc(C2=C(c3ccc(O)cc3)C3CC(S(=O)(=O)Oc4ccc(Br)cc4)C2O3)cc1)NO,1.0,ONC(=O)CCCCCCC(=O)Nc1ccc(cc1)C2=C(C3CC(C2O3)S(=O)(=O)Oc4ccc(Br)cc4)c5ccc(O)cc5,O=S(=O)(Oc1ccccc1)C1CC2OC1C(c1ccccc1)=C2c1ccccc1,44
O=C(CCCCCCC(=O)Nc1ccc(C2=C(c3ccc(O)cc3)C3CC(S(=O)(=O)Oc4ccc(F)cc4)C2O3)cc1)NO,1.0,ONC(=O)CCCCCCC(=O)Nc1ccc(cc1)C2=C(C3CC(C2O3)S(=O)(=O)Oc4ccc(F)cc4)c5ccc(O)cc5,O=S(=O)(Oc1ccccc1)C1CC2OC1C(c1ccccc1)=C2c1ccccc1,44
O=C(CCCCCCC(=O)Nc1ccc(C2=C(c3ccc(O)cc3)C3CC(S(=O)(=O)Oc4ccc5ccccc5c4)C2O3)cc1)NO,0.0,ONC(=O)CCCCCCC(=O)Nc1ccc(cc1)C2=C(C3CC(C2O3)S(=O)(=O)Oc4ccc5ccccc5c4)c6ccc(O)cc6,O=S(=O)(Oc1ccc2ccccc2c1)C1CC2OC1C(c1ccccc1)=C2c1ccccc1,47
O=C(CCCCCCC(=O)Nc1ccc(C2=C(c3ccc(O)cc3)C3CC(S(=O)(=O)Oc4ccccc4)C2O3)cc1)NO,1.0,ONC(=O)CCCCCCC(=O)Nc1ccc(cc1)C2=C(C3CC(C2O3)S(=O)(=O)Oc4ccccc4)c5ccc(O)cc5,O=S(=O)(Oc1ccccc1)C1CC2OC1C(c1ccccc1)=C2c1ccccc1,43
O=C(CCCn1c(=S)[nH]c2cc3c(cc2c1=O)OCO3)N1CCc2ccccc2C1,0.0,O=C(CCCN1C(=S)Nc2cc3OCOc3cc2C1=O)N4CCc5ccccc5C4,O=C(CCCn1c(=S)[nH]c2cc3c(cc2c1=O)OCO3)N1CCc2ccccc2C1,30
O=C(CCCn1c(=S)[nH]c2ccccc2c1=O)N1CCN(c2ccc(C(F)(F)F)cc2)CC1,0.0,FC(F)(F)c1ccc(cc1)N2CCN(CC2)C(=O)CCCN3C(=S)Nc4ccccc4C3=O,O=C(CCCn1c(=S)[nH]c2ccccc2c1=O)N1CCN(c2ccccc2)CC1,33
O=C(CCCn1c(=S)[nH]c2ccccc2c1=O)N1CCN(c2cccc(Cl)c2)CC1,0.0,Clc1cccc(c1)N2CCN(CC2)C(=O)CCCN3C(=S)Nc4ccccc4C3=O,O=C(CCCn1c(=S)[nH]c2ccccc2c1=O)N1CCN(c2ccccc2)CC1,30
O=C(CCc1ccc(O)cc1)c1ccc(O)cc1O,0.0,Oc1ccc(CCC(=O)c2ccc(O)cc2O)cc1,O=C(CCc1ccccc1)c1ccccc1,19
O=C(CCc1ccccc1)Nc1ccc(N2CCOCC2)cc1,0.0,O=C(CCc1ccccc1)Nc2ccc(cc2)N3CCOCC3,O=C(CCc1ccccc1)Nc1ccc(N2CCOCC2)cc1,23
O=C(CCc1ccccc1)Nc1nnc(-c2cccs2)o1,0.0,O=C(CCc1ccccc1)Nc2oc(nn2)c3cccs3,O=C(CCc1ccccc1)Nc1nnc(-c2cccs2)o1,21
O=C(CCl)Nc1ccc(-c2sc3cc(O)ccc3c2Oc2ccc(OCCN3CCCCC3)cc2)cc1,0.0,Oc1ccc2c(Oc3ccc(OCCN4CCCCC4)cc3)c(sc2c1)c5ccc(NC(=O)CCl)cc5,c1ccc(-c2sc3ccccc3c2Oc2ccc(OCCN3CCCCC3)cc2)cc1,37
O=C(CNC(=O)c1ccco1)OCc1ccc(Cl)cc1,0.0,Clc1ccc(COC(=O)CNC(=O)c2occc2)cc1,O=C(CNC(=O)c1ccco1)OCc1ccccc1,20
O=C(COC(=O)C1CC2C=CC1C2)NCc1ccco1,0.0,O=C(COC(=O)C1CC2CC1C=C2)NCc3occc3,O=C(COC(=O)C1CC2C=CC1C2)NCc1ccco1,20
O=C(COC(=O)CN1C(=O)c2ccccc2C1=O)Nc1ncc(Cl)cc1Cl,0.0,Clc1cnc(NC(=O)COC(=O)CN2C(=O)c3ccccc3C2=O)c(Cl)c1,O=C(COC(=O)CN1C(=O)c2ccccc2C1=O)Nc1ccccn1,27
O=C(COC(=O)c1ccc(O)c(O)c1)c1ccccc1,0.0,Oc1ccc(cc1O)C(=O)OCC(=O)c2ccccc2,O=C(COC(=O)c1ccccc1)c1ccccc1,20
O=C(COC(=O)c1cccc(O)c1)c1ccc(Cl)cc1,0.0,Oc1cccc(c1)C(=O)OCC(=O)c2ccc(Cl)cc2,O=C(COC(=O)c1ccccc1)c1ccccc1,20
O=C(COC(=O)c1cccc(S(=O)(=O)N2CCc3ccccc3C2)c1)NCc1ccco1,1.0,O=C(COC(=O)c1cccc(c1)S(=O)(=O)N2CCc3ccccc3C2)NCc4occc4,O=C(COC(=O)c1cccc(S(=O)(=O)N2CCc3ccccc3C2)c1)NCc1ccco1,32
O=C(COC(=O)c1ccccc1)NCc1ccco1,0.0,O=C(COC(=O)c1ccccc1)NCc2occc2,O=C(COC(=O)c1ccccc1)NCc1ccco1,19
O=C(COC(=O)c1cccs1)NCc1ccco1,0.0,O=C(COC(=O)c1cccs1)NCc2occc2,O=C(COC(=O)c1cccs1)NCc1ccco1,18
O=C(CSc1ccc(Cl)cc1)c1ccco1,0.0,Clc1ccc(SCC(=O)c2occc2)cc1,O=C(CSc1ccccc1)c1ccco1,16
O=C(CSc1nc(O)c2ccccc2n1)c1ccc(O)c(O)c1,0.0,Oc1ccc(cc1O)C(=O)CSc2nc(O)c3ccccc3n2,O=C(CSc1ncc2ccccc2n1)c1ccccc1,23
O=C(CSc1nc2scc(-c3ccco3)c2c(=O)n1-c1ccccc1)NCC1CCCO1,0.0,O=C(CSC1=Nc2scc(c3occc3)c2C(=O)N1c4ccccc4)NCC5CCCO5,O=C(CSc1nc2scc(-c3ccco3)c2c(=O)n1-c1ccccc1)NCC1CCCO1,32
O=C(CSc1nnc(-c2ccc(OC(F)F)cc2)o1)NC(=O)NCc1ccco1,0.0,FC(F)Oc1ccc(cc1)c2oc(SCC(=O)NC(=O)NCc3occc3)nn2,O=C(CSc1nnc(-c2ccccc2)o1)NC(=O)NCc1ccco1,29
O=C(CSc1nnc(-c2ccccc2)[nH]1)c1ccc(O)c(O)c1,0.0,Oc1ccc(cc1O)C(=O)CSc2nnc([nH]2)c3ccccc3,O=C(CSc1nnc(-c2ccccc2)[nH]1)c1ccccc1,23
O=C(CSc1nnc(-c2cccnc2)n1-c1ccccc1)Nc1ccc2c(c1)OCO2,0.0,O=C(CSc1nnc(c2cccnc2)n1c3ccccc3)Nc4ccc5OCOc5c4,O=C(CSc1nnc(-c2cccnc2)n1-c1ccccc1)Nc1ccc2c(c1)OCO2,31
O=C(CSc1nnc(-c2ccco2)c(-c2ccco2)n1)Nc1ccccc1,1.0,O=C(CSc1nnc(c2occc2)c(n1)c3occc3)Nc4ccccc4,O=C(CSc1nnc(-c2ccco2)c(-c2ccco2)n1)Nc1ccccc1,27
O=C(CSc1nnc(Nc2ccccc2F)s1)NCc1ccco1,1.0,Fc1ccccc1Nc2nnc(SCC(=O)NCc3occc3)s2,O=C(CSc1nnc(Nc2ccccc2)s1)NCc1ccco1,24
O=C(CSc1nnc(SCC(=O)c2ccco2)s1)c1ccco1,0.0,O=C(CSc1nnc(SCC(=O)c2occc2)s1)c3occc3,O=C(CSc1nnc(SCC(=O)c2ccco2)s1)c1ccco1,23
O=C(Cc1cc2ccccc2o1)c1ccc(O)cc1O,0.0,Oc1ccc(C(=O)Cc2oc3ccccc3c2)c(O)c1,O=C(Cc1cc2ccccc2o1)c1ccccc1,20
O=C(Cc1ccc(S(=O)(=O)N2CCOCC2)s1)Nc1nc2c(s1)CCCC2,0.0,O=C(Cc1ccc(s1)S(=O)(=O)N2CCOCC2)Nc3nc4CCCCc4s3,O=C(Cc1ccc(S(=O)(=O)N2CCOCC2)s1)Nc1nc2c(s1)CCCC2,27
O=C(Cc1cccs1)Nc1ccc(-c2nnn(CC(=O)N3CCOCC3)n2)cc1,0.0,O=C(Cc1cccs1)Nc2ccc(cc2)c3nnn(CC(=O)N4CCOCC4)n3,O=C(Cc1cccs1)Nc1ccc(-c2nnn(CC(=O)N3CCOCC3)n2)cc1,29
O=C(Cc1cccs1)Nc1ccc(S(=O)(=O)N2CCCCC2)cc1,0.0,O=C(Cc1cccs1)Nc2ccc(cc2)S(=O)(=O)N3CCCCC3,O=C(Cc1cccs1)Nc1ccc(S(=O)(=O)N2CCCCC2)cc1,24
O=C(Cc1cccs1)Nc1ccc(S(=O)(=O)Nc2ncccn2)cc1,1.0,O=C(Cc1cccs1)Nc2ccc(cc2)S(=O)(=O)Nc3ncccn3,O=C(Cc1cccs1)Nc1ccc(S(=O)(=O)Nc2ncccn2)cc1,25
O=C(Cc1cccs1)Nc1ccccn1,0.0,O=C(Cc1cccs1)Nc2ccccn2,O=C(Cc1cccs1)Nc1ccccn1,15
O=C(Cc1cccs1)Nc1nnc(Cc2ccccc2)s1,0.0,O=C(Cc1cccs1)Nc2nnc(Cc3ccccc3)s2,O=C(Cc1cccs1)Nc1nnc(Cc2ccccc2)s1,21
O=C(Cc1cccs1)Nc1nncs1,0.0,O=C(Cc1cccs1)Nc2nncs2,O=C(Cc1cccs1)Nc1nncs1,14
O=C(Cc1cnn(-c2ccccc2)c1)c1ccc(O)c(O)c1O,0.0,Oc1ccc(C(=O)Cc2cnn(c2)c3ccccc3)c(O)c1O,O=C(Cc1cnn(-c2ccccc2)c1)c1ccccc1,23
O=C(Cc1coc2cc3c(cc12)CCC3)OCc1cc(=O)n2c(n1)sc1ccccc12,0.0,O=C(Cc1coc2cc3CCCc3cc12)OCC4=CC(=O)N5C(=N4)Sc6ccccc56,O=C(Cc1coc2cc3c(cc12)CCC3)OCc1cc(=O)n2c(n1)sc1ccccc12,31
O=C(Cn1c(=O)n(Cc2ccco2)c(=O)c2c3c(sc21)CCCCC3)Nc1ccccc1,0.0,O=C(CN1C(=O)N(Cc2occc2)C(=O)c3c4CCCCCc4sc13)Nc5ccccc5,O=C(Cn1c(=O)n(Cc2ccco2)c(=O)c2c3c(sc21)CCCCC3)Nc1ccccc1,32
O=C(Cn1nnc(-c2ccc3c(c2)OCO3)n1)NCc1ccco1,0.0,O=C(Cn1nnc(n1)c2ccc3OCOc3c2)NCc4occc4,O=C(Cn1nnc(-c2ccc3c(c2)OCO3)n1)NCc1ccco1,24
O=C(N/N=C/c1cc(Br)ccc1O)c1cc2ccccc2cc1O,0.0,Oc1ccc(Br)cc1\C=N\NC(=O)c2cc3ccccc3cc2O,O=C(NN=Cc1ccccc1)c1ccc2ccccc2c1,24
O=C(N1CCc2cc(O)ccc2C1)C(Cl)(Cl)Cl,0.0,Oc1ccc2CN(CCc2c1)C(=O)C(Cl)(Cl)Cl,c1ccc2c(c1)CCNC2,17
O=C(N1CCc2cc(O)ccc2C1)C(F)(F)F,0.0,Oc1ccc2CN(CCc2c1)C(=O)C(F)(F)F,c1ccc2c(c1)CCNC2,17
O=C(N1CCc2cc(O)ccc2C1c1ccc(Br)cc1)C(F)(F)F,1.0,Oc1ccc2C(N(CCc2c1)C(=O)C(F)(F)F)c3ccc(Br)cc3,c1ccc(C2NCCc3ccccc32)cc1,24
O=C(N1CCc2cc(O)ccc2C1c1ccc(OCCN2CCCC2)cc1)C(F)(F)F,1.0,Oc1ccc2C(N(CCc2c1)C(=O)C(F)(F)F)c3ccc(OCCN4CCCC4)cc3,c1ccc2c(c1)CCNC2c1ccc(OCCN2CCCC2)cc1,31
O=C(N1CCc2cc(O)ccc2C1c1ccccc1)C(F)(F)F,1.0,Oc1ccc2C(N(CCc2c1)C(=O)C(F)(F)F)c3ccccc3,c1ccc(C2NCCc3ccccc32)cc1,23
O=C(N1CCc2cc(O)ccc2C1c1cccs1)C(F)(F)F,1.0,Oc1ccc2C(N(CCc2c1)C(=O)C(F)(F)F)c3cccs3,c1csc(C2NCCc3ccccc32)c1,22
O=C(N1CCc2cc(O)ccc2[C@@H]1c1ccc(O)cc1)C(F)(F)F,0.0,Oc1ccc(cc1)[C@@H]2N(CCc3cc(O)ccc23)C(=O)C(F)(F)F,c1ccc(C2NCCc3ccccc32)cc1,24
O=C(N1CCc2cc(O)ccc2[C@H]1c1ccc(O)cc1)C(F)(F)F,1.0,Oc1ccc(cc1)[C@H]2N(CCc3cc(O)ccc23)C(=O)C(F)(F)F,c1ccc(C2NCCc3ccccc32)cc1,24
O=C(N1CCc2ccc(O)cc2C1)C(F)(F)F,0.0,Oc1ccc2CCN(Cc2c1)C(=O)C(F)(F)F,c1ccc2c(c1)CCNC2,17
O=C(N1Cc2cc(O)ccc2C(c2ccc(O)cc2)C1)C(F)(F)F,1.0,Oc1ccc(cc1)C2CN(Cc3cc(O)ccc23)C(=O)C(F)(F)F,c1ccc(C2CNCc3ccccc32)cc1,24
O=C(NCC1CCCO1)c1cc(-c2ccco2)nc2ccccc12,0.0,O=C(NCC1CCCO1)c2cc(nc3ccccc23)c4occc4,O=C(NCC1CCCO1)c1cc(-c2ccco2)nc2ccccc12,24
O=C(NCCO)c1ccc2nc(-c3ccco3)c(-c3ccco3)nc2c1,0.0,OCCNC(=O)c1ccc2nc(c3occc3)c(nc2c1)c4occc4,c1coc(-c2nc3ccccc3nc2-c2ccco2)c1,26
O=C(NCCc1ccccc1)c1ccc2nc(-c3ccco3)c(-c3ccco3)nc2c1,0.0,O=C(NCCc1ccccc1)c2ccc3nc(c4occc4)c(nc3c2)c5occc5,O=C(NCCc1ccccc1)c1ccc2nc(-c3ccco3)c(-c3ccco3)nc2c1,31
O=C(NCc1ccccc1)c1ccc2nc(-c3ccco3)c(-c3ccco3)nc2c1,1.0,O=C(NCc1ccccc1)c2ccc3nc(c4occc4)c(nc3c2)c5occc5,O=C(NCc1ccccc1)c1ccc2nc(-c3ccco3)c(-c3ccco3)nc2c1,30
O=C(NCc1ccccn1)c1ccc2nc(-c3ccco3)c(-c3ccco3)nc2c1,0.0,O=C(NCc1ccccn1)c2ccc3nc(c4occc4)c(nc3c2)c5occc5,O=C(NCc1ccccn1)c1ccc2nc(-c3ccco3)c(-c3ccco3)nc2c1,30
O=C(NCc1ccco1)C1(S(=O)(=O)c2ccc(Cl)cc2)CC1,0.0,Clc1ccc(cc1)S(=O)(=O)C2(CC2)C(=O)NCc3occc3,O=C(NCc1ccco1)C1(S(=O)(=O)c2ccccc2)CC1,22
O=C(NCc1ccco1)c1cc2c(s1)CSC2,1.0,O=C(NCc1occc1)c2cc3CSCc3s2,O=C(NCc1ccco1)c1cc2c(s1)CSC2,17
O=C(NCc1ccco1)c1cc2cc3ccc(Cl)cc3nc2o1,0.0,Clc1ccc2cc3cc(oc3nc2c1)C(=O)NCc4occc4,O=C(NCc1ccco1)c1cc2cc3ccccc3nc2o1,23
O=C(NCc1ccco1)c1cc2ccc(O)cc2oc1=O,0.0,Oc1ccc2C=C(C(=O)NCc3occc3)C(=O)Oc2c1,O=C(NCc1ccco1)c1cc2ccccc2oc1=O,21
O=C(Nc1cc(C(F)(F)F)ccc1N1CCOCC1)C1Cc2ccccc2CN1C(=O)c1ccco1,0.0,FC(F)(F)c1ccc(N2CCOCC2)c(NC(=O)C3Cc4ccccc4CN3C(=O)c5occc5)c1,O=C(Nc1ccccc1N1CCOCC1)C1Cc2ccccc2CN1C(=O)c1ccco1,36
O=C(Nc1ccc(-c2nc3cc(NC(=O)c4cccs4)ccc3[nH]2)cc1)c1cccs1,0.0,O=C(Nc1ccc(cc1)c2nc3cc(NC(=O)c4cccs4)ccc3[nH]2)c5cccs5,O=C(Nc1ccc(-c2nc3cc(NC(=O)c4cccs4)ccc3[nH]2)cc1)c1cccs1,31
O=C(Nc1ccc(Cc2ccncc2)cc1)C1CCC(N2C(=O)C3CC=CCC3C2=O)CC1,0.0,O=C(Nc1ccc(Cc2ccncc2)cc1)C3CCC(CC3)N4C(=O)C5CC=CCC5C4=O,O=C(Nc1ccc(Cc2ccncc2)cc1)C1CCC(N2C(=O)C3CC=CCC3C2=O)CC1,33
O=C(Nc1ccc(F)cc1F)c1noc2c1CCC2,0.0,Fc1ccc(NC(=O)c2noc3CCCc23)c(F)c1,O=C(Nc1ccccc1)c1noc2c1CCC2,19
O=C(Nc1ccc(N2CCCC2)cc1)C(Cl)c1ccccc1,0.0,ClC(C(=O)Nc1ccc(cc1)N2CCCC2)c3ccccc3,O=C(Cc1ccccc1)Nc1ccc(N2CCCC2)cc1,22
O=C(Nc1ccc(O)cc1)C1CC=CCC1,1.0,Oc1ccc(NC(=O)C2CCC=CC2)cc1,O=C(Nc1ccccc1)C1CC=CCC1,16
O=C(Nc1ccc(O)cc1C(=O)O)c1ccc2c(c1)C(=O)N(Cc1ccco1)C2=O,0.0,OC(=O)c1cc(O)ccc1NC(=O)c2ccc3C(=O)N(Cc4occc4)C(=O)c3c2,O=C(Nc1ccccc1)c1ccc2c(c1)C(=O)N(Cc1ccco1)C2=O,30
O=C(Nc1ccc2c(c1)OCO2)c1cc2ncc(Br)cn2n1,1.0,Brc1cnc2cc(nn2c1)C(=O)Nc3ccc4OCOc4c3,O=C(Nc1ccc2c(c1)OCO2)c1cc2ncccn2n1,22
O=C(Nc1ccc2c(c1)OCO2)c1cccc2c1C(=O)N(Cc1cccnc1)C2,0.0,O=C(Nc1ccc2OCOc2c1)c3cccc4CN(Cc5cccnc5)C(=O)c34,O=C(Nc1ccc2c(c1)OCO2)c1cccc2c1C(=O)N(Cc1cccnc1)C2,29
O=C(Nc1cccc(C(F)(F)F)c1)c1ccc2nc(-c3ccco3)c(-c3ccco3)nc2c1,0.0,FC(F)(F)c1cccc(NC(=O)c2ccc3nc(c4occc4)c(nc3c2)c5occc5)c1,O=C(Nc1ccccc1)c1ccc2nc(-c3ccco3)c(-c3ccco3)nc2c1,33
O=C(Nc1cccc2cccc(NC(=O)c3ccco3)c12)c1ccco1,0.0,O=C(Nc1cccc2cccc(NC(=O)c3occc3)c12)c4occc4,O=C(Nc1cccc2cccc(NC(=O)c3ccco3)c12)c1ccco1,26
O=C(Nc1ccccc1C(=O)O)c1ccccc1,0.0,OC(=O)c1ccccc1NC(=O)c2ccccc2,O=C(Nc1ccccc1)c1ccccc1,18
O=C(Nc1ccccc1N1CCOCC1)c1cc(-c2ccco2)nc2ccccc12,0.0,O=C(Nc1ccccc1N2CCOCC2)c3cc(nc4ccccc34)c5occc5,O=C(Nc1ccccc1N1CCOCC1)c1cc(-c2ccco2)nc2ccccc12,30
O=C(Nc1cnc2ccccn2c1=O)c1ccc(F)cc1,0.0,Fc1ccc(cc1)C(=O)NC2=CN=C3C=CC=CN3C2=O,O=C(Nc1cnc2ccccn2c1=O)c1ccccc1,21
O=C(Nc1cnn(C23CC4CC(CC(C4)C2)C3)c1)c1cnn2c(C(F)(F)F)cc(-c3ccco3)nc12,1.0,FC(F)(F)c1cc(nc2c(cnn12)C(=O)Nc3cnn(c3)C45CC6CC(CC(C6)C4)C5)c7occc7,O=C(Nc1cnn(C23CC4CC(CC(C4)C2)C3)c1)c1cnn2ccc(-c3ccco3)nc12,36
O=C(Nc1nccs1)c1ccc2nccnc2c1,0.0,O=C(Nc1nccs1)c2ccc3nccnc3c2,O=C(Nc1nccs1)c1ccc2nccnc2c1,18
O=C(Nc1nnc(C2CCCO2)s1)c1ccc(Br)cc1,0.0,Brc1ccc(cc1)C(=O)Nc2nnc(s2)C3CCCO3,O=C(Nc1nnc(C2CCCO2)s1)c1ccccc1,20
O=C(Nc1sc2c(c1C(=O)O)CCC2)c1ccccc1,0.0,OC(=O)c1c2CCCc2sc1NC(=O)c3ccccc3,O=C(Nc1cc2c(s1)CCC2)c1ccccc1,20
O=C(O)/C=C/c1ccc(O)cc1,0.0,OC(=O)\C=C\c1ccc(O)cc1,c1ccccc1,12
O=C(O)/C=C/c1ccc(Oc2c(-c3ccccc3)c(C3CC3)cc3cc(O)ccc23)cc1,1.0,OC(=O)\C=C\c1ccc(Oc2c(c3ccccc3)c(cc4cc(O)ccc24)C5CC5)cc1,c1ccc(Oc2c(-c3ccccc3)c(C3CC3)cc3ccccc23)cc1,32
O=C(O)/C=C/c1ccc2c(C(=O)c3ccc(OCCN4CCCCC4)cc3)c(-c3ccc(O)cc3)sc2c1,1.0,OC(=O)\C=C\c1ccc2c(C(=O)c3ccc(OCCN4CCCCC4)cc3)c(sc2c1)c5ccc(O)cc5,O=C(c1ccc(OCCN2CCCCC2)cc1)c1c(-c2ccccc2)sc2ccccc12,38
O=C(O)C(O)c1ccco1,0.0,OC(C(=O)O)c1occc1,c1ccoc1,10
O=C(O)C1Nc2c(C(=O)N3CCOCC3)cccc2C2C=CCC12,1.0,OC(=O)C1Nc2c(cccc2C(=O)N3CCOCC3)C4C=CCC14,O=C(c1cccc2c1NCC1CC=CC21)N1CCOCC1,24
O=C(O)C1Nc2c(O)cccc2C2C=CCC12,0.0,OC(=O)C1Nc2c(O)cccc2C3C=CCC13,C1=CC2c3ccccc3NCC2C1,17
O=C(O)CC(Cn1nnnc1S)c1ccccc1,0.0,OC(=O)CC(Cn1nnnc1S)c2ccccc2,c1ccc(CCn2cnnn2)cc1,18
O=C(O)CCCCCCC(=O)Nc1ccc(C2=C(c3ccc(O)cc3)C3CC(S(=O)(=O)Oc4ccc(Br)cc4)C2O3)cc1,1.0,OC(=O)CCCCCCC(=O)Nc1ccc(cc1)C2=C(C3CC(C2O3)S(=O)(=O)Oc4ccc(Br)cc4)c5ccc(O)cc5,O=S(=O)(Oc1ccccc1)C1CC2OC1C(c1ccccc1)=C2c1ccccc1,43
O=C(O)CCCCCCC(=O)Nc1ccc(C2=C(c3ccc(O)cc3)C3CC(S(=O)(=O)Oc4ccc(F)cc4)C2O3)cc1,1.0,OC(=O)CCCCCCC(=O)Nc1ccc(cc1)C2=C(C3CC(C2O3)S(=O)(=O)Oc4ccc(F)cc4)c5ccc(O)cc5,O=S(=O)(Oc1ccccc1)C1CC2OC1C(c1ccccc1)=C2c1ccccc1,43
O=C(O)CCCCCCC(=O)Nc1ccc(C2=C(c3ccc(O)cc3)C3CC(S(=O)(=O)Oc4ccc(O)cc4)C2O3)cc1,1.0,OC(=O)CCCCCCC(=O)Nc1ccc(cc1)C2=C(C3CC(C2O3)S(=O)(=O)Oc4ccc(O)cc4)c5ccc(O)cc5,O=S(=O)(Oc1ccccc1)C1CC2OC1C(c1ccccc1)=C2c1ccccc1,43
O=C(O)CCCCCCC(=O)Nc1ccc(C2=C(c3ccc(O)cc3)C3CC(S(=O)(=O)Oc4ccc5ccccc5c4)C2O3)cc1,1.0,OC(=O)CCCCCCC(=O)Nc1ccc(cc1)C2=C(C3CC(C2O3)S(=O)(=O)Oc4ccc5ccccc5c4)c6ccc(O)cc6,O=S(=O)(Oc1ccc2ccccc2c1)C1CC2OC1C(c1ccccc1)=C2c1ccccc1,46
O=C(O)CCCCCCC(=O)Nc1ccc(C2=C(c3ccc(O)cc3)C3CC(S(=O)(=O)Oc4cccc(O)c4)C2O3)cc1,0.0,OC(=O)CCCCCCC(=O)Nc1ccc(cc1)C2=C(C3CC(C2O3)S(=O)(=O)Oc4cccc(O)c4)c5ccc(O)cc5,O=S(=O)(Oc1ccccc1)C1CC2OC1C(c1ccccc1)=C2c1ccccc1,43
O=C(O)CCCCCCC(=O)Nc1ccc(C2=C(c3ccc(O)cc3)C3CC(S(=O)(=O)Oc4cccc5ccccc45)C2O3)cc1,1.0,OC(=O)CCCCCCC(=O)Nc1ccc(cc1)C2=C(C3CC(C2O3)S(=O)(=O)Oc4cccc5ccccc45)c6ccc(O)cc6,O=S(=O)(Oc1cccc2ccccc12)C1CC2OC1C(c1ccccc1)=C2c1ccccc1,46
O=C(O)CCCCCCC(=O)Nc1ccc(OS(=O)(=O)C2CC3OC2C(c2ccc(O)cc2)=C3c2ccc(O)cc2)cc1,1.0,OC(=O)CCCCCCC(=O)Nc1ccc(OS(=O)(=O)C2CC3OC2C(=C3c4ccc(O)cc4)c5ccc(O)cc5)cc1,O=S(=O)(Oc1ccccc1)C1CC2OC1C(c1ccccc1)=C2c1ccccc1,43
O=C(O)CCCCCCC(=O)Nc1cccc(OS(=O)(=O)C2CC3OC2C(c2ccc(O)cc2)=C3c2ccc(O)cc2)c1,0.0,OC(=O)CCCCCCC(=O)Nc1cccc(OS(=O)(=O)C2CC3OC2C(=C3c4ccc(O)cc4)c5ccc(O)cc5)c1,O=S(=O)(Oc1ccccc1)C1CC2OC1C(c1ccccc1)=C2c1ccccc1,43
O=C(O)CCOc1ccc([C@@H]2Oc3cc(O)ccc3C3=C2c2ccc(O)cc2OCC3)cc1,1.0,OC(=O)CCOc1ccc(cc1)[C@@H]2Oc3cc(O)ccc3C4=C2c5ccc(O)cc5OCC4,c1ccc(C2Oc3ccccc3C3=C2c2ccccc2OCC3)cc1,33
O=C(O)c1cc(-c2ccco2)nc2ccc(Br)cc12,1.0,OC(=O)c1cc(nc2ccc(Br)cc12)c3occc3,c1coc(-c2ccc3ccccc3n2)c1,19
O=C(O)c1cc(O)cc2nc(-c3ccc(O)cc3)oc12,0.0,OC(=O)c1cc(O)cc2nc(oc12)c3ccc(O)cc3,c1ccc(-c2nc3ccccc3o2)cc1,20
O=C(O)c1cc2sccc2s1,0.0,OC(=O)c1cc2sccc2s1,c1cc2sccc2s1,11
O=C(O)c1cccc(-n2cccc2/C=N/O)c1,1.0,O\N=C\c1cccn1c2cccc(c2)C(=O)O,c1ccc(-n2cccc2)cc1,17
O=C(O)c1sccc1Oc1ccccc1[N+](=O)[O-],1.0,OC(=O)c1sccc1Oc2ccccc2[N+](=O)[O-],c1ccc(Oc2ccsc2)cc1,18
O=C(OCC(=O)N1CCCC1)c1cncc(Br)c1,0.0,Brc1cncc(c1)C(=O)OCC(=O)N2CCCC2,O=C(OCC(=O)N1CCCC1)c1cccnc1,18
O=C(OCC(=O)N1CCN(C(=O)c2ccco2)CC1)c1cc(-c2ccco2)nc2ccccc12,0.0,O=C(COC(=O)c1cc(nc2ccccc12)c3occc3)N4CCN(CC4)C(=O)c5occc5,O=C(OCC(=O)N1CCN(C(=O)c2ccco2)CC1)c1cc(-c2ccco2)nc2ccccc12,34
O=C(OCCc1ccccc1)c1ccc(O)cc1,1.0,Oc1ccc(cc1)C(=O)OCCc2ccccc2,O=C(OCCc1ccccc1)c1ccccc1,18
O=C(Oc1cc(O)ccc1C(=O)O)c1ccccc1,0.0,OC(=O)c1ccc(O)cc1OC(=O)c2ccccc2,O=C(Oc1ccccc1)c1ccccc1,19
O=C(Oc1ccc2c(-c3ccccc3)cc(=O)oc2c1)c1ccco1,0.0,O=C(Oc1ccc2C(=CC(=O)Oc2c1)c3ccccc3)c4occc4,O=C(Oc1ccc2c(-c3ccccc3)cc(=O)oc2c1)c1ccco1,25
O=C(Oc1ccc2c(c1)OCC2=O)c1ccccc1,0.0,O=C(Oc1ccc2C(=O)COc2c1)c3ccccc3,O=C(Oc1ccc2c(c1)OCC2=O)c1ccccc1,19
O=C(Oc1ccc2c(c1)OCO2)c1cc2c(s1)CCC2,1.0,O=C(Oc1ccc2OCOc2c1)c3cc4CCCc4s3,O=C(Oc1ccc2c(c1)OCO2)c1cc2c(s1)CCC2,20
O=C(Oc1ccc2ccc(O)cc2c1)c1ccccc1F,0.0,Oc1ccc2ccc(OC(=O)c3ccccc3F)cc2c1,O=C(Oc1ccc2ccccc2c1)c1ccccc1,21
O=C(Oc1cccc(O)c1)c1cccc(F)c1,0.0,Oc1cccc(OC(=O)c2cccc(F)c2)c1,O=C(Oc1ccccc1)c1ccccc1,17
O=C(Oc1cccc2c(O)cccc12)c1ccccc1Cl,1.0,Oc1cccc2c(OC(=O)c3ccccc3Cl)cccc12,O=C(Oc1cccc2ccccc12)c1ccccc1,21
O=C(c1cc(-c2ccco2)on1)N1CCCc2ccccc21,0.0,O=C(N1CCCc2ccccc12)c3cc(on3)c4occc4,O=C(c1cc(-c2ccco2)on1)N1CCCc2ccccc21,22
O=C(c1cc(-c2ccco2)on1)N1CCc2ccccc2C1,0.0,O=C(N1CCc2ccccc2C1)c3cc(on3)c4occc4,O=C(c1cc(-c2ccco2)on1)N1CCc2ccccc2C1,22
O=C(c1cc2c(s1)CCC2)N1CCN(c2ccccc2)CC1,0.0,O=C(N1CCN(CC1)c2ccccc2)c3cc4CCCc4s3,O=C(c1cc2c(s1)CCC2)N1CCN(c2ccccc2)CC1,22
O=C(c1cc2ncc(Br)cn2n1)N1CCN(C(=O)c2ccco2)CC1,0.0,Brc1cnc2cc(nn2c1)C(=O)N3CCN(CC3)C(=O)c4occc4,O=C(c1cc2ncccn2n1)N1CCN(C(=O)c2ccco2)CC1,25
O=C(c1cc2ncc(Br)cn2n1)N1CCOCC1,0.0,Brc1cnc2cc(nn2c1)C(=O)N3CCOCC3,O=C(c1cc2ncccn2n1)N1CCOCC1,18
O=C(c1ccc(CS(=O)(=O)c2ccccc2)o1)N1CCC2(CC1)OCCO2,0.0,O=C(N1CCC2(CC1)OCCO2)c3oc(CS(=O)(=O)c4ccccc4)cc3,O=C(c1ccc(CS(=O)(=O)c2ccccc2)o1)N1CCC2(CC1)OCCO2,27
O=C(c1ccc(N2CCN(C(=O)c3ccc(Cl)cc3)CC2)cc1)c1c(-c2ccc(O)cc2)sc2cc(O)ccc12,1.0,Oc1ccc(cc1)c2sc3cc(O)ccc3c2C(=O)c4ccc(cc4)N5CCN(CC5)C(=O)c6ccc(Cl)cc6,O=C(c1ccc(N2CCN(C(=O)c3ccccc3)CC2)cc1)c1c(-c2ccccc2)sc2ccccc12,40
O=C(c1ccc(N2CCN(C(=O)c3ccc([N+](=O)[O-])cc3)CC2)cc1)c1c(-c2ccc(O)cc2)sc2cc(O)ccc12,1.0,Oc1ccc(cc1)c2sc3cc(O)ccc3c2C(=O)c4ccc(cc4)N5CCN(CC5)C(=O)c6ccc(cc6)[N+](=O)[O-],O=C(c1ccc(N2CCN(C(=O)c3ccccc3)CC2)cc1)c1c(-c2ccccc2)sc2ccccc12,42
O=C(c1ccc(N2CCN(C(=O)c3cccc(Cl)c3)CC2)cc1)c1c(-c2ccc(O)cc2)sc2cc(O)ccc12,1.0,Oc1ccc(cc1)c2sc3cc(O)ccc3c2C(=O)c4ccc(cc4)N5CCN(CC5)C(=O)c6cccc(Cl)c6,O=C(c1ccc(N2CCN(C(=O)c3ccccc3)CC2)cc1)c1c(-c2ccccc2)sc2ccccc12,40
O=C(c1ccc(N2CCN(C(=O)c3cccc(O)c3)CC2)cc1)c1c(-c2ccc(O)cc2)sc2cc(O)ccc12,1.0,Oc1ccc(cc1)c2sc3cc(O)ccc3c2C(=O)c4ccc(cc4)N5CCN(CC5)C(=O)c6cccc(O)c6,O=C(c1ccc(N2CCN(C(=O)c3ccccc3)CC2)cc1)c1c(-c2ccccc2)sc2ccccc12,40
O=C(c1ccc(N2CCN(C(=O)c3ccccc3)CC2)cc1)c1c(-c2ccc(O)cc2)sc2cc(O)ccc12,1.0,Oc1ccc(cc1)c2sc3cc(O)ccc3c2C(=O)c4ccc(cc4)N5CCN(CC5)C(=O)c6ccccc6,O=C(c1ccc(N2CCN(C(=O)c3ccccc3)CC2)cc1)c1c(-c2ccccc2)sc2ccccc12,39
O=C(c1ccc(N2CCN(C(=O)c3ccccc3Cl)CC2)cc1)c1c(-c2ccc(O)cc2)sc2cc(O)ccc12,1.0,Oc1ccc(cc1)c2sc3cc(O)ccc3c2C(=O)c4ccc(cc4)N5CCN(CC5)C(=O)c6ccccc6Cl,O=C(c1ccc(N2CCN(C(=O)c3ccccc3)CC2)cc1)c1c(-c2ccccc2)sc2ccccc12,40
O=C(c1ccc(N2CCN(C(=O)c3ccccc3O)CC2)cc1)c1c(-c2ccc(O)cc2)sc2cc(O)ccc12,1.0,Oc1ccc(cc1)c2sc3cc(O)ccc3c2C(=O)c4ccc(cc4)N5CCN(CC5)C(=O)c6ccccc6O,O=C(c1ccc(N2CCN(C(=O)c3ccccc3)CC2)cc1)c1c(-c2ccccc2)sc2ccccc12,40
O=C(c1ccc(N2CCN(C(=O)c3ccccc3[N+](=O)[O-])CC2)cc1)c1c(-c2ccc(O)cc2)sc2cc(O)ccc12,1.0,Oc1ccc(cc1)c2sc3cc(O)ccc3c2C(=O)c4ccc(cc4)N5CCN(CC5)C(=O)c6ccccc6[N+](=O)[O-],O=C(c1ccc(N2CCN(C(=O)c3ccccc3)CC2)cc1)c1c(-c2ccccc2)sc2ccccc12,42
O=C(c1ccc(N2CCN(C(=O)c3ccco3)CC2)cc1)c1c(-c2ccc(O)cc2)sc2cc(O)ccc12,1.0,Oc1ccc(cc1)c2sc3cc(O)ccc3c2C(=O)c4ccc(cc4)N5CCN(CC5)C(=O)c6occc6,O=C(c1ccc(N2CCN(C(=O)c3ccco3)CC2)cc1)c1c(-c2ccccc2)sc2ccccc12,38
O=C(c1ccc(N2CCN(C(=O)c3ccncc3)CC2)cc1)c1c(-c2ccc(O)cc2)sc2cc(O)ccc12,1.0,Oc1ccc(cc1)c2sc3cc(O)ccc3c2C(=O)c4ccc(cc4)N5CCN(CC5)C(=O)c6ccncc6,O=C(c1ccc(N2CCN(C(=O)c3ccncc3)CC2)cc1)c1c(-c2ccccc2)sc2ccccc12,39
O=C(c1ccc(N2CCN(C3CCCC3)CC2)cc1)c1c(-c2ccc(O)cc2)sc2cc(O)ccc12,1.0,Oc1ccc(cc1)c2sc3cc(O)ccc3c2C(=O)c4ccc(cc4)N5CCN(CC5)C6CCCC6,O=C(c1ccc(N2CCN(C3CCCC3)CC2)cc1)c1c(-c2ccccc2)sc2ccccc12,36
O=C(c1ccc(N2CCN(Cc3ccccc3)CC2)cc1)c1c(-c2ccc(O)cc2)sc2cc(O)ccc12,1.0,Oc1ccc(cc1)c2sc3cc(O)ccc3c2C(=O)c4ccc(cc4)N5CCN(Cc6ccccc6)CC5,O=C(c1ccc(N2CCN(Cc3ccccc3)CC2)cc1)c1c(-c2ccccc2)sc2ccccc12,38
O=C(c1ccc(N2CCN(c3ccc(Cl)cc3)CC2)cc1)c1c(-c2ccc(O)cc2)sc2cc(O)ccc12,1.0,Oc1ccc(cc1)c2sc3cc(O)ccc3c2C(=O)c4ccc(cc4)N5CCN(CC5)c6ccc(Cl)cc6,O=C(c1ccc(N2CCN(c3ccccc3)CC2)cc1)c1c(-c2ccccc2)sc2ccccc12,38
O=C(c1ccc(N2CCN(c3ccc([N+](=O)[O-])cc3)CC2)cc1)c1c(-c2ccc(O)cc2)sc2cc(O)ccc12,1.0,Oc1ccc(cc1)c2sc3cc(O)ccc3c2C(=O)c4ccc(cc4)N5CCN(CC5)c6ccc(cc6)[N+](=O)[O-],O=C(c1ccc(N2CCN(c3ccccc3)CC2)cc1)c1c(-c2ccccc2)sc2ccccc12,40
O=C(c1ccc(O)c(F)c1)N(c1ccc(O)cc1)c1ccc(F)cc1,1.0,Oc1ccc(cc1)N(C(=O)c2ccc(O)c(F)c2)c3ccc(F)cc3,O=C(c1ccccc1)N(c1ccccc1)c1ccccc1,25
O=C(c1ccc(O)c(F)c1)N(c1ccc(O)cc1)c1ccc(O)cc1,1.0,Oc1ccc(cc1)N(C(=O)c2ccc(O)c(F)c2)c3ccc(O)cc3,O=C(c1ccccc1)N(c1ccccc1)c1ccccc1,25
O=C(c1ccc(O)c(F)c1)N(c1ccccc1)c1ccc(O)cc1,1.0,Oc1ccc(cc1)N(C(=O)c2ccc(O)c(F)c2)c3ccccc3,O=C(c1ccccc1)N(c1ccccc1)c1ccccc1,24
O=C(c1ccc(OCCN2CCCCC2)cc1)c1c(-c2ccc(O)cc2)sc2cc(O)ccc12,1.0,Oc1ccc(cc1)c2sc3cc(O)ccc3c2C(=O)c4ccc(OCCN5CCCCC5)cc4,O=C(c1ccc(OCCN2CCCCC2)cc1)c1c(-c2ccccc2)sc2ccccc12,34
O=C(c1ccc(OCCN2CCCCC2)cc1)c1c(-c2ccccc2)sc2ccccc12,0.0,O=C(c1ccc(OCCN2CCCCC2)cc1)c3c(sc4ccccc34)c5ccccc5,O=C(c1ccc(OCCN2CCCCC2)cc1)c1c(-c2ccccc2)sc2ccccc12,32
O=C(c1ccc2ccccc2c1)N(c1ccc(O)cc1)c1ccc(O)cc1,1.0,Oc1ccc(cc1)N(C(=O)c2ccc3ccccc3c2)c4ccc(O)cc4,O=C(c1ccc2ccccc2c1)N(c1ccccc1)c1ccccc1,27
O=C(c1ccc2nc(-c3ccco3)c(-c3ccco3)nc2c1)N1CCC2(CC1)OCCO2,0.0,O=C(N1CCC2(CC1)OCCO2)c3ccc4nc(c5occc5)c(nc4c3)c6occc6,O=C(c1ccc2nc(-c3ccco3)c(-c3ccco3)nc2c1)N1CCC2(CC1)OCCO2,32
O=C(c1cccc(F)c1)N1CCN(C(=O)c2cc3ncc(Br)cn3n2)CC1,0.0,Fc1cccc(c1)C(=O)N2CCN(CC2)C(=O)c3cc4ncc(Br)cn4n3,O=C(c1ccccc1)N1CCN(C(=O)c2cc3ncccn3n2)CC1,27
O=C(c1ccccc1)N1CCc2cc(O)ccc2C1c1ccc(OCCN2CCCC2)cc1,0.0,Oc1ccc2C(N(CCc2c1)C(=O)c3ccccc3)c4ccc(OCCN5CCCC5)cc4,O=C(c1ccccc1)N1CCc2ccccc2C1c1ccc(OCCN2CCCC2)cc1,33
O=C(c1ccccc1)N1Cc2cc(O)ccc2C(c2ccc(O)cc2)C1,1.0,Oc1ccc(cc1)C2CN(Cc3cc(O)ccc23)C(=O)c4ccccc4,O=C(c1ccccc1)N1Cc2ccccc2C(c2ccccc2)C1,26
O=C(c1cnccn1)N1CCc2ccccc21,1.0,O=C(N1CCc2ccccc12)c3cnccn3,O=C(c1cnccn1)N1CCc2ccccc21,17
O=C1/C(=C\c2ccc(O)cc2)S(=O)(=O)c2ccccc21,0.0,Oc1ccc(\C=C\2/C(=O)c3ccccc3S2(=O)=O)cc1,O=C1C(=Cc2ccccc2)S(=O)(=O)c2ccccc21,20
O=C1C(c2ccc(O)cc2)=C(Br)c2cc(O)ccc21,1.0,Oc1ccc(cc1)C2=C(Br)c3cc(O)ccc3C2=O,O=C1C(c2ccccc2)=Cc2ccccc21,19
O=C1C(c2ccc(O)cc2)=C(Br)c2ccc(O)cc21,1.0,Oc1ccc(cc1)C2=C(Br)c3ccc(O)cc3C2=O,O=C1C(c2ccccc2)=Cc2ccccc21,19
O=C1C(c2ccc(O)cc2)=C(O)c2ccc(O)cc21,0.0,OC1=C(C(=O)c2cc(O)ccc12)c3ccc(O)cc3,O=C1C(c2ccccc2)=Cc2ccccc21,19
O=C1C(c2ccc(O)cc2)=C(c2ccccc2)c2c(O)cc(O)cc21,1.0,Oc1ccc(cc1)C2=C(c3ccccc3)c4c(O)cc(O)cc4C2=O,O=C1C(c2ccccc2)=C(c2ccccc2)c2ccccc21,25
O=C1C(c2ccc(O)cc2)=C(c2ccccc2)c2cc(O)cc(O)c21,1.0,Oc1ccc(cc1)C2=C(c3ccccc3)c4cc(O)cc(O)c4C2=O,O=C1C(c2ccccc2)=C(c2ccccc2)c2ccccc21,25
O=C1C(c2ccc(O)cc2)=C(c2ccccc2)c2cc(O)ccc21,1.0,Oc1ccc(cc1)C2=C(c3ccccc3)c4cc(O)ccc4C2=O,O=C1C(c2ccccc2)=C(c2ccccc2)c2ccccc21,24
O=C1C(c2ccc(O)cc2)=C(c2ccccc2)c2ccc(O)cc21,1.0,Oc1ccc(cc1)C2=C(c3ccccc3)c4ccc(O)cc4C2=O,O=C1C(c2ccccc2)=C(c2ccccc2)c2ccccc21,24
O=C1C2C3C=CC(C3)C2C(=O)N1c1cccc2cccnc12,0.0,O=C1C2C3CC(C=C3)C2C(=O)N1c4cccc5cccnc45,O=C1C2C3C=CC(C3)C2C(=O)N1c1cccc2cccnc12,22
O=C1C=C2c3ccc(O)cc3CC2(Cc2ccccc2)CC1,0.0,Oc1ccc2C3=CC(=O)CCC3(Cc4ccccc4)Cc2c1,O=C1C=C2c3ccccc3CC2(Cc2ccccc2)CC1,22
O=C1C=C2c3ccc4[nH]ncc4c3CC2(Cc2ccccc2)CC1,0.0,O=C1CCC2(Cc3ccccc3)Cc4c(ccc5[nH]ncc45)C2=C1,O=C1C=C2c3ccc4[nH]ncc4c3CC2(Cc2ccccc2)CC1,24
O=C1CC(c2ccc(S(=O)(=O)NCCOc3ccccc3)cc2)CN1,0.0,O=C1CC(CN1)c2ccc(cc2)S(=O)(=O)NCCOc3ccccc3,O=C1CC(c2ccc(S(=O)(=O)NCCOc3ccccc3)cc2)CN1,25
O=C1CCC(=O)N1CCCOc1ccc([C@@H]2Oc3cc(O)ccc3C3=C2c2ccc(O)cc2OCC3)cc1,1.0,Oc1ccc2C3=C(CCOc2c1)c4ccc(O)cc4O[C@H]3c5ccc(OCCCN6C(=O)CCC6=O)cc5,O=C1CCC(=O)N1CCCOc1ccc(C2Oc3ccccc3C3=C2c2ccccc2OCC3)cc1,38
O=C1CCC(=O)N1CCCOc1ccc([C@H]2Oc3cc(O)ccc3C3=C2c2ccc(O)cc2OCC3)cc1,1.0,Oc1ccc2C3=C(CCOc2c1)c4ccc(O)cc4O[C@@H]3c5ccc(OCCCN6C(=O)CCC6=O)cc5,O=C1CCC(=O)N1CCCOc1ccc(C2Oc3ccccc3C3=C2c2ccccc2OCC3)cc1,38
O=C1CCC(=O)N1CCOc1ccc([C@@H]2Oc3cc(O)ccc3C3=C2c2ccc(O)cc2OCC3)cc1,1.0,Oc1ccc2C3=C(CCOc2c1)c4ccc(O)cc4O[C@H]3c5ccc(OCCN6C(=O)CCC6=O)cc5,O=C1CCC(=O)N1CCOc1ccc(C2Oc3ccccc3C3=C2c2ccccc2OCC3)cc1,37
O=C1CCC(=O)N1CCOc1ccc([C@H]2Oc3cc(O)ccc3C3=C2c2ccc(O)cc2OCC3)cc1,1.0,Oc1ccc2C3=C(CCOc2c1)c4ccc(O)cc4O[C@@H]3c5ccc(OCCN6C(=O)CCC6=O)cc5,O=C1CCC(=O)N1CCOc1ccc(C2Oc3ccccc3C3=C2c2ccccc2OCC3)cc1,37
O=C1CCC2(Cc3ccc(Cl)cc3)Cc3cc(O)ccc3C2=C1c1ccc(OCCN2CCCCC2)cc1,0.0,Oc1ccc2C3=C(C(=O)CCC3(Cc4ccc(Cl)cc4)Cc2c1)c5ccc(OCCN6CCCCC6)cc5,O=C1CCC2(Cc3ccccc3)Cc3ccccc3C2=C1c1ccc(OCCN2CCCCC2)cc1,38
O=C1CCC2(Cc3ccccc3)Cc3c(ccc4[nH]ncc34)C2=C1c1ccc(OCCN2CCCCC2)cc1,1.0,O=C1CCC2(Cc3ccccc3)Cc4c(ccc5[nH]ncc45)C2=C1c6ccc(OCCN7CCCCC7)cc6,O=C1CCC2(Cc3ccccc3)Cc3c(ccc4[nH]ncc34)C2=C1c1ccc(OCCN2CCCCC2)cc1,39
O=C1CCC2(Cc3ccccc3)Cc3cc(O)ccc3C2=C1c1ccc(O)cc1,1.0,Oc1ccc(cc1)C2=C3c4ccc(O)cc4CC3(Cc5ccccc5)CCC2=O,O=C1CCC2(Cc3ccccc3)Cc3ccccc3C2=C1c1ccccc1,29
O=C1CCC2(Cc3ccccc3)Cc3cc(O)ccc3C2=C1c1ccc(OCCN2CCCCC2)cc1,1.0,Oc1ccc2C3=C(C(=O)CCC3(Cc4ccccc4)Cc2c1)c5ccc(OCCN6CCCCC6)cc5,O=C1CCC2(Cc3ccccc3)Cc3ccccc3C2=C1c1ccc(OCCN2CCCCC2)cc1,37
O=C1CCC2(c3ccccc3)Cc3cc(O)ccc3C2=C1Br,1.0,Oc1ccc2C3=C(Br)C(=O)CCC3(Cc2c1)c4ccccc4,O=C1C=C2c3ccccc3CC2(c2ccccc2)CC1,22
O=C1CCC2(c3ccccc3)Cc3cc(O)ccc3C2=C1c1ccco1,1.0,Oc1ccc2C3=C(C(=O)CCC3(Cc2c1)c4ccccc4)c5occc5,O=C1CCC2(c3ccccc3)Cc3ccccc3C2=C1c1ccco1,26
O=C1CC[C@@H]2c3cc(O)ccc3O[C@H](c3ccc(O)cc3)[C@@H]2C1,1.0,Oc1ccc(cc1)[C@H]2Oc3ccc(O)cc3[C@H]4CCC(=O)C[C@@H]24,O=C1CCC2c3ccccc3OC(c3ccccc3)C2C1,23
O=C1CC[C@@]2(CC3CC3)Cc3c(ccc4[nH]ncc34)C2=C1Br,1.0,BrC1=C2c3ccc4[nH]ncc4c3C[C@]2(CC5CC5)CCC1=O,O=C1C=C2c3ccc4[nH]ncc4c3CC2(CC2CC2)CC1,22
O=C1CC[C@@]2(CCC3CC3)Cc3c(ccc4[nH]ncc34)C2=C1Br,1.0,BrC1=C2c3ccc4[nH]ncc4c3C[C@]2(CCC5CC5)CCC1=O,O=C1C=C2c3ccc4[nH]ncc4c3CC2(CCC2CC2)CC1,23
O=C1C[C@@H](c2ccc(O)cc2)Oc2cc(O)cc(O)c21,0.0,Oc1ccc(cc1)[C@@H]2CC(=O)c3c(O)cc(O)cc3O2,O=C1CC(c2ccccc2)Oc2ccccc21,20
O=C1C[C@H](c2ccc(O)cc2)N1c1ccc(O)cc1,0.0,Oc1ccc(cc1)[C@H]2CC(=O)N2c3ccc(O)cc3,O=C1CC(c2ccccc2)N1c1ccccc1,19
O=C1C[C@H]2[C@@H](C1)c1cc(O)ccc1O[C@H]2c1ccc(O)cc1,1.0,Oc1ccc(cc1)[C@@H]2Oc3ccc(O)cc3[C@@H]4CC(=O)C[C@H]24,O=C1CC2c3ccccc3OC(c3ccccc3)C2C1,22
O=C1N(c2ccc(O)cc2)[C@@H](c2ccc(O)cc2)C1(c1ccccc1)c1ccccc1,1.0,Oc1ccc(cc1)[C@@H]2N(C(=O)C2(c3ccccc3)c4ccccc4)c5ccc(O)cc5,O=C1N(c2ccccc2)C(c2ccccc2)C1(c1ccccc1)c1ccccc1,31
O=C1NC(=S)SC1=C1CCCC1,0.0,O=C1NC(=S)SC1=C2CCCC2,O=C1NC(=S)SC1=C1CCCC1,12
O=C1NC(c2ccc(Br)cc2)Nc2sc3c(c21)CCC3,1.0,Brc1ccc(cc1)C2NC(=O)c3c4CCCc4sc3N2,O=C1NC(c2ccccc2)Nc2sc3c(c21)CCC3,20
O=C1NCCCC2c3cc(O)c4ccccc4c3OC12N1CCCCC1,0.0,Oc1cc2C3CCCNC(=O)C3(Oc2c4ccccc14)N5CCCCC5,O=C1NCCCC2c3ccc4ccccc4c3OC12N1CCCCC1,26
O=C1Nc2ccccc2C12OCCS2,0.0,O=C1Nc2ccccc2C13OCCS3,O=C1Nc2ccccc2C12OCCS2,14
O=C1Nc2ccccc2SC(c2ccccc2)C1O,1.0,OC1C(Sc2ccccc2NC1=O)c3ccccc3,O=C1CC(c2ccccc2)Sc2ccccc2N1,19
O=C1OC(Nc2ccc3c(c2)OCO3)c2ccccc21,0.0,O=C1OC(Nc2ccc3OCOc3c2)c4ccccc14,O=C1OC(Nc2ccc3c(c2)OCO3)c2ccccc21,20
O=C1[C@@H](c2ccc(O)cc2)[C@H](c2ccc(O)cc2)N1c1ccc(O)cc1,0.0,Oc1ccc(cc1)[C@H]2[C@@H](C(=O)N2c3ccc(O)cc3)c4ccc(O)cc4,O=C1C(c2ccccc2)C(c2ccccc2)N1c1ccccc1,26
O=C1c2c(F)cc(O)cc2O[C@H](c2ccc(OCCN3CCCCC3)cc2)[C@@H]1c1ccc(O)cc1,0.0,Oc1ccc(cc1)[C@H]2[C@H](Oc3cc(O)cc(F)c3C2=O)c4ccc(OCCN5CCCCC5)cc4,O=C1c2ccccc2OC(c2ccc(OCCN3CCCCC3)cc2)C1c1ccccc1,35
O=C1c2cc(O)cc(O)c2[C@@H](c2ccc(O)cc2)[C@@H]1c1cc(O)cc(O)c1,0.0,Oc1ccc(cc1)[C@H]2[C@@H](C(=O)c3cc(O)cc(O)c23)c4cc(O)cc(O)c4,O=C1c2ccccc2C(c2ccccc2)C1c1ccccc1,27
O=C1c2ccc(Br)cc2C(=O)N1c1ccc(O)cc1,0.0,Oc1ccc(cc1)N2C(=O)c3ccc(Br)cc3C2=O,O=C1c2ccccc2C(=O)N1c1ccccc1,19
O=C1c2ccc(O)cc2C(=O)N1[C@H]1CC[C@H](O)CC1,0.0,O[C@@H]1CC[C@H](CC1)N2C(=O)c3ccc(O)cc3C2=O,O=C1c2ccccc2C(=O)N1C1CCCCC1,19
O=C1c2ccc(O)cc2C(=O)N1c1cc(O)cc(O)c1,0.0,Oc1ccc2C(=O)N(C(=O)c2c1)c3cc(O)cc(O)c3,O=C1c2ccccc2C(=O)N1c1ccccc1,20
O=C1c2ccc(O)cc2C(=O)N1c1ccc(O)cc1[N+](=O)[O-],1.0,Oc1ccc2C(=O)N(C(=O)c2c1)c3ccc(O)cc3[N+](=O)[O-],O=C1c2ccccc2C(=O)N1c1ccccc1,22
O=C1c2ccc(O)cc2C(=O)N1c1cccc(O)c1,0.0,Oc1cccc(c1)N2C(=O)c3ccc(O)cc3C2=O,O=C1c2ccccc2C(=O)N1c1ccccc1,19
O=C1c2ccc(O)cc2C(=O)N1c1cccc2c(O)cccc12,0.0,Oc1ccc2C(=O)N(C(=O)c2c1)c3cccc4c(O)cccc34,O=C1c2ccccc2C(=O)N1c1cccc2ccccc12,23
O=C1c2ccc(O)cc2C(=O)N1c1ccccc1,0.0,Oc1ccc2C(=O)N(C(=O)c2c1)c3ccccc3,O=C1c2ccccc2C(=O)N1c1ccccc1,18
O=C1c2ccc(O)cc2C(=O)c2ccc(O)cc21,0.0,Oc1ccc2C(=O)c3cc(O)ccc3C(=O)c2c1,O=C1c2ccccc2C(=O)c2ccccc21,18
O=C1c2ccc(O)cc2O[C@H](c2ccc(OCCN3CCCCC3)cc2)[C@@H]1c1ccc(O)cc1,0.0,Oc1ccc(cc1)[C@H]2[C@H](Oc3cc(O)ccc3C2=O)c4ccc(OCCN5CCCCC5)cc4,O=C1c2ccccc2OC(c2ccc(OCCN3CCCCC3)cc2)C1c1ccccc1,34
O=C1c2ccc(O)cc2O[C@H](c2ccc(OCCN3CCCCC3)cc2)[C@@H]1c1ccccc1,0.0,Oc1ccc2C(=O)[C@H]([C@H](Oc2c1)c3ccc(OCCN4CCCCC4)cc3)c5ccccc5,O=C1c2ccccc2OC(c2ccc(OCCN3CCCCC3)cc2)C1c1ccccc1,33
O=C1c2ccccc2-c2onc3c(Oc4ccccc4)cc(O)c1c23,0.0,Oc1cc(Oc2ccccc2)c3noc4c5ccccc5C(=O)c1c34,O=C1c2ccccc2-c2onc3c(Oc4ccccc4)ccc1c23,25
O=C1c2ccccc2C(=O)C12C(c1ccc(O)cc1)=Cc1cc(O)ccc12,1.0,Oc1ccc(cc1)C2=Cc3cc(O)ccc3C24C(=O)c5ccccc5C4=O,O=C1c2ccccc2C(=O)C12C(c1ccccc1)=Cc1ccccc12,27
O=C1c2ccccc2C(=O)N1c1ccc(O)cc1,0.0,Oc1ccc(cc1)N2C(=O)c3ccccc3C2=O,O=C1c2ccccc2C(=O)N1c1ccccc1,18
O=C1c2ccccc2C(=O)N1c1ccc2[nH]c(-c3ccc(Br)o3)nc2c1,1.0,Brc1oc(cc1)c2nc3cc(ccc3[nH]2)N4C(=O)c5ccccc5C4=O,O=C1c2ccccc2C(=O)N1c1ccc2[nH]c(-c3ccco3)nc2c1,26
O=CC1=C(Sc2ccccc2)c2sc3nc4n(c(=O)c3c2CC1)CCCCC4,0.0,O=CC1=C(Sc2ccccc2)c3sc4N=C5CCCCCN5C(=O)c4c3CC1,O=c1c2c3c(sc2nc2n1CCCCC2)C(Sc1ccccc1)=CCC3,28
O=Cc1cc(-c2ccc(O)c(F)c2)cc2ccc(O)cc12,1.0,Oc1ccc2cc(cc(C=O)c2c1)c3ccc(O)c(F)c3,c1ccc(-c2ccc3ccccc3c2)cc1,21
O=Cc1cc(O)cc2cc(-c3ccc(O)cc3)oc12,1.0,Oc1ccc(cc1)c2oc3c(C=O)cc(O)cc3c2,c1ccc(-c2cc3ccccc3o2)cc1,19
O=Cc1cc(O)cc2ccc(-c3ccc(O)c(F)c3)cc12,1.0,Oc1cc(C=O)c2cc(ccc2c1)c3ccc(O)c(F)c3,c1ccc(-c2ccc3ccccc3c2)cc1,21
O=Cc1cc(O)cc2nc(-c3ccc(O)cc3)oc12,1.0,Oc1ccc(cc1)c2oc3c(C=O)cc(O)cc3n2,c1ccc(-c2nc3ccccc3o2)cc1,19
O=Cc1ccc(-c2ccccc2)c(-c2ccccc2)c1O,1.0,Oc1c(C=O)ccc(c2ccccc2)c1c3ccccc3,c1ccc(-c2ccccc2-c2ccccc2)cc1,21
O=Cc1ccc2oc3nc4n(c(=O)c3c(=O)c2c1)CCCS4,0.0,O=Cc1ccc2OC3=C(C(=O)N4CCCSC4=N3)C(=O)c2c1,O=c1c2ccccc2oc2nc3n(c(=O)c12)CCCS3,22
O=S(=O)(Cc1ccccc1)c1cc(CCc2ccccc2)nc(S(=O)(=O)Cc2ccccc2)n1,0.0,O=S(=O)(Cc1ccccc1)c2cc(CCc3ccccc3)nc(n2)S(=O)(=O)Cc4ccccc4,O=S(=O)(Cc1ccccc1)c1cc(CCc2ccccc2)nc(S(=O)(=O)Cc2ccccc2)n1,34
O=S(=O)(NCC(O)COCc1ccco1)c1cccs1,0.0,OC(CNS(=O)(=O)c1cccs1)COCc2occc2,O=S(=O)(NCCCOCc1ccco1)c1cccs1,20
O=S(=O)(NCc1csc(-c2cccnc2)n1)c1ccc(Cl)s1,0.0,Clc1ccc(s1)S(=O)(=O)NCc2csc(n2)c3cccnc3,O=S(=O)(NCc1csc(-c2cccnc2)n1)c1cccs1,22
O=S(=O)(Nc1ccc(N2CCOCC2)cc1)c1cccs1,0.0,O=S(=O)(Nc1ccc(cc1)N2CCOCC2)c3cccs3,O=S(=O)(Nc1ccc(N2CCOCC2)cc1)c1cccs1,21
O=S(=O)(Nc1ccc(Oc2ccccc2)cc1)c1cccc(C(F)(F)F)c1,0.0,FC(F)(F)c1cccc(c1)S(=O)(=O)Nc2ccc(Oc3ccccc3)cc2,O=S(=O)(Nc1ccc(Oc2ccccc2)cc1)c1ccccc1,27
O=S(=O)(Nc1nccs1)c1cc(Cl)ccc1Cl,0.0,Clc1ccc(Cl)c(c1)S(=O)(=O)Nc2nccs2,O=S(=O)(Nc1nccs1)c1ccccc1,17
O=S(=O)(Nc1ncnc2sc3c(c12)CCC3)c1ccc2ccccc2c1,0.0,O=S(=O)(Nc1ncnc2sc3CCCc3c12)c4ccc5ccccc5c4,O=S(=O)(Nc1ncnc2sc3c(c12)CCC3)c1ccc2ccccc2c1,26
O=S(=O)(O)c1nc2ccccc2n1Cc1ccccc1,0.0,OS(=O)(=O)c1nc2ccccc2n1Cc3ccccc3,c1ccc(Cn2cnc3ccccc32)cc1,20
O=S(=O)(Oc1ccccc1)[C@H]1C[C@H]2O[C@@H]1C(c1ccc(O)cc1)=C2c1ccc(O)cc1,1.0,Oc1ccc(cc1)C2=C([C@H]3O[C@@H]2C[C@@H]3S(=O)(=O)Oc4ccccc4)c5ccc(O)cc5,O=S(=O)(Oc1ccccc1)C1CC2OC1C(c1ccccc1)=C2c1ccccc1,31
O=S(=O)(c1ccc(O)cc1)N(CC(O)(c1ccccc1)C(F)(F)F)C1CC1,1.0,Oc1ccc(cc1)S(=O)(=O)N(CC(O)(c2ccccc2)C(F)(F)F)C3CC3,O=S(=O)(c1ccccc1)N(CCc1ccccc1)C1CC1,27
O=S(=O)(c1ccc(O)cc1)N(CCC(F)(F)F)c1ccc(O)cc1,1.0,Oc1ccc(cc1)N(CCC(F)(F)F)S(=O)(=O)c2ccc(O)cc2,O=S(=O)(Nc1ccccc1)c1ccccc1,24
O=S(=O)(c1ccc(O)cc1)N1[C@@H]2CC[C@H]1C[C@H](CO)C2,0.0,OC[C@@H]1C[C@H]2CC[C@@H](C1)N2S(=O)(=O)c3ccc(O)cc3,O=S(=O)(c1ccccc1)N1C2CCCC1CC2,20
O=S(=O)(c1cccc(-c2nc3ccccc3s2)c1)N1CCOCC1,0.0,O=S(=O)(N1CCOCC1)c2cccc(c2)c3nc4ccccc4s3,O=S(=O)(c1cccc(-c2nc3ccccc3s2)c1)N1CCOCC1,24
O=S(=O)(c1cccc2ccccc12)N1CCc2cc(O)ccc2C1,0.0,Oc1ccc2CN(CCc2c1)S(=O)(=O)c3cccc4ccccc34,O=S(=O)(c1cccc2ccccc12)N1CCc2ccccc2C1,24
O=S(=O)(c1cccc2ccccc12)N1CCc2cc(O)ccc2C1c1ccc(OCCN2CCCC2)cc1,1.0,Oc1ccc2C(N(CCc2c1)S(=O)(=O)c3cccc4ccccc34)c5ccc(OCCN6CCCC6)cc5,O=S(=O)(c1cccc2ccccc12)N1CCc2ccccc2C1c1ccc(OCCN2CCCC2)cc1,38
O=S(=O)(c1cccc2ccccc12)N1CCc2ccc(O)cc2C1,0.0,Oc1ccc2CCN(Cc2c1)S(=O)(=O)c3cccc4ccccc34,O=S(=O)(c1cccc2ccccc12)N1CCc2ccccc2C1,24
O=S(=O)(c1cccc2ccccc12)N1Cc2cc(O)ccc2C(c2ccc(O)cc2)C1,1.0,Oc1ccc(cc1)C2CN(Cc3cc(O)ccc23)S(=O)(=O)c4cccc5ccccc45,O=S(=O)(c1cccc2ccccc12)N1Cc2ccccc2C(c2ccccc2)C1,31
O=S(=O)(c1ccccc1)N1CCc2cc(O)ccc2C1c1ccc(OCCN2CCCC2)cc1,1.0,Oc1ccc2C(N(CCc2c1)S(=O)(=O)c3ccccc3)c4ccc(OCCN5CCCC5)cc4,O=S(=O)(c1ccccc1)N1CCc2ccccc2C1c1ccc(OCCN2CCCC2)cc1,34
O=S(=O)(c1ccccc1)N1Cc2cc(O)ccc2C(c2ccc(O)cc2)C1,1.0,Oc1ccc(cc1)C2CN(Cc3cc(O)ccc23)S(=O)(=O)c4ccccc4,O=S(=O)(c1ccccc1)N1Cc2ccccc2C(c2ccccc2)C1,27
O=S1(=O)CC=C(c2ccc3cc(O)ccc3c2Oc2ccc(OCCN3CCCCC3)cc2)CC1,1.0,Oc1ccc2c(Oc3ccc(OCCN4CCCCC4)cc3)c(ccc2c1)C5=CCS(=O)(=O)CC5,O=S1(=O)CC=C(c2ccc3ccccc3c2Oc2ccc(OCCN3CCCCC3)cc2)CC1,35
O=S1(=O)CCC(c2ccc3cc(O)ccc3c2Oc2ccc(OCCN3CCCCC3)cc2)CC1,1.0,Oc1ccc2c(Oc3ccc(OCCN4CCCCC4)cc3)c(ccc2c1)C5CCS(=O)(=O)CC5,O=S1(=O)CCC(c2ccc3ccccc3c2Oc2ccc(OCCN3CCCCC3)cc2)CC1,35
O=S1(=O)c2cc(O)ccc2O[C@H](c2ccc(OCCN3CCCCC3)cc2)[C@@H]1c1ccc(O)cc1,0.0,Oc1ccc(cc1)[C@H]2[C@H](Oc3ccc(O)cc3S2(=O)=O)c4ccc(OCCN5CCCCC5)cc4,O=S1(=O)c2ccccc2OC(c2ccc(OCCN3CCCCC3)cc2)C1c1ccccc1,35
O=[N+]([O-])c1c(O)ccc2cc(-c3ccc(O)cc3)ccc12,1.0,Oc1ccc(cc1)c2ccc3c(c(O)ccc3c2)[N+](=O)[O-],c1ccc(-c2ccc3ccccc3c2)cc1,21
O=c1[nH]c2cc(O)cc(O)c2c(=O)n1-c1ccc(O)cc1,0.0,Oc1ccc(cc1)N2C(=O)Nc3cc(O)cc(O)c3C2=O,O=c1[nH]c2ccccc2c(=O)n1-c1ccccc1,21
O=c1[nH]c2ccccc2c(=O)n1Cc1ccco1,0.0,O=C1Nc2ccccc2C(=O)N1Cc3occc3,O=c1[nH]c2ccccc2c(=O)n1Cc1ccco1,18
O=c1c(-c2cc3ccccc3o2)c(C(F)(F)F)oc2cc(O)ccc12,0.0,Oc1ccc2C(=O)C(=C(Oc2c1)C(F)(F)F)c3oc4ccccc4c3,O=c1c(-c2cc3ccccc3o2)coc2ccccc12,25
O=c1c(-c2ccc(F)cc2)c(C(F)(F)F)oc2cc(O)ccc12,1.0,Oc1ccc2C(=O)C(=C(Oc2c1)C(F)(F)F)c3ccc(F)cc3,O=c1c(-c2ccccc2)coc2ccccc12,23
O=c1c(-c2ccc(O)cc2)coc2cc(O)cc(O)c12,1.0,Oc1ccc(cc1)C2=COc3cc(O)cc(O)c3C2=O,O=c1c(-c2ccccc2)coc2ccccc12,20
O=c1c(-c2ccc(O)cc2)coc2cc(O)ccc12,0.0,Oc1ccc(cc1)C2=COc3cc(O)ccc3C2=O,O=c1c(-c2ccccc2)coc2ccccc12,19
O=c1c(-c2ccccc2Cl)c(C(F)(F)F)oc2cc(O)ccc12,1.0,Oc1ccc2C(=O)C(=C(Oc2c1)C(F)(F)F)c3ccccc3Cl,O=c1c(-c2ccccc2)coc2ccccc12,23
O=c1c(O)c(-c2ccc(O)cc2O)oc2cc(O)cc(O)c12,0.0,OC1=C(Oc2cc(O)cc(O)c2C1=O)c3ccc(O)cc3O,O=c1cc(-c2ccccc2)oc2ccccc12,22
O=c1c(Oc2ccc(F)cc2)c(C(F)(F)F)oc2c(O)c(O)ccc12,0.0,Oc1ccc2C(=O)C(=C(Oc2c1O)C(F)(F)F)Oc3ccc(F)cc3,O=c1c(Oc2ccccc2)coc2ccccc12,25
O=c1c2c(-c3ccccc3)cc(O)cc2ncn1-c1ccc(O)cc1,0.0,Oc1ccc(cc1)N2C=Nc3cc(O)cc(c4ccccc4)c3C2=O,O=c1c2c(-c3ccccc3)cccc2ncn1-c1ccccc1,25
O=c1c2c(CO)cc(O)cc2ncn1-c1ccc(O)cc1,1.0,OCc1cc(O)cc2N=CN(C(=O)c12)c3ccc(O)cc3,O=c1c2ccccc2ncn1-c1ccccc1,21
O=c1c2c(O)c(I)c(O)c(I)c2ncn1-c1ccc(O)cc1,0.0,Oc1ccc(cc1)N2C=Nc3c(I)c(O)c(I)c(O)c3C2=O,O=c1c2ccccc2ncn1-c1ccccc1,22
O=c1c2c(O)c(I)c(O)cc2ncn1-c1ccc(O)cc1,0.0,Oc1ccc(cc1)N2C=Nc3cc(O)c(I)c(O)c3C2=O,O=c1c2ccccc2ncn1-c1ccccc1,21
O=c1c2c(O)cc(O)c(I)c2ncn1-c1ccc(O)cc1,0.0,Oc1ccc(cc1)N2C=Nc3c(I)c(O)cc(O)c3C2=O,O=c1c2ccccc2ncn1-c1ccccc1,21
O=c1c2c(O)cc(O)cc2[nH]c(=S)n1-c1ccc(O)cc1,0.0,Oc1ccc(cc1)N2C(=S)Nc3cc(O)cc(O)c3C2=O,O=c1c2ccccc2[nH]c(=S)n1-c1ccccc1,21
O=c1c2c(O)cc(O)cc2nc(Cl)n1-c1ccc(O)cc1,0.0,Oc1ccc(cc1)N2C(=Nc3cc(O)cc(O)c3C2=O)Cl,O=c1c2ccccc2ncn1-c1ccccc1,21
O=c1c2c(O)cc(O)cc2ncn1-c1ccc(O)c(Cl)c1,0.0,Oc1cc(O)c2C(=O)N(C=Nc2c1)c3ccc(O)c(Cl)c3,O=c1c2ccccc2ncn1-c1ccccc1,21
O=c1c2c(O)cc(O)cc2ncn1-c1ccc(O)c(F)c1,1.0,Oc1cc(O)c2C(=O)N(C=Nc2c1)c3ccc(O)c(F)c3,O=c1c2ccccc2ncn1-c1ccccc1,21
O=c1c2c(O)cc(O)cc2ncn1-c1ccc(O)cc1,1.0,Oc1ccc(cc1)N2C=Nc3cc(O)cc(O)c3C2=O,O=c1c2ccccc2ncn1-c1ccccc1,20
O=c1c2c(O)cc(O)cc2ncn1-c1ccc(O)cc1F,1.0,Oc1ccc(N2C=Nc3cc(O)cc(O)c3C2=O)c(F)c1,O=c1c2ccccc2ncn1-c1ccccc1,21
O=c1c2c(O)cc(O)cc2ncn1-c1ccc(O)cn1,0.0,Oc1ccc(nc1)N2C=Nc3cc(O)cc(O)c3C2=O,O=c1c2ccccc2ncn1-c1ccccn1,20
O=c1c2c(O)cc(O)cc2ncn1-c1ccc(O)nc1,0.0,Oc1cc(O)c2C(=O)N(C=Nc2c1)c3ccc(O)nc3,O=c1c2ccccc2ncn1-c1cccnc1,20
O=c1c2c(O)cc(O)cc2ncn1-c1cccc(O)c1,0.0,Oc1cccc(c1)N2C=Nc3cc(O)cc(O)c3C2=O,O=c1c2ccccc2ncn1-c1ccccc1,20
O=c1c2c(O)cc(O)cc2ncn1-c1ccccc1,0.0,Oc1cc(O)c2C(=O)N(C=Nc2c1)c3ccccc3,O=c1c2ccccc2ncn1-c1ccccc1,19
O=c1c2c(O)cc(O)cc2oc2oc3cc(O)ccc3c12,1.0,Oc1ccc2c3C(=O)c4c(O)cc(O)cc4Oc3oc2c1,O=c1c2ccccc2oc2oc3ccccc3c12,21
O=c1c2c(OS(=O)(=O)C(F)(F)F)cc(O)cc2ncn1-c1ccc(O)cc1,0.0,Oc1ccc(cc1)N2C=Nc3cc(O)cc(OS(=O)(=O)C(F)(F)F)c3C2=O,O=c1c2ccccc2ncn1-c1ccccc1,27
O=c1c2cc(N3CCOCC3)ccc2[nH]c(=S)n1Cc1ccco1,0.0,O=C1N(Cc2occc2)C(=S)Nc3ccc(cc13)N4CCOCC4,O=c1c2cc(N3CCOCC3)ccc2[nH]c(=S)n1Cc1ccco1,24
O=c1c2cc(O)ccc2oc2c1oc1cc(O)ccc12,1.0,Oc1ccc2Oc3c(oc4cc(O)ccc34)C(=O)c2c1,O=c1c2ccccc2oc2c1oc1ccccc12,20
O=c1c2cc(O)ccc2oc2c1oc1ccc(O)cc12,1.0,Oc1ccc2Oc3c(oc4ccc(O)cc34)C(=O)c2c1,O=c1c2ccccc2oc2c1oc1ccccc12,20
O=c1c2ccc(O)cc2nc(-c2ccc(O)cc2)n1-c1ccc(O)cc1,0.0,Oc1ccc(cc1)N2C(=O)c3ccc(O)cc3N=C2c4ccc(O)cc4,O=c1c2ccccc2nc(-c2ccccc2)n1-c1ccccc1,26
O=c1c2ccc(O)cc2ncn1-c1ccc(O)cc1,0.0,Oc1ccc(cc1)N2C=Nc3cc(O)ccc3C2=O,O=c1c2ccccc2ncn1-c1ccccc1,19
O=c1c2ccc(O)cc2oc2c1oc1cc(O)ccc12,1.0,Oc1ccc2C(=O)c3oc4cc(O)ccc4c3Oc2c1,O=c1c2ccccc2oc2c1oc1ccccc12,20
O=c1c2ccc(O)cc2oc2c1oc1ccccc12,0.0,Oc1ccc2C(=O)c3oc4ccccc4c3Oc2c1,O=c1c2ccccc2oc2c1oc1ccccc12,19
O=c1c2ccc(O)cc2oc2c1sc1ccccc12,0.0,Oc1ccc2C(=O)c3sc4ccccc4c3Oc2c1,O=c1c2ccccc2oc2c1sc1ccccc12,19
O=c1c2ccccc2oc2c1oc1cc(O)ccc12,0.0,Oc1ccc2c3Oc4ccccc4C(=O)c3oc2c1,O=c1c2ccccc2oc2c1oc1ccccc12,19
O=c1c2oc3cc(O)ccc3c2oc2cc(O)cc(O)c12,1.0,Oc1ccc2c3Oc4cc(O)cc(O)c4C(=O)c3oc2c1,O=c1c2ccccc2oc2c1oc1ccccc12,21
O=c1c2oc3ccc(O)cc3c2oc2cc(O)cc(O)c12,1.0,Oc1ccc2oc3C(=O)c4c(O)cc(O)cc4Oc3c2c1,O=c1c2ccccc2oc2c1oc1ccccc12,21
O=c1c2oc3ccccc3c2oc2cc(O)cc(O)c12,0.0,Oc1cc(O)c2C(=O)c3oc4ccccc4c3Oc2c1,O=c1c2ccccc2oc2c1oc1ccccc12,20
O=c1cc(-c2ccc(O)cc2)oc2cc(O)cc(O)c12,1.0,Oc1ccc(cc1)C2=CC(=O)c3c(O)cc(O)cc3O2,O=c1cc(-c2ccccc2)oc2ccccc12,20
O=c1cc(CSc2nnc(-c3cccs3)n2Cc2ccccc2)nc2sc3ccccc3n12,0.0,O=C1C=C(CSc2nnc(c3cccs3)n2Cc4ccccc4)N=C5Sc6ccccc6N15,O=c1cc(CSc2nnc(-c3cccs3)n2Cc2ccccc2)nc2sc3ccccc3n12,33
O=c1nc2n(c3cc4ccccc4cc13)Cc1ccccc1-2,0.0,O=C1N=C2N(Cc3ccccc23)c4cc5ccccc5cc14,O=c1nc2n(c3cc4ccccc4cc13)Cc1ccccc1-2,22
O=c1nc2s/c(=C\c3ccco3)c(=O)n2nc1Cc1ccc(F)cc1,0.0,Fc1ccc(CC2=NN3C(=NC2=O)S\C(=C/c4occc4)\C3=O)cc1,O=c1nc2sc(=Cc3ccco3)c(=O)n2nc1Cc1ccccc1,25
O=c1oc2c(Cl)c(O)ccc2c2cc(F)c(O)c(Cl)c12,1.0,Oc1ccc2c(OC(=O)c3c(Cl)c(O)c(F)cc23)c1Cl,O=c1oc2ccccc2c2ccccc12,20
O=c1oc2c3c4c(cc2s1)CCCN4CCC3,0.0,O=C1Oc2c3CCCN4CCCc(cc2S1)c34,O=c1oc2c3c4c(cc2s1)CCCN4CCC3,17
O=c1oc2cc(O)ccc2c2oc3cc(O)ccc3c12,1.0,Oc1ccc2c(OC(=O)c3c2oc4cc(O)ccc34)c1,O=c1oc2ccccc2c2oc3ccccc3c12,20
OC(COc1ccc(C2C=CCC2)cc1)CN1CCCCC1,0.0,OC(COc1ccc(cc1)C2CCC=C2)CN3CCCCC3,C1=CC(c2ccc(OCCCN3CCCCC3)cc2)CC1,22
OCCCOc1ccc(C2Oc3cc(O)ccc3C3=C2c2ccc(O)cc2OCC3)cc1,1.0,OCCCOc1ccc(cc1)C2Oc3cc(O)ccc3C4=C2c5ccc(O)cc5OCC4,c1ccc(C2Oc3ccccc3C3=C2c2ccccc2OCC3)cc1,32
OCCN1CCN(C(c2cccs2)c2ccc3cccnc3c2O)CC1,0.0,OCCN1CCN(CC1)C(c2cccs2)c3ccc4cccnc4c3O,c1csc(C(c2ccc3cccnc3c2)N2CCNCC2)c1,26
OCCOc1ccc(C2Oc3cc(O)ccc3C3=C2c2ccc(O)cc2OCC3)cc1,1.0,OCCOc1ccc(cc1)C2Oc3cc(O)ccc3C4=C2c5ccc(O)cc5OCC4,c1ccc(C2Oc3ccccc3C3=C2c2ccccc2OCC3)cc1,31
OC[C@@H]1CCCN1CCOc1ccc([C@@H]2Oc3ccc(O)cc3S[C@@H]2c2ccc(O)cc2)cc1,1.0,OC[C@@H]1CCCN1CCOc2ccc(cc2)[C@@H]3Oc4ccc(O)cc4S[C@@H]3c5ccc(O)cc5,c1ccc(C2Sc3ccccc3OC2c2ccc(OCCN3CCCC3)cc2)cc1,34
OC[C@@]12CC=C[C@@H](C1)[C@H](c1ccc(O)cc1)CC2,1.0,OC[C@]12CC[C@H]([C@H](C1)C=CC2)c3ccc(O)cc3,C1=CC2CC(C1)CCC2c1ccccc1,18
OC[C@H]1CCCN1CCOc1ccc([C@@H]2Oc3ccc(O)cc3S[C@@H]2c2ccc(O)cc2)cc1,1.0,OC[C@H]1CCCN1CCOc2ccc(cc2)[C@@H]3Oc4ccc(O)cc4S[C@@H]3c5ccc(O)cc5,c1ccc(C2Sc3ccccc3OC2c2ccc(OCCN3CCCC3)cc2)cc1,34
OC[C@H]1CCC[C@@H](c2ccc(O)cc2)CC1,1.0,OC[C@H]1CCC[C@H](CC1)c2ccc(O)cc2,c1ccc(C2CCCCCC2)cc1,16
OCc1cc(O)cc2c1O[C@@H](c1ccc(O)cc1)[C@H]1CCC[C@@H]21,1.0,OCc1cc(O)cc2[C@@H]3CCC[C@@H]3[C@@H](Oc12)c4ccc(O)cc4,c1ccc(C2Oc3ccccc3C3CCCC32)cc1,23
ON=C1/C(=N\O)CC2(C/C1=N/O)OCCO2,0.0,ON=C1\C(\CC2(C/C/1=N/O)OCCO2)=N/O,N=C1CC2(CC(=N)C1=N)OCCO2,16
Oc1c(C(c2ccccn2)N2CCOCC2)ccc2cccnc12,0.0,Oc1c(ccc2cccnc12)C(N3CCOCC3)c4ccccn4,c1ccc(C(c2ccc3cccnc3c2)N2CCOCC2)nc1,24
Oc1c(Cl)cc(Cl)c(Cl)c1Cc1c(O)c(Cl)cc(Cl)c1Cl,1.0,Oc1c(Cl)cc(Cl)c(Cl)c1Cc2c(O)c(Cl)cc(Cl)c2Cl,c1ccc(Cc2ccccc2)cc1,21
Oc1c(Cl)cc(Cl)cc1Sc1cc(Cl)cc(Cl)c1O,0.0,Oc1c(Cl)cc(Cl)cc1Sc2cc(Cl)cc(Cl)c2O,c1ccc(Sc2ccccc2)cc1,19
Oc1c2c(nc3ccccc13)C(=C1CCCC1)CC2,0.0,Oc1c2CCC(=C3CCCC3)c2nc4ccccc14,c1ccc2nc3c(cc2c1)CCC3=C1CCCC1,19
Oc1cc(/C=C/F)c2oc(-c3ccc(O)c(F)c3)nc2c1,1.0,Oc1cc(\C=C\F)c2oc(nc2c1)c3ccc(O)c(F)c3,c1ccc(-c2nc3ccccc3o2)cc1,21
Oc1cc(/C=C\F)c2oc(-c3ccc(O)c(F)c3)nc2c1,1.0,Oc1cc(\C=C/F)c2oc(nc2c1)c3ccc(O)c(F)c3,c1ccc(-c2nc3ccccc3o2)cc1,21
Oc1cc(Br)c2oc(-c3ccc(O)c(C(F)(F)F)c3)nc2c1,1.0,Oc1cc(Br)c2oc(nc2c1)c3ccc(O)c(c3)C(F)(F)F,c1ccc(-c2nc3ccccc3o2)cc1,22
Oc1cc(Br)c2oc(-c3ccc(O)c(C(F)(F)F)c3F)nc2c1,1.0,Oc1cc(Br)c2oc(nc2c1)c3ccc(O)c(c3F)C(F)(F)F,c1ccc(-c2nc3ccccc3o2)cc1,23
Oc1cc(Br)c2oc(-c3ccc(O)c(F)c3)cc2c1,1.0,Oc1cc(Br)c2oc(cc2c1)c3ccc(O)c(F)c3,c1ccc(-c2cc3ccccc3o2)cc1,19
Oc1cc(Br)c2oc(-c3ccc(O)c(F)c3)nc2c1,1.0,Oc1cc(Br)c2oc(nc2c1)c3ccc(O)c(F)c3,c1ccc(-c2nc3ccccc3o2)cc1,19
Oc1cc(F)c(-c2ccc3c(Cl)c(O)ccc3c2)c(F)c1,1.0,Oc1cc(F)c(c(F)c1)c2ccc3c(Cl)c(O)ccc3c2,c1ccc(-c2ccc3ccccc3c2)cc1,21
Oc1cc(F)c(-c2ccc3c(Cl)c(O)ccc3c2)cc1F,1.0,Oc1ccc2cc(ccc2c1Cl)c3cc(F)c(O)cc3F,c1ccc(-c2ccc3ccccc3c2)cc1,21
Oc1cc(F)c(-c2ccc3cc(O)ccc3c2)c(F)c1,1.0,Oc1ccc2cc(ccc2c1)c3c(F)cc(O)cc3F,c1ccc(-c2ccc3ccccc3c2)cc1,20
Oc1cc(O)c2c(=S)n(-c3ccc(O)c(F)c3)cnc2c1,1.0,Oc1cc(O)c2C(=S)N(C=Nc2c1)c3ccc(O)c(F)c3,S=c1c2ccccc2ncn1-c1ccccc1,21
Oc1cc(O)c2cc(-c3ccc(O)c(F)c3)sc2c1,0.0,Oc1cc(O)c2cc(sc2c1)c3ccc(O)c(F)c3,c1ccc(-c2cc3ccccc3s2)cc1,19
Oc1ccc(-c2[nH]c(C(F)(F)F)nc2-c2ccccc2)cc1,1.0,Oc1ccc(cc1)c2[nH]c(nc2c3ccccc3)C(F)(F)F,c1ccc(-c2nc[nH]c2-c2ccccc2)cc1,22
Oc1ccc(-c2[nH]c3ccccc3c2-c2ccc(O)cc2)cc1,1.0,Oc1ccc(cc1)c2[nH]c3ccccc3c2c4ccc(O)cc4,c1ccc(-c2[nH]c3ccccc3c2-c2ccccc2)cc1,23
Oc1ccc(-c2c(-c3ccccc3)[nH]c3ccccc23)cc1,1.0,Oc1ccc(cc1)c2c([nH]c3ccccc23)c4ccccc4,c1ccc(-c2[nH]c3ccccc3c2-c2ccccc2)cc1,22
Oc1ccc(-c2cc(-c3ccc(O)cc3)c(-c3ccc(O)cc3)s2)cc1,0.0,Oc1ccc(cc1)c2cc(c3ccc(O)cc3)c(s2)c4ccc(O)cc4,c1ccc(-c2cc(-c3ccccc3)c(-c3ccccc3)s2)cc1,26
Oc1ccc(-c2cc(Br)c3cc(O)ccc3n2)cc1,1.0,Oc1ccc(cc1)c2cc(Br)c3cc(O)ccc3n2,c1ccc(-c2ccc3ccccc3n2)cc1,19
Oc1ccc(-c2cc(Cl)c3c(Cl)c(O)ccc3c2)cc1,1.0,Oc1ccc(cc1)c2cc(Cl)c3c(Cl)c(O)ccc3c2,c1ccc(-c2ccc3ccccc3c2)cc1,20
Oc1ccc(-c2cc(Cl)c3cc(O)ccc3c2)cc1,1.0,Oc1ccc(cc1)c2cc(Cl)c3cc(O)ccc3c2,c1ccc(-c2ccc3ccccc3c2)cc1,19
Oc1ccc(-c2cc(Cl)c3cc(O)ccc3n2)cc1,1.0,Oc1ccc(cc1)c2cc(Cl)c3cc(O)ccc3n2,c1ccc(-c2ccc3ccccc3n2)cc1,19
Oc1ccc(-c2cc(F)c3c(Cl)c(O)ccc3c2)cc1,1.0,Oc1ccc(cc1)c2cc(F)c3c(Cl)c(O)ccc3c2,c1ccc(-c2ccc3ccccc3c2)cc1,20
Oc1ccc(-c2cc(F)c3c(Cl)c(O)ccc3c2)cc1F,1.0,Oc1ccc(cc1F)c2cc(F)c3c(Cl)c(O)ccc3c2,c1ccc(-c2ccc3ccccc3c2)cc1,21
Oc1ccc(-c2cc(F)c3cc(O)ccc3c2)cc1,1.0,Oc1ccc(cc1)c2cc(F)c3cc(O)ccc3c2,c1ccc(-c2ccc3ccccc3c2)cc1,19
Oc1ccc(-c2cc3cc(O)cc(Br)c3o2)cc1,1.0,Oc1ccc(cc1)c2oc3c(Br)cc(O)cc3c2,c1ccc(-c2cc3ccccc3o2)cc1,18
Oc1ccc(-c2cc3cc(O)cc(Cl)c3o2)cc1,1.0,Oc1ccc(cc1)c2oc3c(Cl)cc(O)cc3c2,c1ccc(-c2cc3ccccc3o2)cc1,18
Oc1ccc(-c2cc3cc(O)ccc3o2)cc1,1.0,Oc1ccc(cc1)c2oc3ccc(O)cc3c2,c1ccc(-c2cc3ccccc3o2)cc1,17
Oc1ccc(-c2cc3ccc(O)cc3s2)cc1,1.0,Oc1ccc(cc1)c2cc3ccc(O)cc3s2,c1ccc(-c2cc3ccccc3s2)cc1,17
Oc1ccc(-c2ccc3c(Br)c(O)ccc3c2)cc1,1.0,Oc1ccc(cc1)c2ccc3c(Br)c(O)ccc3c2,c1ccc(-c2ccc3ccccc3c2)cc1,19
Oc1ccc(-c2ccc3c(Br)c(O)ccc3n2)cc1,1.0,Oc1ccc(cc1)c2ccc3c(Br)c(O)ccc3n2,c1ccc(-c2ccc3ccccc3n2)cc1,19
Oc1ccc(-c2ccc3c(Cl)c(O)ccc3c2)c(Cl)c1,1.0,Oc1ccc(c(Cl)c1)c2ccc3c(Cl)c(O)ccc3c2,c1ccc(-c2ccc3ccccc3c2)cc1,20
Oc1ccc(-c2ccc3c(Cl)c(O)ccc3c2)c(F)c1,1.0,Oc1ccc(c(F)c1)c2ccc3c(Cl)c(O)ccc3c2,c1ccc(-c2ccc3ccccc3c2)cc1,20
Oc1ccc(-c2ccc3c(Cl)c(O)ccc3c2)cc1,1.0,Oc1ccc(cc1)c2ccc3c(Cl)c(O)ccc3c2,c1ccc(-c2ccc3ccccc3c2)cc1,19
Oc1ccc(-c2ccc3c(Cl)c(O)ccc3c2)cc1Cl,1.0,Oc1ccc(cc1Cl)c2ccc3c(Cl)c(O)ccc3c2,c1ccc(-c2ccc3ccccc3c2)cc1,20
Oc1ccc(-c2ccc3c(Cl)c(O)ccc3c2)cc1F,1.0,Oc1ccc(cc1F)c2ccc3c(Cl)c(O)ccc3c2,c1ccc(-c2ccc3ccccc3c2)cc1,20
Oc1ccc(-c2ccc3c(Cl)c(O)ccc3n2)cc1,1.0,Oc1ccc(cc1)c2ccc3c(Cl)c(O)ccc3n2,c1ccc(-c2ccc3ccccc3n2)cc1,19
Oc1ccc(-c2ccc3c(F)c(O)ccc3c2)cc1,1.0,Oc1ccc(cc1)c2ccc3c(F)c(O)ccc3c2,c1ccc(-c2ccc3ccccc3c2)cc1,19
Oc1ccc(-c2ccc3c(O)cccc3c2)cc1,1.0,Oc1ccc(cc1)c2ccc3c(O)cccc3c2,c1ccc(-c2ccc3ccccc3c2)cc1,18
Oc1ccc(-c2ccc3cc(O)ccc3c2)c(Cl)c1,1.0,Oc1ccc(c(Cl)c1)c2ccc3cc(O)ccc3c2,c1ccc(-c2ccc3ccccc3c2)cc1,19
Oc1ccc(-c2ccc3cc(O)ccc3c2)c(F)c1,1.0,Oc1ccc(c(F)c1)c2ccc3cc(O)ccc3c2,c1ccc(-c2ccc3ccccc3c2)cc1,19
Oc1ccc(-c2ccc3cc(O)ccc3c2)cc1,1.0,Oc1ccc(cc1)c2ccc3cc(O)ccc3c2,c1ccc(-c2ccc3ccccc3c2)cc1,18
Oc1ccc(-c2ccc3cc(O)ccc3c2Oc2ccc(OCCN3CCCCC3)cc2)cc1,1.0,Oc1ccc(cc1)c2ccc3cc(O)ccc3c2Oc4ccc(OCCN5CCCCC5)cc4,c1ccc(-c2ccc3ccccc3c2Oc2ccc(OCCN3CCCCC3)cc2)cc1,34
Oc1ccc(-c2ccc3cc(O)ccc3n2)cc1,1.0,Oc1ccc(cc1)c2ccc3cc(O)ccc3n2,c1ccc(-c2ccc3ccccc3n2)cc1,18
Oc1ccc(-c2ccc3ccc(O)cc3c2)cc1,1.0,Oc1ccc(cc1)c2ccc3ccc(O)cc3c2,c1ccc(-c2ccc3ccccc3c2)cc1,18
Oc1ccc(-c2ccccc2)cc1Cl,0.0,Oc1ccc(cc1Cl)c2ccccc2,c1ccc(-c2ccccc2)cc1,14
Oc1ccc(-c2ccsc2-c2ccc(O)cc2Cl)c(Cl)c1,0.0,Oc1ccc(c(Cl)c1)c2ccsc2c3ccc(O)cc3Cl,c1ccc(-c2ccsc2-c2ccccc2)cc1,21
Oc1ccc(-c2cn3c(n2)SCC3)cc1O,0.0,Oc1ccc(cc1O)c2cn3CCSc3n2,c1ccc(-c2cn3c(n2)SCC3)cc1,16
Oc1ccc(-c2cnc3cc(O)ccc3c2)cc1,0.0,Oc1ccc(cc1)c2cnc3cc(O)ccc3c2,c1ccc(-c2cnc3ccccc3c2)cc1,18
Oc1ccc(-c2coc3cc(O)cc(O)c3c2=S)cc1,1.0,Oc1ccc(cc1)C2=COc3cc(O)cc(O)c3C2=S,S=c1c(-c2ccccc2)coc2ccccc12,20
Oc1ccc(-c2cocc2-c2ccc(O)cc2Cl)c(Cl)c1,0.0,Oc1ccc(c(Cl)c1)c2cocc2c3ccc(O)cc3Cl,c1ccc(-c2cocc2-c2ccccc2)cc1,21
Oc1ccc(-c2nc(-c3ccc(O)c(O)c3)cs2)cc1,0.0,Oc1ccc(cc1)c2nc(cs2)c3ccc(O)c(O)c3,c1ccc(-c2csc(-c3ccccc3)n2)cc1,20
Oc1ccc(-c2nc3cc(Cl)c(O)cc3o2)cc1,1.0,Oc1ccc(cc1)c2oc3cc(O)c(Cl)cc3n2,c1ccc(-c2nc3ccccc3o2)cc1,18
Oc1ccc(-c2nc3cc(O)c(Br)cc3o2)cc1F,1.0,Oc1ccc(cc1F)c2oc3cc(Br)c(O)cc3n2,c1ccc(-c2nc3ccccc3o2)cc1,19
Oc1ccc(-c2nc3cc(O)c(Cl)cc3o2)cc1,1.0,Oc1ccc(cc1)c2oc3cc(Cl)c(O)cc3n2,c1ccc(-c2nc3ccccc3o2)cc1,18
Oc1ccc(-c2nc3cc(O)c(Cl)cc3o2)cc1F,1.0,Oc1ccc(cc1F)c2oc3cc(Cl)c(O)cc3n2,c1ccc(-c2nc3ccccc3o2)cc1,19
Oc1ccc(-c2nc3cc(O)cc(-c4ccco4)c3o2)cc1,1.0,Oc1ccc(cc1)c2oc3c(cc(O)cc3n2)c4occc4,c1ccc(-c2nc3cccc(-c4ccco4)c3o2)cc1,22
Oc1ccc(-c2nc3cc(O)cc(-c4cccs4)c3o2)cc1,1.0,Oc1ccc(cc1)c2oc3c(cc(O)cc3n2)c4cccs4,c1ccc(-c2nc3cccc(-c4cccs4)c3o2)cc1,22
Oc1ccc(-c2nc3cc(O)cc(/C=C/Br)c3o2)c(F)c1,1.0,Oc1ccc(c(F)c1)c2oc3c(\C=C\Br)cc(O)cc3n2,c1ccc(-c2nc3ccccc3o2)cc1,21
Oc1ccc(-c2nc3cc(O)cc(/C=C/Br)c3o2)cc1,1.0,Oc1ccc(cc1)c2oc3c(\C=C\Br)cc(O)cc3n2,c1ccc(-c2nc3ccccc3o2)cc1,20
Oc1ccc(-c2nc3cc(O)cc(/C=C\Br)c3o2)c(F)c1,1.0,Oc1ccc(c(F)c1)c2oc3c(\C=C/Br)cc(O)cc3n2,c1ccc(-c2nc3ccccc3o2)cc1,21
Oc1ccc(-c2nc3cc(O)cc(/C=C\Br)c3o2)cc1,1.0,Oc1ccc(cc1)c2oc3c(\C=C/Br)cc(O)cc3n2,c1ccc(-c2nc3ccccc3o2)cc1,20
Oc1ccc(-c2nc3cc(O)cc(Br)c3o2)c(C(F)(F)F)c1,1.0,Oc1ccc(c2oc3c(Br)cc(O)cc3n2)c(c1)C(F)(F)F,c1ccc(-c2nc3ccccc3o2)cc1,22
Oc1ccc(-c2nc3cc(O)cc(Br)c3o2)c(F)c1,1.0,Oc1ccc(c(F)c1)c2oc3c(Br)cc(O)cc3n2,c1ccc(-c2nc3ccccc3o2)cc1,19
Oc1ccc(-c2nc3cc(O)cc(Br)c3o2)cc1,1.0,Oc1ccc(cc1)c2oc3c(Br)cc(O)cc3n2,c1ccc(-c2nc3ccccc3o2)cc1,18
Oc1ccc(-c2nc3cc(O)cc(C4CCCC4)c3o2)cc1,1.0,Oc1ccc(cc1)c2oc3c(cc(O)cc3n2)C4CCCC4,c1ccc(-c2nc3cccc(C4CCCC4)c3o2)cc1,22
Oc1ccc(-c2nc3cc(O)cc(CBr)c3o2)cc1,1.0,Oc1ccc(cc1)c2oc3c(CBr)cc(O)cc3n2,c1ccc(-c2nc3ccccc3o2)cc1,19
Oc1ccc(-c2nc3cc(O)ccc3o2)c(Cl)c1,1.0,Oc1ccc(c(Cl)c1)c2oc3ccc(O)cc3n2,c1ccc(-c2nc3ccccc3o2)cc1,18
Oc1ccc(-c2nc3cc(O)ccc3o2)c(O)c1,1.0,Oc1ccc(c(O)c1)c2oc3ccc(O)cc3n2,c1ccc(-c2nc3ccccc3o2)cc1,18
Oc1ccc(-c2nc3cc(O)ccc3o2)cc1,1.0,Oc1ccc(cc1)c2oc3ccc(O)cc3n2,c1ccc(-c2nc3ccccc3o2)cc1,17
Oc1ccc(-c2nc3ccc(O)cc3o2)c(O)c1,1.0,Oc1ccc(c(O)c1)c2oc3cc(O)ccc3n2,c1ccc(-c2nc3ccccc3o2)cc1,18
Oc1ccc(-c2nc3ccc(O)cc3o2)cc1,1.0,Oc1ccc(cc1)c2oc3cc(O)ccc3n2,c1ccc(-c2nc3ccccc3o2)cc1,17
Oc1ccc(-c2nn3c(C(F)(F)F)cc(C(F)(F)F)nc3c2-c2ccc(O)cc2)cc1,1.0,Oc1ccc(cc1)c2nn3c(cc(nc3c2c4ccc(O)cc4)C(F)(F)F)C(F)(F)F,c1ccc(-c2nn3cccnc3c2-c2ccccc2)cc1,31
Oc1ccc(-c2nn3c(C(F)(F)F)cc(C(F)(F)F)nc3c2-c2ccc(OCCN3CCCCC3)cc2)cc1,1.0,Oc1ccc(cc1)c2nn3c(cc(nc3c2c4ccc(OCCN5CCCCC5)cc4)C(F)(F)F)C(F)(F)F,c1ccc(-c2nn3cccnc3c2-c2ccc(OCCN3CCCCC3)cc2)cc1,39
Oc1ccc(-c2nn3cc(O)cnc3c2-c2ccc(O)cc2)cc1,0.0,Oc1ccc(cc1)c2nn3cc(O)cnc3c2c4ccc(O)cc4,c1ccc(-c2nn3cccnc3c2-c2ccccc2)cc1,24
Oc1ccc(-c2noc(C(F)(F)F)c2-c2ccccc2)cc1,1.0,Oc1ccc(cc1)c2noc(c2c3ccccc3)C(F)(F)F,c1ccc(-c2conc2-c2ccccc2)cc1,22
Oc1ccc(-c2noc3cc(O)ccc23)c(O)c1,1.0,Oc1ccc(c(O)c1)c2noc3cc(O)ccc23,c1ccc(-c2noc3ccccc23)cc1,18
Oc1ccc(-c2noc3cc(O)ccc23)cc1,1.0,Oc1ccc(cc1)c2noc3cc(O)ccc23,c1ccc(-c2noc3ccccc23)cc1,17
Oc1ccc(-c2noc3ccc(O)cc23)c(O)c1,1.0,Oc1ccc(c(O)c1)c2noc3ccc(O)cc23,c1ccc(-c2noc3ccccc23)cc1,18
Oc1ccc(-c2noc3ccc(O)cc23)cc1,1.0,Oc1ccc(cc1)c2noc3ccc(O)cc23,c1ccc(-c2noc3ccccc23)cc1,17
Oc1ccc(-c2sc3cc(O)ccc3c2Oc2ccc(OCCN3CCCCC3)cc2)cc1,1.0,Oc1ccc(cc1)c2sc3cc(O)ccc3c2Oc4ccc(OCCN5CCCCC5)cc4,c1ccc(-c2sc3ccccc3c2Oc2ccc(OCCN3CCCCC3)cc2)cc1,33
Oc1ccc(-n2c(-c3ccccc3)nc3ccccc32)cc1,1.0,Oc1ccc(cc1)n2c(nc3ccccc23)c4ccccc4,c1ccc(-c2nc3ccccc3n2-c2ccccc2)cc1,22
Oc1ccc(-n2c(-c3ccccc3Cl)nc3ccccc32)cc1,1.0,Oc1ccc(cc1)n2c(nc3ccccc23)c4ccccc4Cl,c1ccc(-c2nc3ccccc3n2-c2ccccc2)cc1,23
Oc1ccc(-n2c(-c3cccs3)nc3ccccc32)cc1,1.0,Oc1ccc(cc1)n2c(nc3ccccc23)c4cccs4,c1ccc(-n2c(-c3cccs3)nc3ccccc32)cc1,21
Oc1ccc(-n2cnc3cc(O)cc(O)c3c2=S)cc1,1.0,Oc1ccc(cc1)N2C=Nc3cc(O)cc(O)c3C2=S,S=c1c2ccccc2ncn1-c1ccccc1,20
Oc1ccc(-n2cnc3cc(O)cc(O)c3c2=S)nc1,1.0,Oc1ccc(nc1)N2C=Nc3cc(O)cc(O)c3C2=S,S=c1c2ccccc2ncn1-c1ccccn1,20
Oc1ccc(/C(=N\c2ccc(Br)cc2)c2ccc(O)cc2O)cc1,1.0,Oc1ccc(cc1)\C(=N/c2ccc(Br)cc2)\c3ccc(O)cc3O,c1ccc(N=C(c2ccccc2)c2ccccc2)cc1,24
Oc1ccc(/C(=N\c2ccc(Cl)cc2)c2ccc(O)cc2O)cc1,1.0,Oc1ccc(cc1)\C(=N/c2ccc(Cl)cc2)\c3ccc(O)cc3O,c1ccc(N=C(c2ccccc2)c2ccccc2)cc1,24
Oc1ccc(/C(=N\c2ccc(F)cc2)c2ccc(O)cc2O)cc1,1.0,Oc1ccc(cc1)\C(=N/c2ccc(F)cc2)\c3ccc(O)cc3O,c1ccc(N=C(c2ccccc2)c2ccccc2)cc1,24
Oc1ccc(/C(=N\c2cccc(C(F)(F)F)c2)c2ccc(O)cc2O)cc1,1.0,Oc1ccc(cc1)\C(=N/c2cccc(c2)C(F)(F)F)\c3ccc(O)cc3O,c1ccc(N=C(c2ccccc2)c2ccccc2)cc1,27
Oc1ccc(/C(=N\c2cccc(Cl)c2)c2ccc(O)cc2O)cc1,1.0,Oc1ccc(cc1)\C(=N/c2cccc(Cl)c2)\c3ccc(O)cc3O,c1ccc(N=C(c2ccccc2)c2ccccc2)cc1,24
Oc1ccc(/C(=N\c2ccccc2)c2ccc(O)cc2O)cc1,1.0,Oc1ccc(cc1)\C(=N/c2ccccc2)\c3ccc(O)cc3O,c1ccc(N=C(c2ccccc2)c2ccccc2)cc1,23
Oc1ccc(/C(=N\c2ccccc2Cl)c2ccc(O)cc2O)cc1,1.0,Oc1ccc(cc1)\C(=N/c2ccccc2Cl)\c3ccc(O)cc3O,c1ccc(N=C(c2ccccc2)c2ccccc2)cc1,24
Oc1ccc(/C=N/c2ccc(N3CCOCC3)cc2)c(O)c1,0.0,Oc1ccc(\C=N\c2ccc(cc2)N3CCOCC3)c(O)c1,C(=Nc1ccc(N2CCOCC2)cc1)c1ccccc1,22
Oc1ccc(C(=Nc2ccc(Br)cc2)c2ccc(O)cc2)cc1,1.0,Oc1ccc(cc1)C(=Nc2ccc(Br)cc2)c3ccc(O)cc3,c1ccc(N=C(c2ccccc2)c2ccccc2)cc1,23
Oc1ccc(C(=Nc2ccc(Cl)cc2)c2ccc(O)cc2)cc1,1.0,Oc1ccc(cc1)C(=Nc2ccc(Cl)cc2)c3ccc(O)cc3,c1ccc(N=C(c2ccccc2)c2ccccc2)cc1,23
Oc1ccc(C(=Nc2ccc(F)cc2)c2ccc(O)cc2)cc1,1.0,Oc1ccc(cc1)C(=Nc2ccc(F)cc2)c3ccc(O)cc3,c1ccc(N=C(c2ccccc2)c2ccccc2)cc1,23
Oc1ccc(C(=Nc2cccc(C(F)(F)F)c2)c2ccc(O)cc2)cc1,1.0,Oc1ccc(cc1)C(=Nc2cccc(c2)C(F)(F)F)c3ccc(O)cc3,c1ccc(N=C(c2ccccc2)c2ccccc2)cc1,26
Oc1ccc(C(=Nc2cccc(Cl)c2)c2ccc(O)cc2)cc1,1.0,Oc1ccc(cc1)C(=Nc2cccc(Cl)c2)c3ccc(O)cc3,c1ccc(N=C(c2ccccc2)c2ccccc2)cc1,23
Oc1ccc(C(=Nc2ccccc2)c2ccc(O)cc2)cc1,1.0,Oc1ccc(cc1)C(=Nc2ccccc2)c3ccc(O)cc3,c1ccc(N=C(c2ccccc2)c2ccccc2)cc1,22
Oc1ccc(C(=Nc2ccccc2Cl)c2ccc(O)cc2)cc1,1.0,Oc1ccc(cc1)C(=Nc2ccccc2Cl)c3ccc(O)cc3,c1ccc(N=C(c2ccccc2)c2ccccc2)cc1,23
Oc1ccc(C2=C(Cc3ccccc3)c3ccc(O)cc3C2)cc1,1.0,Oc1ccc(cc1)C2=C(Cc3ccccc3)c4ccc(O)cc4C2,c1ccc(CC2=C(c3ccccc3)Cc3ccccc32)cc1,24
Oc1ccc(C2=C(c3ccc(C(F)(F)F)cc3)c3ccc(O)cc3C2)cc1,1.0,Oc1ccc(cc1)C2=C(c3ccc(cc3)C(F)(F)F)c4ccc(O)cc4C2,c1ccc(C2=C(c3ccccc3)c3ccccc3C2)cc1,27
Oc1ccc(C2=C(c3ccc(CBr)cc3)c3ccc(O)cc3C2)cc1,1.0,Oc1ccc(cc1)C2=C(c3ccc(CBr)cc3)c4ccc(O)cc4C2,c1ccc(C2=C(c3ccccc3)c3ccccc3C2)cc1,25
Oc1ccc(C2=C(c3ccc(Cl)cc3)c3ccc(O)cc3C2)cc1,1.0,Oc1ccc(cc1)C2=C(c3ccc(Cl)cc3)c4ccc(O)cc4C2,c1ccc(C2=C(c3ccccc3)c3ccccc3C2)cc1,24
Oc1ccc(C2=C(c3ccc(F)cc3)c3ccc(O)cc3C2)cc1,1.0,Oc1ccc(cc1)C2=C(c3ccc(F)cc3)c4ccc(O)cc4C2,c1ccc(C2=C(c3ccccc3)c3ccccc3C2)cc1,24
Oc1ccc(C2=C(c3ccc(O)cc3)c3ccc(O)cc3C2)cc1,1.0,Oc1ccc(cc1)C2=C(c3ccc(O)cc3)c4ccc(O)cc4C2,c1ccc(C2=C(c3ccccc3)c3ccccc3C2)cc1,24
Oc1ccc(C2=C(c3ccc(OCCN4CCC4)cc3)c3ccccc3OCC2)cc1,1.0,Oc1ccc(cc1)C2=C(c3ccc(OCCN4CCC4)cc3)c5ccccc5OCC2,c1ccc(C2=C(c3ccc(OCCN4CCC4)cc3)c3ccccc3OCC2)cc1,31
Oc1ccc(C2=C(c3ccc(OCCN4CCCC4)cc3)CCOc3cc(F)ccc32)cc1,1.0,Oc1ccc(cc1)C2=C(CCOc3cc(F)ccc23)c4ccc(OCCN5CCCC5)cc4,c1ccc(C2=C(c3ccc(OCCN4CCCC4)cc3)CCOc3ccccc32)cc1,33
Oc1ccc(C2=C(c3ccc(OCCN4CCCC4)cc3)c3ccc(F)cc3OCC2)cc1,1.0,Oc1ccc(cc1)C2=C(c3ccc(OCCN4CCCC4)cc3)c5ccc(F)cc5OCC2,c1ccc(C2=C(c3ccc(OCCN4CCCC4)cc3)c3ccccc3OCC2)cc1,33
Oc1ccc(C2=C(c3ccc(OCCN4CCCC4)cc3)c3ccc(O)cc3OCC2)cc1,1.0,Oc1ccc(cc1)C2=C(c3ccc(OCCN4CCCC4)cc3)c5ccc(O)cc5OCC2,c1ccc(C2=C(c3ccc(OCCN4CCCC4)cc3)c3ccccc3OCC2)cc1,33
Oc1ccc(C2=C(c3ccc(OCCN4CCCCC4)cc3)Oc3ccc(O)cc3S2)cc1,1.0,Oc1ccc(cc1)C2=C(Oc3ccc(O)cc3S2)c4ccc(OCCN5CCCCC5)cc4,c1ccc(C2=C(c3ccc(OCCN4CCCCC4)cc3)Oc3ccccc3S2)cc1,33
Oc1ccc(C2=C(c3ccc(OCCN4CCCCC4)cc3)c3ccc(F)cc3OCC2)cc1,1.0,Oc1ccc(cc1)C2=C(c3ccc(OCCN4CCCCC4)cc3)c5ccc(F)cc5OCC2,c1ccc(C2=C(c3ccc(OCCN4CCCCC4)cc3)c3ccccc3OCC2)cc1,34
Oc1ccc(C2=C(c3ccc(OCCN4CCCCC4)cc3)c3ccc(O)cc3C2)cc1,1.0,Oc1ccc(cc1)C2=C(c3ccc(OCCN4CCCCC4)cc3)c5ccc(O)cc5C2,c1ccc(C2=C(c3ccc(OCCN4CCCCC4)cc3)c3ccccc3C2)cc1,32
Oc1ccc(C2=C(c3ccccc3)c3ccc(O)cc3C2)cc1,1.0,Oc1ccc(cc1)C2=C(c3ccccc3)c4ccc(O)cc4C2,c1ccc(C2=C(c3ccccc3)c3ccccc3C2)cc1,23
Oc1ccc(C2=Cc3cc(O)ccc3C23Cc2ccc(OCCN4CCCCC4)cc2C3)cc1,1.0,Oc1ccc(cc1)C2=Cc3cc(O)ccc3C24Cc5ccc(OCCN6CCCCC6)cc5C4,C1=C(c2ccccc2)C2(Cc3ccc(OCCN4CCCCC4)cc3C2)c2ccccc21,34
Oc1ccc(C2=Cc3cc(O)ccc3C23Cc2ccccc2C3)cc1,1.0,Oc1ccc(cc1)C2=Cc3cc(O)ccc3C24Cc5ccccc5C4,C1=C(c2ccccc2)C2(Cc3ccccc3C2)c2ccccc21,25
Oc1ccc(C2=Nc3c(O)cc(O)cc3OC2)cc1,0.0,Oc1ccc(cc1)C2=Nc3c(O)cc(O)cc3OC2,c1ccc(C2=Nc3ccccc3OC2)cc1,19
Oc1ccc(C2=Nc3ccc(O)cc3OC2)cc1,1.0,Oc1ccc(cc1)C2=Nc3ccc(O)cc3OC2,c1ccc(C2=Nc3ccccc3OC2)cc1,18
Oc1ccc(C2C(c3cc(O)cc(O)c3)=C(Cc3ccc(Cl)cc3)c3cc(O)cc(O)c32)cc1,0.0,Oc1ccc(cc1)C2C(=C(Cc3ccc(Cl)cc3)c4cc(O)cc(O)c24)c5cc(O)cc(O)c5,c1ccc(CC2=C(c3ccccc3)C(c3ccccc3)c3ccccc32)cc1,34
Oc1ccc(C2CCc3cc(O)ccc3N2)cc1,1.0,Oc1ccc(cc1)C2CCc3cc(O)ccc3N2,c1ccc(C2CCc3ccccc3N2)cc1,18
Oc1ccc(C2CCc3cc(O)ccc3N2Cc2ccc(OCCN3CCCC3)cc2)cc1,1.0,Oc1ccc(cc1)C2CCc3cc(O)ccc3N2Cc4ccc(OCCN5CCCC5)cc4,c1ccc(C2CCc3ccccc3N2Cc2ccc(OCCN3CCCC3)cc2)cc1,33
Oc1ccc(C2CCc3cc(O)ccc3N2Cc2ccc(OCCN3CCCCC3)cc2)cc1,1.0,Oc1ccc(cc1)C2CCc3cc(O)ccc3N2Cc4ccc(OCCN5CCCCC5)cc4,c1ccc(C2CCc3ccccc3N2Cc2ccc(OCCN3CCCCC3)cc2)cc1,34
Oc1ccc(C2CCc3cc(O)ccc3N2c2ccc(OCCN3CCCC3)cc2)cc1,1.0,Oc1ccc(cc1)C2CCc3cc(O)ccc3N2c4ccc(OCCN5CCCC5)cc4,c1ccc(C2CCc3ccccc3N2c2ccc(OCCN3CCCC3)cc2)cc1,32
Oc1ccc(C2CCc3cc(O)ccc3N2c2ccc(OCCN3CCCCC3)cc2)cc1,1.0,Oc1ccc(cc1)C2CCc3cc(O)ccc3N2c4ccc(OCCN5CCCCC5)cc4,c1ccc(C2CCc3ccccc3N2c2ccc(OCCN3CCCCC3)cc2)cc1,33
Oc1ccc(C2CN(Cc3ccccc3)Cc3cc(O)ccc32)cc1,1.0,Oc1ccc(cc1)C2CN(Cc3ccccc3)Cc4cc(O)ccc24,c1ccc(CN2Cc3ccccc3C(c3ccccc3)C2)cc1,25
Oc1ccc(C2CNc3cc(O)ccc3C2)cc1,0.0,Oc1ccc(cc1)C2CNc3cc(O)ccc3C2,c1ccc(C2CNc3ccccc3C2)cc1,18
Oc1ccc(C2Cc3ccc(O)cc3N(CC3CC3)C2)cc1,0.0,Oc1ccc(cc1)C2CN(CC3CC3)c4cc(O)ccc4C2,c1ccc(C2Cc3ccccc3N(CC3CC3)C2)cc1,22
Oc1ccc(C2Cc3ccc(O)cc3NC2=S)cc1,0.0,Oc1ccc(cc1)C2Cc3ccc(O)cc3NC2=S,S=C1Nc2ccccc2CC1c1ccccc1,19
Oc1ccc(CC(c2ccc(O)cc2)C(F)(F)C(F)(F)F)cc1,1.0,Oc1ccc(CC(c2ccc(O)cc2)C(F)(F)C(F)(F)F)cc1,c1ccc(CCc2ccccc2)cc1,23
Oc1ccc(CC(c2ccc(O)cc2)C(F)(F)F)cc1,1.0,Oc1ccc(CC(c2ccc(O)cc2)C(F)(F)F)cc1,c1ccc(CCc2ccccc2)cc1,20
Oc1ccc(CCNc2nc(NC/C=C/c3ccccc3)nc(N3CCNCC3)n2)cc1,0.0,Oc1ccc(CCNc2nc(NC\C=C\c3ccccc3)nc(n2)N4CCNCC4)cc1,C(=Cc1ccccc1)CNc1nc(NCCc2ccccc2)nc(N2CCNCC2)n1,32
Oc1ccc(CCNc2nc(NCCCc3ccc(Cl)cc3)nc(N3CCNCC3)n2)cc1,1.0,Oc1ccc(CCNc2nc(NCCCc3ccc(Cl)cc3)nc(n2)N4CCNCC4)cc1,c1ccc(CCCNc2nc(NCCc3ccccc3)nc(N3CCNCC3)n2)cc1,33
Oc1ccc(CCNc2nc(NCCc3ccccc3)nc(N3CCNCC3)n2)cc1,0.0,Oc1ccc(CCNc2nc(NCCc3ccccc3)nc(n2)N4CCNCC4)cc1,c1ccc(CCNc2nc(NCCc3ccccc3)nc(N3CCNCC3)n2)cc1,31
Oc1ccc(CCNc2nc(SCCCc3ccc(Cl)cc3)nc(N3CCNCC3)n2)cc1,1.0,Oc1ccc(CCNc2nc(SCCCc3ccc(Cl)cc3)nc(n2)N4CCNCC4)cc1,c1ccc(CCCSc2nc(NCCc3ccccc3)nc(N3CCNCC3)n2)cc1,33
Oc1ccc(CCNc2nc(SCCOc3ccc(Cl)cc3)nc(N3CCNCC3)n2)cc1,1.0,Oc1ccc(CCNc2nc(SCCOc3ccc(Cl)cc3)nc(n2)N4CCNCC4)cc1,c1ccc(CCNc2nc(SCCOc3ccccc3)nc(N3CCNCC3)n2)cc1,33
Oc1ccc(CCc2ccc(O)cc2)cc1,1.0,Oc1ccc(CCc2ccc(O)cc2)cc1,c1ccc(CCc2ccccc2)cc1,16
Oc1ccc(CN(c2ccc(O)cc2)c2ccc(F)cc2)cc1,1.0,Oc1ccc(CN(c2ccc(O)cc2)c3ccc(F)cc3)cc1,c1ccc(CN(c2ccccc2)c2ccccc2)cc1,23
Oc1ccc(NCc2ccccc2OCc2ccccc2F)cc1,0.0,Oc1ccc(NCc2ccccc2OCc3ccccc3F)cc1,c1ccc(COc2ccccc2CNc2ccccc2)cc1,24
Oc1ccc([C@@H]2CCc3cc(O)ccc3O2)cc1,1.0,Oc1ccc(cc1)[C@@H]2CCc3cc(O)ccc3O2,c1ccc(C2CCc3ccccc3O2)cc1,18
Oc1ccc([C@@H]2Cc3ccc(O)cc3O[C@@H]2c2ccc(OCCN3CCCCC3)cc2)cc1,1.0,Oc1ccc(cc1)[C@@H]2Cc3ccc(O)cc3O[C@@H]2c4ccc(OCCN5CCCCC5)cc4,c1ccc(C2Cc3ccccc3OC2c2ccc(OCCN3CCCCC3)cc2)cc1,33
Oc1ccc([C@@H]2Oc3ccc(O)cc3[C@@H]3CC(F)(F)C[C@@H]32)cc1,1.0,Oc1ccc(cc1)[C@@H]2Oc3ccc(O)cc3[C@@H]4CC(F)(F)C[C@H]24,c1ccc(C2Oc3ccccc3C3CCCC32)cc1,23
Oc1ccc([C@@H]2Oc3ccc(O)cc3[C@@H]3CCC[C@@H]32)cc1,1.0,Oc1ccc(cc1)[C@@H]2Oc3ccc(O)cc3[C@@H]4CCC[C@H]24,c1ccc(C2Oc3ccccc3C3CCCC32)cc1,21
Oc1ccc([C@@H]2Oc3ccc(O)cc3[C@@H]3C[C@@H](C(F)(F)F)C[C@@H]32)cc1,1.0,Oc1ccc(cc1)[C@@H]2Oc3ccc(O)cc3[C@@H]4C[C@H](C[C@H]24)C(F)(F)F,c1ccc(C2Oc3ccccc3C3CCCC32)cc1,25
Oc1ccc([C@@H]2Oc3ccc(O)cc3[C@@H]3C[C@H](C(F)(F)F)C[C@@H]32)cc1,1.0,Oc1ccc(cc1)[C@@H]2Oc3ccc(O)cc3[C@@H]4C[C@@H](C[C@H]24)C(F)(F)F,c1ccc(C2Oc3ccccc3C3CCCC32)cc1,25
Oc1ccc([C@@H]2Sc3c(Cl)cc(O)cc3O[C@@H]2c2ccc(OCCN3CCCCC3)cc2)cc1,1.0,Oc1ccc(cc1)[C@@H]2Sc3c(Cl)cc(O)cc3O[C@@H]2c4ccc(OCCN5CCCCC5)cc4,c1ccc(C2Sc3ccccc3OC2c2ccc(OCCN3CCCCC3)cc2)cc1,34
Oc1ccc([C@@H]2Sc3c(F)cc(O)cc3O[C@@H]2c2ccc(OCCN3CCCCC3)cc2)cc1,1.0,Oc1ccc(cc1)[C@@H]2Sc3c(F)cc(O)cc3O[C@@H]2c4ccc(OCCN5CCCCC5)cc4,c1ccc(C2Sc3ccccc3OC2c2ccc(OCCN3CCCCC3)cc2)cc1,34
Oc1ccc([C@@H]2Sc3c(ccc(O)c3Cl)O[C@@H]2c2ccc(OCCN3CCCCC3)cc2)cc1,1.0,Oc1ccc(cc1)[C@@H]2Sc3c(Cl)c(O)ccc3O[C@@H]2c4ccc(OCCN5CCCCC5)cc4,c1ccc(C2Sc3ccccc3OC2c2ccc(OCCN3CCCCC3)cc2)cc1,34
Oc1ccc([C@@H]2Sc3c(ccc(O)c3F)O[C@@H]2c2ccc(OCCN3CCCCC3)cc2)cc1,1.0,Oc1ccc(cc1)[C@@H]2Sc3c(F)c(O)ccc3O[C@@H]2c4ccc(OCCN5CCCCC5)cc4,c1ccc(C2Sc3ccccc3OC2c2ccc(OCCN3CCCCC3)cc2)cc1,34
Oc1ccc([C@@H]2Sc3cc(O)c(Cl)cc3O[C@@H]2c2ccc(OCCN3CCCCC3)cc2)cc1,1.0,Oc1ccc(cc1)[C@@H]2Sc3cc(O)c(Cl)cc3O[C@@H]2c4ccc(OCCN5CCCCC5)cc4,c1ccc(C2Sc3ccccc3OC2c2ccc(OCCN3CCCCC3)cc2)cc1,34
Oc1ccc([C@@H]2Sc3cc(O)cc(Cl)c3O[C@@H]2c2ccc(OCCN3CCCCC3)cc2)cc1,1.0,Oc1ccc(cc1)[C@@H]2Sc3cc(O)cc(Cl)c3O[C@@H]2c4ccc(OCCN5CCCCC5)cc4,c1ccc(C2Sc3ccccc3OC2c2ccc(OCCN3CCCCC3)cc2)cc1,34
Oc1ccc([C@@H]2Sc3cc(O)ccc3O[C@@H]2c2ccc(OCCN3CCCCC3)cc2)cc1,1.0,Oc1ccc(cc1)[C@@H]2Sc3cc(O)ccc3O[C@@H]2c4ccc(OCCN5CCCCC5)cc4,c1ccc(C2Sc3ccccc3OC2c2ccc(OCCN3CCCCC3)cc2)cc1,33
Oc1ccc([C@@H]2Sc3cc(O)ccc3O[C@H]2c2ccc(OCCN3CCCCC3)cc2)cc1,1.0,Oc1ccc(cc1)[C@@H]2Sc3cc(O)ccc3O[C@H]2c4ccc(OCCN5CCCCC5)cc4,c1ccc(C2Sc3ccccc3OC2c2ccc(OCCN3CCCCC3)cc2)cc1,33
Oc1ccc([C@@H]2Sc3ccc(O)cc3O[C@@H]2c2ccc(OCCN3CCCCC3)cc2)cc1,1.0,Oc1ccc(cc1)[C@@H]2Sc3ccc(O)cc3O[C@@H]2c4ccc(OCCN5CCCCC5)cc4,c1ccc(C2Sc3ccccc3OC2c2ccc(OCCN3CCCCC3)cc2)cc1,33
Oc1ccc([C@@H]2Sc3ccccc3O[C@@H]2c2ccc(OCCN3CCCCC3)cc2)cc1,1.0,Oc1ccc(cc1)[C@@H]2Sc3ccccc3O[C@@H]2c4ccc(OCCN5CCCCC5)cc4,c1ccc(C2Sc3ccccc3OC2c2ccc(OCCN3CCCCC3)cc2)cc1,32
Oc1ccc([C@H]2CCc3ccc(O)cc3O2)cc1,0.0,Oc1ccc(cc1)[C@H]2CCc3ccc(O)cc3O2,c1ccc(C2CCc3ccccc3O2)cc1,18
Oc1ccc([C@H]2Oc3cc(O)ccc3[C@H]3CCC[C@H]32)cc1,1.0,Oc1ccc(cc1)[C@H]2Oc3cc(O)ccc3[C@H]4CCC[C@@H]24,c1ccc(C2Oc3ccccc3C3CCCC32)cc1,21
Oc1ccc([C@H]2Oc3ccc(O)cc3[C@H]3CCCCC[C@H]32)cc1,1.0,Oc1ccc(cc1)[C@H]2Oc3ccc(O)cc3[C@H]4CCCCC[C@@H]24,c1ccc(C2Oc3ccccc3C3CCCCCC32)cc1,23
Oc1ccc([C@H]2Oc3ccc(O)cc3[C@H]3CCCC[C@H]32)cc1,1.0,Oc1ccc(cc1)[C@H]2Oc3ccc(O)cc3[C@H]4CCCC[C@@H]24,c1ccc(C2Oc3ccccc3C3CCCCC32)cc1,22
Oc1ccc([C@H]2Oc3ccc(O)cc3[C@H]3CCC[C@H]32)cc1,1.0,Oc1ccc(cc1)[C@H]2Oc3ccc(O)cc3[C@H]4CCC[C@@H]24,c1ccc(C2Oc3ccccc3C3CCCC32)cc1,21
Oc1ccc([C@H]2Oc3cccc(O)c3[C@H]3CCC[C@H]32)cc1,1.0,Oc1ccc(cc1)[C@H]2Oc3cccc(O)c3[C@H]4CCC[C@@H]24,c1ccc(C2Oc3ccccc3C3CCCC32)cc1,21
Oc1ccc([C@H]2Oc3ccccc3[C@H]3CCC[C@H]32)cc1,1.0,Oc1ccc(cc1)[C@H]2Oc3ccccc3[C@H]4CCC[C@@H]24,c1ccc(C2Oc3ccccc3C3CCCC32)cc1,20
Oc1ccc([C@H]2Sc3c(ccc(O)c3F)O[C@H]2c2ccc(OCCN3CCCCC3)cc2)cc1,1.0,Oc1ccc(cc1)[C@H]2Sc3c(F)c(O)ccc3O[C@H]2c4ccc(OCCN5CCCCC5)cc4,c1ccc(C2Sc3ccccc3OC2c2ccc(OCCN3CCCCC3)cc2)cc1,34
Oc1ccc([C@H]2Sc3cc(O)ccc3O[C@H]2CCCN2CCCCC2)cc1,1.0,Oc1ccc(cc1)[C@H]2Sc3cc(O)ccc3O[C@H]2CCCN4CCCCC4,c1ccc(C2Sc3ccccc3OC2CCCN2CCCCC2)cc1,27
Oc1ccc([C@H]2Sc3cc(O)ccc3O[C@H]2c2ccc(C3=CCNCC3)cc2)cc1,1.0,Oc1ccc(cc1)[C@H]2Sc3cc(O)ccc3O[C@H]2c4ccc(cc4)C5=CCNCC5,C1=C(c2ccc(C3Oc4ccccc4SC3c3ccccc3)cc2)CCNC1,30
Oc1ccc([C@H]2Sc3cc(O)ccc3O[C@H]2c2ccc(C3CCNCC3)cc2)cc1,1.0,Oc1ccc(cc1)[C@H]2Sc3cc(O)ccc3O[C@H]2c4ccc(cc4)C5CCNCC5,c1ccc(C2Sc3ccccc3OC2c2ccc(C3CCNCC3)cc2)cc1,30
Oc1ccc([C@H]2Sc3cc(O)ccc3O[C@H]2c2ccc(CCCN3CCCCC3)cc2)cc1,1.0,Oc1ccc(cc1)[C@H]2Sc3cc(O)ccc3O[C@H]2c4ccc(CCCN5CCCCC5)cc4,c1ccc(C2Sc3ccccc3OC2c2ccc(CCCN3CCCCC3)cc2)cc1,33
Oc1ccc([C@H]2Sc3cc(O)ccc3O[C@H]2c2ccc(CN3CCCCC3)cc2)cc1,0.0,Oc1ccc(cc1)[C@H]2Sc3cc(O)ccc3O[C@H]2c4ccc(CN5CCCCC5)cc4,c1ccc(C2Sc3ccccc3OC2c2ccc(CN3CCCCC3)cc2)cc1,31
Oc1ccc([C@H]2Sc3cc(O)ccc3O[C@H]2c2ccc(N3CCCNCC3)cc2)cc1,1.0,Oc1ccc(cc1)[C@H]2Sc3cc(O)ccc3O[C@H]2c4ccc(cc4)N5CCCNCC5,c1ccc(C2Sc3ccccc3OC2c2ccc(N3CCCNCC3)cc2)cc1,31
Oc1ccc([C@H]2Sc3cc(O)ccc3O[C@H]2c2ccc(N3CCNCC3)cc2)cc1,1.0,Oc1ccc(cc1)[C@H]2Sc3cc(O)ccc3O[C@H]2c4ccc(cc4)N5CCNCC5,c1ccc(C2Sc3ccccc3OC2c2ccc(N3CCNCC3)cc2)cc1,30
Oc1ccc([C@H]2Sc3cc(O)ccc3O[C@H]2c2ccc(OCCCN3CCCC3)cc2)cc1,1.0,Oc1ccc(cc1)[C@H]2Sc3cc(O)ccc3O[C@H]2c4ccc(OCCCN5CCCC5)cc4,c1ccc(C2Sc3ccccc3OC2c2ccc(OCCCN3CCCC3)cc2)cc1,33
Oc1ccc([C@H]2Sc3cc(O)ccc3O[C@H]2c2ccc(OCCN3C4CCC3CC4)cc2)cc1,1.0,Oc1ccc(cc1)[C@H]2Sc3cc(O)ccc3O[C@H]2c4ccc(OCCN5C6CCC5CC6)cc4,c1ccc(C2Sc3ccccc3OC2c2ccc(OCCN3C4CCC3CC4)cc2)cc1,34
Oc1ccc([C@H]2Sc3cc(O)ccc3O[C@H]2c2ccc(OCCN3C4CCCC3CC4)cc2)cc1,1.0,Oc1ccc(cc1)[C@H]2Sc3cc(O)ccc3O[C@H]2c4ccc(OCCN5C6CCCC5CC6)cc4,c1ccc(C2Sc3ccccc3OC2c2ccc(OCCN3C4CCCC3CC4)cc2)cc1,35
Oc1ccc([C@H]2Sc3cc(O)ccc3O[C@H]2c2ccc(OCCN3C4CCCC3CCC4)cc2)cc1,1.0,Oc1ccc(cc1)[C@H]2Sc3cc(O)ccc3O[C@H]2c4ccc(OCCN5C6CCCC5CCC6)cc4,c1ccc(C2Sc3ccccc3OC2c2ccc(OCCN3C4CCCC3CCC4)cc2)cc1,36
Oc1ccc([C@H]2Sc3cc(O)ccc3O[C@H]2c2ccc(OCCN3CC4(CCC4)C3)cc2)cc1,1.0,Oc1ccc(cc1)[C@H]2Sc3cc(O)ccc3O[C@H]2c4ccc(OCCN5CC6(CCC6)C5)cc4,c1ccc(C2Sc3ccccc3OC2c2ccc(OCCN3CC4(CCC4)C3)cc2)cc1,34
Oc1ccc([C@H]2Sc3cc(O)ccc3O[C@H]2c2ccc(OCCN3CC4CC3CO4)cc2)cc1,1.0,Oc1ccc(cc1)[C@H]2Sc3cc(O)ccc3O[C@H]2c4ccc(OCCN5CC6CC5CO6)cc4,c1ccc(C2Sc3ccccc3OC2c2ccc(OCCN3CC4CC3CO4)cc2)cc1,34
Oc1ccc([C@H]2Sc3cc(O)ccc3O[C@H]2c2ccc(OCCN3CC4CC4C3)cc2)cc1,1.0,Oc1ccc(cc1)[C@H]2Sc3cc(O)ccc3O[C@H]2c4ccc(OCCN5CC6CC6C5)cc4,c1ccc(C2Sc3ccccc3OC2c2ccc(OCCN3CC4CC4C3)cc2)cc1,33
Oc1ccc([C@H]2Sc3cc(O)ccc3O[C@H]2c2ccc(OCCN3CC4CC5CC(C4)CC3C5)cc2)cc1,1.0,Oc1ccc(cc1)[C@H]2Sc3cc(O)ccc3O[C@H]2c4ccc(OCCN5CC6CC7CC(C6)CC5C7)cc4,c1ccc(C2Sc3ccccc3OC2c2ccc(OCCN3CC4CC5CC(C4)CC3C5)cc2)cc1,38
Oc1ccc([C@H]2Sc3cc(O)ccc3O[C@H]2c2ccc(OCCN3CC4CCC3CC4)cc2)cc1,1.0,Oc1ccc(cc1)[C@H]2Sc3cc(O)ccc3O[C@H]2c4ccc(OCCN5CC6CCC5CC6)cc4,c1ccc(C2Sc3ccccc3OC2c2ccc(OCCN3CC4CCC3CC4)cc2)cc1,35
Oc1ccc([C@H]2Sc3cc(O)ccc3O[C@H]2c2ccc(OCCN3CC4CCC4C3)cc2)cc1,1.0,Oc1ccc(cc1)[C@H]2Sc3cc(O)ccc3O[C@H]2c4ccc(OCCN5CC6CCC6C5)cc4,c1ccc(C2Sc3ccccc3OC2c2ccc(OCCN3CC4CCC4C3)cc2)cc1,34
Oc1ccc([C@H]2Sc3cc(O)ccc3O[C@H]2c2ccc(OCCN3CCC(F)CC3)cc2)cc1,1.0,Oc1ccc(cc1)[C@H]2Sc3cc(O)ccc3O[C@H]2c4ccc(OCCN5CCC(F)CC5)cc4,c1ccc(C2Sc3ccccc3OC2c2ccc(OCCN3CCCCC3)cc2)cc1,34
Oc1ccc([C@H]2Sc3cc(O)ccc3O[C@H]2c2ccc(OCCN3CCC4(CCCC4)CC3)cc2)cc1,1.0,Oc1ccc(cc1)[C@H]2Sc3cc(O)ccc3O[C@H]2c4ccc(OCCN5CCC6(CCCC6)CC5)cc4,c1ccc(C2Sc3ccccc3OC2c2ccc(OCCN3CCC4(CCCC4)CC3)cc2)cc1,37
Oc1ccc([C@H]2Sc3cc(O)ccc3O[C@H]2c2ccc(OCCN3CCCC3)cc2)cc1,1.0,Oc1ccc(cc1)[C@H]2Sc3cc(O)ccc3O[C@H]2c4ccc(OCCN5CCCC5)cc4,c1ccc(C2Sc3ccccc3OC2c2ccc(OCCN3CCCC3)cc2)cc1,32
Oc1ccc([C@H]2Sc3cc(O)ccc3O[C@H]2c2ccc(OCCN3CCCCC3)cc2)cc1,1.0,Oc1ccc(cc1)[C@H]2Sc3cc(O)ccc3O[C@H]2c4ccc(OCCN5CCCCC5)cc4,c1ccc(C2Sc3ccccc3OC2c2ccc(OCCN3CCCCC3)cc2)cc1,33
Oc1ccc([C@H]2Sc3cc(O)ccc3O[C@H]2c2ccc(OCCN3CCSCC3)cc2)cc1,1.0,Oc1ccc(cc1)[C@H]2Sc3cc(O)ccc3O[C@H]2c4ccc(OCCN5CCSCC5)cc4,c1ccc(C2Sc3ccccc3OC2c2ccc(OCCN3CCSCC3)cc2)cc1,33
Oc1ccc([C@H]2Sc3cc(O)ccc3O[C@H]2c2ccc(OCCN3CC[C@@H](F)C3)cc2)cc1,1.0,Oc1ccc(cc1)[C@H]2Sc3cc(O)ccc3O[C@H]2c4ccc(OCCN5CC[C@@H](F)C5)cc4,c1ccc(C2Sc3ccccc3OC2c2ccc(OCCN3CCCC3)cc2)cc1,33
Oc1ccc([C@H]2Sc3cc(O)ccc3O[C@H]2c2ccc(OCCN3CC[C@@H](O)C3)cc2)cc1,1.0,O[C@@H]1CCN(CCOc2ccc(cc2)[C@@H]3Oc4ccc(O)cc4S[C@@H]3c5ccc(O)cc5)C1,c1ccc(C2Sc3ccccc3OC2c2ccc(OCCN3CCCC3)cc2)cc1,33
Oc1ccc([C@H]2Sc3cc(O)ccc3O[C@H]2c2ccc(OCCN3CC[C@@H]4C[C@@H]43)cc2)cc1,1.0,Oc1ccc(cc1)[C@H]2Sc3cc(O)ccc3O[C@H]2c4ccc(OCCN5CC[C@@H]6C[C@H]56)cc4,c1ccc(C2Sc3ccccc3OC2c2ccc(OCCN3CCC4CC43)cc2)cc1,33
Oc1ccc([C@H]2Sc3cc(O)ccc3O[C@H]2c2ccc(OCCN3CC[C@H]4C[C@H]43)cc2)cc1,1.0,Oc1ccc(cc1)[C@H]2Sc3cc(O)ccc3O[C@H]2c4ccc(OCCN5CC[C@H]6C[C@@H]56)cc4,c1ccc(C2Sc3ccccc3OC2c2ccc(OCCN3CCC4CC43)cc2)cc1,33
Oc1ccc([C@H]2Sc3cc(O)ccc3O[C@H]2c2ccc(OCCN3C[C@H]4CCCC[C@H]4C3)cc2)cc1,1.0,Oc1ccc(cc1)[C@H]2Sc3cc(O)ccc3O[C@H]2c4ccc(OCCN5C[C@H]6CCCC[C@H]6C5)cc4,c1ccc(C2Sc3ccccc3OC2c2ccc(OCCN3CC4CCCCC4C3)cc2)cc1,36
Oc1ccc([C@H]2Sc3cc(O)ccc3O[C@H]2c2ccc(OCCN3C[C@H]4CCC[C@H]4C3)cc2)cc1,1.0,Oc1ccc(cc1)[C@H]2Sc3cc(O)ccc3O[C@H]2c4ccc(OCCN5C[C@H]6CCC[C@H]6C5)cc4,c1ccc(C2Sc3ccccc3OC2c2ccc(OCCN3CC4CCCC4C3)cc2)cc1,35
Oc1ccc([C@H]2Sc3cc(O)ccc3S[C@H]2c2ccc(OCCN3CCCC3)c(Br)c2)cc1,1.0,Oc1ccc(cc1)[C@H]2Sc3cc(O)ccc3S[C@H]2c4ccc(OCCN5CCCC5)c(Br)c4,c1ccc(C2Sc3ccccc3SC2c2ccc(OCCN3CCCC3)cc2)cc1,33
Oc1ccc([C@H]2Sc3cc(O)ccc3S[C@H]2c2ccc(OCCN3CCCCC3)c(Br)c2)cc1,1.0,Oc1ccc(cc1)[C@H]2Sc3cc(O)ccc3S[C@H]2c4ccc(OCCN5CCCCC5)c(Br)c4,c1ccc(C2Sc3ccccc3SC2c2ccc(OCCN3CCCCC3)cc2)cc1,34
Oc1ccc([C@H]2[C@@H](c3ccc(OCCN4CCCCC4)cc3)Oc3cc(O)ccc3[C@@H]2O)cc1,0.0,O[C@@H]1[C@H]([C@H](Oc2cc(O)ccc12)c3ccc(OCCN4CCCCC4)cc3)c5ccc(O)cc5,c1ccc(C2Cc3ccccc3OC2c2ccc(OCCN3CCCCC3)cc2)cc1,34
Oc1ccc2c(-c3cc(Br)c(O)cc3O)noc2c1,1.0,Oc1ccc2c(noc2c1)c3cc(Br)c(O)cc3O,c1ccc(-c2noc3ccccc23)cc1,19
Oc1ccc2c(-c3cc(Cl)c(O)cc3O)noc2c1,1.0,Oc1ccc2c(noc2c1)c3cc(Cl)c(O)cc3O,c1ccc(-c2noc3ccccc23)cc1,19
Oc1ccc2c(-c3ccc(O)c(Br)c3)noc2c1,1.0,Oc1ccc2c(noc2c1)c3ccc(O)c(Br)c3,c1ccc(-c2noc3ccccc23)cc1,18
Oc1ccc2c(-c3ccc(O)c(Cl)c3)noc2c1,1.0,Oc1ccc2c(noc2c1)c3ccc(O)c(Cl)c3,c1ccc(-c2noc3ccccc23)cc1,18
Oc1ccc2c(-c3ccc(O)c(F)c3)noc2c1,1.0,Oc1ccc2c(noc2c1)c3ccc(O)c(F)c3,c1ccc(-c2noc3ccccc23)cc1,18
Oc1ccc2c(-c3ccc4c(Br)c(O)ccc4c3)noc2c1,1.0,Oc1ccc2c(noc2c1)c3ccc4c(Br)c(O)ccc4c3,c1ccc2cc(-c3noc4ccccc34)ccc2c1,22
Oc1ccc2c(-c3ccc4c(O)cccc4c3)noc2c1,1.0,Oc1ccc2c(noc2c1)c3ccc4c(O)cccc4c3,c1ccc2cc(-c3noc4ccccc34)ccc2c1,21
Oc1ccc2c(-c3cccc4c(O)cccc34)noc2c1,1.0,Oc1ccc2c(noc2c1)c3cccc4c(O)cccc34,c1ccc2c(-c3noc4ccccc34)cccc2c1,21
Oc1ccc2c(-c3ccccc3)c(-c3ccccc3)ccc2c1,1.0,Oc1ccc2c(c3ccccc3)c(ccc2c1)c4ccccc4,c1ccc(-c2ccc3ccccc3c2-c2ccccc2)cc1,23
Oc1ccc2c(-c3nc4cc(F)c(O)cc4o3)cccc2c1,1.0,Oc1ccc2c(cccc2c1)c3oc4cc(O)c(F)cc4n3,c1ccc2c(-c3nc4ccccc4o3)cccc2c1,22
Oc1ccc2c(-c3nc4cc(O)ccc4o3)cccc2c1,1.0,Oc1ccc2c(cccc2c1)c3oc4ccc(O)cc4n3,c1ccc2c(-c3nc4ccccc4o3)cccc2c1,21
Oc1ccc2c(-c3nc4ccc(O)cc4o3)cccc2c1,1.0,Oc1ccc2nc(oc2c1)c3cccc4cc(O)ccc34,c1ccc2c(-c3nc4ccccc4o3)cccc2c1,21
Oc1ccc2c(-c3noc4cc(O)ccc34)cccc2c1,1.0,Oc1ccc2c(noc2c1)c3cccc4cc(O)ccc34,c1ccc2c(-c3noc4ccccc34)cccc2c1,21
Oc1ccc2c(Oc3ccc(OCCN4CCCCC4)cc3)c(-c3ccc(Br)cc3)sc2c1,1.0,Oc1ccc2c(Oc3ccc(OCCN4CCCCC4)cc3)c(sc2c1)c5ccc(Br)cc5,c1ccc(-c2sc3ccccc3c2Oc2ccc(OCCN3CCCCC3)cc2)cc1,33
Oc1ccc2c(Oc3ccc(OCCN4CCCCC4)cc3)c(-c3ccc(F)c(F)c3)ccc2c1,1.0,Oc1ccc2c(Oc3ccc(OCCN4CCCCC4)cc3)c(ccc2c1)c5ccc(F)c(F)c5,c1ccc(-c2ccc3ccccc3c2Oc2ccc(OCCN3CCCCC3)cc2)cc1,35
Oc1ccc2c(Oc3ccc(OCCN4CCCCC4)cc3)c(-c3ccc(F)cc3)ccc2c1,1.0,Oc1ccc2c(Oc3ccc(OCCN4CCCCC4)cc3)c(ccc2c1)c5ccc(F)cc5,c1ccc(-c2ccc3ccccc3c2Oc2ccc(OCCN3CCCCC3)cc2)cc1,34
Oc1ccc2c(Oc3ccc(OCCN4CCCCC4)cc3)c(-c3ccc(F)cc3)sc2c1,1.0,Oc1ccc2c(Oc3ccc(OCCN4CCCCC4)cc3)c(sc2c1)c5ccc(F)cc5,c1ccc(-c2sc3ccccc3c2Oc2ccc(OCCN3CCCCC3)cc2)cc1,33
Oc1ccc2c(Oc3ccc(OCCN4CCCCC4)cc3)c(-c3cccc(F)c3)ccc2c1,1.0,Oc1ccc2c(Oc3ccc(OCCN4CCCCC4)cc3)c(ccc2c1)c5cccc(F)c5,c1ccc(-c2ccc3ccccc3c2Oc2ccc(OCCN3CCCCC3)cc2)cc1,34
Oc1ccc2c(Oc3ccc(OCCN4CCCCC4)cc3)c(-c3ccccc3)sc2c1,1.0,Oc1ccc2c(Oc3ccc(OCCN4CCCCC4)cc3)c(sc2c1)c5ccccc5,c1ccc(-c2sc3ccccc3c2Oc2ccc(OCCN3CCCCC3)cc2)cc1,32
Oc1ccc2c(c1)C=C(c1ccccc1)C21Cc2ccccc2C1,1.0,Oc1ccc2c(C=C(c3ccccc3)C24Cc5ccccc5C4)c1,C1=C(c2ccccc2)C2(Cc3ccccc3C2)c2ccccc21,24
Oc1ccc2c(c1)CC1Oc3cc(O)ccc3N=C21,1.0,Oc1ccc2C3=Nc4ccc(O)cc4OC3Cc2c1,c1ccc2c(c1)CC1Oc3ccccc3N=C21,19
Oc1ccc2c(c1)CCC(c1ccccc1)C2c1ccc(OCCN2CCCC2)cc1,1.0,Oc1ccc2C(C(CCc2c1)c3ccccc3)c4ccc(OCCN5CCCC5)cc4,c1ccc(C2CCc3ccccc3C2c2ccc(OCCN3CCCC3)cc2)cc1,31
Oc1ccc2c(c1)CCC(c1ccccc1)N2Cc1ccc(OCCN2CCCCC2)cc1,1.0,Oc1ccc2N(Cc3ccc(OCCN4CCCCC4)cc3)C(CCc2c1)c5ccccc5,c1ccc(C2CCc3ccccc3N2Cc2ccc(OCCN3CCCCC3)cc2)cc1,33
Oc1ccc2c(c1)CCC1Oc3cc(O)ccc3N=C21,0.0,Oc1ccc2C3=Nc4ccc(O)cc4OC3CCc2c1,c1ccc2c(c1)CCC1Oc3ccccc3N=C21,20
Oc1ccc2c(c1)CCN(Cc1ccccc1)C2c1ccc(OCCN2CCCC2)cc1,1.0,Oc1ccc2C(N(Cc3ccccc3)CCc2c1)c4ccc(OCCN5CCCC5)cc4,c1ccc(CN2CCc3ccccc3C2c2ccc(OCCN3CCCC3)cc2)cc1,32
Oc1ccc2c(c1)CCN(c1ccccc1)C2C1CCCCC1,1.0,Oc1ccc2C(C3CCCCC3)N(CCc2c1)c4ccccc4,c1ccc(N2CCc3ccccc3C2C2CCCCC2)cc1,23
Oc1ccc2c(c1)CCN(c1ccccc1)C2Cc1ccccc1,1.0,Oc1ccc2C(Cc3ccccc3)N(CCc2c1)c4ccccc4,c1ccc(CC2c3ccccc3CCN2c2ccccc2)cc1,24
Oc1ccc2c(c1)CCN(c1ccccc1)C2c1ccc(N2CCN3CCCCC3C2)cc1,1.0,Oc1ccc2C(N(CCc2c1)c3ccccc3)c4ccc(cc4)N5CCN6CCCCC6C5,c1ccc(N2CCc3ccccc3C2c2ccc(N3CCN4CCCCC4C3)cc2)cc1,33
Oc1ccc2c(c1)CCN(c1ccccc1)C2c1ccc(OCCN2CCCC2)cc1,1.0,Oc1ccc2C(N(CCc2c1)c3ccccc3)c4ccc(OCCN5CCCC5)cc4,c1ccc(N2CCc3ccccc3C2c2ccc(OCCN3CCCC3)cc2)cc1,31
Oc1ccc2c(c1)CCN(c1ccccc1)C2c1ccccc1,1.0,Oc1ccc2C(N(CCc2c1)c3ccccc3)c4ccccc4,c1ccc(C2c3ccccc3CCN2c2ccccc2)cc1,23
Oc1ccc2c(c1)CCN(c1ccccc1)C2c1cccs1,1.0,Oc1ccc2C(N(CCc2c1)c3ccccc3)c4cccs4,c1ccc(N2CCc3ccccc3C2c2cccs2)cc1,22
Oc1ccc2c(c1)CC[C@@H]1[C@@H]2CC[C@]2(O)[C@@H](O)CC[C@@H]12,1.0,O[C@H]1CC[C@H]2[C@@H]3CCc4cc(O)ccc4[C@H]3CC[C@]12O,c1ccc2c(c1)CCC1C2CCC2CCCC21,20
Oc1ccc2c(c1)CC[C@H](c1ccccc1)[C@@H]2c1ccc(OCCN2CCCC2)cc1,1.0,Oc1ccc2[C@H]([C@H](CCc2c1)c3ccccc3)c4ccc(OCCN5CCCC5)cc4,c1ccc(C2CCc3ccccc3C2c2ccc(OCCN3CCCC3)cc2)cc1,31
Oc1ccc2c(c1)CO[C@H](c1ccccc1)[C@@H]2c1ccc(OCCN2CCCC2)cc1,1.0,Oc1ccc2[C@H]([C@H](OCc2c1)c3ccccc3)c4ccc(OCCN5CCCC5)cc4,c1ccc(C2OCc3ccccc3C2c2ccc(OCCN3CCCC3)cc2)cc1,31
Oc1ccc2c(c1)CS[C@H](c1ccccc1)[C@@H]2c1ccc(OCCN2CCCC2)cc1,1.0,Oc1ccc2[C@H]([C@H](SCc2c1)c3ccccc3)c4ccc(OCCN5CCCC5)cc4,c1ccc(C2SCc3ccccc3C2c2ccc(OCCN3CCCC3)cc2)cc1,31
Oc1ccc2c(c1)OC(c1ccc(OCCN3CCCCC3)cc1)C1=C2CCCOc2cc(O)ccc21,1.0,Oc1ccc2C3=C(CCCOc2c1)c4ccc(O)cc4OC3c5ccc(OCCN6CCCCC6)cc5,c1ccc2c(c1)OC(c1ccc(OCCN3CCCCC3)cc1)C1=C2CCCOc2ccccc21,37
Oc1ccc2c(c1)OC(c1ccc(OCCN3CCCCC3)cc1)C1=C2CCOc2cc(O)ccc21,1.0,Oc1ccc2C3=C(CCOc2c1)c4ccc(O)cc4OC3c5ccc(OCCN6CCCCC6)cc5,c1ccc2c(c1)OC(c1ccc(OCCN3CCCCC3)cc1)C1=C2CCOc2ccccc21,36
Oc1ccc2c(c1)OCCC1=C2[C@@H](c2ccc(OCCN3CCCCC3)cc2)Oc2ccccc21,1.0,Oc1ccc2C3=C(CCOc2c1)c4ccccc4O[C@@H]3c5ccc(OCCN6CCCCC6)cc5,c1ccc2c(c1)OC(c1ccc(OCCN3CCCCC3)cc1)C1=C2CCOc2ccccc21,35
Oc1ccc2c(c1)OCCC1=C2[C@@H](c2ccc(OCCN3CCCCCC3)cc2)Oc2cc(F)ccc21,1.0,Oc1ccc2C3=C(CCOc2c1)c4ccc(F)cc4O[C@@H]3c5ccc(OCCN6CCCCCC6)cc5,c1ccc2c(c1)OC(c1ccc(OCCN3CCCCCC3)cc1)C1=C2CCOc2ccccc21,37
Oc1ccc2c(c1)OCCC1=C2[C@@H](c2ccc(OCCN3CCCCCC3)cc2)Oc2ccccc21,1.0,Oc1ccc2C3=C(CCOc2c1)c4ccccc4O[C@@H]3c5ccc(OCCN6CCCCCC6)cc5,c1ccc2c(c1)OC(c1ccc(OCCN3CCCCCC3)cc1)C1=C2CCOc2ccccc21,36
Oc1ccc2c(c1)OCCC1=C2[C@H](c2ccc(OCCN3CCCCC3)cc2)Oc2ccccc21,1.0,Oc1ccc2C3=C(CCOc2c1)c4ccccc4O[C@H]3c5ccc(OCCN6CCCCC6)cc5,c1ccc2c(c1)OC(c1ccc(OCCN3CCCCC3)cc1)C1=C2CCOc2ccccc21,35
Oc1ccc2c(c1)OCCC1=C2[C@H](c2ccc(OCCN3CCCCCC3)cc2)Oc2cc(F)ccc21,1.0,Oc1ccc2C3=C(CCOc2c1)c4ccc(F)cc4O[C@H]3c5ccc(OCCN6CCCCCC6)cc5,c1ccc2c(c1)OC(c1ccc(OCCN3CCCCCC3)cc1)C1=C2CCOc2ccccc21,37
Oc1ccc2c(c1)OCCC1=C2[C@H](c2ccc(OCCN3CCCCCC3)cc2)Oc2ccccc21,1.0,Oc1ccc2C3=C(CCOc2c1)c4ccccc4O[C@H]3c5ccc(OCCN6CCCCCC6)cc5,c1ccc2c(c1)OC(c1ccc(OCCN3CCCCCC3)cc1)C1=C2CCOc2ccccc21,36
Oc1ccc2c(c1)O[C@@H](c1ccc(OCCCN3CCCCC3)cc1)C1=C2CCOc2cc(O)ccc21,1.0,Oc1ccc2C3=C(CCOc2c1)c4ccc(O)cc4O[C@H]3c5ccc(OCCCN6CCCCC6)cc5,c1ccc2c(c1)OC(c1ccc(OCCCN3CCCCC3)cc1)C1=C2CCOc2ccccc21,37
Oc1ccc2c(c1)O[C@@H](c1ccc(OCCN3CCCC3)cc1)C1=C2CCOc2cc(O)ccc21,1.0,Oc1ccc2C3=C(CCOc2c1)c4ccc(O)cc4O[C@H]3c5ccc(OCCN6CCCC6)cc5,c1ccc2c(c1)OC(c1ccc(OCCN3CCCC3)cc1)C1=C2CCOc2ccccc21,35
Oc1ccc2c(c1)O[C@@H](c1ccc(OCCN3CCCCC3)cc1)C1=C2CCOc2cc(O)ccc21,1.0,Oc1ccc2C3=C(CCOc2c1)c4ccc(O)cc4O[C@H]3c5ccc(OCCN6CCCCC6)cc5,c1ccc2c(c1)OC(c1ccc(OCCN3CCCCC3)cc1)C1=C2CCOc2ccccc21,36
Oc1ccc2c(c1)O[C@@H](c1ccc(OCCN3CCCCC3)cc1)C1=C2CCOc2ccccc21,1.0,Oc1ccc2C3=C([C@@H](Oc2c1)c4ccc(OCCN5CCCCC5)cc4)c6ccccc6OCC3,c1ccc2c(c1)OC(c1ccc(OCCN3CCCCC3)cc1)C1=C2CCOc2ccccc21,35
Oc1ccc2c(c1)O[C@@H](c1ccc(OCCN3CCCCC3)cc1)C1=C2COc2cc(O)ccc21,1.0,Oc1ccc2C3=C(COc2c1)c4ccc(O)cc4O[C@H]3c5ccc(OCCN6CCCCC6)cc5,c1ccc2c(c1)OC(c1ccc(OCCN3CCCCC3)cc1)C1=C2COc2ccccc21,35
Oc1ccc2c(c1)O[C@@H](c1ccc(OCCN3CCCCCC3)cc1)C1=C2CCOc2cc(O)ccc21,1.0,Oc1ccc2C3=C(CCOc2c1)c4ccc(O)cc4O[C@H]3c5ccc(OCCN6CCCCCC6)cc5,c1ccc2c(c1)OC(c1ccc(OCCN3CCCCCC3)cc1)C1=C2CCOc2ccccc21,37
Oc1ccc2c(c1)O[C@@H](c1ccc(OCCN3CCCCCC3)cc1)C1=C2CCOc2ccccc21,1.0,Oc1ccc2C3=C([C@@H](Oc2c1)c4ccc(OCCN5CCCCCC5)cc4)c6ccccc6OCC3,c1ccc2c(c1)OC(c1ccc(OCCN3CCCCCC3)cc1)C1=C2CCOc2ccccc21,36
Oc1ccc2c(c1)O[C@@H](c1ccc(OCCN3CCOCC3)cc1)C1=C2CCOc2cc(O)ccc21,1.0,Oc1ccc2C3=C(CCOc2c1)c4ccc(O)cc4O[C@H]3c5ccc(OCCN6CCOCC6)cc5,c1ccc2c(c1)OC(c1ccc(OCCN3CCOCC3)cc1)C1=C2CCOc2ccccc21,36
Oc1ccc2c(c1)O[C@H](c1ccc(OCCCN3CCCCC3)cc1)C1=C2CCOc2cc(O)ccc21,1.0,Oc1ccc2C3=C(CCOc2c1)c4ccc(O)cc4O[C@@H]3c5ccc(OCCCN6CCCCC6)cc5,c1ccc2c(c1)OC(c1ccc(OCCCN3CCCCC3)cc1)C1=C2CCOc2ccccc21,37
Oc1ccc2c(c1)O[C@H](c1ccc(OCCN3CCCC3)cc1)C1=C2CCOc2cc(O)ccc21,1.0,Oc1ccc2C3=C(CCOc2c1)c4ccc(O)cc4O[C@@H]3c5ccc(OCCN6CCCC6)cc5,c1ccc2c(c1)OC(c1ccc(OCCN3CCCC3)cc1)C1=C2CCOc2ccccc21,35
Oc1ccc2c(c1)O[C@H](c1ccc(OCCN3CCCCC3)cc1)C1=C2CCOc2cc(O)ccc21,1.0,Oc1ccc2C3=C(CCOc2c1)c4ccc(O)cc4O[C@@H]3c5ccc(OCCN6CCCCC6)cc5,c1ccc2c(c1)OC(c1ccc(OCCN3CCCCC3)cc1)C1=C2CCOc2ccccc21,36
Oc1ccc2c(c1)O[C@H](c1ccc(OCCN3CCCCC3)cc1)C1=C2COc2cc(O)ccc21,1.0,Oc1ccc2C3=C(COc2c1)c4ccc(O)cc4O[C@@H]3c5ccc(OCCN6CCCCC6)cc5,c1ccc2c(c1)OC(c1ccc(OCCN3CCCCC3)cc1)C1=C2COc2ccccc21,35
Oc1ccc2c(c1)O[C@H](c1ccc(OCCN3CCCCCC3)cc1)C1=C2CCOc2cc(O)ccc21,1.0,Oc1ccc2C3=C(CCOc2c1)c4ccc(O)cc4O[C@@H]3c5ccc(OCCN6CCCCCC6)cc5,c1ccc2c(c1)OC(c1ccc(OCCN3CCCCCC3)cc1)C1=C2CCOc2ccccc21,37
Oc1ccc2c(c1)O[C@H](c1ccc(OCCN3CCCCCC3)cc1)C1=C2CCOc2ccccc21,1.0,Oc1ccc2C3=C([C@H](Oc2c1)c4ccc(OCCN5CCCCCC5)cc4)c6ccccc6OCC3,c1ccc2c(c1)OC(c1ccc(OCCN3CCCCCC3)cc1)C1=C2CCOc2ccccc21,36
Oc1ccc2c(c1)O[C@H](c1ccc(OCCN3CCOCC3)cc1)C1=C2CCOc2cc(O)ccc21,1.0,Oc1ccc2C3=C(CCOc2c1)c4ccc(O)cc4O[C@@H]3c5ccc(OCCN6CCOCC6)cc5,c1ccc2c(c1)OC(c1ccc(OCCN3CCOCC3)cc1)C1=C2CCOc2ccccc21,36
Oc1ccc2c(c1)O[C@H](c1ccc(OCCN3CCSCC3)cc1)C1=C2CCOc2cc(O)ccc21,1.0,Oc1ccc2C3=C(CCOc2c1)c4ccc(O)cc4O[C@@H]3c5ccc(OCCN6CCSCC6)cc5,c1ccc2c(c1)OC(c1ccc(OCCN3CCSCC3)cc1)C1=C2CCOc2ccccc21,36
Oc1ccc2c(c1)SC(c1ccc(F)cc1)C(c1ccc(OCCN3CCCCC3)cc1)O2,1.0,Oc1ccc2OC(C(Sc2c1)c3ccc(F)cc3)c4ccc(OCCN5CCCCC5)cc4,c1ccc(C2Sc3ccccc3OC2c2ccc(OCCN3CCCCC3)cc2)cc1,33
Oc1ccc2c(c1)S[C@@H](c1ccccc1)[C@@H](c1ccc(OCCN3CCCCC3)cc1)O2,1.0,Oc1ccc2O[C@@H]([C@@H](Sc2c1)c3ccccc3)c4ccc(OCCN5CCCCC5)cc4,c1ccc(C2Sc3ccccc3OC2c2ccc(OCCN3CCCCC3)cc2)cc1,32
Oc1ccc2c(c1)S[C@@H](c1ccccc1O)[C@@H](c1ccc(OCCN3CCCCC3)cc1)O2,1.0,Oc1ccc2O[C@@H]([C@@H](Sc2c1)c3ccccc3O)c4ccc(OCCN5CCCCC5)cc4,c1ccc(C2Sc3ccccc3OC2c2ccc(OCCN3CCCCC3)cc2)cc1,33
Oc1ccc2c(c1)S[C@H](C1CCCC1)[C@H](c1ccc(OCCN3CCCCC3)cc1)O2,1.0,Oc1ccc2O[C@H]([C@H](Sc2c1)C3CCCC3)c4ccc(OCCN5CCCCC5)cc4,c1ccc2c(c1)OC(c1ccc(OCCN3CCCCC3)cc1)C(C1CCCC1)S2,31
Oc1ccc2c(c1)S[C@H](C1CCCCC1)[C@H](c1ccc(OCCN3CCCCC3)cc1)O2,1.0,Oc1ccc2O[C@H]([C@H](Sc2c1)C3CCCCC3)c4ccc(OCCN5CCCCC5)cc4,c1ccc2c(c1)OC(c1ccc(OCCN3CCCCC3)cc1)C(C1CCCCC1)S2,32
Oc1ccc2c(c1)S[C@H](C1CCCCCC1)[C@H](c1ccc(OCCN3CCCCC3)cc1)O2,1.0,Oc1ccc2O[C@H]([C@H](Sc2c1)C3CCCCCC3)c4ccc(OCCN5CCCCC5)cc4,c1ccc2c(c1)OC(c1ccc(OCCN3CCCCC3)cc1)C(C1CCCCCC1)S2,33
Oc1ccc2c(c1)S[C@H](CC1CCCC1)[C@H](c1ccc(OCCN3CCCCC3)cc1)O2,1.0,Oc1ccc2O[C@H]([C@@H](CC3CCCC3)Sc2c1)c4ccc(OCCN5CCCCC5)cc4,c1ccc2c(c1)OC(c1ccc(OCCN3CCCCC3)cc1)C(CC1CCCC1)S2,32
Oc1ccc2c(c1)S[C@H](CC1CCCCC1)[C@H](c1ccc(OCCN3CCCCC3)cc1)O2,1.0,Oc1ccc2O[C@H]([C@@H](CC3CCCCC3)Sc2c1)c4ccc(OCCN5CCCCC5)cc4,c1ccc2c(c1)OC(c1ccc(OCCN3CCCCC3)cc1)C(CC1CCCCC1)S2,33
Oc1ccc2c(c1)S[C@H](Cc1ccccc1)[C@H](c1ccc(OCCN3CCCCC3)cc1)O2,1.0,Oc1ccc2O[C@H]([C@@H](Cc3ccccc3)Sc2c1)c4ccc(OCCN5CCCCC5)cc4,c1ccc(CC2Sc3ccccc3OC2c2ccc(OCCN3CCCCC3)cc2)cc1,33
Oc1ccc2c(c1)S[C@H](c1cccnc1)[C@H](c1ccc(OCCN3CCCCC3)cc1)O2,0.0,Oc1ccc2O[C@H]([C@H](Sc2c1)c3cccnc3)c4ccc(OCCN5CCCCC5)cc4,c1cncc(C2Sc3ccccc3OC2c2ccc(OCCN3CCCCC3)cc2)c1,32
Oc1ccc2c(c1)S[C@H](c1cccs1)[C@H](c1ccc(OCCN3CCCCC3)cc1)O2,1.0,Oc1ccc2O[C@H]([C@H](Sc2c1)c3cccs3)c4ccc(OCCN5CCCCC5)cc4,c1csc(C2Sc3ccccc3OC2c2ccc(OCCN3CCCCC3)cc2)c1,31
Oc1ccc2c(c1)S[C@H](c1ccncc1)[C@H](c1ccc(OCCN3CCCCC3)cc1)O2,0.0,Oc1ccc2O[C@H]([C@H](Sc2c1)c3ccncc3)c4ccc(OCCN5CCCCC5)cc4,c1ccc2c(c1)OC(c1ccc(OCCN3CCCCC3)cc1)C(c1ccncc1)S2,32
Oc1ccc2c(c1)[C@H]1CCC[C@H]1[C@@H](c1ccccc1)O2,1.0,Oc1ccc2O[C@@H]([C@@H]3CCC[C@@H]3c2c1)c4ccccc4,c1ccc(C2Oc3ccccc3C3CCCC32)cc1,20
Oc1ccc2c(c1)sc1c3cc(O)ccc3n(Cc3ccc(OCCN4CCCC4)cc3)c21,1.0,Oc1ccc2c(c1)sc3c4cc(O)ccc4n(Cc5ccc(OCCN6CCCC6)cc5)c23,c1ccc2c(c1)sc1c3ccccc3n(Cc3ccc(OCCN4CCCC4)cc3)c21,33
Oc1ccc2c(c1)sc1c3cc(O)ccc3n(Cc3ccc(OCCN4CCCCC4)cc3)c21,1.0,Oc1ccc2c(c1)sc3c4cc(O)ccc4n(Cc5ccc(OCCN6CCCCC6)cc5)c23,c1ccc2c(c1)sc1c3ccccc3n(Cc3ccc(OCCN4CCCCC4)cc3)c21,34
Oc1ccc2c(c1)sc1c3cc(O)ccc3n(Cc3ccc(OCCN4CCCCCC4)cc3)c21,1.0,Oc1ccc2c(c1)sc3c4cc(O)ccc4n(Cc5ccc(OCCN6CCCCCC6)cc5)c23,c1ccc2c(c1)sc1c3ccccc3n(Cc3ccc(OCCN4CCCCCC4)cc3)c21,35
Oc1ccc2c(c1)sc1c3cc(O)ccc3n(Cc3ccc(OCCN4CCOCC4)cc3)c21,1.0,Oc1ccc2c(c1)sc3c4cc(O)ccc4n(Cc5ccc(OCCN6CCOCC6)cc5)c23,c1ccc2c(c1)sc1c3ccccc3n(Cc3ccc(OCCN4CCOCC4)cc3)c21,34
Oc1ccc2c(c1)sc1c3ccccc3n(Cc3ccc(OCCN4CCCC4)cc3)c21,1.0,Oc1ccc2c(c1)sc3c4ccccc4n(Cc5ccc(OCCN6CCCC6)cc5)c23,c1ccc2c(c1)sc1c3ccccc3n(Cc3ccc(OCCN4CCCC4)cc3)c21,32
Oc1ccc2c(c1)sc1c3ccccc3n(Cc3ccc(OCCN4CCCCC4)cc3)c21,1.0,Oc1ccc2c(c1)sc3c4ccccc4n(Cc5ccc(OCCN6CCCCC6)cc5)c23,c1ccc2c(c1)sc1c3ccccc3n(Cc3ccc(OCCN4CCCCC4)cc3)c21,33
Oc1ccc2c(c1)sc1c3ccccc3n(Cc3ccc(OCCN4CCCCCC4)cc3)c21,1.0,Oc1ccc2c(c1)sc3c4ccccc4n(Cc5ccc(OCCN6CCCCCC6)cc5)c23,c1ccc2c(c1)sc1c3ccccc3n(Cc3ccc(OCCN4CCCCCC4)cc3)c21,34
Oc1ccc2c3c(ccc2c1)-c1cc(F)cc(F)c1O[C@@H]3c1ccc(OCCN2CCCCC2)cc1,1.0,Cl.Oc1ccc2c3[C@H](Oc4c(F)cc(F)cc4c3ccc2c1)c5ccc(OCCN6CCCCC6)cc5,c1ccc2c(c1)OC(c1ccc(OCCN3CCCCC3)cc1)c1c-2ccc2ccccc12,36
Oc1ccc2c3c(ccc2c1)-c1cc(F)cc(F)c1O[C@H]3c1ccc(OCCN2CCCCC2)cc1,1.0,Cl.Oc1ccc2c3[C@@H](Oc4c(F)cc(F)cc4c3ccc2c1)c5ccc(OCCN6CCCCC6)cc5,c1ccc2c(c1)OC(c1ccc(OCCN3CCCCC3)cc1)c1c-2ccc2ccccc12,36
Oc1ccc2cc(-c3cc(F)c(O)c(F)c3)ccc2c1,1.0,Oc1ccc2cc(ccc2c1)c3cc(F)c(O)c(F)c3,c1ccc(-c2ccc3ccccc3c2)cc1,20
Oc1ccc2cc(-c3cc(F)c(O)c(F)c3)ccc2c1Cl,1.0,Oc1ccc2cc(ccc2c1Cl)c3cc(F)c(O)c(F)c3,c1ccc(-c2ccc3ccccc3c2)cc1,21
Oc1ccc2cc(-c3cc(F)c(O)cc3F)ccc2c1,1.0,Oc1ccc2cc(ccc2c1)c3cc(F)c(O)cc3F,c1ccc(-c2ccc3ccccc3c2)cc1,20
Oc1ccc2cc(-c3ccc(O)c(Cl)c3)ccc2c1,1.0,Oc1ccc2cc(ccc2c1)c3ccc(O)c(Cl)c3,c1ccc(-c2ccc3ccccc3c2)cc1,19
Oc1ccc2cc(-c3ccc(O)c(F)c3)cc(F)c2c1,1.0,Oc1ccc2cc(cc(F)c2c1)c3ccc(O)c(F)c3,c1ccc(-c2ccc3ccccc3c2)cc1,20
Oc1ccc2cc(-c3ccc(O)c(F)c3)ccc2c1,1.0,Oc1ccc2cc(ccc2c1)c3ccc(O)c(F)c3,c1ccc(-c2ccc3ccccc3c2)cc1,19
Oc1ccc2cc(-c3ccc(O)c(F)c3)sc2c1,1.0,Oc1ccc2cc(sc2c1)c3ccc(O)c(F)c3,c1ccc(-c2cc3ccccc3s2)cc1,18
Oc1ccc2cc(-c3ccccc3)sc2c1,1.0,Oc1ccc2cc(sc2c1)c3ccccc3,c1ccc(-c2cc3ccccc3s2)cc1,16
Oc1ccc2cc(-c3noc4cc(O)ccc34)ccc2c1,1.0,Oc1ccc2c(noc2c1)c3ccc4cc(O)ccc4c3,c1ccc2cc(-c3noc4ccccc34)ccc2c1,21
Oc1ccc2cc(-c3noc4ccc(O)cc34)ccc2c1,1.0,Oc1ccc2cc(ccc2c1)c3noc4ccc(O)cc34,c1ccc2cc(-c3noc4ccccc34)ccc2c1,21
Oc1ccc2cc3c4cc(Br)ccc4nc-3oc2c1O,0.0,Oc1ccc2cc3c(oc2c1O)nc4ccc(Br)cc34,c1ccc2oc3nc4ccccc4c-3cc2c1,20
Oc1ccc2nc(-c3cc(F)c(O)c(F)c3)cc(Br)c2c1,1.0,Oc1ccc2nc(cc(Br)c2c1)c3cc(F)c(O)c(F)c3,c1ccc(-c2ccc3ccccc3n2)cc1,21
Oc1ccc2nc(-c3ccc(O)c(F)c3)cc(Br)c2c1,1.0,Oc1ccc2nc(cc(Br)c2c1)c3ccc(O)c(F)c3,c1ccc(-c2ccc3ccccc3n2)cc1,20
Oc1ccc2nc(-c3ccc(O)c(F)c3)cc(Cl)c2c1,1.0,Oc1ccc2nc(cc(Cl)c2c1)c3ccc(O)c(F)c3,c1ccc(-c2ccc3ccccc3n2)cc1,20
Oc1ccc2nc(-c3ccc(O)c(F)c3)oc2c1,1.0,Oc1ccc2nc(oc2c1)c3ccc(O)c(F)c3,c1ccc(-c2nc3ccccc3o2)cc1,18
Oc1ccc2nc(-c3ccc(O)c(O)c3)oc2c1,1.0,Oc1ccc2nc(oc2c1)c3ccc(O)c(O)c3,c1ccc(-c2nc3ccccc3o2)cc1,18
Oc1ccc2nc(-c3cccc(O)c3O)oc2c1,1.0,Oc1ccc2nc(oc2c1)c3cccc(O)c3O,c1ccc(-c2nc3ccccc3o2)cc1,18
Oc1ccc2nc(-c3cccc4c(Br)c(O)ccc34)oc2c1,1.0,Oc1ccc2nc(oc2c1)c3cccc4c(Br)c(O)ccc34,c1ccc2c(-c3nc4ccccc4o3)cccc2c1,22
Oc1ccc2nc(-c3cccc4c(O)cccc34)oc2c1,1.0,Oc1ccc2nc(oc2c1)c3cccc4c(O)cccc34,c1ccc2c(-c3nc4ccccc4o3)cccc2c1,21
Oc1ccc2nn(-c3ccccc3)cc2c1,0.0,Oc1ccc2nn(cc2c1)c3ccccc3,c1ccc(-n2cc3ccccc3n2)cc1,16
Oc1ccc2oc(-c3ccc(O)c(F)c3)nc2c1,1.0,Oc1ccc2oc(nc2c1)c3ccc(O)c(F)c3,c1ccc(-c2nc3ccccc3o2)cc1,18
Oc1cccc(-c2ccc3cc(O)ccc3c2)c1,1.0,Oc1cccc(c1)c2ccc3cc(O)ccc3c2,c1ccc(-c2ccc3ccccc3c2)cc1,18
Oc1cccc(-c2ccc3cc(O)ccc3c2Oc2ccc(OCCN3CCCCC3)cc2)c1,1.0,Oc1cccc(c1)c2ccc3cc(O)ccc3c2Oc4ccc(OCCN5CCCCC5)cc4,c1ccc(-c2ccc3ccccc3c2Oc2ccc(OCCN3CCCCC3)cc2)cc1,34
Oc1cccc(C2=C(c3ccc(OCCN4CCCC4)cc3)c3ccc(F)cc3OCC2)c1,1.0,Oc1cccc(c1)C2=C(c3ccc(OCCN4CCCC4)cc3)c5ccc(F)cc5OCC2,c1ccc(C2=C(c3ccc(OCCN4CCCC4)cc3)c3ccccc3OCC2)cc1,33
Oc1cccc(C2=Cc3cc(O)ccc3C23Cc2ccccc2C3)c1,1.0,Oc1cccc(c1)C2=Cc3cc(O)ccc3C24Cc5ccccc5C4,C1=C(c2ccccc2)C2(Cc3ccccc3C2)c2ccccc21,25
Oc1cccc(C2=Cc3ccc(O)cc3C23Cc2ccccc2C3)c1,1.0,Oc1cccc(c1)C2=Cc3ccc(O)cc3C24Cc5ccccc5C4,C1=C(c2ccccc2)C2(Cc3ccccc3C2)c2ccccc21,25
Oc1cccc(C2CCc3cc(O)ccc3N2Cc2ccc(OCCN3CCCCC3)cc2)c1,1.0,Oc1ccc2N(Cc3ccc(OCCN4CCCCC4)cc3)C(CCc2c1)c5cccc(O)c5,c1ccc(C2CCc3ccccc3N2Cc2ccc(OCCN3CCCCC3)cc2)cc1,34
Oc1cccc([C@H]2Oc3ccc(O)cc3[C@H]3CCC[C@H]32)c1,1.0,Oc1cccc(c1)[C@H]2Oc3ccc(O)cc3[C@H]4CCC[C@@H]24,c1ccc(C2Oc3ccccc3C3CCCC32)cc1,21
Oc1cccc([C@H]2Sc3cc(O)ccc3O[C@H]2c2ccc(OCCN3CCCC3)cc2)c1,1.0,Oc1ccc2O[C@H]([C@H](Sc2c1)c3cccc(O)c3)c4ccc(OCCN5CCCC5)cc4,c1ccc(C2Sc3ccccc3OC2c2ccc(OCCN3CCCC3)cc2)cc1,32
Oc1cccc([C@H]2Sc3cc(O)ccc3O[C@H]2c2ccc(OCCN3CCCCC3)cc2)c1,1.0,Oc1cccc(c1)[C@H]2Sc3cc(O)ccc3O[C@H]2c4ccc(OCCN5CCCCC5)cc4,c1ccc(C2Sc3ccccc3OC2c2ccc(OCCN3CCCCC3)cc2)cc1,33
Oc1cccc([C@H]2Sc3cc(O)ccc3O[C@H]2c2ccc(OCCNC3CCCCCC3)cc2)c1,1.0,Oc1cccc(c1)[C@H]2Sc3cc(O)ccc3O[C@H]2c4ccc(OCCNC5CCCCCC5)cc4,c1ccc(C2Sc3ccccc3OC2c2ccc(OCCNC3CCCCCC3)cc2)cc1,35
Oc1cccc([C@H]2Sc3cc(O)ccc3S[C@H]2c2ccc(OCCN3CCCCC3)c(Br)c2)c1,1.0,Oc1cccc(c1)[C@H]2Sc3cc(O)ccc3S[C@H]2c4ccc(OCCN5CCCCC5)c(Br)c4,c1ccc(C2Sc3ccccc3SC2c2ccc(OCCN3CCCCC3)cc2)cc1,34
Oc1ccccc1-c1nnc(SCCN2CCOCC2)n1Cc1ccccc1,1.0,Oc1ccccc1c2nnc(SCCN3CCOCC3)n2Cc4ccccc4,c1ccc(Cn2c(SCCN3CCOCC3)nnc2-c2ccccc2)cc1,28
Sc1nnc(-c2cc(-c3ccco3)[nH]n2)n1-c1ccccc1Cl,0.0,Sc1nnc(c2cc([nH]n2)c3occc3)n1c4ccccc4Cl,c1ccc(-n2cnnc2-c2cc(-c3ccco3)[nH]n2)cc1,23
[O-][S+]1c2cc(O)ccc2O[C@H](c2ccc(OCCN3CCCCC3)cc2)[C@@H]1c1ccc(O)cc1,0.0,Oc1ccc(cc1)[C@H]2[C@H](Oc3ccc(O)cc3[S+]2[O-])c4ccc(OCCN5CCCCC5)cc4,c1ccc(C2[SH+]c3ccccc3OC2c2ccc(OCCN3CCCCC3)cc2)cc1,34
c1ccc(-c2[nH]c3ccccc3c2-c2ccccc2)cc1,1.0,c1ccc(cc1)c2[nH]c3ccccc3c2c4ccccc4,c1ccc(-c2[nH]c3ccccc3c2-c2ccccc2)cc1,21
c1ccc(-c2nc(C3CCCCC3)no2)cc1,0.0,C1CCC(CC1)c2noc(n2)c3ccccc3,c1ccc(-c2nc(C3CCCCC3)no2)cc1,17
c1ccc(-c2nnc3sc(Cc4cccs4)nn23)cc1,0.0,C(c1cccs1)c2nn3c(nnc3s2)c4ccccc4,c1ccc(-c2nnc3sc(Cc4cccs4)nn23)cc1,20
c1ccc(-c2noc(-c3ccc4c(c3)OCO4)n2)nc1,0.0,C1Oc2ccc(cc2O1)c3onc(n3)c4ccccn4,c1ccc(-c2noc(-c3ccc4c(c3)OCO4)n2)nc1,20
c1ccc(C2=C(c3ccc(OCCN4CCC4)cc3)c3ccccc3OCC2)cc1,1.0,C(CN1CCC1)Oc2ccc(cc2)C3=C(CCOc4ccccc34)c5ccccc5,c1ccc(C2=C(c3ccc(OCCN4CCC4)cc3)c3ccccc3OCC2)cc1,30
c1ccc(CCc2cc(CCc3ccccc3)nc(NCc3cccc4ccccc34)n2)cc1,0.0,C(Cc1cc(CCc2ccccc2)nc(NCc3cccc4ccccc34)n1)c5ccccc5,c1ccc(CCc2cc(CCc3ccccc3)nc(NCc3cccc4ccccc34)n2)cc1,34
c1ccc(CCc2cc(CCc3ccccc3)nc(NCc3ccccc3)n2)cc1,0.0,C(Cc1cc(CCc2ccccc2)nc(NCc3ccccc3)n1)c4ccccc4,c1ccc(CCc2cc(CCc3ccccc3)nc(NCc3ccccc3)n2)cc1,30
c1ccc(CCc2cc(NCc3cccc4ccccc34)nc(NCc3cccc4ccccc34)n2)cc1,0.0,C(Cc1cc(NCc2cccc3ccccc23)nc(NCc4cccc5ccccc45)n1)c6ccccc6,c1ccc(CCc2cc(NCc3cccc4ccccc34)nc(NCc3cccc4ccccc34)n2)cc1,38
c1ccc(CCc2cc(NCc3cccc4ccccc34)nc(NCc3ccccc3)n2)cc1,0.0,C(Cc1cc(NCc2cccc3ccccc23)nc(NCc4ccccc4)n1)c5ccccc5,c1ccc(CCc2cc(NCc3cccc4ccccc34)nc(NCc3ccccc3)n2)cc1,34
c1ccc(CCc2cc(NCc3ccccc3)nc(NCc3cccc4ccccc34)n2)cc1,0.0,C(Cc1cc(NCc2ccccc2)nc(NCc3cccc4ccccc34)n1)c5ccccc5,c1ccc(CCc2cc(NCc3ccccc3)nc(NCc3cccc4ccccc34)n2)cc1,34
c1ccc(CCc2cc(NCc3ccccc3)nc(NCc3ccccc3)n2)cc1,0.0,C(Cc1cc(NCc2ccccc2)nc(NCc3ccccc3)n1)c4ccccc4,c1ccc(CCc2cc(NCc3ccccc3)nc(NCc3ccccc3)n2)cc1,30
c1ccc(CCc2cc(OCc3ccccc3)nc(OCc3ccccc3)n2)cc1,0.0,C(Cc1cc(OCc2ccccc2)nc(OCc3ccccc3)n1)c4ccccc4,c1ccc(CCc2cc(OCc3ccccc3)nc(OCc3ccccc3)n2)cc1,30
c1ccc(CCc2cc(SCc3ccccc3)nc(SCc3ccccc3)n2)cc1,0.0,C(Cc1cc(SCc2ccccc2)nc(SCc3ccccc3)n1)c4ccccc4,c1ccc(CCc2cc(SCc3ccccc3)nc(SCc3ccccc3)n2)cc1,30
c1ccc(CNc2cc(CCc3cccc4ccccc34)nc(NCc3cccc4ccccc34)n2)cc1,0.0,C(Cc1cccc2ccccc12)c3cc(NCc4ccccc4)nc(NCc5cccc6ccccc56)n3,c1ccc(CNc2cc(CCc3cccc4ccccc34)nc(NCc3cccc4ccccc34)n2)cc1,38
c1ccc(CNc2cc(CCc3cccc4ccccc34)nc(NCc3ccccc3)n2)cc1,0.0,C(Cc1cccc2ccccc12)c3cc(NCc4ccccc4)nc(NCc5ccccc5)n3,c1ccc(CNc2cc(CCc3cccc4ccccc34)nc(NCc3ccccc3)n2)cc1,34
c1ccc(CNc2cc(NCc3ccccc3)nc(NCc3ccccc3)n2)cc1,0.0,C(Nc1cc(NCc2ccccc2)nc(NCc3ccccc3)n1)c4ccccc4,c1ccc(CNc2cc(NCc3ccccc3)nc(NCc3ccccc3)n2)cc1,30
c1ccc(CNc2nc(CCc3cccc4ccccc34)cc(NCc3cccc4ccccc34)n2)cc1,0.0,C(Cc1cccc2ccccc12)c3cc(NCc4cccc5ccccc45)nc(NCc6ccccc6)n3,c1ccc(CNc2nc(CCc3cccc4ccccc34)cc(NCc3cccc4ccccc34)n2)cc1,38
c1ccc(COc2cc(OCc3ccccc3)nc(OCc3ccccc3)n2)cc1,0.0,C(Oc1cc(OCc2ccccc2)nc(OCc3ccccc3)n1)c4ccccc4,c1ccc(COc2cc(OCc3ccccc3)nc(OCc3ccccc3)n2)cc1,30
c1ccc(CSc2cc(SCc3ccccc3)nc(SCc3ccccc3)n2)cc1,0.0,C(Sc1cc(SCc2ccccc2)nc(SCc3ccccc3)n1)c4ccccc4,c1ccc(CSc2cc(SCc3ccccc3)nc(SCc3ccccc3)n2)cc1,30
c1ccc(Cc2nnc3sc(-c4ccco4)nn23)cc1,0.0,C(c1ccccc1)c2nnc3sc(nn23)c4occc4,c1ccc(Cc2nnc3sc(-c4ccco4)nn23)cc1,20
c1ccc(OCc2nnc3sc(C4COc5ccccc5O4)nn23)cc1,1.0,C(Oc1ccccc1)c2nnc3sc(nn23)C4COc5ccccc5O4,c1ccc(OCc2nnc3sc(C4COc5ccccc5O4)nn23)cc1,26
c1ccc2c(CCc3cc(NCc4cccc5ccccc45)nc(NCc4cccc5ccccc45)n3)cccc2c1,0.0,C(Cc1cccc2ccccc12)c3cc(NCc4cccc5ccccc45)nc(NCc6cccc7ccccc67)n3,c1ccc2c(CCc3cc(NCc4cccc5ccccc45)nc(NCc4cccc5ccccc45)n3)cccc2c1,42
c1coc(-c2nc(-c3ccco3)c(-c3ccco3)nc2-c2ccco2)c1,0.0,o1cccc1c2nc(c3occc3)c(nc2c4occc4)c5occc5,c1coc(-c2nc(-c3ccco3)c(-c3ccco3)nc2-c2ccco2)c1,26
c1coc(-c2nc3ccccc3nc2-c2ccco2)c1,1.0,o1cccc1c2nc3ccccc3nc2c4occc4,c1coc(-c2nc3ccccc3nc2-c2ccco2)c1,20
c1coc(-c2nn3c(-c4ccco4)nnc3s2)c1,0.0,o1cccc1c2nn3c(nnc3s2)c4occc4,c1coc(-c2nn3c(-c4ccco4)nnc3s2)c1,18
c1coc(-c2nnc3sc(Cc4cccs4)nn23)c1,0.0,C(c1cccs1)c2nn3c(nnc3s2)c4occc4,c1coc(-c2nnc3sc(Cc4cccs4)nn23)c1,19
c1csc(Cc2nn3c(-c4[nH]nc5c4CCC5)nnc3s2)c1,0.0,C(c1cccs1)c2nn3c(nnc3s2)c4[nH]nc5CCCc45,c1csc(Cc2nn3c(-c4[nH]nc5c4CCC5)nnc3s2)c1,22
