smiles,y,original_smiles,scaffold,n_heavy
C#CCN1CCN(C(c2ccc(F)cc2)c2nnnn2Cc2ccccc2)CC1,0.0,C#CCN1CCN(C(c2ccc(F)cc2)c2nnnn2Cc2ccccc2)CC1,c1ccc(Cn2nnnc2C(c2ccccc2)N2CCNCC2)cc1,29
C#Cc1ccc(Nc2c(C(=O)NOCCO)c3c(n2C)C(=O)CC3)c(F)c1,0.0,C#Cc1ccc(Nc2c(C(=O)NOCCO)c3c(n2C)C(=O)CC3)c(F)c1,O=C1CCc2cc(Nc3ccccc3)[nH]c21,27
C#Cc1ccc(Nc2c(C(=O)NOCCO)c3c(n2C)C(=O)CCC3)c(F)c1,0.0,C#Cc1ccc(Nc2c(C(=O)NOCCO)c3c(n2C)C(=O)CCC3)c(F)c1,O=C1CCCc2cc(Nc3ccccc3)[nH]c21,28
C#Cc1ccc(Nc2c(C(=O)NOCCO)c3n(c(=O)c2F)CCC3)c(F)c1,0.0,C#Cc1ccc(Nc2c(C(=O)NOCCO)c3n(c(=O)c2F)CCC3)c(F)c1,O=c1cc(Nc2ccccc2)cc2n1CCC2,28
C#Cc1ccc(Nc2c(C(=O)NOC[C@H](O)CO)c3c(n2C)C(=O)CCC3)c(F)c1,1.0,C#Cc1ccc(Nc2c(C(=O)NOC[C@H](O)CO)c3c(n2C)C(=O)CCC3)c(F)c1,O=C1CCCc2cc(Nc3ccccc3)[nH]c21,30
C#Cc1ccc(Nc2c(F)c(=O)n(C)c3ncn(C[C@@H](O)CO)c(=O)c23)c(F)c1,0.0,C#Cc1ccc(Nc2c(F)c(=O)n(C)c3ncn(C[C@@H](O)CO)c(=O)c23)c(F)c1,O=c1cc(Nc2ccccc2)c2c(=O)[nH]cnc2[nH]1,29
C#Cc1cccc(-c2ccc(CN3CCN(C)CC3)o2)c1Cc1ccc2c(c1C)C=CC2,0.0,C#Cc1cccc(-c2ccc(CN3CCN(C)CC3)o2)c1Cc1ccc2c(c1C)C=CC2,C1=Cc2cc(Cc3ccccc3-c3ccc(CN4CCNCC4)o3)ccc2C1,32
C#Cc1cnc(N2CCC[C@@H](N)C2)n(Cc2ccccc2C#N)c1=O,1.0,C#Cc1cnc(N2CCC[C@@H](N)C2)n(Cc2ccccc2C#N)c1=O,O=c1ccnc(N2CCCCC2)n1Cc1ccccc1,25
C/C=C/[C@H]1CN(C(=O)c2cc(-c3ccc(F)cc3)on2)[C@@H](CC(C)C)C(=O)N1,0.0,C/C=C/[C@H]1CN(C(=O)c2cc(-c3ccc(F)cc3)on2)[C@@H](CC(C)C)C(=O)N1,O=C1CN(C(=O)c2cc(-c3ccccc3)on2)CCN1,28
C1=C/COCc2cc(ccc2OCCN2CCCC2)Nc2nccc(n2)-c2coc(c2)COC/1,0.0,C1=C/COCc2cc(ccc2OCCN2CCCC2)Nc2nccc(n2)-c2coc(c2)COC/1,C1=CCOCc2cc(ccc2OCCN2CCCC2)Nc2nccc(n2)-c2coc(c2)COC1,34
C1=C/COCc2cc(ccc2OCCN2CCCC2)Nc2nccc(n2)-c2csc(c2)COC/1,0.0,C1=C/COCc2cc(ccc2OCCN2CCCC2)Nc2nccc(n2)-c2csc(c2)COC/1,C1=CCOCc2cc(ccc2OCCN2CCCC2)Nc2nccc(n2)-c2csc(c2)COC1,34
C1=C2COC/C=C/COCc3cc(ccc3OCCN3CCCC3)Nc3nccc(n3)C(=C1)O2,0.0,C1=C/COCc2cc(ccc2OCCN2CCCC2)Nc2nccc(n2)-c2ccc(o2)COC/1,C1=CCOCc2cc(ccc2OCCN2CCCC2)Nc2nccc(n2)-c2ccc(o2)COC1,34
C1=C2COC/C=C/COCc3cc(ccc3OCCN3CCCC3)Nc3nccc(n3)C(=C1)S2,0.0,C1=C/COCc2cc(ccc2OCCN2CCCC2)Nc2nccc(n2)-c2ccc(s2)COC/1,C1=CCOCc2cc(ccc2OCCN2CCCC2)Nc2nccc(n2)-c2ccc(s2)COC1,34
C1CC(CN2NNC3CNC4NCCC4C32)CCN1,0.0,C1CC(CN2NNC3CNC4NCCC4C32)CCN1,C1CC(CN2NNC3CNC4NCCC4C32)CCN1,19
C1CCC(NCC2CCC3(CC2)OOC2(CCCCC2)OO3)CC1,0.0,C1CCC(NCC2CCC3(CC2)OOC2(CCCCC2)OO3)CC1,C1CCC(NCC2CCC3(CC2)OOC2(CCCCC2)OO3)CC1,24
C=C(C)n1c(=O)n(Cc2nc3ccccc3n2CCCC#N)c2cnccc21,0.0,C=C(C)n1c(=O)n(Cc2nc3ccccc3n2CCCC#N)c2cnccc21,O=c1[nH]c2ccncc2n1Cc1nc2ccccc2[nH]1,28
C=C1CC[C@@]2(O)[C@H]3Cc4ccc(O)c5c4[C@@]2(CCN3CC2CC2)[C@H]1O5,0.0,C=C1CC[C@@]2(O)[C@H]3Cc4ccc(O)c5c4[C@@]2(CCN3CC2CC2)[C@H]1O5,C=C1CCC2C3Cc4cccc5c4C2(CCN3CC2CC2)C1O5,25
C=CC(=O)N1CCC[C@@H](n2nc(-c3cccc(C(=O)NCc4ccc(C(C)(C)C)cc4)c3)c3c(N)ncnc32)C1,0.0,C=CC(=O)N1CCC[C@@H](n2nc(-c3cccc(C(=O)NCc4ccc(C(C)(C)C)cc4)c3)c3c(N)ncnc32)C1,O=C(NCc1ccccc1)c1cccc(-c2nn(C3CCCNC3)c3ncncc23)c1,40
C=CC(=O)N1CCC[C@@H](n2nc(-c3cccc(C(=O)Nc4ccc(C(C)C)c(C)c4)c3)c3c(N)ncnc32)C1,0.0,C=CC(=O)N1CCC[C@@H](n2nc(-c3cccc(C(=O)Nc4ccc(C(C)C)c(C)c4)c3)c3c(N)ncnc32)C1,O=C(Nc1ccccc1)c1cccc(-c2nn(C3CCCNC3)c3ncncc23)c1,39
C=CC(=O)N1CCC[C@@H](n2nc(-c3cccc(C(=O)Nc4ccc(C(C)C)cc4)c3)c3c(N)ncnc32)C1,0.0,C=CC(=O)N1CCC[C@@H](n2nc(-c3cccc(C(=O)Nc4ccc(C(C)C)cc4)c3)c3c(N)ncnc32)C1,O=C(Nc1ccccc1)c1cccc(-c2nn(C3CCCNC3)c3ncncc23)c1,38
C=CCN(C(=O)CCC(=O)Nc1ccc(-c2ccc(OCC(=O)O)cc2)cc1Cl)c1ccc(C(C)(C)C)cc1Cl,0.0,C=CCN(C(=O)CCC(=O)Nc1ccc(-c2ccc(OCC(=O)O)cc2)cc1Cl)c1ccc(C(C)(C)C)cc1Cl,O=C(CCC(=O)Nc1ccc(-c2ccccc2)cc1)Nc1ccccc1,40
C=CC[C@@H]1/C=C(\C)C[C@H](C)C[C@H](OC)[C@H]2O[C@@](O)(C(=O)C(=O)N3CCCC[C@H]3C(=O)O[C@H](/C(C)=C/[C@@H]3CC[C@@H](O)[C@H](OC)C3)[C@H](C)[C@@H](O)CC1=O)[C@H](C)C[C@@H]2OC,0.0,C=CC[C@@H]1/C=C(\C)C[C@H](C)C[C@H](OC)[C@H]2O[C@@](O)(C(=O)C(=O)N3CCCC[C@H]3C(=O)O[C@H](/C(C)=C/[C@@H]3CC[C@@H](O)[C@H](OC)C3)[C@H](C)[C@@H](O)CC1=O)[C@H](C)C[C@@H]2OC,O=C1CC=CCCCCC2CCCC(O2)C(=O)C(=O)N2CCCCC2C(=O)OC(C=CC2CCCCC2)CCC1,57
C=CC[C@@H]1/C=C(\C)C[C@H](C)C[C@H](OC)[C@H]2O[C@@](O)(C(=O)C(=O)N3CCCC[C@H]3C(=O)O[C@H](/C(C)=C/[C@H]3CC=CCC3)[C@H](C)[C@@H](O)CC1=O)[C@H](C)C[C@@H]2OC,0.0,C=CC[C@@H]1/C=C(\C)C[C@H](C)C[C@H](OC)[C@H]2O[C@@](O)(C(=O)C(=O)N3CCCC[C@H]3C(=O)O[C@H](/C(C)=C/[C@H]3CC=CCC3)[C@H](C)[C@@H](O)CC1=O)[C@H](C)C[C@@H]2OC,O=C1CC=CCCCCC2CCCC(O2)C(=O)C(=O)N2CCCCC2C(=O)OC(C=CC2CC=CCC2)CCC1,54
C=CC[C@@H]1/C=C(\C)C[C@H](C)C[C@H](OC)[C@H]2O[C@@](O)(C(=O)C(=O)N3CCCC[C@H]3C(=O)O[C@H](/C(C)=C/[C@H]3CC[C@H](O)CC3)[C@H](C)[C@@H](O)CC1=O)[C@H](C)C[C@@H]2OC,0.0,C=CC[C@@H]1/C=C(\C)C[C@H](C)C[C@H](OC)[C@H]2O[C@@](O)(C(=O)C(=O)N3CCCC[C@H]3C(=O)O[C@H](/C(C)=C/[C@H]3CC[C@H](O)CC3)[C@H](C)[C@@H](O)CC1=O)[C@H](C)C[C@@H]2OC,O=C1CC=CCCCCC2CCCC(O2)C(=O)C(=O)N2CCCCC2C(=O)OC(C=CC2CCCCC2)CCC1,55
C=C[C@@H]1C[C@]1(NC(=O)[C@@H]1C[C@@H](Oc2cc(-c3csc(NC(=O)C(C)C)n3)nc3c(Br)c(OC)ccc23)CN1C(=O)[C@@H](NC(=O)OC1CCCC1)C(C)(C)C)C(=O)O,1.0,C=C[C@@H]1C[C@]1(NC(=O)[C@@H]1C[C@@H](Oc2cc(-c3csc(NC(=O)C(C)C)n3)nc3c(Br)c(OC)ccc23)CN1C(=O)[C@@H](NC(=O)OC1CCCC1)C(C)(C)C)C(=O)O,O=C(NCC(=O)N1CC(Oc2cc(-c3cscn3)nc3ccccc23)CC1C(=O)NC1CC1)OC1CCCC1,57
C=C[C@@H]1C[C@]1(NC(=O)[C@@H]1C[C@@H](Oc2cc(-c3csc(NC(C)C)n3)nc3c(Br)c(OC)ccc23)CN1C(=O)[C@@H](CC(=O)NC1CCCC1)C(C)(C)C)C(=O)O,1.0,C=C[C@@H]1C[C@]1(NC(=O)[C@@H]1C[C@@H](Oc2cc(-c3csc(NC(C)C)n3)nc3c(Br)c(OC)ccc23)CN1C(=O)[C@@H](CC(=O)NC1CCCC1)C(C)(C)C)C(=O)O,O=C(CCC(=O)N1CC(Oc2cc(-c3cscn3)nc3ccccc23)CC1C(=O)NC1CC1)NC1CCCC1,55
C=C[C@@H]1C[C@]1(NC(=O)[C@@H]1C[C@@H](Oc2cc(-c3csc(NC(C)C)n3)nc3c(Br)c(OC)ccc23)CN1C(=O)[C@@H](NC(=O)OC1CCCC1)C(C)(C)C)C(=O)O,1.0,C=C[C@@H]1C[C@]1(NC(=O)[C@@H]1C[C@@H](Oc2cc(-c3csc(NC(C)C)n3)nc3c(Br)c(OC)ccc23)CN1C(=O)[C@@H](NC(=O)OC1CCCC1)C(C)(C)C)C(=O)O,O=C(NCC(=O)N1CC(Oc2cc(-c3cscn3)nc3ccccc23)CC1C(=O)NC1CC1)OC1CCCC1,55
C=C[C@@H]1C[C@]1(NC(=O)[C@@H]1C[C@@H](Oc2cc(OCC)nc3c(Br)c(OC)ccc23)CN1C(=O)[C@@H](CC(=O)NC(C)(C)C)C(C)(C)C)C(=O)NS(=O)(=O)C1CC1,1.0,C=C[C@@H]1C[C@]1(NC(=O)[C@@H]1C[C@@H](Oc2cc(OCC)nc3c(Br)c(OC)ccc23)CN1C(=O)[C@@H](CC(=O)NC(C)(C)C)C(C)(C)C)C(=O)NS(=O)(=O)C1CC1,O=C(NC1(C(=O)NS(=O)(=O)C2CC2)CC1)C1CC(Oc2ccnc3ccccc23)CN1,54
C=C[C@@H]1C[C@]1(NC(=O)[C@@H]1C[C@@H](Oc2cc(OCC)nc3c(Br)c(OC)ccc23)CN1C(=O)[C@@H](CC(=O)Nc1ccccc1)C(C)(C)C)C(=O)NS(=O)(=O)C1CC1,0.0,C=C[C@@H]1C[C@]1(NC(=O)[C@@H]1C[C@@H](Oc2cc(OCC)nc3c(Br)c(OC)ccc23)CN1C(=O)[C@@H](CC(=O)Nc1ccccc1)C(C)(C)C)C(=O)NS(=O)(=O)C1CC1,O=C(CCC(=O)N1CC(Oc2ccnc3ccccc23)CC1C(=O)NC1(C(=O)NS(=O)(=O)C2CC2)CC1)Nc1ccccc1,56
C=C[C@@H]1C[C@]1(NC(=O)[C@@H]1C[C@@H](Oc2cc(OCC)nc3c(Cl)cccc23)CN1C(=O)[C@@H](CC(=O)NC(C)(C)C)C(C)(C)C)C(=O)NS(=O)(=O)C1CC1,0.0,C=C[C@@H]1C[C@]1(NC(=O)[C@@H]1C[C@@H](Oc2cc(OCC)nc3c(Cl)cccc23)CN1C(=O)[C@@H](CC(=O)NC(C)(C)C)C(C)(C)C)C(=O)NS(=O)(=O)C1CC1,O=C(NC1(C(=O)NS(=O)(=O)C2CC2)CC1)C1CC(Oc2ccnc3ccccc23)CN1,52
C=C[C@@H]1C[C@]1(NC(=O)[C@@H]1C[C@@H](Oc2cc(OCC)nc3c(Cl)cccc23)CN1C(=O)[C@@H](CC(=O)Nc1ccccc1)C(C)(C)C)C(=O)NS(=O)(=O)C1CC1,1.0,C=C[C@@H]1C[C@]1(NC(=O)[C@@H]1C[C@@H](Oc2cc(OCC)nc3c(Cl)cccc23)CN1C(=O)[C@@H](CC(=O)Nc1ccccc1)C(C)(C)C)C(=O)NS(=O)(=O)C1CC1,O=C(CCC(=O)N1CC(Oc2ccnc3ccccc23)CC1C(=O)NC1(C(=O)NS(=O)(=O)C2CC2)CC1)Nc1ccccc1,54
C=C[C@@H]1C[C@]1(NC(=O)[C@@H]1C[C@@H](c2csc(-c3cc(OC)ccc3OC)n2)CN1C(=O)[C@@H](NC(=O)OC1CCCC1)C(C)(C)C)C(=O)NS(=O)(=O)C1(C)CC1,0.0,C=C[C@@H]1C[C@]1(NC(=O)[C@@H]1C[C@@H](c2csc(-c3cc(OC)ccc3OC)n2)CN1C(=O)[C@@H](NC(=O)OC1CCCC1)C(C)(C)C)C(=O)NS(=O)(=O)C1(C)CC1,O=C(NCC(=O)N1CC(c2csc(-c3ccccc3)n2)CC1C(=O)NC1(C(=O)NS(=O)(=O)C2CC2)CC1)OC1CCCC1,54
C=C[C@@H]1C[C@]1(NC(=O)[C@@H]1C[C@@H](c2csc(-c3cc(OC)ccc3OC)n2)CN1C(=O)[C@@H](NC(=O)OC1CCCC1)C(C)(C)C)C(=O)NS(=O)(=O)C1CC1,0.0,C=C[C@@H]1C[C@]1(NC(=O)[C@@H]1C[C@@H](c2csc(-c3cc(OC)ccc3OC)n2)CN1C(=O)[C@@H](NC(=O)OC1CCCC1)C(C)(C)C)C(=O)NS(=O)(=O)C1CC1,O=C(NCC(=O)N1CC(c2csc(-c3ccccc3)n2)CC1C(=O)NC1(C(=O)NS(=O)(=O)C2CC2)CC1)OC1CCCC1,53
C=C[C@@H]1C[C@]1(NC(=O)[C@@H]1C[C@@H](c2csc(-c3ccccc3)n2)CN1C(=O)[C@@H](NC(=O)OC1CCCC1)C(C)(C)C)C(=O)NS(=O)(=O)C1CC1,0.0,C=C[C@@H]1C[C@]1(NC(=O)[C@@H]1C[C@@H](c2csc(-c3ccccc3)n2)CN1C(=O)[C@@H](NC(=O)OC1CCCC1)C(C)(C)C)C(=O)NS(=O)(=O)C1CC1,O=C(NCC(=O)N1CC(c2csc(-c3ccccc3)n2)CC1C(=O)NC1(C(=O)NS(=O)(=O)C2CC2)CC1)OC1CCCC1,49
C=C[C@@H]1C[C@]1(NC(=O)[C@@H]1C[C@@H](c2nc(-c3ccccc3)cs2)CN1C(=O)[C@@H](NC(=O)OC1CCCC1)C(C)(C)C)C(=O)NS(=O)(=O)C1CC1,1.0,C=C[C@@H]1C[C@]1(NC(=O)[C@@H]1C[C@@H](c2nc(-c3ccccc3)cs2)CN1C(=O)[C@@H](NC(=O)OC1CCCC1)C(C)(C)C)C(=O)NS(=O)(=O)C1CC1,O=C(NCC(=O)N1CC(c2nc(-c3ccccc3)cs2)CC1C(=O)NC1(C(=O)NS(=O)(=O)C2CC2)CC1)OC1CCCC1,49
C=C[C@@H]1C[C@]1(NC(=O)[C@@H]1C[C@@H](n2cc(-c3ccccc3)c(C)n2)CN1C(=O)[C@@H](NC(=O)OC1CCCC1)C(C)(C)C)C(=O)NS(=O)(=O)C1CC1,0.0,C=C[C@@H]1C[C@]1(NC(=O)[C@@H]1C[C@@H](n2cc(-c3ccccc3)c(C)n2)CN1C(=O)[C@@H](NC(=O)OC1CCCC1)C(C)(C)C)C(=O)NS(=O)(=O)C1CC1,O=C(NCC(=O)N1CC(n2cc(-c3ccccc3)cn2)CC1C(=O)NC1(C(=O)NS(=O)(=O)C2CC2)CC1)OC1CCCC1,50
C=C[C@@H]1C[C@]1(NC(=O)[C@@H]1C[C@@H](n2cc(-c3ccccc3)nn2)CN1C(=O)[C@@H](NC(=O)OC1CCCC1)C(C)(C)C)C(=O)NS(=O)(=O)C1CC1,0.0,C=C[C@@H]1C[C@]1(NC(=O)[C@@H]1C[C@@H](n2cc(-c3ccccc3)nn2)CN1C(=O)[C@@H](NC(=O)OC1CCCC1)C(C)(C)C)C(=O)NS(=O)(=O)C1CC1,O=C(NCC(=O)N1CC(n2cc(-c3ccccc3)nn2)CC1C(=O)NC1(C(=O)NS(=O)(=O)C2CC2)CC1)OC1CCCC1,49
C=C[C@@H]1C[C@]1(NC(=O)[C@@H]1C[C@@H](n2cnc(-c3ccccc3)c2)CN1C(=O)[C@@H](NC(=O)OC1CCCC1)C(C)(C)C)C(=O)NS(=O)(=O)C1CC1,1.0,C=C[C@@H]1C[C@]1(NC(=O)[C@@H]1C[C@@H](n2cnc(-c3ccccc3)c2)CN1C(=O)[C@@H](NC(=O)OC1CCCC1)C(C)(C)C)C(=O)NS(=O)(=O)C1CC1,O=C(NCC(=O)N1CC(n2cnc(-c3ccccc3)c2)CC1C(=O)NC1(C(=O)NS(=O)(=O)C2CC2)CC1)OC1CCCC1,49
C=C[C@@H]1C[C@]1(NC(=O)[C@@H]1C[C@@](OC)(c2ccc(-c3cc(C)ccc3OC)nc2)CN1C(=O)[C@@H](NC(=O)OC1CCCC1)C(C)(C)C)C(=O)NS(=O)(=O)C1CC1,0.0,C=C[C@@H]1C[C@]1(NC(=O)[C@@H]1C[C@@](OC)(c2ccc(-c3cc(C)ccc3OC)nc2)CN1C(=O)[C@@H](NC(=O)OC1CCCC1)C(C)(C)C)C(=O)NS(=O)(=O)C1CC1,O=C(NCC(=O)N1CC(c2ccc(-c3ccccc3)nc2)CC1C(=O)NC1(C(=O)NS(=O)(=O)C2CC2)CC1)OC1CCCC1,55
C=C[C@@H]1C[C@]1(NC(=O)[C@@H]1C[C@@](OC)(c2ccc(-c3ccc(C)cn3)cc2)CN1C(=O)[C@@H](NC(=O)OC1CCCC1)C(C)(C)C)C(=O)NS(=O)(=O)C1CC1,0.0,C=C[C@@H]1C[C@]1(NC(=O)[C@@H]1C[C@@](OC)(c2ccc(-c3ccc(C)cn3)cc2)CN1C(=O)[C@@H](NC(=O)OC1CCCC1)C(C)(C)C)C(=O)NS(=O)(=O)C1CC1,O=C(NCC(=O)N1CC(c2ccc(-c3ccccn3)cc2)CC1C(=O)NC1(C(=O)NS(=O)(=O)C2CC2)CC1)OC1CCCC1,53
C=C[C@@H]1C[C@]1(NC(=O)[C@@H]1C[C@@](OC)(c2ccc(-c3ccc(OC)cc3)cc2)CN1C(=O)[C@@H](NC(=O)OC1CCCC1)C(C)(C)C)C(=O)NS(=O)(=O)C1CC1,0.0,C=C[C@@H]1C[C@]1(NC(=O)[C@@H]1C[C@@](OC)(c2ccc(-c3ccc(OC)cc3)cc2)CN1C(=O)[C@@H](NC(=O)OC1CCCC1)C(C)(C)C)C(=O)NS(=O)(=O)C1CC1,O=C(NCC(=O)N1CC(c2ccc(-c3ccccc3)cc2)CC1C(=O)NC1(C(=O)NS(=O)(=O)C2CC2)CC1)OC1CCCC1,54
C=C[C@@H]1C[C@]1(NC(=O)[C@@H]1C[C@@](OC)(c2ccc(-c3cccc(OC)c3)cc2)CN1C(=O)[C@@H](NC(=O)OC1CCCC1)C(C)(C)C)C(=O)NS(=O)(=O)C1CC1,0.0,C=C[C@@H]1C[C@]1(NC(=O)[C@@H]1C[C@@](OC)(c2ccc(-c3cccc(OC)c3)cc2)CN1C(=O)[C@@H](NC(=O)OC1CCCC1)C(C)(C)C)C(=O)NS(=O)(=O)C1CC1,O=C(NCC(=O)N1CC(c2ccc(-c3ccccc3)cc2)CC1C(=O)NC1(C(=O)NS(=O)(=O)C2CC2)CC1)OC1CCCC1,54
C=C[C@@H]1C[C@]1(NC(=O)[C@@H]1C[C@@](OC)(c2ccc(-c3ccccc3)cc2)CN1C(=O)[C@@H](NC(=O)OC1CCCC1)C(C)(C)C)C(=O)NS(=O)(=O)C1CC1,0.0,C=C[C@@H]1C[C@]1(NC(=O)[C@@H]1C[C@@](OC)(c2ccc(-c3ccccc3)cc2)CN1C(=O)[C@@H](NC(=O)OC1CCCC1)C(C)(C)C)C(=O)NS(=O)(=O)C1CC1,O=C(NCC(=O)N1CC(c2ccc(-c3ccccc3)cc2)CC1C(=O)NC1(C(=O)NS(=O)(=O)C2CC2)CC1)OC1CCCC1,52
C=C[C@@H]1C[C@]1(NC(=O)[C@@H]1C[C@@](OC)(c2ccc(-c3ccccc3)nc2)CN1C(=O)[C@@H](NC(=O)OC1CCCC1)C(C)(C)C)C(=O)NS(=O)(=O)C1CC1,0.0,C=C[C@@H]1C[C@]1(NC(=O)[C@@H]1C[C@@](OC)(c2ccc(-c3ccccc3)nc2)CN1C(=O)[C@@H](NC(=O)OC1CCCC1)C(C)(C)C)C(=O)NS(=O)(=O)C1CC1,O=C(NCC(=O)N1CC(c2ccc(-c3ccccc3)nc2)CC1C(=O)NC1(C(=O)NS(=O)(=O)C2CC2)CC1)OC1CCCC1,52
C=C[C@@H]1C[C@]1(NC(=O)[C@@H]1C[C@@](OC)(c2ccc(-c3ccccc3OC)cc2)CN1C(=O)[C@@H](NC(=O)OC1CCCC1)C(C)(C)C)C(=O)NS(=O)(=O)C1CC1,0.0,C=C[C@@H]1C[C@]1(NC(=O)[C@@H]1C[C@@](OC)(c2ccc(-c3ccccc3OC)cc2)CN1C(=O)[C@@H](NC(=O)OC1CCCC1)C(C)(C)C)C(=O)NS(=O)(=O)C1CC1,O=C(NCC(=O)N1CC(c2ccc(-c3ccccc3)cc2)CC1C(=O)NC1(C(=O)NS(=O)(=O)C2CC2)CC1)OC1CCCC1,54
C=C[C@@H]1C[C@]1(NC(=O)[C@@H]1C[C@@](OC)(c2ccc(-c3cccnc3)cc2)CN1C(=O)[C@@H](NC(=O)OC1CCCC1)C(C)(C)C)C(=O)NS(=O)(=O)C1CC1,0.0,C=C[C@@H]1C[C@]1(NC(=O)[C@@H]1C[C@@](OC)(c2ccc(-c3cccnc3)cc2)CN1C(=O)[C@@H](NC(=O)OC1CCCC1)C(C)(C)C)C(=O)NS(=O)(=O)C1CC1,O=C(NCC(=O)N1CC(c2ccc(-c3cccnc3)cc2)CC1C(=O)NC1(C(=O)NS(=O)(=O)C2CC2)CC1)OC1CCCC1,52
C=C[C@@H]1C[C@]1(NC(=O)[C@@H]1C[C@@](OC)(c2ccc(-c3ccncc3)cc2)CN1C(=O)[C@@H](NC(=O)OC1CCCC1)C(C)(C)C)C(=O)NS(=O)(=O)C1CC1,0.0,C=C[C@@H]1C[C@]1(NC(=O)[C@@H]1C[C@@](OC)(c2ccc(-c3ccncc3)cc2)CN1C(=O)[C@@H](NC(=O)OC1CCCC1)C(C)(C)C)C(=O)NS(=O)(=O)C1CC1,O=C(NCC(=O)N1CC(c2ccc(-c3ccncc3)cc2)CC1C(=O)NC1(C(=O)NS(=O)(=O)C2CC2)CC1)OC1CCCC1,52
C=C[C@@H]1C[C@]1(NC(=O)[C@@H]1C[C@@](OC)(c2ccc(-c3cnn(C)c3)cc2)CN1C(=O)[C@@H](NC(=O)OC1CCCC1)C(C)(C)C)C(=O)NS(=O)(=O)C1CC1,0.0,C=C[C@@H]1C[C@]1(NC(=O)[C@@H]1C[C@@](OC)(c2ccc(-c3cnn(C)c3)cc2)CN1C(=O)[C@@H](NC(=O)OC1CCCC1)C(C)(C)C)C(=O)NS(=O)(=O)C1CC1,O=C(NCC(=O)N1CC(c2ccc(-c3cn[nH]c3)cc2)CC1C(=O)NC1(C(=O)NS(=O)(=O)C2CC2)CC1)OC1CCCC1,52
C=C[C@@H]1C[C@]1(NC(=O)[C@@H]1C[C@@](OC)(c2ccc(-c3cscn3)cc2)CN1C(=O)[C@@H](NC(=O)OC1CCCC1)C(C)(C)C)C(=O)NS(=O)(=O)C1CC1,0.0,C=C[C@@H]1C[C@]1(NC(=O)[C@@H]1C[C@@](OC)(c2ccc(-c3cscn3)cc2)CN1C(=O)[C@@H](NC(=O)OC1CCCC1)C(C)(C)C)C(=O)NS(=O)(=O)C1CC1,O=C(NCC(=O)N1CC(c2ccc(-c3cscn3)cc2)CC1C(=O)NC1(C(=O)NS(=O)(=O)C2CC2)CC1)OC1CCCC1,51
C=C[C@@H]1C[C@]1(NC(=O)[C@@H]1C[C@@](OC)(c2ccc(-c3nccs3)cc2)CN1C(=O)[C@@H](NC(=O)OC1CCCC1)C(C)(C)C)C(=O)NS(=O)(=O)C1CC1,0.0,C=C[C@@H]1C[C@]1(NC(=O)[C@@H]1C[C@@](OC)(c2ccc(-c3nccs3)cc2)CN1C(=O)[C@@H](NC(=O)OC1CCCC1)C(C)(C)C)C(=O)NS(=O)(=O)C1CC1,O=C(NCC(=O)N1CC(c2ccc(-c3nccs3)cc2)CC1C(=O)NC1(C(=O)NS(=O)(=O)C2CC2)CC1)OC1CCCC1,51
C=C[C@@H]1C[C@]1(NC(=O)[C@@H]1C[C@@](OC)(c2ccc(-c3nccs3)nc2)CN1C(=O)[C@@H](NC(=O)OC1CCCC1)C(C)(C)C)C(=O)NS(=O)(=O)C1CC1,0.0,C=C[C@@H]1C[C@]1(NC(=O)[C@@H]1C[C@@](OC)(c2ccc(-c3nccs3)nc2)CN1C(=O)[C@@H](NC(=O)OC1CCCC1)C(C)(C)C)C(=O)NS(=O)(=O)C1CC1,O=C(NCC(=O)N1CC(c2ccc(-c3nccs3)nc2)CC1C(=O)NC1(C(=O)NS(=O)(=O)C2CC2)CC1)OC1CCCC1,51
C=Cc1cnc(N2CCC[C@@H](N)C2)n(Cc2ccccc2C#N)c1=O,1.0,C=Cc1cnc(N2CCC[C@@H](N)C2)n(Cc2ccccc2C#N)c1=O,O=c1ccnc(N2CCCCC2)n1Cc1ccccc1,25
CC#CCn1c(N2CCC[C@@H](N)C2)nc2cnn(Cc3nc(C)c4ccccc4n3)c(=O)c21,0.0,CC#CCn1c(N2CCC[C@@H](N)C2)nc2cnn(Cc3nc(C)c4ccccc4n3)c(=O)c21,O=c1c2[nH]c(N3CCCCC3)nc2cnn1Cc1ncc2ccccc2n1,33
CC#Cc1cnc(N2CCC[C@@H](N)C2)n(Cc2ccccc2C#N)c1=O,1.0,CC#Cc1cnc(N2CCC[C@@H](N)C2)n(Cc2ccccc2C#N)c1=O,O=c1ccnc(N2CCCCC2)n1Cc1ccccc1,26
CC(=O)CNC1CCN(Cc2ccc(CCNC(=O)c3ccc(-c4ccc(F)cc4)cc3)cc2)CC1,0.0,CC(=O)CNC1CCN(Cc2ccc(CCNC(=O)c3ccc(-c4ccc(F)cc4)cc3)cc2)CC1,O=C(NCCc1ccc(CN2CCCCC2)cc1)c1ccc(-c2ccccc2)cc1,36
CC(=O)N(C)C[C@H]1C[C@H](c2ccc(CN3CCCC3)c(Cl)c2)C1,0.0,CC(=O)N(C)C[C@H]1C[C@H](c2ccc(CN3CCCC3)c(Cl)c2)C1,c1cc(C2CCC2)ccc1CN1CCCC1,23
CC(=O)N1CCC(C(=O)N[C@H](c2cn(C3(C#N)CC3)nn2)C2CCCCC2)CC1,0.0,CC(=O)N1CCC(C(=O)N[C@H](c2cn(C3(C#N)CC3)nn2)C2CCCCC2)CC1,O=C(NC(c1cn(C2CC2)nn1)C1CCCCC1)C1CCNCC1,29
CC(=O)N1CCC(Oc2ccc3c(c2)CCC2(CCN(C4CCC4)CC2)O3)CC1,0.0,CC(=O)N1CCC(Oc2ccc3c(c2)CCC2(CCN(C4CCC4)CC2)O3)CC1,c1cc2c(cc1OC1CCNCC1)CCC1(CCN(C3CCC3)CC1)O2,29
CC(=O)N1CCC(c2[nH]nc(-c3ccc(Cl)cc3)c2-c2ccncc2)CC1,0.0,CC(=O)N1CCC(c2[nH]nc(-c3ccc(Cl)cc3)c2-c2ccncc2)CC1,c1ccc(-c2n[nH]c(C3CCNCC3)c2-c2ccncc2)cc1,27
CC(=O)N1CCC(c2[nH]nc(-c3ccc(Cl)cc3)c2-c2ccncn2)CC1,0.0,CC(=O)N1CCC(c2[nH]nc(-c3ccc(Cl)cc3)c2-c2ccncn2)CC1,c1ccc(-c2n[nH]c(C3CCNCC3)c2-c2ccncn2)cc1,27
CC(=O)N1CCN(c2ccc(C(=O)N[C@H](Cc3c[nH]c4ccccc34)C(=O)Nc3ccncc3)c(F)c2)CC1,0.0,CC(=O)N1CCN(c2ccc(C(=O)N[C@H](Cc3c[nH]c4ccccc34)C(=O)Nc3ccncc3)c(F)c2)CC1,O=C(NC(Cc1c[nH]c2ccccc12)C(=O)Nc1ccncc1)c1ccc(N2CCNCC2)cc1,39
CC(=O)N1CCN2CCCc3c(C)c4c(n3-c3ccc(C(N)=O)c(c3)NC[C@H]2C1)CC(C)(C)CC4=O,0.0,CC(=O)N1CCN2CCCc3c(C)c4c(n3-c3ccc(C(N)=O)c(c3)NC[C@H]2C1)CC(C)(C)CC4=O,O=C1CCCc2c1cc1n2-c2cccc(c2)NCC2CNCCN2CCC1,36
CC(=O)NC1CCN(Cc2ccc(CCN(C)C(=O)c3ccc(-c4ccc(F)cc4)cc3)cc2)CC1,0.0,CC(=O)NC1CCN(Cc2ccc(CCN(C)C(=O)c3ccc(-c4ccc(F)cc4)cc3)cc2)CC1,O=C(NCCc1ccc(CN2CCCCC2)cc1)c1ccc(-c2ccccc2)cc1,36
CC(=O)NC1CCN(Cc2ccc(CCNC(=O)c3ccc(-c4ccc(F)cc4)cc3)cc2)CC1,0.0,CC(=O)NC1CCN(Cc2ccc(CCNC(=O)c3ccc(-c4ccc(F)cc4)cc3)cc2)CC1,O=C(NCCc1ccc(CN2CCCCC2)cc1)c1ccc(-c2ccccc2)cc1,35
CC(=O)NCC(=O)N1C[C@H](NC(=O)c2ccccc2)C[C@H]1C(=O)O,0.0,CC(=O)NCC(=O)N1C[C@H](NC(=O)c2ccccc2)C[C@H]1C(=O)O,O=C(NC1CCNC1)c1ccccc1,24
CC(=O)Nc1ccc(-c2ccc(CNCCCNc3ccnc4cc(Cl)ccc34)s2)cc1,0.0,CC(=O)Nc1ccc(-c2ccc(CNCCCNc3ccnc4cc(Cl)ccc34)s2)cc1,c1ccc(-c2ccc(CNCCCNc3ccnc4ccccc34)s2)cc1,32
CC(=O)Nc1ccc(-c2ccc(CNCCNc3ccnc4cc(Cl)ccc34)s2)cc1,0.0,CC(=O)Nc1ccc(-c2ccc(CNCCNc3ccnc4cc(Cl)ccc34)s2)cc1,c1ccc(-c2ccc(CNCCNc3ccnc4ccccc34)s2)cc1,31
CC(=O)Nc1ccc(C(=O)N[C@H](c2cn(C3(C#N)CC3)nn2)C2CCCCC2)cc1,0.0,CC(=O)Nc1ccc(C(=O)N[C@H](c2cn(C3(C#N)CC3)nn2)C2CCCCC2)cc1,O=C(NC(c1cn(C2CC2)nn1)C1CCCCC1)c1ccccc1,30
CC(=O)OC1CC2CC(=O)CCC2(C)C2CC(OC(C)=O)C3(C)[C@@H]([C@H](C)CCCNCCCNc4ccnc5cc(Cl)ccc45)CC[C@H]3C12,0.0,CC(=O)OC1CC2CC(=O)CCC2(C)C2CC(OC(C)=O)C3(C)[C@@H](CC[C@@H]3[C@H](C)CCCNCCCNc3ccnc4cc(Cl)ccc34)C12,O=C1CCC2C(CCC3C4CCC(CCCCNCCCNc5ccnc6ccccc56)C4CCC23)C1,49
CC(=O)OC1CC2CC(=O)CCC2(C)C2CC(OC(C)=O)C3(C)[C@@H]([C@H](C)CCCNCCNc4ccnc5cc(Cl)ccc45)CC[C@H]3C12,0.0,CC(=O)OC1CC2CC(=O)CCC2(C)C2CC(OC(C)=O)C3(C)[C@@H](CC[C@@H]3[C@H](C)CCCNCCNc3ccnc4cc(Cl)ccc34)C12,O=C1CCC2C(CCC3C4CCC(CCCCNCCNc5ccnc6ccccc56)C4CCC23)C1,48
CC(=O)OC1CC2CC(N(C)C)CCC2(C)C2CC(OC(C)=O)C3(C)[C@@H]([C@H](C)CCCN(C)CCCNc4ccnc5cc(Cl)ccc45)CC[C@H]3C12,0.0,CC(=O)OC1CC2CC(N(C)C)CCC2(C)C2CC(OC(C)=O)C3(C)[C@@H](CC[C@@H]3[C@H](C)CCCN(C)CCCNc3ccnc4cc(Cl)ccc34)C12,c1ccc2c(NCCCNCCCCC3CCC4C3CCC3C5CCCCC5CCC43)ccnc2c1,52
CC(=O)OC1CC2CC(N(C)C)CCC2(C)C2CC(OC(C)=O)C3(C)[C@@H]([C@H](C)CCCN(C)CCNc4ccnc5cc(Cl)ccc45)CC[C@H]3C12,0.0,CC(=O)OC1CC2CC(N(C)C)CCC2(C)C2CC(OC(C)=O)C3(C)[C@@H](CC[C@@H]3[C@H](C)CCCN(C)CCNc3ccnc4cc(Cl)ccc34)C12,c1ccc2c(NCCNCCCCC3CCC4C3CCC3C5CCCCC5CCC43)ccnc2c1,51
CC(=O)OC1CC2CC(N(C)C)CCC2(C)C2CC(OC(C)=O)C3(C)[C@@H]([C@H](C)CCCNCCNc4ccnc5cc(Cl)ccc45)CC[C@H]3C12,0.0,CC(=O)OC1CC2CC(N(C)C)CCC2(C)C2CC(OC(C)=O)C3(C)[C@@H](CC[C@@H]3[C@H](C)CCCNCCNc3ccnc4cc(Cl)ccc34)C12,c1ccc2c(NCCNCCCCC3CCC4C3CCC3C5CCCCC5CCC43)ccnc2c1,50
CC(=O)OC1CC2CC(N)CCC2(C)C2CC(OC(C)=O)C3(C)[C@@H]([C@H](C)CCCN(C)CCNc4ccnc5cc(Cl)ccc45)CC[C@H]3C12,0.0,CC(=O)OC1CC2CC(N)CCC2(C)C2CC(OC(C)=O)C3(C)[C@@H](CC[C@@H]3[C@H](C)CCCN(C)CCNc3ccnc4cc(Cl)ccc34)C12,c1ccc2c(NCCNCCCCC3CCC4C3CCC3C5CCCCC5CCC43)ccnc2c1,49
CC(=O)OC1CC2CC(NS(C)(=O)=O)CCC2(C)C2CC(OC(C)=O)C3(C)[C@@H]([C@H](C)CCCN(C)CCCNc4ccnc5cc(Cl)ccc45)CC[C@H]3C12,0.0,CC(=O)OC1CC2CC(NS(C)(=O)=O)CCC2(C)C2CC(OC(C)=O)C3(C)[C@@H](CC[C@@H]3[C@H](C)CCCN(C)CCCNc3ccnc4cc(Cl)ccc34)C12,c1ccc2c(NCCCNCCCCC3CCC4C3CCC3C5CCCCC5CCC43)ccnc2c1,54
CC(=O)OC1CC2CC(NS(C)(=O)=O)CCC2(C)C2CC(OC(C)=O)C3(C)[C@@H]([C@H](C)CCCN(C)CCNc4ccnc5cc(Cl)ccc45)CC[C@H]3C12,0.0,CC(=O)OC1CC2CC(NS(C)(=O)=O)CCC2(C)C2CC(OC(C)=O)C3(C)[C@@H](CC[C@@H]3[C@H](C)CCCN(C)CCNc3ccnc4cc(Cl)ccc34)C12,c1ccc2c(NCCNCCCCC3CCC4C3CCC3C5CCCCC5CCC43)ccnc2c1,53
CC(=O)OC1CC2CC(NS(C)(=O)=O)CCC2(C)C2CC(OC(C)=O)C3(C)[C@@H]([C@H](C)CCCNCCCNc4ccnc5cc(Cl)ccc45)CC[C@H]3C12,0.0,CC(=O)OC1CC2CC(NS(C)(=O)=O)CCC2(C)C2CC(OC(C)=O)C3(C)[C@@H](CC[C@@H]3[C@H](C)CCCNCCCNc3ccnc4cc(Cl)ccc34)C12,c1ccc2c(NCCCNCCCCC3CCC4C3CCC3C5CCCCC5CCC43)ccnc2c1,53
CC(=O)OC1CC2CC(O)CCC2(C)C2CC(OC(C)=O)C3(C)[C@@H]([C@H](C)CCCNCCCNc4ccnc5cc(Cl)ccc45)CC[C@H]3C12,0.0,CC(=O)OC1CC2CC(O)CCC2(C)C2CC(OC(C)=O)C3(C)[C@@H](CC[C@@H]3[C@H](C)CCCNCCCNc3ccnc4cc(Cl)ccc34)C12,c1ccc2c(NCCCNCCCCC3CCC4C3CCC3C5CCCCC5CCC43)ccnc2c1,49
CC(=O)OC1CC2CC(O)CCC2(C)C2CC(OC(C)=O)C3(C)[C@@H]([C@H](C)CCCNCCNc4ccnc5cc(Cl)ccc45)CC[C@H]3C12,0.0,CC(=O)OC1CC2CC(O)CCC2(C)C2CC(OC(C)=O)C3(C)[C@@H](CC[C@@H]3[C@H](C)CCCNCCNc3ccnc4cc(Cl)ccc34)C12,c1ccc2c(NCCNCCCCC3CCC4C3CCC3C5CCCCC5CCC43)ccnc2c1,48
CC(=O)OC1CC2CC3(CCC2(C)C2CC(OC(C)=O)C4(C)[C@@H]([C@H](C)CCC(=O)NCCN(C)C)CC[C@H]4C12)OOC1(CCC(C(=O)NCCN(C)C)CC1)OO3,0.0,CC(=O)OC1CC2CC3(CCC2(C)C2CC(OC(C)=O)C4(C)[C@@H](CC[C@@H]4[C@H](C)CCC(=O)NCCN(C)C)C12)OOC1(CCC(C(=O)NCCN(C)C)CC1)OO3,C1CCC2(CC1)OOC1(CCC3C(CCC4C5CCCC5CCC34)C1)OO2,57
CC(=O)OC1CC2CC3(CCC2(C)C2CC(OC(C)=O)C4(C)[C@@H]([C@H](C)CCC(=O)Nc5ccccc5)CC[C@H]4C12)OOC1(CCC(C(=O)Nc2ccccc2)CC1)OO3,0.0,CC(=O)OC1CC2CC3(CCC2(C)C2CC(OC(C)=O)C4(C)[C@@H](CC[C@@H]4[C@H](C)CCC(=O)Nc4ccccc4)C12)OOC1(CCC(C(=O)Nc2ccccc2)CC1)OO3,O=C(CCCC1CCC2C1CCC1C3CCC4(CC3CCC21)OOC1(CCC(C(=O)Nc2ccccc2)CC1)OO4)Nc1ccccc1,59
CC(=O)OC1CC2CC3(CCC2(C)C2CC(OC(C)=O)C4(C)[C@@H]([C@H](C)CCC(N)=O)CC[C@H]4C12)OOC1(CCC(C(N)=O)CC1)OO3,0.0,CC(=O)OC1CC2CC3(CCC2(C)C2CC(OC(C)=O)C4(C)[C@@H](CC[C@@H]4[C@H](C)CCC(N)=O)C12)OOC1(CCC(C(N)=O)CC1)OO3,C1CCC2(CC1)OOC1(CCC3C(CCC4C5CCCC5CCC34)C1)OO2,47
CC(=O)OC1CC2CC3(CCC2(C)C2CC(OC(C)=O)C4(C)[C@@H]([C@H](C)CCCNCCN(C)C)CC[C@H]4C12)OOC1(CCCCC1)OO3,0.0,CC(=O)OC1CC2CC3(CCC2(C)C2CC(OC(C)=O)C4(C)[C@@H](CC[C@@H]4[C@H](C)CCCNCCN(C)C)C12)OOC1(CCCCC1)OO3,C1CCC2(CC1)OOC1(CCC3C(CCC4C5CCCC5CCC34)C1)OO2,48
CC(=O)O[C@@]12CO[C@@H]1C[C@H](O)[C@@]1(C)C(=O)[C@H](O)C3=C(C)[C@@H](OC(=O)[C@H](O)[C@@H](NC(=O)OC(C)(C)C(F)(F)F)c4ccc(F)cc4)C[C@@](O)([C@@H](CC(=O)c4ccccc4)[C@H]21)C3(C)C,1.0,CC(=O)O[C@@]12CO[C@@H]1C[C@H](O)[C@@]1(C)C(=O)[C@H](O)C3=C(C)[C@@H](OC(=O)[C@H](O)[C@@H](NC(=O)OC(C)(C)C(F)(F)F)c4ccc(F)cc4)C[C@@](O)([C@@H](CC(=O)c4ccccc4)[C@@H]12)C3(C)C,O=C(CCc1ccccc1)OC1C=C2CC(=O)C3CCC4OCC4C3C(CC(=O)c3ccccc3)C(C2)C1,62
CC(=O)O[C@@]12CO[C@@H]1C[C@H](O)[C@@]1(C)C(=O)[C@H](O)C3=C(C)[C@@H](OC(=O)[C@H](O)[C@@H](NC(=O)OC(C)(C)C(F)(F)F)c4ccccc4)C[C@@](O)([C@@H](OC(=O)c4cccc(F)c4)[C@H]21)C3(C)C,1.0,CC(=O)O[C@@]12CO[C@@H]1C[C@H](O)[C@@]1(C)C(=O)[C@H](O)C3=C(C)[C@@H](OC(=O)[C@H](O)[C@@H](NC(=O)OC(C)(C)C(F)(F)F)c4ccccc4)C[C@@](O)([C@@H](OC(=O)c4cccc(F)c4)[C@@H]12)C3(C)C,O=C(CCc1ccccc1)OC1C=C2CC(=O)C3CCC4OCC4C3C(OC(=O)c3ccccc3)C(C2)C1,62
CC(=O)O[C@@]12CO[C@@H]1C[C@H](O)[C@@]1(C)C(=O)[C@H](O)C3=C(C)[C@@H](OC(=O)[C@H](O)[C@@H](NC(=O)OC(C)(C)C(F)(F)F)c4ccccc4)C[C@@](O)([C@@H](OC(=O)c4ccccc4)[C@H]21)C3(C)C,1.0,CC(=O)O[C@@]12CO[C@@H]1C[C@H](O)[C@@]1(C)C(=O)[C@H](O)C3=C(C)[C@@H](OC(=O)[C@H](O)[C@@H](NC(=O)OC(C)(C)C(F)(F)F)c4ccccc4)C[C@@](O)([C@@H](OC(=O)c4ccccc4)[C@@H]12)C3(C)C,O=C(CCc1ccccc1)OC1C=C2CC(=O)C3CCC4OCC4C3C(OC(=O)c3ccccc3)C(C2)C1,61
CC(=O)O[C@@]12CO[C@@H]1C[C@H](O)[C@@]1(C)C(=O)[C@H](O)C3=C(C)[C@@H](OC(=O)[C@H](O)[C@@H](NC(=O)OC(C)(C)C(F)F)c4ccc(F)cc4)C[C@@](O)([C@@H](CC(=O)c4ccccc4)[C@H]21)C3(C)C,1.0,CC(=O)O[C@@]12CO[C@@H]1C[C@H](O)[C@@]1(C)C(=O)[C@H](O)C3=C(C)[C@@H](OC(=O)[C@H](O)[C@@H](NC(=O)OC(C)(C)C(F)F)c4ccc(F)cc4)C[C@@](O)([C@@H](CC(=O)c4ccccc4)[C@@H]12)C3(C)C,O=C(CCc1ccccc1)OC1C=C2CC(=O)C3CCC4OCC4C3C(CC(=O)c3ccccc3)C(C2)C1,61
CC(=O)O[C@@]12CO[C@@H]1C[C@H](O)[C@@]1(C)C(=O)[C@H](O)C3=C(C)[C@@H](OC(=O)[C@H](O)[C@@H](NC(=O)OC(C)(C)C(F)F)c4ccccc4)C[C@@](O)([C@@H](OC(=O)c4cccc(F)c4)[C@H]21)C3(C)C,1.0,CC(=O)O[C@@]12CO[C@@H]1C[C@H](O)[C@@]1(C)C(=O)[C@H](O)C3=C(C)[C@@H](OC(=O)[C@H](O)[C@@H](NC(=O)OC(C)(C)C(F)F)c4ccccc4)C[C@@](O)([C@@H](OC(=O)c4cccc(F)c4)[C@@H]12)C3(C)C,O=C(CCc1ccccc1)OC1C=C2CC(=O)C3CCC4OCC4C3C(OC(=O)c3ccccc3)C(C2)C1,61
CC(=O)O[C@@]12CO[C@@H]1C[C@H](O)[C@@]1(C)C(=O)[C@H](O)C3=C(C)[C@@H](OC(=O)[C@H](O)[C@@H](NC(=O)OC(C)(C)C(F)F)c4ccccc4)C[C@@](O)([C@@H](OC(=O)c4ccccc4)[C@H]21)C3(C)C,1.0,CC(=O)O[C@@]12CO[C@@H]1C[C@H](O)[C@@]1(C)C(=O)[C@H](O)C3=C(C)[C@@H](OC(=O)[C@H](O)[C@@H](NC(=O)OC(C)(C)C(F)F)c4ccccc4)C[C@@](O)([C@@H](OC(=O)c4ccccc4)[C@@H]12)C3(C)C,O=C(CCc1ccccc1)OC1C=C2CC(=O)C3CCC4OCC4C3C(OC(=O)c3ccccc3)C(C2)C1,60
CC(=O)O[C@@]12CO[C@@H]1C[C@H](O)[C@@]1(C)C(=O)[C@H](O)C3=C(C)[C@@H](OC(=O)[C@H](O)[C@@H](NC(=O)OC(C)(C)C)c4ccccc4)C[C@@](O)([C@@H](OC(=O)c4ccccc4)[C@H]21)C3(C)C,0.0,CC(=O)O[C@@]12CO[C@@H]1C[C@H](O)[C@@]1(C)C(=O)[C@H](O)C3=C(C)[C@@H](OC(=O)[C@H](O)[C@@H](NC(=O)OC(C)(C)C)c4ccccc4)C[C@@](O)([C@@H](OC(=O)c4ccccc4)[C@@H]12)C3(C)C.O.O.O,O=C(CCc1ccccc1)OC1C=C2CC(=O)C3CCC4OCC4C3C(OC(=O)c3ccccc3)C(C2)C1,58
CC(=O)O[C@@]12CO[C@@H]1C[C@H](O)[C@@]1(C)C(=O)[C@H](O)C3=C(C)[C@@H](OC(=O)[C@H](O)[C@@H](NC(=O)OC(C)(C)CF)c4ccc(F)cc4)C[C@@](O)([C@@H](CC(=O)c4ccccc4)[C@H]21)C3(C)C,1.0,CC(=O)O[C@@]12CO[C@@H]1C[C@H](O)[C@@]1(C)C(=O)[C@H](O)C3=C(C)[C@@H](OC(=O)[C@H](O)[C@@H](NC(=O)OC(C)(C)CF)c4ccc(F)cc4)C[C@@](O)([C@@H](CC(=O)c4ccccc4)[C@@H]12)C3(C)C,O=C(CCc1ccccc1)OC1C=C2CC(=O)C3CCC4OCC4C3C(CC(=O)c3ccccc3)C(C2)C1,60
CC(=O)O[C@@]12CO[C@@H]1C[C@H](O)[C@@]1(C)C(=O)[C@H](O)C3=C(C)[C@@H](OC(=O)[C@H](O)[C@@H](NC(=O)OC(C)(C)CF)c4ccccc4)C[C@@](O)([C@@H](OC(=O)c4cccc(F)c4)[C@H]21)C3(C)C,0.0,CC(=O)O[C@@]12CO[C@@H]1C[C@H](O)[C@@]1(C)C(=O)[C@H](O)C3=C(C)[C@@H](OC(=O)[C@H](O)[C@@H](NC(=O)OC(C)(C)CF)c4ccccc4)C[C@@](O)([C@@H](OC(=O)c4cccc(F)c4)[C@@H]12)C3(C)C,O=C(CCc1ccccc1)OC1C=C2CC(=O)C3CCC4OCC4C3C(OC(=O)c3ccccc3)C(C2)C1,60
CC(=O)O[C@@]12CO[C@@H]1C[C@H](O)[C@@]1(C)C(=O)[C@H](O)C3=C(C)[C@@H](OC(=O)[C@H](O)[C@@H](NC(=O)OC(C)(C)CF)c4ccccc4)C[C@@](O)([C@@H](OC(=O)c4ccccc4)[C@H]21)C3(C)C,0.0,CC(=O)O[C@@]12CO[C@@H]1C[C@H](O)[C@@]1(C)C(=O)[C@H](O)C3=C(C)[C@@H](OC(=O)[C@H](O)[C@@H](NC(=O)OC(C)(C)CF)c4ccccc4)C[C@@](O)([C@@H](OC(=O)c4ccccc4)[C@@H]12)C3(C)C,O=C(CCc1ccccc1)OC1C=C2CC(=O)C3CCC4OCC4C3C(OC(=O)c3ccccc3)C(C2)C1,59
CC(=O)[C@H]1CC[C@H]2[C@@H]3CC[C@H]4C[C@@H](NS(C)(=O)=O)CC[C@]4(C)[C@H]3CC[C@]12C,0.0,CC(=O)[C@H]1CC[C@H]2[C@@H]3CC[C@H]4C[C@@H](NS(C)(=O)=O)CC[C@]4(C)[C@H]3CC[C@]12C,C1CCC2C(C1)CCC1C3CCCC3CCC21,27
CC(=O)[C@]12CCC(C)(C)C[C@H]1[C@H]1C(=O)C=C3[C@@]4(C)C=C(C#N)C(=O)C(C)(C)[C@@H]4CC[C@@]3(C)[C@]1(C)CC2,0.0,CC(=O)[C@]12CCC(C)(C)C[C@H]1[C@H]1C(=O)C=C3[C@@](C)(CC[C@H]4C(C)(C)C(=O)C(C#N)=C[C@]34C)[C@]1(C)CC2,O=C1C=CC2C3=CC(=O)C4C5CCCCC5CCC4C3CCC2C1,36
CC(=O)c1c(Cl)c(C(=O)NOCCO)c(Nc2ccc(I)cc2F)n1C,0.0,CC(=O)c1c(Cl)c(C(=O)NOCCO)c(Nc2ccc(I)cc2F)n1C,c1ccc(Nc2ccc[nH]2)cc1,26
CC(=O)c1c(Cl)c(C(=O)NOC[C@@H](O)CO)c(Nc2ccc(I)cc2F)n1C,0.0,CC(=O)c1c(Cl)c(C(=O)NOC[C@@H](O)CO)c(Nc2ccc(I)cc2F)n1C,c1ccc(Nc2ccc[nH]2)cc1,28
CC(=O)c1c(Cl)c(C(=O)NOC[C@H](O)CO)c(Nc2ccc(I)cc2F)n1C,0.0,CC(=O)c1c(Cl)c(C(=O)NOC[C@H](O)CO)c(Nc2ccc(I)cc2F)n1C,c1ccc(Nc2ccc[nH]2)cc1,28
CC(=O)c1c(F)c(C(=O)NOC[C@@H](O)CO)c(Nc2ccc(I)cc2F)n1C,0.0,CC(=O)c1c(F)c(C(=O)NOC[C@@H](O)CO)c(Nc2ccc(I)cc2F)n1C,c1ccc(Nc2ccc[nH]2)cc1,28
CC(=O)c1c(F)c(C(=O)NOC[C@H](O)CO)c(Nc2ccc(I)cc2F)n1C,0.0,CC(=O)c1c(F)c(C(=O)NOC[C@H](O)CO)c(Nc2ccc(I)cc2F)n1C,c1ccc(Nc2ccc[nH]2)cc1,28
CC(=O)c1cc(C(=O)N2CC(N)C2)c(Nc2ccc(I)cc2F)n1C,0.0,CC(=O)c1cc(C(=O)N2CC(N)C2)c(Nc2ccc(I)cc2F)n1C,O=C(c1cc[nH]c1Nc1ccccc1)N1CCC1,25
CC(=O)c1cc(C(=O)N2CC(O)C2)c(Nc2ccc(I)cc2F)n1C,0.0,CC(=O)c1cc(C(=O)N2CC(O)C2)c(Nc2ccc(I)cc2F)n1C,O=C(c1cc[nH]c1Nc1ccccc1)N1CCC1,25
CC(=O)c1cc(C(=O)N2CC[C@@H](O)C2)c(Nc2ccc(I)cc2F)n1C,0.0,CC(=O)c1cc(C(=O)N2CC[C@@H](O)C2)c(Nc2ccc(I)cc2F)n1C,O=C(c1cc[nH]c1Nc1ccccc1)N1CCCC1,26
CC(=O)c1cc(C(=O)NCCCO)c(Nc2ccc(I)cc2F)n1C,0.0,CC(=O)c1cc(C(=O)NCCCO)c(Nc2ccc(I)cc2F)n1C,c1ccc(Nc2ccc[nH]2)cc1,25
CC(=O)c1cc(C(=O)NOC(CO)CO)c(Nc2ccc(I)cc2F)n1C,0.0,CC(=O)c1cc(C(=O)NOC(CO)CO)c(Nc2ccc(I)cc2F)n1C,c1ccc(Nc2ccc[nH]2)cc1,27
CC(=O)c1cc(C(=O)NOCCCO)c(Nc2ccc(I)cc2F)n1C,0.0,CC(=O)c1cc(C(=O)NOCCCO)c(Nc2ccc(I)cc2F)n1C,c1ccc(Nc2ccc[nH]2)cc1,26
CC(=O)c1cc(C(=O)NOCCO)c(Nc2ccc(I)cc2F)n1C,0.0,CC(=O)c1cc(C(=O)NOCCO)c(Nc2ccc(I)cc2F)n1C,c1ccc(Nc2ccc[nH]2)cc1,25
CC(=O)c1cc(C(=O)NOC[C@@H](O)CO)c(Nc2ccc(I)cc2F)n1C,1.0,CC(=O)c1cc(C(=O)NOC[C@@H](O)CO)c(Nc2ccc(I)cc2F)n1C,c1ccc(Nc2ccc[nH]2)cc1,27
CC(=O)c1cc(C(=O)NOC[C@H](O)CO)c(Nc2ccc(I)cc2F)n1C,1.0,CC(=O)c1cc(C(=O)NOC[C@H](O)CO)c(Nc2ccc(I)cc2F)n1C,c1ccc(Nc2ccc[nH]2)cc1,27
CC(=O)c1cc(C(=O)O)c(Nc2ccc(I)cc2F)n1C,0.0,CC(=O)c1cc(C(=O)O)c(Nc2ccc(I)cc2F)n1C,c1ccc(Nc2ccc[nH]2)cc1,21
CC(=O)n1cc(C(=O)NOCCO)c(Nc2ccc(I)cc2F)c1C,0.0,CC(=O)n1cc(C(=O)NOCCO)c(Nc2ccc(I)cc2F)c1C,c1ccc(Nc2cc[nH]c2)cc1,25
CC(=O)n1cc(C(=O)O)c(Nc2ccc(I)cc2F)c1C,0.0,CC(=O)n1cc(C(=O)O)c(Nc2ccc(I)cc2F)c1C,c1ccc(Nc2cc[nH]c2)cc1,21
CC(=O)n1cc(Nc2ccc(I)cc2F)c(C(=O)NOCCO)c1,0.0,CC(=O)n1cc(Nc2ccc(I)cc2F)c(C(=O)NOCCO)c1,c1ccc(Nc2cc[nH]c2)cc1,24
CC(=O)n1cc(Nc2ccc(I)cc2F)c(C(=O)O)c1,0.0,CC(=O)n1cc(Nc2ccc(I)cc2F)c(C(=O)O)c1,c1ccc(Nc2cc[nH]c2)cc1,20
CC(C#N)C(=O)N1CCC(C)C(N(C)c2ncnc3[nH]ccc23)C1,0.0,CC(C#N)C(=O)N1CCC(C)C(N(C)c2ncnc3[nH]ccc23)C1,c1nc(NC2CCCNC2)c2cc[nH]c2n1,24
CC(C(=O)c1ccc(OCCCN2CCC[C@H]2C)cc1)N1CCOCC1,0.0,CC(C(=O)c1ccc(OCCCN2CCC[C@H]2C)cc1)N1CCOCC1,O=C(CN1CCOCC1)c1ccc(OCCCN2CCCC2)cc1,26
CC(C(O)c1ccc(O)cc1)N1CCC(Cc2ccccc2)CC1,0.0,CC(C(O)c1ccc(O)cc1)N1CCC(Cc2ccccc2)CC1,c1ccc(CCN2CCC(Cc3ccccc3)CC2)cc1,24
CC(C)(C(=O)NC(N)=O)[C@@H]1c2ccc(-c3ccc(C(=O)N4CCOCC4)cc3)nc2Oc2c(F)cccc21,0.0,CC(C)(C(=O)NC(N)=O)[C@@H]1c2ccc(-c3ccc(C(=O)N4CCOCC4)cc3)nc2Oc2c(F)cccc21,O=C(c1ccc(-c2ccc3c(n2)Oc2ccccc2C3)cc1)N1CCOCC1,38
CC(C)(C(=O)Nc1nncs1)[C@@H]1c2ccc(-c3ccc(C(=O)N4CCOCC4)cc3)nc2Oc2c(F)cccc21,0.0,CC(C)(C(=O)Nc1nncs1)[C@@H]1c2ccc(-c3ccc(C(=O)N4CCOCC4)cc3)nc2Oc2c(F)cccc21,O=C(CC1c2ccccc2Oc2nc(-c3ccc(C(=O)N4CCOCC4)cc3)ccc21)Nc1nncs1,40
CC(C)(C)C(=O)OCOP(=O)(COCCn1cnc2c(N)ncnc21)OCOC(=O)C(C)(C)C,0.0,CC(C)(C)C(=O)OCOP(=O)(COCCn1cnc2c(N)ncnc21)OCOC(=O)C(C)(C)C,c1ncc2nc[nH]c2n1,34
CC(C)(C)CC(=O)N1CCC[C@H]1C(=O)N1CCC(NS(=O)(=O)c2cc(S(=O)(=O)c3ccccc3)ccc2C(F)(F)F)CC1,0.0,CC(C)(C)CC(=O)N1CCC[C@H]1C(=O)N1CCC(NS(=O)(=O)c2cc(S(=O)(=O)c3ccccc3)ccc2C(F)(F)F)CC1,O=C(C1CCCN1)N1CCC(NS(=O)(=O)c2cccc(S(=O)(=O)c3ccccc3)c2)CC1,43
CC(C)(C)CCN1C(=O)C(C2=CS(=O)(=O)c3c(CNS(C)(=O)=O)cccc32)=C(O)[C@@H]1C(C)(C)C,0.0,CC(C)(C)CCN1C(=O)C(C2=CS(=O)(=O)c3c(CNS(C)(=O)=O)cccc32)=C(O)[C@@H]1C(C)(C)C,O=C1NCC=C1C1=CS(=O)(=O)c2ccccc21,34
CC(C)(C)CCN1C(=O)C(C2=NS(=O)(=O)c3c(CCS(C)(=O)=O)cccc32)=C(O)[C@@H]1C(C)(C)C,0.0,CC(C)(C)CCN1C(=O)C(C2=NS(=O)(=O)c3c(CCS(C)(=O)=O)cccc32)=C(O)[C@@H]1C(C)(C)C,O=C1NCC=C1C1=NS(=O)(=O)c2ccccc21,34
CC(C)(C)CCN1C(=O)C(C2=NS(=O)(=O)c3c(CNS(C)(=O)=O)cccc32)=C(O)[C@@H]1C(C)(C)C,0.0,CC(C)(C)CCN1C(=O)C(C2=NS(=O)(=O)c3c(CNS(C)(=O)=O)cccc32)=C(O)[C@@H]1C(C)(C)C,O=C1NCC=C1C1=NS(=O)(=O)c2ccccc21,34
CC(C)(C)CCN1C(=O)C(C2=NS(=O)(=O)c3c(OCC(N)=O)cccc32)=C(O)[C@@H]1C(C)(C)C,0.0,CC(C)(C)CCN1C(=O)C(C2=NS(=O)(=O)c3c(OCC(N)=O)cccc32)=C(O)[C@@H]1C(C)(C)C,O=C1NCC=C1C1=NS(=O)(=O)c2ccccc21,33
CC(C)(C)CCN1C(=O)C(C2=NS(=O)(=O)c3c(OCc4ncon4)cccc32)=C(O)[C@@H]1C(C)(C)C,0.0,CC(C)(C)CCN1C(=O)C(C2=NS(=O)(=O)c3c(OCc4ncon4)cccc32)=C(O)[C@@H]1C(C)(C)C,O=C1NCC=C1C1=NS(=O)(=O)c2c(OCc3ncon3)cccc21,35
CC(C)(C)CCN1C(=O)C(C2=NS(=O)(=O)c3cc(NS(C)(=O)=O)ccc3N2)=C(O)C2CCCC21,0.0,CC(C)(C)CCN1C(=O)C(C2=NS(=O)(=O)c3cc(NS(C)(=O)=O)ccc3N2)=C(O)C2CCCC21,O=C1NC2CCCC2C=C1C1=NS(=O)(=O)c2ccccc2N1,34
CC(C)(C)CCN1C(=O)C(C2=NS(=O)(=O)c3cc(NS(C)(=O)=O)ccc3N2)=C(O)C2CCCCC21,0.0,CC(C)(C)CCN1C(=O)C(C2=NS(=O)(=O)c3cc(NS(C)(=O)=O)ccc3N2)=C(O)C2CCCCC21,O=C1NC2CCCCC2C=C1C1=NS(=O)(=O)c2ccccc2N1,35
CC(C)(C)CCN1C(=O)C(C2=NS(=O)(=O)c3cc(NS(C)(=O)=O)ccc3N2)=C(O)C2CCCCCC21,0.0,CC(C)(C)CCN1C(=O)C(C2=NS(=O)(=O)c3cc(NS(C)(=O)=O)ccc3N2)=C(O)C2CCCCCC21,O=C1NC2CCCCCC2C=C1C1=NS(=O)(=O)c2ccccc2N1,36
CC(C)(C)CCN1C(=O)C(C2=NS(=O)(=O)c3cc(NS(C)(=O)=O)ccc3N2)=C(O)C2CCCN21,0.0,CC(C)(C)CCN1C(=O)C(C2=NS(=O)(=O)c3cc(NS(C)(=O)=O)ccc3N2)=C(O)C2CCCN21,O=C1NN2CCCC2C=C1C1=NS(=O)(=O)c2ccccc2N1,34
CC(C)(C)CCN1C(=O)C(C2=NS(=O)(=O)c3cc(NS(C)(=O)=O)ccc3N2)=C(O)[C@H]2CCC[C@H]21,0.0,CC(C)(C)CCN1C(=O)C(C2=NS(=O)(=O)c3cc(NS(C)(=O)=O)ccc3N2)=C(O)[C@H]2CCC[C@H]21,O=C1NC2CCCC2C=C1C1=NS(=O)(=O)c2ccccc2N1,34
CC(C)(C)CCN1C(=O)C(C2=NS(=O)(=O)c3ccccc32)=C(O)[C@@H]1C(C)(C)C,0.0,CC(C)(C)CCN1C(=O)C(C2=NS(=O)(=O)c3ccccc32)=C(O)[C@@H]1C(C)(C)C,O=C1NCC=C1C1=NS(=O)(=O)c2ccccc21,28
CC(C)(C)CCN1CCC[C@H]1C(=O)N1CCC(NS(=O)(=O)c2cc(S(=O)(=O)c3ccccc3)ccc2C(F)(F)F)CC1,0.0,CC(C)(C)CCN1CCC[C@H]1C(=O)N1CCC(NS(=O)(=O)c2cc(S(=O)(=O)c3ccccc3)ccc2C(F)(F)F)CC1,O=C(C1CCCN1)N1CCC(NS(=O)(=O)c2cccc(S(=O)(=O)c3ccccc3)c2)CC1,42
CC(C)(C)CCn1c(=O)c(C2=CS(=O)(=O)c3cc(NS(C)(=O)=O)ccc3N2)c(O)c2cccn21,0.0,CC(C)(C)CCn1c(=O)c(C2=CS(=O)(=O)c3cc(NS(C)(=O)=O)ccc3N2)c(O)c2cccn21,O=c1[nH]n2cccc2cc1C1=CS(=O)(=O)c2ccccc2N1,34
CC(C)(C)CCn1nc(-c2cccs2)c(O)c(C2=NS(=O)(=O)c3cc(OCC(N)=O)ccc3N2)c1=O,0.0,CC(C)(C)CCn1nc(-c2cccs2)c(O)c(C2=NS(=O)(=O)c3cc(OCC(N)=O)ccc3N2)c1=O,O=c1[nH]nc(-c2cccs2)cc1C1=NS(=O)(=O)c2ccccc2N1,36
CC(C)(C)CCn1nc(C(C)(C)C)c(O)c(C2=NS(=O)(=O)c3cc(OCC(N)=O)ccc3N2)c1=O,0.0,CC(C)(C)CCn1nc(C(C)(C)C)c(O)c(C2=NS(=O)(=O)c3cc(OCC(N)=O)ccc3N2)c1=O,O=c1[nH]nccc1C1=NS(=O)(=O)c2ccccc2N1,35
CC(C)(C)C[C@@H]1N[C@@H](C(=O)NCC(C)(C)O)[C@H](c2cccc(Cl)c2F)[C@]12C(=O)Nc1cc(Cl)ccc12,0.0,CC(C)(C)C[C@@H]1N[C@@H](C(=O)NCC(C)(C)O)[C@H](c2cccc(Cl)c2F)[C@]12C(=O)Nc1cc(Cl)ccc12,O=C1Nc2ccccc2C12CNCC2c1ccccc1,36
CC(C)(C)C[C@@H]1N[C@@H](C(=O)NCC[C@H](O)CO)[C@H](c2cccc(Cl)c2F)[C@]12C(=O)Nc1cc(Cl)ccc12,0.0,CC(C)(C)C[C@@H]1N[C@@H](C(=O)NCC[C@H](O)CO)[C@H](c2cccc(Cl)c2F)[C@]12C(=O)Nc1cc(Cl)ccc12,O=C1Nc2ccccc2C12CNCC2c1ccccc1,37
CC(C)(C)C[C@@H]1N[C@@H](C(=O)N[C@H]2CC[C@@H](O)C2)[C@H](c2cccc(Cl)c2F)[C@]12C(=O)Nc1cc(Cl)ccc12,0.0,CC(C)(C)C[C@@H]1N[C@@H](C(=O)N[C@H]2CC[C@@H](O)C2)[C@H](c2cccc(Cl)c2F)[C@]12C(=O)Nc1cc(Cl)ccc12,O=C(NC1CCCC1)C1NCC2(C(=O)Nc3ccccc32)C1c1ccccc1,37
CC(C)(C)C[C@@H]1N[C@@H](C(=O)N[C@H]2CC[C@H](O)C2)[C@H](c2cccc(Cl)c2F)[C@]12C(=O)Nc1cc(Cl)ccc12,0.0,CC(C)(C)C[C@@H]1N[C@@H](C(=O)N[C@H]2CC[C@H](O)C2)[C@H](c2cccc(Cl)c2F)[C@]12C(=O)Nc1cc(Cl)ccc12,O=C(NC1CCCC1)C1NCC2(C(=O)Nc3ccccc32)C1c1ccccc1,37
CC(C)(C)C[C@@H]1N[C@@H](C(=O)N[C@H]2C[C@@H](O)C2)[C@H](c2cccc(Cl)c2F)[C@]12C(=O)Nc1cc(Cl)ccc12,0.0,CC(C)(C)C[C@@H]1N[C@@H](C(=O)N[C@H]2C[C@@H](O)C2)[C@H](c2cccc(Cl)c2F)[C@]12C(=O)Nc1cc(Cl)ccc12,O=C(NC1CCC1)C1NCC2(C(=O)Nc3ccccc32)C1c1ccccc1,36
CC(C)(C)C[C@@H]1N[C@@H](C(=O)N[C@H]2C[C@@](C)(O)C2)[C@H](c2cccc(Cl)c2F)[C@]12C(=O)Nc1cc(Cl)ccc12,0.0,CC(C)(C)C[C@@H]1N[C@@H](C(=O)N[C@H]2C[C@@](C)(O)C2)[C@H](c2cccc(Cl)c2F)[C@]12C(=O)Nc1cc(Cl)ccc12,O=C(NC1CCC1)C1NCC2(C(=O)Nc3ccccc32)C1c1ccccc1,37
CC(C)(C)C[C@@H]1N[C@@H](C(=O)N[C@H]2C[C@H](NS(C)(=O)=O)C2)[C@H](c2cccc(Cl)c2F)[C@]12C(=O)Nc1cc(Cl)ccc12,0.0,CC(C)(C)C[C@@H]1N[C@@H](C(=O)N[C@H]2C[C@H](NS(C)(=O)=O)C2)[C@H](c2cccc(Cl)c2F)[C@]12C(=O)Nc1cc(Cl)ccc12,O=C(NC1CCC1)C1NCC2(C(=O)Nc3ccccc32)C1c1ccccc1,40
CC(C)(C)C[C@@H]1N[C@@H](C(=O)N[C@H]2C[C@H](O)C2)[C@H](c2cccc(Cl)c2F)[C@]12C(=O)Nc1cc(Cl)ccc12,0.0,CC(C)(C)C[C@@H]1N[C@@H](C(=O)N[C@H]2C[C@H](O)C2)[C@H](c2cccc(Cl)c2F)[C@]12C(=O)Nc1cc(Cl)ccc12,O=C(NC1CCC1)C1NCC2(C(=O)Nc3ccccc32)C1c1ccccc1,36
CC(C)(C)C[C@@H]1N[C@@H](C(=O)N[C@H]2C[C@](C)(O)C2)[C@H](c2cccc(Cl)c2F)[C@]12C(=O)Nc1cc(Cl)ccc12,0.0,CC(C)(C)C[C@@H]1N[C@@H](C(=O)N[C@H]2C[C@](C)(O)C2)[C@H](c2cccc(Cl)c2F)[C@]12C(=O)Nc1cc(Cl)ccc12,O=C(NC1CCC1)C1NCC2(C(=O)Nc3ccccc32)C1c1ccccc1,37
CC(C)(C)C[C@H]1N[C@@H](C(=O)NCC[C@H](O)CO)[C@H](c2cccc(Cl)c2)[C@@]12C(=O)Nc1cc(Cl)c(F)cc12,0.0,CC(C)(C)C[C@H]1N[C@@H](C(=O)NCC[C@H](O)CO)[C@H](c2cccc(Cl)c2)[C@@]12C(=O)Nc1cc(Cl)c(F)cc12,O=C1Nc2ccccc2C12CNCC2c1ccccc1,37
CC(C)(C)Cn1nc(-c2cccs2)c(O)c(C2=NS(=O)(=O)c3cc(OCC(N)=O)ccc3N2)c1=O,0.0,CC(C)(C)Cn1nc(-c2cccs2)c(O)c(C2=NS(=O)(=O)c3cc(OCC(N)=O)ccc3N2)c1=O,O=c1[nH]nc(-c2cccs2)cc1C1=NS(=O)(=O)c2ccccc2N1,35
CC(C)(C)Cn1nc(C(=O)NC(C)(C)c2ccccc2)c2c1[C@@H]1C[C@@H]1C2,0.0,CC(C)(C)Cn1nc(C(=O)NC(C)(C)c2ccccc2)c2c1[C@@H]1C[C@@H]1C2,O=C(NCc1ccccc1)c1n[nH]c2c1CC1CC21,26
CC(C)(C)NC(=O)N1CCC[C@H]1C(=O)N1CCC(NS(=O)(=O)c2cc(S(=O)(=O)c3ccccc3)ccc2C(F)(F)F)CC1,0.0,CC(C)(C)NC(=O)N1CCC[C@H]1C(=O)N1CCC(NS(=O)(=O)c2cc(S(=O)(=O)c3ccccc3)ccc2C(F)(F)F)CC1,O=C(C1CCCN1)N1CCC(NS(=O)(=O)c2cccc(S(=O)(=O)c3ccccc3)c2)CC1,43
CC(C)(C)NC(=O)c1nn(-c2ccc(F)cc2F)c2c1C[C@H]1C[C@@H]21,0.0,CC(C)(C)NC(=O)c1nn(-c2ccc(F)cc2F)c2c1C[C@H]1C[C@@H]21,c1ccc(-n2ncc3c2C2CC2C3)cc1,24
CC(C)(C)OC(=O)N1CCC[C@H]1C(=O)N1CCC(NS(=O)(=O)c2cc(S(=O)(=O)c3ccccc3)ccc2C(F)(F)F)CC1,0.0,CC(C)(C)OC(=O)N1CCC[C@H]1C(=O)N1CCC(NS(=O)(=O)c2cc(S(=O)(=O)c3ccccc3)ccc2C(F)(F)F)CC1,O=C(C1CCCN1)N1CCC(NS(=O)(=O)c2cccc(S(=O)(=O)c3ccccc3)c2)CC1,43
CC(C)(C)OC(=O)N1Cc2ccc(/C=C/C(=O)NO)cc2C1,0.0,CC(C)(C)OC(=O)N1Cc2ccc(/C=C/C(=O)NO)cc2C1,c1ccc2c(c1)CNC2,22
CC(C)(C)OC(=O)N[C@@H]1CC[C@@H](N2NNC3CNC4NCCC4C32)C1,0.0,CC(C)(C)OC(=O)N[C@@H]1CC[C@@H](N2NNC3CNC4NCCC4C32)C1,C1CCC(N2NNC3CNC4NCCC4C32)C1,25
CC(C)(C)OC(=O)N[C@H]1CC[C@H](N2NNC3CNC4NCCC4C32)CC1,0.0,CC(C)(C)OC(=O)N[C@H]1CC[C@H](N2NNC3CNC4NCCC4C32)CC1,C1CCC(N2NNC3CNC4NCCC4C32)CC1,26
CC(C)(C)OC(=O)Nc1ccc(-c2ccc(CNCCNc3ccnc4cc(Cl)ccc34)s2)cc1,0.0,CC(C)(C)OC(=O)Nc1ccc(-c2ccc(CNCCNc3ccnc4cc(Cl)ccc34)s2)cc1,c1ccc(-c2ccc(CNCCNc3ccnc4ccccc34)s2)cc1,35
CC(C)(C)OC[C@@H]1C(=O)NCCN1C(=O)C[C@H](N)Cc1cc(F)c(F)cc1F,0.0,CC(C)(C)OC[C@@H]1C(=O)NCCN1C(=O)C[C@H](N)Cc1cc(F)c(F)cc1F,O=C1CN(C(=O)CCCc2ccccc2)CCN1,28
CC(C)(C)[C@H]1C(O)=C(C2=NS(=O)(=O)c3c(CNS(C)(=O)=O)cccc32)C(=O)N1Cc1ccc(F)c(Cl)c1,0.0,CC(C)(C)[C@H]1C(O)=C(C2=NS(=O)(=O)c3c(CNS(C)(=O)=O)cccc32)C(=O)N1Cc1ccc(F)c(Cl)c1,O=C1C(C2=NS(=O)(=O)c3ccccc32)=CCN1Cc1ccccc1,37
CC(C)(C)[C@H]1C(O)=C(C2=NS(=O)(=O)c3c(OCC#N)cccc32)C(=O)N1Cc1ccc(F)c(Cl)c1,0.0,CC(C)(C)[C@H]1C(O)=C(C2=NS(=O)(=O)c3c(OCC#N)cccc32)C(=O)N1Cc1ccc(F)c(Cl)c1,O=C1C(C2=NS(=O)(=O)c3ccccc32)=CCN1Cc1ccccc1,35
CC(C)(C)[C@H]1C(O)=C(C2=NS(=O)(=O)c3c(OCC(N)=O)cccc32)C(=O)N1Cc1ccc(F)c(Cl)c1,0.0,CC(C)(C)[C@H]1C(O)=C(C2=NS(=O)(=O)c3c(OCC(N)=O)cccc32)C(=O)N1Cc1ccc(F)c(Cl)c1,O=C1C(C2=NS(=O)(=O)c3ccccc32)=CCN1Cc1ccccc1,36
CC(C)(C)[C@H]1C(O)=C(C2=NS(=O)(=O)c3c(OCc4ncon4)cccc32)C(=O)N1Cc1ccc(F)c(Cl)c1,0.0,CC(C)(C)[C@H]1C(O)=C(C2=NS(=O)(=O)c3c(OCc4ncon4)cccc32)C(=O)N1Cc1ccc(F)c(Cl)c1,O=C1C(C2=NS(=O)(=O)c3c(OCc4ncon4)cccc32)=CCN1Cc1ccccc1,38
CC(C)(C)[C@H]1C(O)=C(C2=NS(=O)(=O)c3cc(NS(C)(=O)=O)ccc32)C(=O)N1Cc1ccc(F)c(Cl)c1,0.0,CC(C)(C)[C@H]1C(O)=C(C2=NS(=O)(=O)c3cc(NS(C)(=O)=O)ccc32)C(=O)N1Cc1ccc(F)c(Cl)c1,O=C1C(C2=NS(=O)(=O)c3ccccc32)=CCN1Cc1ccccc1,36
CC(C)(C)c1ccc(-n2nnnc2SCC(=O)Nc2ccc(-c3ccc(CC(=O)O)cc3)cc2Cl)c(Cl)c1,0.0,CC(C)(C)c1ccc(-n2nnnc2SCC(=O)Nc2ccc(-c3ccc(CC(=O)O)cc3)cc2Cl)c(Cl)c1,O=C(CSc1nnnn1-c1ccccc1)Nc1ccc(-c2ccccc2)cc1,38
CC(C)(C)c1ccc(-n2nnnc2SCC(=O)Nc2ccc(-c3ccc(OCC(=O)O)cc3)cc2Cl)c(Cl)c1,0.0,CC(C)(C)c1ccc(-n2nnnc2SCC(=O)Nc2ccc(-c3ccc(OCC(=O)O)cc3)cc2Cl)c(Cl)c1,O=C(CSc1nnnn1-c1ccccc1)Nc1ccc(-c2ccccc2)cc1,39
CC(C)(C)c1ccc(-n2nnnc2SCC(=O)Nc2ccc(S(C)(=O)=O)cc2Cl)c(Cl)c1,0.0,CC(C)(C)c1ccc(-n2nnnc2SCC(=O)Nc2ccc(S(C)(=O)=O)cc2Cl)c(Cl)c1,O=C(CSc1nnnn1-c1ccccc1)Nc1ccccc1,32
CC(C)(C)c1ccc(-n2nnnc2SCC(=O)Nc2ccc(S(N)(=O)=O)cc2Cl)c(Cl)c1,0.0,CC(C)(C)c1ccc(-n2nnnc2SCC(=O)Nc2ccc(S(N)(=O)=O)cc2Cl)c(Cl)c1,O=C(CSc1nnnn1-c1ccccc1)Nc1ccccc1,32
CC(C)(C)c1ccc(-n2nnnc2SCC(=O)Nc2ccccc2Cl)c(Cl)c1,0.0,CC(C)(C)c1ccc(-n2nnnc2SCC(=O)Nc2ccccc2Cl)c(Cl)c1,O=C(CSc1nnnn1-c1ccccc1)Nc1ccccc1,28
CC(C)(C)c1ccc(/C=N/NC(=N)N/N=C/c2ccc(C(C)(C)C)cc2)cc1,0.0,CC(C)(C)c1ccc(/C=N/NC(=N)N/N=C/c2ccc(C(C)(C)C)cc2)cc1,N=C(NN=Cc1ccccc1)NN=Cc1ccccc1,28
CC(C)(C)c1ccc(C(=O)N[C@@H]2CC[C@@]3(O)[C@H]4Cc5ccc(O)c6c5[C@@]3(CCN4CC3CC3)[C@H]2O6)cc1,1.0,CC(C)(C)c1ccc(C(=O)N[C@@H]2CC[C@@]3(O)[C@H]4Cc5ccc(O)c6c5[C@@]3(CCN4CC3CC3)[C@H]2O6)cc1.O=C(O)C(=O)O,O=C(NC1CCC2C3Cc4cccc5c4C2(CCN3CC2CC2)C1O5)c1ccccc1,37
CC(C)(C)c1ccc(N(C(=O)CCC(=O)Nc2ccc(-c3ccc(OCC(=O)O)cc3)cc2Cl)C2CC2)c(Cl)c1,0.0,CC(C)(C)c1ccc(N(C(=O)CCC(=O)Nc2ccc(-c3ccc(OCC(=O)O)cc3)cc2Cl)C2CC2)c(Cl)c1,O=C(CCC(=O)N(c1ccccc1)C1CC1)Nc1ccc(-c2ccccc2)cc1,40
CC(C)(C)n1c(=O)n(Cc2nc3ccccc3n2CCCC#N)c2cnccc21,0.0,CC(C)(C)n1c(=O)n(Cc2nc3ccccc3n2CCCC#N)c2cnccc21,O=c1[nH]c2ccncc2n1Cc1nc2ccccc2[nH]1,29
CC(C)(CN1CCOCC1)NC(=O)c1nn(-c2ccc(F)cc2F)c2c1C[C@H]1C[C@@H]21,0.0,CC(C)(CN1CCOCC1)NC(=O)c1nn(-c2ccc(F)cc2F)c2c1C[C@H]1C[C@@H]21,O=C(NCCN1CCOCC1)c1nn(-c2ccccc2)c2c1CC1CC21,30
CC(C)(CO)NC(=O)c1nn(-c2ccc(F)cc2F)c2c1C[C@H]1C[C@@H]21,0.0,CC(C)(CO)NC(=O)c1nn(-c2ccc(F)cc2F)c2c1C[C@H]1C[C@@H]21,c1ccc(-n2ncc3c2C2CC2C3)cc1,25
CC(C)(F)CCn1nc(-c2cccs2)c(O)c(C2=NS(=O)(=O)c3cc(OCC(N)=O)ccc3N2)c1=O,0.0,CC(C)(F)CCn1nc(-c2cccs2)c(O)c(C2=NS(=O)(=O)c3cc(OCC(N)=O)ccc3N2)c1=O,O=c1[nH]nc(-c2cccs2)cc1C1=NS(=O)(=O)c2ccccc2N1,36
CC(C)(NC(=O)c1nn(-c2ccc(F)cc2F)c2c1C[C@H]1C[C@@H]21)c1ccccc1,0.0,CC(C)(NC(=O)c1nn(-c2ccc(F)cc2F)c2c1C[C@H]1C[C@@H]21)c1ccccc1,O=C(NCc1ccccc1)c1nn(-c2ccccc2)c2c1CC1CC21,29
CC(C)(NC(=O)c1nn(-c2ccc(F)cc2F)c2c1C[C@H]1C[C@@H]21)c1ccccn1,0.0,CC(C)(NC(=O)c1nn(-c2ccc(F)cc2F)c2c1C[C@H]1C[C@@H]21)c1ccccn1,O=C(NCc1ccccn1)c1nn(-c2ccccc2)c2c1CC1CC21,29
CC(C)(NC(=O)c1nn(-c2ccc(F)cc2F)c2c1C[C@H]1C[C@@H]21)c1cccnc1,0.0,CC(C)(NC(=O)c1nn(-c2ccc(F)cc2F)c2c1C[C@H]1C[C@@H]21)c1cccnc1,O=C(NCc1cccnc1)c1nn(-c2ccccc2)c2c1CC1CC21,29
CC(C)(NC(=O)c1nn(-c2ccc(F)cc2F)c2c1C[C@H]1C[C@@H]21)c1ccncc1,0.0,CC(C)(NC(=O)c1nn(-c2ccc(F)cc2F)c2c1C[C@H]1C[C@@H]21)c1ccncc1,O=C(NCc1ccncc1)c1nn(-c2ccccc2)c2c1CC1CC21,29
CC(C)(NC(=O)c1nn(-c2ccccn2)c2c1C[C@H]1C[C@@H]21)c1ccccc1,0.0,CC(C)(NC(=O)c1nn(-c2ccccn2)c2c1C[C@H]1C[C@@H]21)c1ccccc1,O=C(NCc1ccccc1)c1nn(-c2ccccn2)c2c1CC1CC21,27
CC(C)(NC(=O)c1nn(C(C)(C)C)c2c1C[C@H]1C[C@@H]21)c1ccccc1,0.0,CC(C)(NC(=O)c1nn(C(C)(C)C)c2c1C[C@H]1C[C@@H]21)c1ccccc1,O=C(NCc1ccccc1)c1n[nH]c2c1CC1CC21,25
CC(C)(NC(=O)c1nn(CCN2CCOCC2)c2c1C[C@H]1C[C@@H]21)c1ccccc1,0.0,CC(C)(NC(=O)c1nn(CCN2CCOCC2)c2c1C[C@H]1C[C@@H]21)c1ccccc1,O=C(NCc1ccccc1)c1nn(CCN2CCOCC2)c2c1CC1CC21,29
CC(C)(NC(=O)c1nn(Cc2ccc(F)cc2)c2c1C[C@H]1C[C@@H]21)c1ccccc1,0.0,CC(C)(NC(=O)c1nn(Cc2ccc(F)cc2)c2c1C[C@H]1C[C@@H]21)c1ccccc1,O=C(NCc1ccccc1)c1nn(Cc2ccccc2)c2c1CC1CC21,29
CC(C)C(=O)N(Cc1ccc(Cl)c(Cl)c1Cl)[C@H]1CCNC1,0.0,CC(C)C(=O)N(Cc1ccc(Cl)c(Cl)c1Cl)[C@H]1CCNC1,c1ccc(CNC2CCNC2)cc1,21
CC(C)C(=O)N(Cc1ccc(Cl)cc1Cl)[C@H]1CCNC1,0.0,CC(C)C(=O)N(Cc1ccc(Cl)cc1Cl)[C@H]1CCNC1,c1ccc(CNC2CCNC2)cc1,20
CC(C)C(=O)N(Cc1cccc(Cl)c1Cl)[C@H]1CCNC1,0.0,CC(C)C(=O)N(Cc1cccc(Cl)c1Cl)[C@H]1CCNC1,c1ccc(CNC2CCNC2)cc1,20
CC(C)C(=O)N/C(=N/C1=NC(=O)C(=O)N1C(C)C)Nc1ccc(Cl)c(Cl)c1,0.0,CC(C)C(=O)N/C(=N/C1=NC(=O)C(=O)N1C(C)C)Nc1ccc(Cl)c(Cl)c1,O=C1N=C(N=CNc2ccccc2)NC1=O,27
CC(C)C(=O)N1CCC(Oc2ccc3c(c2)CCC2(CCN(C4CCC4)CC2)O3)CC1,0.0,CC(C)C(=O)N1CCC(Oc2ccc3c(c2)CCC2(CCN(C4CCC4)CC2)O3)CC1,c1cc2c(cc1OC1CCNCC1)CCC1(CCN(C3CCC3)CC1)O2,31
CC(C)C(=O)N[C@H]1CC[C@H](Nc2ncc3ccc(=O)n(C(C)C)c3n2)CC1,0.0,CC(C)C(=O)N[C@H]1CC[C@H](Nc2ncc3ccc(=O)n(C(C)C)c3n2)CC1,O=c1ccc2cnc(NC3CCCCC3)nc2[nH]1,27
CC(C)C(=O)Nc1ccc2oc(-c3ccc(Cl)cc3)nc2c1,1.0,CC(C)C(=O)Nc1ccc2oc(-c3ccc(Cl)cc3)nc2c1,c1ccc(-c2nc3ccccc3o2)cc1,22
CC(C)CC(=O)N[C@H]1CC[C@H](N2NNC3CNC4NCCC4C32)CC1,1.0,CC(C)CC(=O)N[C@H]1CC[C@H](N2NNC3CNC4NCCC4C32)CC1,C1CCC(N2NNC3CNC4NCCC4C32)CC1,25
CC(C)CC(N(C)C)C1(c2ccc(Cl)c(Cl)c2)CCCCC1,0.0,CC(C)CC(N(C)C)C1(c2ccc(Cl)c(Cl)c2)CCCCC1,c1ccc(C2CCCCC2)cc1,22
CC(C)CC(N)C1(c2ccc(Cl)c(Cl)c2)CCCCC1,0.0,CC(C)CC(N)C1(c2ccc(Cl)c(Cl)c2)CCCCC1,c1ccc(C2CCCCC2)cc1,20
CC(C)CC(O)(c1cccc(C(F)(F)F)c1)c1ncc(-n2ccc(NC(=O)c3cscn3)cc2=O)[nH]1,0.0,CC(C)CC(O)(c1cccc(C(F)(F)F)c1)c1ncc(-n2ccc(NC(=O)c3cscn3)cc2=O)[nH]1,O=C(Nc1ccn(-c2cnc(Cc3ccccc3)[nH]2)c(=O)c1)c1cscn1,36
CC(C)CC1n2cncc2CN(C2(c3ccc(Cl)cc3)CC2)S1(=O)=O,0.0,CC(C)CC1n2cncc2CN(C2(c3ccc(Cl)cc3)CC2)S1(=O)=O,O=S1(=O)Cn2cncc2CN1C1(c2ccccc2)CC1,25
CC(C)CC1n2cncc2CN(C2CC2)S1(=O)=O,1.0,CC(C)CC1n2cncc2CN(C2CC2)S1(=O)=O,O=S1(=O)Cn2cncc2CN1C1CC1,18
CC(C)CC1n2cncc2CN(CC2CC2)S1(=O)=O,0.0,CC(C)CC1n2cncc2CN(CC2CC2)S1(=O)=O,O=S1(=O)Cn2cncc2CN1CC1CC1,19
CC(C)CC1n2cncc2CN(Cc2ccc(C(F)(F)F)cc2)S1(=O)=O,0.0,CC(C)CC1n2cncc2CN(Cc2ccc(C(F)(F)F)cc2)S1(=O)=O,O=S1(=O)Cn2cncc2CN1Cc1ccccc1,26
CC(C)CC1n2cncc2CN(Cc2ccc(Cl)cc2)S1(=O)=O,0.0,CC(C)CC1n2cncc2CN(Cc2ccc(Cl)cc2)S1(=O)=O,O=S1(=O)Cn2cncc2CN1Cc1ccccc1,23
CC(C)CC1n2cncc2CN(Cc2ccc(F)cc2)S1(=O)=O,0.0,CC(C)CC1n2cncc2CN(Cc2ccc(F)cc2)S1(=O)=O,O=S1(=O)Cn2cncc2CN1Cc1ccccc1,23
CC(C)CC1n2cncc2CN(Cc2ccc(OC(F)(F)F)cc2)S1(=O)=O,0.0,CC(C)CC1n2cncc2CN(Cc2ccc(OC(F)(F)F)cc2)S1(=O)=O,O=S1(=O)Cn2cncc2CN1Cc1ccccc1,27
CC(C)CC1n2cncc2CN(Cc2ccccc2)S1(=O)=O,0.0,CC(C)CC1n2cncc2CN(Cc2ccccc2)S1(=O)=O,O=S1(=O)Cn2cncc2CN1Cc1ccccc1,22
CC(C)CC1n2cncc2CN(Cc2cccs2)S1(=O)=O,0.0,CC(C)CC1n2cncc2CN(Cc2cccs2)S1(=O)=O,O=S1(=O)Cn2cncc2CN1Cc1cccs1,21
CC(C)CC1n2cncc2CN([C@@H](C)c2ccc(Cl)cc2)S1(=O)=O,0.0,CC(C)CC1n2cncc2CN([C@@H](C)c2ccc(Cl)cc2)S1(=O)=O,O=S1(=O)Cn2cncc2CN1Cc1ccccc1,24
CC(C)CC1n2cncc2CN([C@H](C)c2ccc(Cl)cc2)S1(=O)=O,0.0,CC(C)CC1n2cncc2CN([C@H](C)c2ccc(Cl)cc2)S1(=O)=O,O=S1(=O)Cn2cncc2CN1Cc1ccccc1,24
CC(C)CCC1CCC(C)CC1N(C)c1ncnc2[nH]ccc12,0.0,CC(C)CCC1CCC(C)CC1N(C)c1ncnc2[nH]ccc12,c1nc(NC2CCCCC2)c2cc[nH]c2n1,23
CC(C)CCN1C(=O)C(C2=NS(=O)(=O)c3cc(NS(C)(=O)=O)ccc3N2)=C(O)C2CCCC21,0.0,CC(C)CCN1C(=O)C(C2=NS(=O)(=O)c3cc(NS(C)(=O)=O)ccc3N2)=C(O)C2CCCC21,O=C1NC2CCCC2C=C1C1=NS(=O)(=O)c2ccccc2N1,33
CC(C)CCN1C(=O)C(C2=NS(=O)(=O)c3cc(NS(C)(=O)=O)ccc3N2)=C(O)C2CCCCC21,0.0,CC(C)CCN1C(=O)C(C2=NS(=O)(=O)c3cc(NS(C)(=O)=O)ccc3N2)=C(O)C2CCCCC21,O=C1NC2CCCCC2C=C1C1=NS(=O)(=O)c2ccccc2N1,34
CC(C)CCN1C(=O)C(C2=NS(=O)(=O)c3cc(NS(C)(=O)=O)ccc3N2)=C(O)[C@H]2CCC[C@H]21,0.0,CC(C)CCN1C(=O)C(C2=NS(=O)(=O)c3cc(NS(C)(=O)=O)ccc3N2)=C(O)[C@H]2CCC[C@H]21,O=C1NC2CCCC2C=C1C1=NS(=O)(=O)c2ccccc2N1,33
CC(C)CCc1cc(N(C)CCNc2ccnc(N)n2)nc(N)n1,0.0,CC(C)CCc1cc(N(C)CCNc2ccnc(N)n2)nc(N)n1,c1cc(NCCNc2ccncn2)ncn1,24
CC(C)CCc1cc(N2CCN(C)CC2)nc(N)n1,0.0,CC(C)CCc1cc(N2CCN(C)CC2)nc(N)n1,c1cc(N2CCNCC2)ncn1,19
CC(C)CCc1cc(NCCNc2ccnc(N)n2)nc(N)n1,0.0,CC(C)CCc1cc(NCCNc2ccnc(N)n2)nc(N)n1,c1cc(NCCNc2ccncn2)ncn1,23
CC(C)CCn1c(=O)c(C2=CS(=O)(=O)c3cc(N(C)S(C)(=O)=O)ccc3N2)c(O)c2cccn21,0.0,CC(C)CCn1c(=O)c(C2=CS(=O)(=O)c3cc(N(C)S(C)(=O)=O)ccc3N2)c(O)c2cccn21,O=c1[nH]n2cccc2cc1C1=CS(=O)(=O)c2ccccc2N1,34
CC(C)CCn1c(=O)c(C2=CS(=O)(=O)c3cc(NS(C)(=O)=O)ccc3N2)c(O)c2cccn21,0.0,CC(C)CCn1c(=O)c(C2=CS(=O)(=O)c3cc(NS(C)(=O)=O)ccc3N2)c(O)c2cccn21,O=c1[nH]n2cccc2cc1C1=CS(=O)(=O)c2ccccc2N1,33
CC(C)CCn1nc(-c2ccccc2)c(O)c(C2=CS(=O)(=O)c3cc(NS(C)(=O)=O)ccc3N2)c1=O,0.0,CC(C)CCn1nc(-c2ccccc2)c(O)c(C2=CS(=O)(=O)c3cc(NS(C)(=O)=O)ccc3N2)c1=O,O=c1[nH]nc(-c2ccccc2)cc1C1=CS(=O)(=O)c2ccccc2N1,36
CC(C)CCn1nc(-c2cccs2)c(O)c(C2=CS(=O)(=O)c3cc(NS(C)(=O)=O)ccc3N2)c1=O,0.0,CC(C)CCn1nc(-c2cccs2)c(O)c(C2=CS(=O)(=O)c3cc(NS(C)(=O)=O)ccc3N2)c1=O,O=c1[nH]nc(-c2cccs2)cc1C1=CS(=O)(=O)c2ccccc2N1,35
CC(C)CCn1nc(-c2cccs2)c(O)c(C2=NS(=O)(=O)c3cc(OCC(N)=O)ccc3N2)c1=O,0.0,CC(C)CCn1nc(-c2cccs2)c(O)c(C2=NS(=O)(=O)c3cc(OCC(N)=O)ccc3N2)c1=O,O=c1[nH]nc(-c2cccs2)cc1C1=NS(=O)(=O)c2ccccc2N1,35
CC(C)CCn1nc(-c2cccs2)c(O)c(C2=Nc3ccc(NS(C)(=O)=O)cc3S(=O)(=O)N2)c1=O,0.0,CC(C)CCn1nc(-c2cccs2)c(O)c(C2=Nc3ccc(NS(C)(=O)=O)cc3S(=O)(=O)N2)c1=O,O=c1[nH]nc(-c2cccs2)cc1C1=Nc2ccccc2S(=O)(=O)N1,35
CC(C)CCn1nc(-c2cncs2)c(O)c(C2=Nc3ccc(OCC(N)=O)cc3S(=O)(=O)N2)c1=O,0.0,CC(C)CCn1nc(-c2cncs2)c(O)c(C2=Nc3ccc(OCC(N)=O)cc3S(=O)(=O)N2)c1=O,O=c1[nH]nc(-c2cncs2)cc1C1=Nc2ccccc2S(=O)(=O)N1,35
CC(C)CCn1nc(-c2nccs2)c(O)c(C2=NS(=O)(=O)c3cc(OCC(N)=O)ccc3N2)c1=O,0.0,CC(C)CCn1nc(-c2nccs2)c(O)c(C2=NS(=O)(=O)c3cc(OCC(N)=O)ccc3N2)c1=O,O=c1[nH]nc(-c2nccs2)cc1C1=NS(=O)(=O)c2ccccc2N1,35
CC(C)CN(C(=O)c1cccc(Cl)c1Cl)[C@H]1CCNC1,0.0,CC(C)CN(C(=O)c1cccc(Cl)c1Cl)[C@H]1CCNC1,O=C(NC1CCNC1)c1ccccc1,20
CC(C)CN1C[C@@H]2C[C@H]1CN2c1cc(F)c(-c2ccnc3c(-c4cccc5[nH]ncc45)c(-c4ccncc4)nn23)c(F)c1,0.0,CC(C)CN1C[C@@H]2C[C@H]1CN2c1cc(F)c(-c2ccnc3c(-c4cccc5[nH]ncc45)c(-c4ccncc4)nn23)c(F)c1,c1cc(-c2c(-c3ccncc3)nn3c(-c4ccc(N5CC6CC5CN6)cc4)ccnc23)c2cn[nH]c2c1,43
CC(C)CNC(=O)[C@H]1C[C@@](F)(c2ccc(CN3CCCC3)c(F)c2)C1,0.0,CC(C)CNC(=O)[C@H]1C[C@@](F)(c2ccc(CN3CCCC3)c(F)c2)C1,c1cc(C2CCC2)ccc1CN1CCCC1,25
CC(C)CNc1cc(N(C)CCNc2ccnc(N)n2)nc(N)n1,0.0,CC(C)CNc1cc(N(C)CCNc2ccnc(N)n2)nc(N)n1,c1cc(NCCNc2ccncn2)ncn1,24
CC(C)CNc1cc(N2CCN(C)CC2)nc(N)n1,0.0,CC(C)CNc1cc(N2CCN(C)CC2)nc(N)n1,c1cc(N2CCNCC2)ncn1,19
CC(C)COc1cc(NC(=O)C2(NC(=O)c3ccc4c(C5CCCC5)c(-c5ccccn5)n(C)c4c3)CCC2)ccc1/C=C/C(=O)O,1.0,CC(C)COc1cc(NC(=O)C2(NC(=O)c3ccc4c(C5CCCC5)c(-c5ccccn5)n(C)c4c3)CCC2)ccc1/C=C/C(=O)O,O=C(NC1(C(=O)Nc2ccccc2)CCC1)c1ccc2c(C3CCCC3)c(-c3ccccn3)[nH]c2c1,47
CC(C)C[C@H]1C(=O)N[C@@H](C2CCCC2)CN1C(=O)c1cc(-c2ccc(F)cc2)on1,0.0,CC(C)C[C@H]1C(=O)N[C@@H](C2CCCC2)CN1C(=O)c1cc(-c2ccc(F)cc2)on1,O=C1CN(C(=O)c2cc(-c3ccccc3)on2)CC(C2CCCC2)N1,30
CC(C)C[C@H]1C(=O)N[C@@H](c2ccccc2)CN1C(=O)c1cc(-c2ccc(F)cc2)on1,0.0,CC(C)C[C@H]1C(=O)N[C@@H](c2ccccc2)CN1C(=O)c1cc(-c2ccc(F)cc2)on1,O=C1CN(C(=O)c2cc(-c3ccccc3)on2)CC(c2ccccc2)N1,31
CC(C)C[C@H]1C(=O)N[C@@H](c2cccs2)CN1C(=O)c1cc(-c2ccc(F)cc2)on1,0.0,CC(C)C[C@H]1C(=O)N[C@@H](c2cccs2)CN1C(=O)c1cc(-c2ccc(F)cc2)on1,O=C1CN(C(=O)c2cc(-c3ccccc3)on2)CC(c2cccs2)N1,30
CC(C)C[C@H]1C(=O)N[C@@H](c2cnco2)CN1C(=O)c1cc(-c2ccc(F)cc2)on1,0.0,CC(C)C[C@H]1C(=O)N[C@@H](c2cnco2)CN1C(=O)c1cc(-c2ccc(F)cc2)on1,O=C1CN(C(=O)c2cc(-c3ccccc3)on2)CC(c2cnco2)N1,30
CC(C)Cc1nc2c(C(F)(F)F)cccc2n1-c1cccc(Oc2cccc(S(C)(=O)=O)c2)c1,0.0,CC(C)Cc1nc2c(C(F)(F)F)cccc2n1-c1cccc(Oc2cccc(S(C)(=O)=O)c2)c1,c1ccc(Oc2cccc(-n3cnc4ccccc43)c2)cc1,34
CC(C)N(C(=O)n1cnc(S[C@@H]2C[C@H]3CC[C@@H]2C3)n1)C(C)C,0.0,CC(C)N(C(=O)n1cnc(S[C@@H]2C[C@H]3CC[C@@H]2C3)n1)C(C)C,c1nc(SC2CC3CCC2C3)n[nH]1,22
CC(C)N(C)C(=O)n1cnc(S(=O)(=O)C2CC3CCC2C3)n1,0.0,CC(C)N(C)C(=O)n1cnc(S(=O)(=O)C2CC3CCC2C3)n1,O=S(=O)(c1nc[nH]n1)C1CC2CCC1C2,22
CC(C)N/C(=N/C1=NC(=O)C(=O)N1c1ccc(Cl)c(Cl)c1)NC(=O)C(C)C,0.0,CC(C)N/C(=N/C1=NC(=O)C(=O)N1c1ccc(Cl)c(Cl)c1)NC(=O)C(C)C,O=C1N=CN(c2ccccc2)C1=O,27
CC(C)N1C(=O)C(=O)N=C1/N=C(/NC(=O)C(C)(C)C)Nc1ccc(Cl)c(Cl)c1,0.0,CC(C)N1C(=O)C(=O)N=C1/N=C(/NC(=O)C(C)(C)C)Nc1ccc(Cl)c(Cl)c1,O=C1N=C(N=CNc2ccccc2)NC1=O,28
CC(C)N1CCC(Oc2ccc(/C=C/c3[nH]nc4cc([C@@H]5C[C@@]56C(=O)Nc5ccccc56)ccc34)cc2)CC1,0.0,CC(C)N1CCC(Oc2ccc(/C=C/c3[nH]nc4cc([C@@H]5C[C@@]56C(=O)Nc5ccccc56)ccc34)cc2)CC1,O=C1Nc2ccccc2C12CC2c1ccc2c(C=Cc3ccc(OC4CCNCC4)cc3)[nH]nc2c1,39
CC(C)N1CCN(C(=O)c2ccc(CN3CCCCC3)nc2)CC1,0.0,CC(C)N1CCN(C(=O)c2ccc(CN3CCCCC3)nc2)CC1,O=C(c1ccc(CN2CCCCC2)nc1)N1CCNCC1,24
CC(C)N1CCN(C2CCc3ccc(OCc4noc(-c5ccc(Cl)cc5)n4)cc32)CC1,0.0,CC(C)N1CCN(C2CCc3ccc(OCc4noc(-c5ccc(Cl)cc5)n4)cc32)CC1,c1ccc(-c2nc(COc3ccc4c(c3)C(N3CCNCC3)CC4)no2)cc1,32
CC(C)N1C[C@@H]2C[C@H]1CN2c1cc(F)c(-c2ccnc3c(-c4cccc5[nH]ncc45)c(-c4ccncc4)nn23)c(F)c1,0.0,CC(C)N1C[C@@H]2C[C@H]1CN2c1cc(F)c(-c2ccnc3c(-c4cccc5[nH]ncc45)c(-c4ccncc4)nn23)c(F)c1,c1cc(-c2c(-c3ccncc3)nn3c(-c4ccc(N5CC6CC5CN6)cc4)ccnc23)c2cn[nH]c2c1,42
CC(C)NC(=O)N[C@H]1CC[C@H](Nc2ncc3ccc(=O)n(C(C)C)c3n2)CC1,0.0,CC(C)NC(=O)N[C@H]1CC[C@H](Nc2ncc3ccc(=O)n(C(C)C)c3n2)CC1,O=c1ccc2cnc(NC3CCCCC3)nc2[nH]1,28
CC(C)NC(=O)N[C@H]1CC[C@H](Nc2ncc3ccc(=O)n(C4CCCC4)c3n2)CC1,0.0,CC(C)NC(=O)N[C@H]1CC[C@H](Nc2ncc3ccc(=O)n(C4CCCC4)c3n2)CC1,O=c1ccc2cnc(NC3CCCCC3)nc2n1C1CCCC1,30
CC(C)NC(=O)[C@@H]1C[C@@H](NC(=O)c2ccccc2)CN1C(=O)CN,0.0,CC(C)NC(=O)[C@@H]1C[C@@H](NC(=O)c2ccccc2)CN1C(=O)CN,O=C(NC1CCNC1)c1ccccc1,24
CC(C)NCC(O)COc1cccc2ccccc12,0.0,CC(C)NCC(O)COc1cccc2ccccc12,c1ccc2ccccc2c1,19
CC(C)NCC1CCC2(CC1)OOC1(CCCCC1)OO2,0.0,CC(C)NCC1CCC2(CC1)OOC1(CCCCC1)OO2,C1CCC2(CC1)OOC1(CCCCC1)OO2,21
CC(C)OC(=O)C1=CN(C(=O)c2ccc(CCN3CCOCC3)cc2)CC(C)(C)c2c1[nH]c1cc(F)ccc21,0.0,CC(C)OC(=O)C1=CN(C(=O)c2ccc(CCN3CCOCC3)cc2)CC(C)(C)c2c1[nH]c1cc(F)ccc21,O=C(c1ccc(CCN2CCOCC2)cc1)N1C=Cc2[nH]c3ccccc3c2CC1,39
CC(C)OC(=O)C1=CN(C(=O)c2ccc(CCN3CCOCC3)cc2)CC(C)(C)c2c1[nH]c1ccccc21,0.0,CC(C)OC(=O)C1=CN(C(=O)c2ccc(CCN3CCOCC3)cc2)CC(C)(C)c2c1[nH]c1ccccc21,O=C(c1ccc(CCN2CCOCC2)cc1)N1C=Cc2[nH]c3ccccc3c2CC1,38
CC(C)OC(=O)C1=CN(C(=O)c2ccc(CN3CCOCC3)cc2)CC(C)(C)c2c1[nH]c1cc(F)ccc21,0.0,CC(C)OC(=O)C1=CN(C(=O)c2ccc(CN3CCOCC3)cc2)CC(C)(C)c2c1[nH]c1cc(F)ccc21,O=C(c1ccc(CN2CCOCC2)cc1)N1C=Cc2[nH]c3ccccc3c2CC1,38
CC(C)OC(=O)C1=CN(C(=O)c2ccc(CN3CCOCC3)cc2)CC(C)(C)c2c1[nH]c1ccccc21,0.0,CC(C)OC(=O)C1=CN(C(=O)c2ccc(CN3CCOCC3)cc2)CC(C)(C)c2c1[nH]c1ccccc21,O=C(c1ccc(CN2CCOCC2)cc1)N1C=Cc2[nH]c3ccccc3c2CC1,37
CC(C)OC(=O)C1=CN(C(=O)c2ccc(F)c(F)c2)CC(C)(C)c2c1[nH]c1ccc(F)cc21,0.0,CC(C)OC(=O)C1=CN(C(=O)c2ccc(F)c(F)c2)CC(C)(C)c2c1[nH]c1ccc(F)cc21,O=C(c1ccccc1)N1C=Cc2[nH]c3ccccc3c2CC1,33
CC(C)OC(=O)C1=CN(C(=O)c2ccc(F)c(F)c2)CC(C)(C)c2c1[nH]c1ccccc21,0.0,CC(C)OC(=O)C1=CN(C(=O)c2ccc(F)c(F)c2)CC(C)(C)c2c1[nH]c1ccccc21,O=C(c1ccccc1)N1C=Cc2[nH]c3ccccc3c2CC1,32
CC(C)OC(=O)C1=CN(C(=O)c2ccc(OCCCN(C)C)cc2)CC(C)(C)c2c1[nH]c1ccccc21,0.0,CC(C)OC(=O)C1=CN(C(=O)c2ccc(OCCCN(C)C)cc2)CC(C)(C)c2c1[nH]c1ccccc21,O=C(c1ccccc1)N1C=Cc2[nH]c3ccccc3c2CC1,37
CC(C)OC(=O)C1=CN(C(=O)c2ccc(OCCCN3CCCC3)cc2)CC(C)(C)c2c1[nH]c1ccccc21,0.0,CC(C)OC(=O)C1=CN(C(=O)c2ccc(OCCCN3CCCC3)cc2)CC(C)(C)c2c1[nH]c1ccccc21,O=C(c1ccc(OCCCN2CCCC2)cc1)N1C=Cc2[nH]c3ccccc3c2CC1,39
CC(C)OC(=O)C1=CN(C(=O)c2ccc(OCCCN3CCCCC3)cc2)CC(C)(C)c2c1[nH]c1ccccc21,0.0,CC(C)OC(=O)C1=CN(C(=O)c2ccc(OCCCN3CCCCC3)cc2)CC(C)(C)c2c1[nH]c1ccccc21,O=C(c1ccc(OCCCN2CCCCC2)cc1)N1C=Cc2[nH]c3ccccc3c2CC1,40
CC(C)OC(=O)C1=CN(C(=O)c2ccc(OCCCN3CCN(C)CC3)cc2)CC(C)(C)c2c1[nH]c1ccccc21,0.0,CC(C)OC(=O)C1=CN(C(=O)c2ccc(OCCCN3CCN(C)CC3)cc2)CC(C)(C)c2c1[nH]c1ccccc21,O=C(c1ccc(OCCCN2CCNCC2)cc1)N1C=Cc2[nH]c3ccccc3c2CC1,41
CC(C)OC(=O)C1=CN(C(=O)c2ccc(OCCCN3CCOCC3)cc2)CC(C)(C)c2c1[nH]c1cc(F)ccc21,0.0,CC(C)OC(=O)C1=CN(C(=O)c2ccc(OCCCN3CCOCC3)cc2)CC(C)(C)c2c1[nH]c1cc(F)ccc21,O=C(c1ccc(OCCCN2CCOCC2)cc1)N1C=Cc2[nH]c3ccccc3c2CC1,41
CC(C)OC(=O)C1=CN(C(=O)c2ccc(OCCCN3CCOCC3)cc2)CC(C)(C)c2c1[nH]c1ccccc21,0.0,CC(C)OC(=O)C1=CN(C(=O)c2ccc(OCCCN3CCOCC3)cc2)CC(C)(C)c2c1[nH]c1ccccc21,O=C(c1ccc(OCCCN2CCOCC2)cc1)N1C=Cc2[nH]c3ccccc3c2CC1,40
CC(C)OC(=O)C1=CN(C(=O)c2ccc(OCCN(C)C)cc2)CC(C)(C)c2c1[nH]c1ccccc21,0.0,CC(C)OC(=O)C1=CN(C(=O)c2ccc(OCCN(C)C)cc2)CC(C)(C)c2c1[nH]c1ccccc21,O=C(c1ccccc1)N1C=Cc2[nH]c3ccccc3c2CC1,36
CC(C)OC(=O)C1=CN(C(=O)c2ccc(OCCN3CCCC3)cc2)CC(C)(C)c2c1[nH]c1ccccc21,0.0,CC(C)OC(=O)C1=CN(C(=O)c2ccc(OCCN3CCCC3)cc2)CC(C)(C)c2c1[nH]c1ccccc21,O=C(c1ccc(OCCN2CCCC2)cc1)N1C=Cc2[nH]c3ccccc3c2CC1,38
CC(C)OC(=O)C1=CN(C(=O)c2ccc(OCCN3CCCCC3)cc2)CC(C)(C)c2c1[nH]c1ccccc21,0.0,CC(C)OC(=O)C1=CN(C(=O)c2ccc(OCCN3CCCCC3)cc2)CC(C)(C)c2c1[nH]c1ccccc21,O=C(c1ccc(OCCN2CCCCC2)cc1)N1C=Cc2[nH]c3ccccc3c2CC1,39
CC(C)OC(=O)C1=CN(C(=O)c2ccc(OCCN3CCN(C)CC3)cc2)CC(C)(C)c2c1[nH]c1ccccc21,0.0,CC(C)OC(=O)C1=CN(C(=O)c2ccc(OCCN3CCN(C)CC3)cc2)CC(C)(C)c2c1[nH]c1ccccc21,O=C(c1ccc(OCCN2CCNCC2)cc1)N1C=Cc2[nH]c3ccccc3c2CC1,40
CC(C)OC(=O)C1=CN(C(=O)c2ccc(OCCN3CCOCC3)cc2)CC(C)(C)c2c1[nH]c1cc(F)ccc21,0.0,CC(C)OC(=O)C1=CN(C(=O)c2ccc(OCCN3CCOCC3)cc2)CC(C)(C)c2c1[nH]c1cc(F)ccc21,O=C(c1ccc(OCCN2CCOCC2)cc1)N1C=Cc2[nH]c3ccccc3c2CC1,40
CC(C)OC(=O)C1=CN(C(=O)c2ccc(OCCN3CCOCC3)cc2)CC(C)(C)c2c1[nH]c1ccccc21,0.0,CC(C)OC(=O)C1=CN(C(=O)c2ccc(OCCN3CCOCC3)cc2)CC(C)(C)c2c1[nH]c1ccccc21,O=C(c1ccc(OCCN2CCOCC2)cc1)N1C=Cc2[nH]c3ccccc3c2CC1,39
CC(C)OC(=O)C1=CN(C(=O)c2cccc(CN3CCCCC3)c2)CC(C)(C)c2c1[nH]c1ccccc21,0.0,CC(C)OC(=O)C1=CN(C(=O)c2cccc(CN3CCCCC3)c2)CC(C)(C)c2c1[nH]c1ccccc21,O=C(c1cccc(CN2CCCCC2)c1)N1C=Cc2[nH]c3ccccc3c2CC1,37
CC(C)OC(=O)C1=CN(C(=O)c2cccc(CN3CCN(C)CC3)c2)CC(C)(C)c2c1[nH]c1ccccc21,0.0,CC(C)OC(=O)C1=CN(C(=O)c2cccc(CN3CCN(C)CC3)c2)CC(C)(C)c2c1[nH]c1ccccc21,O=C(c1cccc(CN2CCNCC2)c1)N1C=Cc2[nH]c3ccccc3c2CC1,38
CC(C)OC(=O)C1=CN(C(=O)c2cccc(CN3CCOCC3)c2)CC(C)(C)c2c1[nH]c1ccccc21,0.0,CC(C)OC(=O)C1=CN(C(=O)c2cccc(CN3CCOCC3)c2)CC(C)(C)c2c1[nH]c1ccccc21,O=C(c1cccc(CN2CCOCC2)c1)N1C=Cc2[nH]c3ccccc3c2CC1,37
CC(C)OC(=O)C1=CN(C(=O)c2cccc(OCCCN(C)C)c2)CC(C)(C)c2c1[nH]c1ccccc21,0.0,CC(C)OC(=O)C1=CN(C(=O)c2cccc(OCCCN(C)C)c2)CC(C)(C)c2c1[nH]c1ccccc21,O=C(c1ccccc1)N1C=Cc2[nH]c3ccccc3c2CC1,37
CC(C)OC(=O)C1=CN(C(=O)c2cccc(OCCCN3CCCCC3)c2)CC(C)(C)c2c1[nH]c1ccccc21,0.0,CC(C)OC(=O)C1=CN(C(=O)c2cccc(OCCCN3CCCCC3)c2)CC(C)(C)c2c1[nH]c1ccccc21,O=C(c1cccc(OCCCN2CCCCC2)c1)N1C=Cc2[nH]c3ccccc3c2CC1,40
CC(C)OC(=O)C1=CN(C(=O)c2cccc(OCCCN3CCN(C)CC3)c2)CC(C)(C)c2c1[nH]c1ccccc21,0.0,CC(C)OC(=O)C1=CN(C(=O)c2cccc(OCCCN3CCN(C)CC3)c2)CC(C)(C)c2c1[nH]c1ccccc21,O=C(c1cccc(OCCCN2CCNCC2)c1)N1C=Cc2[nH]c3ccccc3c2CC1,41
CC(C)OC(=O)C1=CN(C(=O)c2cccc(OCCCN3CCOCC3)c2)CC(C)(C)c2c1[nH]c1ccccc21,0.0,CC(C)OC(=O)C1=CN(C(=O)c2cccc(OCCCN3CCOCC3)c2)CC(C)(C)c2c1[nH]c1ccccc21,O=C(c1cccc(OCCCN2CCOCC2)c1)N1C=Cc2[nH]c3ccccc3c2CC1,40
CC(C)OC(=O)C1=CN(C(=O)c2cccc(OCCN(C)C)c2)CC(C)(C)c2c1[nH]c1ccccc21,0.0,CC(C)OC(=O)C1=CN(C(=O)c2cccc(OCCN(C)C)c2)CC(C)(C)c2c1[nH]c1ccccc21,O=C(c1ccccc1)N1C=Cc2[nH]c3ccccc3c2CC1,36
CC(C)OC(=O)C1=CN(C(=O)c2cccc(OCCN3CCCCC3)c2)CC(C)(C)c2c1[nH]c1ccccc21,0.0,CC(C)OC(=O)C1=CN(C(=O)c2cccc(OCCN3CCCCC3)c2)CC(C)(C)c2c1[nH]c1ccccc21,O=C(c1cccc(OCCN2CCCCC2)c1)N1C=Cc2[nH]c3ccccc3c2CC1,39
CC(C)OC(=O)C1=CN(C(=O)c2cccc(OCCN3CCN(C)CC3)c2)CC(C)(C)c2c1[nH]c1ccccc21,0.0,CC(C)OC(=O)C1=CN(C(=O)c2cccc(OCCN3CCN(C)CC3)c2)CC(C)(C)c2c1[nH]c1ccccc21,O=C(c1cccc(OCCN2CCNCC2)c1)N1C=Cc2[nH]c3ccccc3c2CC1,40
CC(C)OC(=O)C1=CN(C(=O)c2cccc(OCCN3CCOCC3)c2)CC(C)(C)c2c1[nH]c1ccccc21,0.0,CC(C)OC(=O)C1=CN(C(=O)c2cccc(OCCN3CCOCC3)c2)CC(C)(C)c2c1[nH]c1ccccc21,O=C(c1cccc(OCCN2CCOCC2)c1)N1C=Cc2[nH]c3ccccc3c2CC1,39
CC(C)OC(=O)N1CCC(O[C@H]2CC[C@H](Oc3cnc(S(C)(=O)=O)cn3)CC2)CC1,0.0,CC(C)OC(=O)N1CCC(O[C@H]2CC[C@H](Oc3cnc(S(C)(=O)=O)cn3)CC2)CC1,c1cnc(OC2CCC(OC3CCNCC3)CC2)cn1,30
CC(C)OC(c1cccc(C(F)(F)F)c1)c1ncc(-n2ccc(NC(=O)c3cscn3)cc2=O)[nH]1,0.0,CC(C)OC(c1cccc(C(F)(F)F)c1)c1ncc(-n2ccc(NC(=O)c3cscn3)cc2=O)[nH]1,O=C(Nc1ccn(-c2cnc(Cc3ccccc3)[nH]2)c(=O)c1)c1cscn1,35
CC(C)OCC1n2cncc2CN([C@@H](C)c2ccc(Cl)cc2)S1(=O)=O,0.0,CC(C)OCC1n2cncc2CN([C@@H](C)c2ccc(Cl)cc2)S1(=O)=O,O=S1(=O)Cn2cncc2CN1Cc1ccccc1,25
CC(C)Oc1cc(NC(=O)C2(NC(=O)c3ccc4c(C5CCCC5)c(-c5ccccn5)n(C)c4c3)CCC2)ccc1/C=C/C(=O)O,0.0,CC(C)Oc1cc(NC(=O)C2(NC(=O)c3ccc4c(C5CCCC5)c(-c5ccccn5)n(C)c4c3)CCC2)ccc1/C=C/C(=O)O,O=C(NC1(C(=O)Nc2ccccc2)CCC1)c1ccc2c(C3CCCC3)c(-c3ccccn3)[nH]c2c1,46
CC(C)Oc1ccc(-c2ccc3c(n2)Oc2c(F)cccc2[C@@H]3C(C)(C)C(=O)NC(N)=O)cn1,1.0,CC(C)Oc1ccc(-c2ccc3c(n2)Oc2c(F)cccc2[C@@H]3C(C)(C)C(=O)NC(N)=O)cn1,c1cncc(-c2ccc3c(n2)Oc2ccccc2C3)c1,34
CC(C)Oc1ccccc1CC(c1ccccc1)N1CCNCC1,0.0,CC(C)Oc1ccccc1CC(c1ccccc1)N1CCNCC1,c1ccc(CC(c2ccccc2)N2CCNCC2)cc1,24
CC(C)S(=O)(=O)c1cccc(Oc2ccc(Cl)c(-n3cnc4c(C(F)(F)F)cccc43)c2)c1,0.0,CC(C)S(=O)(=O)c1cccc(Oc2ccc(Cl)c(-n3cnc4c(C(F)(F)F)cccc43)c2)c1,c1ccc(Oc2cccc(-n3cnc4ccccc43)c2)cc1,33
CC(C)[C@@H]1CN(c2ccc(CO)c(S(C)(=O)=O)c2)CCN1c1ncc(CO)c(C(F)(F)F)n1,0.0,CC(C)[C@@H]1CN(c2ccc(CO)c(S(C)(=O)=O)c2)CCN1c1ncc(CO)c(C(F)(F)F)n1,c1ccc(N2CCN(c3ncccn3)CC2)cc1,33
CC(C)[C@@H]1CN(c2ccc(F)c(S(C)(=O)=O)c2)CCN1c1ncc(C(C)(C)O)c(C(F)(F)F)n1,0.0,CC(C)[C@@H]1CN(c2ccc(F)c(S(C)(=O)=O)c2)CCN1c1ncc(C(C)(C)O)c(C(F)(F)F)n1,c1ccc(N2CCN(c3ncccn3)CC2)cc1,34
CC(C)[C@@H]1CN(c2ccc(F)c(S(C)(=O)=O)c2)CCN1c1ncc(CO)c(C(F)(F)F)n1,0.0,CC(C)[C@@H]1CN(c2ccc(F)c(S(C)(=O)=O)c2)CCN1c1ncc(CO)c(C(F)(F)F)n1,c1ccc(N2CCN(c3ncccn3)CC2)cc1,32
CC(C)[C@@H]1CN(c2ccc(F)c(S(C)(=O)=O)c2)CCN1c1ncc(Cl)c(C(F)(F)F)n1,0.0,CC(C)[C@@H]1CN(c2ccc(F)c(S(C)(=O)=O)c2)CCN1c1ncc(Cl)c(C(F)(F)F)n1,c1ccc(N2CCN(c3ncccn3)CC2)cc1,31
CC(C)[C@@]1(C)C(O)=C(C2=CS(=O)(=O)c3c(CN(C)S(C)(=O)=O)cccc32)C(=O)N1CCC(C)(C)C,0.0,CC(C)[C@@]1(C)C(O)=C(C2=CS(=O)(=O)c3c(CN(C)S(C)(=O)=O)cccc32)C(=O)N1CCC(C)(C)C,O=C1NCC=C1C1=CS(=O)(=O)c2ccccc21,35
CC(C)[C@H](NC(=O)c1ccsc1)c1cn(C2(C#N)CC2)nn1,0.0,CC(C)[C@H](NC(=O)c1ccsc1)c1cn(C2(C#N)CC2)nn1,O=C(NCc1cn(C2CC2)nn1)c1ccsc1,22
CC(C)[C@H]1C(O)=C(C2=NS(=O)(=O)c3c(O)cccc32)C(=O)N1Cc1ccccc1,0.0,CC(C)[C@H]1C(O)=C(C2=NS(=O)(=O)c3c(O)cccc32)C(=O)N1Cc1ccccc1,O=C1C(C2=NS(=O)(=O)c3ccccc32)=CCN1Cc1ccccc1,29
CC(C)[C@H]1C(O)=C(C2=NS(=O)(=O)c3c(OCC#N)cccc32)C(=O)N1Cc1ccccc1,0.0,CC(C)[C@H]1C(O)=C(C2=NS(=O)(=O)c3c(OCC#N)cccc32)C(=O)N1Cc1ccccc1,O=C1C(C2=NS(=O)(=O)c3ccccc32)=CCN1Cc1ccccc1,32
CC(C)[C@H]1C(O)=C(C2=NS(=O)(=O)c3c(OCC(=O)N4CCOCC4)cccc32)C(=O)N1Cc1ccccc1,0.0,CC(C)[C@H]1C(O)=C(C2=NS(=O)(=O)c3c(OCC(=O)N4CCOCC4)cccc32)C(=O)N1Cc1ccccc1,O=C(COc1cccc2c1S(=O)(=O)N=C2C1=CCN(Cc2ccccc2)C1=O)N1CCOCC1,38
CC(C)[C@H]1C(O)=C(C2=NS(=O)(=O)c3c(OCC(N)=O)cccc32)C(=O)N1Cc1ccccc1,0.0,CC(C)[C@H]1C(O)=C(C2=NS(=O)(=O)c3c(OCC(N)=O)cccc32)C(=O)N1Cc1ccccc1,O=C1C(C2=NS(=O)(=O)c3ccccc32)=CCN1Cc1ccccc1,33
CC(C)[C@H]1C(O)=C(C2=NS(=O)(=O)c3c(OCc4ncon4)cccc32)C(=O)N1Cc1ccccc1,0.0,CC(C)[C@H]1C(O)=C(C2=NS(=O)(=O)c3c(OCc4ncon4)cccc32)C(=O)N1Cc1ccccc1,O=C1C(C2=NS(=O)(=O)c3c(OCc4ncon4)cccc32)=CCN1Cc1ccccc1,35
CC(C)[C@H]1C(O)=C(C2=NS(=O)(=O)c3ccccc32)C(=O)N1Cc1ccccc1,0.0,CC(C)[C@H]1C(O)=C(C2=NS(=O)(=O)c3ccccc32)C(=O)N1Cc1ccccc1,O=C1C(C2=NS(=O)(=O)c3ccccc32)=CCN1Cc1ccccc1,28
CC(C)c1cc(N2CC[C@@H](N)C2)nc(N)n1,0.0,CC(C)c1cc(N2CC[C@@H](N)C2)nc(N)n1,c1cc(N2CCCC2)ncn1,16
CC(C)c1ccc(C(c2nnnn2Cc2ccccc2)N2CCCN(C3CCC3)CC2)cc1,0.0,CC(C)c1ccc(C(c2nnnn2Cc2ccccc2)N2CCCN(C3CCC3)CC2)cc1,c1ccc(Cn2nnnc2C(c2ccccc2)N2CCCN(C3CCC3)CC2)cc1,33
CC(C)c1ccccc1N1CCC(C(=O)Nc2ccc3c(c2)NC(=O)CO3)CC1,0.0,CC(C)c1ccccc1N1CCC(C(=O)Nc2ccc3c(c2)NC(=O)CO3)CC1,O=C1COc2ccc(NC(=O)C3CCN(c4ccccc4)CC3)cc2N1,29
CC(C)c1nc(CN2CCC(O[C@H]3CC[C@H](Oc4cnc(S(C)(=O)=O)cn4)CC3)CC2)no1,0.0,CC(C)c1nc(CN2CCC(O[C@H]3CC[C@H](Oc4cnc(S(C)(=O)=O)cn4)CC3)CC2)no1,c1cnc(OC2CCC(OC3CCN(Cc4ncon4)CC3)CC2)cn1,33
CC(C)c1nc(COC(N)=O)n(Cc2ccncc2)c1Sc1cc(Cl)cc(Cl)c1,0.0,CC(C)c1nc(COC(N)=O)n(Cc2ccncc2)c1Sc1cc(Cl)cc(Cl)c1,c1ccc(Sc2cncn2Cc2ccncc2)cc1,29
CC(C)c1nc2c(C(F)(F)F)cccc2n1-c1cccc(Oc2cccc(S(C)(=O)=O)c2)c1,0.0,CC(C)c1nc2c(C(F)(F)F)cccc2n1-c1cccc(Oc2cccc(S(C)(=O)=O)c2)c1,c1ccc(Oc2cccc(-n3cnc4ccccc43)c2)cc1,33
CC(C)c1nc2c(Cl)cccc2n1-c1cccc(Oc2cccc(S(C)(=O)=O)c2)c1,0.0,CC(C)c1nc2c(Cl)cccc2n1-c1cccc(Oc2cccc(S(C)(=O)=O)c2)c1,c1ccc(Oc2cccc(-n3cnc4ccccc43)c2)cc1,30
CC(C)c1nc2ccccn2c1C(=O)NCc1ccc(-c2ccccc2)cc1,0.0,CC(C)c1nc2ccccn2c1C(=O)NCc1ccc(-c2ccccc2)cc1,O=C(NCc1ccc(-c2ccccc2)cc1)c1cnc2ccccn12,28
CC(C)c1noc(CN2CCC(O[C@H]3CC[C@H](Oc4cnc(S(C)(=O)=O)cn4)CC3)CC2)n1,0.0,CC(C)c1noc(CN2CCC(O[C@H]3CC[C@H](Oc4cnc(S(C)(=O)=O)cn4)CC3)CC2)n1,c1cnc(OC2CCC(OC3CCN(Cc4ncno4)CC3)CC2)cn1,33
CC(C)n1c(=O)ccc2cnc(N[C@H]3CC[C@H](O)CC3)nc21,0.0,CC(C)n1c(=O)ccc2cnc(N[C@H]3CC[C@H](O)CC3)nc21,O=c1ccc2cnc(NC3CCCCC3)nc2[nH]1,22
CC(C)n1c(=O)n(Cc2nc3ccccc3n2CCCC#N)c2cnccc21,0.0,CC(C)n1c(=O)n(Cc2nc3ccccc3n2CCCC#N)c2cnccc21,O=c1[nH]c2ccncc2n1Cc1nc2ccccc2[nH]1,28
CC(C)n1cc(NC(=O)c2cccc(-n3cc(NC(=O)Nc4ccccc4Cl)cn3)c2)cn1,0.0,CC(C)n1cc(NC(=O)c2cccc(-n3cc(NC(=O)Nc4ccccc4Cl)cn3)c2)cn1,O=C(Nc1ccccc1)Nc1cnn(-c2cccc(C(=O)Nc3cn[nH]c3)c2)c1,33
CC(C)n1nc(-c2cc(C3CC3)on2)c2c(N)ncnc21,0.0,CC(C)n1nc(-c2cc(C3CC3)on2)c2c(N)ncnc21,c1ncc2c(-c3cc(C4CC4)on3)n[nH]c2n1,21
CC(F)Cc1nc(CN2CCC(O[C@H]3CC[C@H](Oc4cnc(S(C)(=O)=O)cn4)CC3)CC2)no1,0.0,CC(F)Cc1nc(CN2CCC(O[C@H]3CC[C@H](Oc4cnc(S(C)(=O)=O)cn4)CC3)CC2)no1,c1cnc(OC2CCC(OC3CCN(Cc4ncon4)CC3)CC2)cn1,34
CC(F)Cc1noc(CN2CCC(O[C@H]3CC[C@H](Oc4cnc(S(C)(=O)=O)cn4)CC3)CC2)n1,0.0,CC(F)Cc1noc(CN2CCC(O[C@H]3CC[C@H](Oc4cnc(S(C)(=O)=O)cn4)CC3)CC2)n1,c1cnc(OC2CCC(OC3CCN(Cc4ncno4)CC3)CC2)cn1,34
CC(N(C)C)C1(c2ccc(Cl)c(Cl)c2)CCCCC1,0.0,CC(N(C)C)C1(c2ccc(Cl)c(Cl)c2)CCCCC1,c1ccc(C2CCCCC2)cc1,19
CC(N(C)C)C1(c2ccc3ccccc3c2)CCCCC1,0.0,CC(N(C)C)C1(c2ccc3ccccc3c2)CCCCC1,c1ccc2cc(C3CCCCC3)ccc2c1,21
CC(N)C1(c2ccc(-c3ccccc3)cc2)CCCCC1,1.0,CC(N)C1(c2ccc(-c3ccccc3)cc2)CCCCC1,c1ccc(-c2ccc(C3CCCCC3)cc2)cc1,21
CC(N)C1(c2ccc(Cl)c(Cl)c2)CCCCC1,1.0,CC(N)C1(c2ccc(Cl)c(Cl)c2)CCCCC1,c1ccc(C2CCCCC2)cc1,17
CC(N)C1(c2ccc(OC(F)(F)F)cc2)CCCCC1,1.0,CC(N)C1(c2ccc(OC(F)(F)F)cc2)CCCCC1,c1ccc(C2CCCCC2)cc1,20
CC(N)C1(c2ccc3ccccc3c2)CCCCC1,1.0,CC(N)C1(c2ccc3ccccc3c2)CCCCC1,c1ccc2cc(C3CCCCC3)ccc2c1,19
CC(N)C1(c2cccc3ccccc23)CCCCC1,1.0,CC(N)C1(c2cccc3ccccc23)CCCCC1,c1ccc2c(C3CCCCC3)cccc2c1,19
CC(N)C1(c2cccs2)CCCCC1,1.0,CC(N)C1(c2cccs2)CCCCC1,c1csc(C2CCCCC2)c1,14
CC(O)(c1cccc(C(F)(F)F)c1)c1ncc(-n2ccc(NC(=O)c3cscn3)cc2=O)[nH]1,0.0,CC(O)(c1cccc(C(F)(F)F)c1)c1ncc(-n2ccc(NC(=O)c3cscn3)cc2=O)[nH]1,O=C(Nc1ccn(-c2cnc(Cc3ccccc3)[nH]2)c(=O)c1)c1cscn1,33
CC(c1cccc(C(F)(F)F)c1)c1ncc(-n2ccc(NC(=O)c3cscn3)cc2=O)[nH]1,0.0,CC(c1cccc(C(F)(F)F)c1)c1ncc(-n2ccc(NC(=O)c3cscn3)cc2=O)[nH]1,O=C(Nc1ccn(-c2cnc(Cc3ccccc3)[nH]2)c(=O)c1)c1cscn1,32
CC1(C)CC(c2ccc(OC3CCN(C4CCC4)CC3)cc2)=NNC1=O,0.0,CC1(C)CC(c2ccc(OC3CCN(C4CCC4)CC3)cc2)=NNC1=O,O=C1CCC(c2ccc(OC3CCN(C4CCC4)CC3)cc2)=NN1,26
CC1(C)CC[C@]23CC[C@@]4(C)[C@]5(C)CC[C@H]6C(C)(C)C(=O)C(C#N)=C[C@]6(C)C5=CC(=O)[C@@]4([C@@H]2C1)N(C1CCCCC1)C3=O,0.0,CC1(C)CC[C@]23CC[C@]4(C)[C@](C(=O)C=C5[C@@]6(C)C=C(C#N)C(=O)C(C)(C)[C@@H]6CC[C@]54C)([C@@H]2C1)N(C1CCCCC1)C3=O,O=C1C=CC2C3=CC(=O)C45C(CCC6(CCCCC64)C(=O)N5C4CCCCC4)C3CCC2C1,42
CC1(C)NCCc2c1oc1cc(S(=O)(=O)c3cccc(F)c3)ccc21,0.0,CC1(C)NCCc2c1oc1cc(S(=O)(=O)c3cccc(F)c3)ccc21,O=S(=O)(c1ccccc1)c1ccc2c3c(oc2c1)CNCC3,25
CC1(C)[C@H]2CC[C@](C)(C2)[C@H]1NC(=O)c1nn(-c2ccc(F)cc2F)c2c1C[C@H]1C[C@@H]21,0.0,CC1(C)[C@H]2CC[C@](C)(C2)[C@H]1NC(=O)c1nn(-c2ccc(F)cc2F)c2c1C[C@H]1C[C@@H]21,O=C(NC1CC2CCC1C2)c1nn(-c2ccccc2)c2c1CC1CC21,30
CC1(N2NNC3CNC4NCCC4C32)CCN(CCC#N)CC1,1.0,CC1(N2NNC3CNC4NCCC4C32)CCN(CCC#N)CC1,C1CC(N2NNC3CNC4NCCC4C32)CCN1,23
CC1(N2NNC3CNC4NCCC4C32)CCN(S(C)(=O)=O)CC1,1.0,CC1(N2NNC3CNC4NCCC4C32)CCN(S(C)(=O)=O)CC1,C1CC(N2NNC3CNC4NCCC4C32)CCN1,23
CC1=C2CC(C)(C)/C=C\C(=O)/C(C)=C\C3=C[C@H](C)C[C@]3(O2)C1=O,0.0,CC1=C2CC(C)(C)/C=C\C(=O)/C(C)=C\C3=C[C@H](C)C[C@]3(O2)C1=O,O=C1C=CCCC2=CC(=O)C3(CCC=C3C=C1)O2,23
CC1=NNC(=O)CC1c1ccc(OC2CCN(C3CCC3)CC2)cc1,0.0,CC1=NNC(=O)CC1c1ccc(OC2CCN(C3CCC3)CC2)cc1,O=C1CC(c2ccc(OC3CCN(C4CCC4)CC3)cc2)C=NN1,25
CC1CC(=O)NN=C1c1ccc(OCCCN2CCC[C@H]2C)cc1,0.0,CC1CC(=O)NN=C1c1ccc(OCCCN2CCC[C@H]2C)cc1,O=C1CCC(c2ccc(OCCCN3CCCC3)cc2)=NN1,24
CC1CC(N2CCN(C3CCc4ccc(OCc5noc(-c6ccc(Cl)cc6)n5)cc43)CC2)CC1C,0.0,CC1CC(N2CCN(C3CCc4ccc(OCc5noc(-c6ccc(Cl)cc6)n5)cc43)CC2)CC1C,c1ccc(-c2nc(COc3ccc4c(c3)C(N3CCN(C5CCCC5)CC3)CC4)no2)cc1,36
CC1CCC(C)C(N(C)c2ncnc3[nH]ccc23)C1,0.0,CC1CCC(C)C(N(C)c2ncnc3[nH]ccc23)C1,c1nc(NC2CCCCC2)c2cc[nH]c2n1,19
CC1CCC(N(C)c2ncnc3[nH]ccc23)CC1,0.0,CC1CCC(N(C)c2ncnc3[nH]ccc23)CC1,c1nc(NC2CCCCC2)c2cc[nH]c2n1,18
CC1CCCC(N(C)c2ncnc3[nH]ccc23)C1,0.0,CC1CCCC(N(C)c2ncnc3[nH]ccc23)C1,c1nc(NC2CCCCC2)c2cc[nH]c2n1,18
CC1CCCCC1N(C)c1ncnc2[nH]ccc12,0.0,CC1CCCCC1N(C)c1ncnc2[nH]ccc12,c1nc(NC2CCCCC2)c2cc[nH]c2n1,18
CC1CCN(C(=O)C(C)(C)C#N)CC1N(C)c1ncnc2[nH]ccc12,0.0,CC1CCN(C(=O)C(C)(C)C#N)CC1N(C)c1ncnc2[nH]ccc12,c1nc(NC2CCCNC2)c2cc[nH]c2n1,25
CC1CCN(C(=O)C2CCC(=O)C2)CC1N(C)c1ncnc2[nH]ccc12,0.0,CC1CCN(C(=O)C2CCC(=O)C2)CC1N(C)c1ncnc2[nH]ccc12,O=C1CCC(C(=O)N2CCCC(Nc3ncnc4[nH]ccc34)C2)C1,26
CC1CCN(C(=O)C2CCOC2)CC1N(C)c1ncnc2[nH]ccc12,0.0,CC1CCN(C(=O)C2CCOC2)CC1N(C)c1ncnc2[nH]ccc12,O=C(C1CCOC1)N1CCCC(Nc2ncnc3[nH]ccc23)C1,25
CC1CCN(C(=O)CS(C)(=O)=O)CC1N(C)c1ncnc2[nH]ccc12,0.0,CC1CCN(C(=O)CS(C)(=O)=O)CC1N(C)c1ncnc2[nH]ccc12,c1nc(NC2CCCNC2)c2cc[nH]c2n1,25
CC1CCN(C(=O)c2ccsc2)CC1N(C)c1ncnc2[nH]ccc12,0.0,CC1CCN(C(=O)c2ccsc2)CC1N(C)c1ncnc2[nH]ccc12,O=C(c1ccsc1)N1CCCC(Nc2ncnc3[nH]ccc23)C1,25
CC1CCN(CCOc2ccc(C#Cc3ccc(-c4ccc(Cl)cc4)cn3)cc2)CC1,0.0,CC1CCN(CCOc2ccc(C#Cc3ccc(-c4ccc(Cl)cc4)cn3)cc2)CC1,C(#Cc1ccc(-c2ccccc2)cn1)c1ccc(OCCN2CCCCC2)cc1,31
CC1CN(CC2CCN(Cc3ccccc3)CC2)C(=O)N(c2cccc(C(=N)N)c2)C1,1.0,CC1CN(CC2CCN(Cc3ccccc3)CC2)C(=O)N(c2cccc(C(=N)N)c2)C1,O=C1N(CC2CCN(Cc3ccccc3)CC2)CCCN1c1ccccc1,31
CC1Sc2nnc(-c3cc(-c4ccccc4)[nH]n3)n2N=C1c1ccccc1,0.0,CC1Sc2nnc(-c3cc(-c4ccccc4)[nH]n3)n2N=C1c1ccccc1,c1ccc(C2=Nn3c(nnc3-c3cc(-c4ccccc4)[nH]n3)SC2)cc1,27
CCC(=O)N1CCN(c2ccc(-n3c(=O)ccc4cnc5ccc(-c6cnc7ccccc7c6)cc5c43)cc2C(F)(F)F)CC1,0.0,CCC(=O)N1CCN(c2ccc(-n3c(=O)ccc4cnc5ccc(-c6cnc7ccccc7c6)cc5c43)cc2C(F)(F)F)CC1,O=c1ccc2cnc3ccc(-c4cnc5ccccc5c4)cc3c2n1-c1ccc(N2CCNCC2)cc1,45
CCC(=O)NS(=O)(=O)c1ccc(C(CC2CCCC2)C(=O)Nc2nc3ccc(OC)nc3s2)cc1,0.0,CCC(=O)NS(=O)(=O)c1ccc(C(CC2CCCC2)C(=O)Nc2nc3ccc(OC)nc3s2)cc1,O=C(Nc1nc2cccnc2s1)C(CC1CCCC1)c1ccccc1,35
CCC(C)(C)CCn1nc(-c2cccs2)c(O)c(C2=CS(=O)(=O)c3cc(NS(C)(=O)=O)ccc3N2)c1=O,0.0,CCC(C)(C)CCn1nc(-c2cccs2)c(O)c(C2=CS(=O)(=O)c3cc(NS(C)(=O)=O)ccc3N2)c1=O,O=c1[nH]nc(-c2cccs2)cc1C1=CS(=O)(=O)c2ccccc2N1,37
CCC(C)(C)Cn1nc(-c2cccs2)c(O)c(C2=NS(=O)(=O)c3cc(OCC(N)=O)ccc3N2)c1=O,0.0,CCC(C)(C)Cn1nc(-c2cccs2)c(O)c(C2=NS(=O)(=O)c3cc(OCC(N)=O)ccc3N2)c1=O,O=c1[nH]nc(-c2cccs2)cc1C1=NS(=O)(=O)c2ccccc2N1,36
CCC(C)(C)c1nn(CCO)c2c1N=C(c1ccc(-n3ccnc3C)cc1)CNC2=O,0.0,CCC(C)(C)c1nn(CCO)c2c1N=C(c1ccc(-n3ccnc3C)cc1)CNC2=O,O=C1NCC(c2ccc(-n3ccnc3)cc2)=Nc2cn[nH]c21,31
CCC(C)CCn1nc(-c2cccs2)c(O)c(C2=NS(=O)(=O)c3cc(OCC(N)=O)ccc3N2)c1=O,0.0,CCC(C)CCn1nc(-c2cccs2)c(O)c(C2=NS(=O)(=O)c3cc(OCC(N)=O)ccc3N2)c1=O,O=c1[nH]nc(-c2cccs2)cc1C1=NS(=O)(=O)c2ccccc2N1,36
CCC(C)NC(=O)c1nc(-c2cccs2)[nH]c(=O)c1O,1.0,CCC(C)NC(=O)c1nc(-c2cccs2)[nH]c(=O)c1O,O=c1ccnc(-c2cccs2)[nH]1,20
CCC(C)S(=O)(=O)NC(=O)c1ccc2c(C3CCCCC3)c3n(c2c1)CC1(C(=O)N2C4CCC2CN(C)C4)CC1c1cc(OC)ccc1-3,0.0,CCC(C)S(=O)(=O)NC(=O)c1ccc2c(C3CCCCC3)c3n(c2c1)CC1(C(=O)N2C4CCC2CN(C)C4)CC1c1cc(OC)ccc1-3,O=C(N1C2CCC1CNC2)C12CC1c1ccccc1-c1c(C3CCCCC3)c3ccccc3n1C2,48
CCC(CC)C(=O)N/C(=N/C1=NC(=O)C(=O)N1C(C)C)Nc1ccc(Cl)c(Cl)c1,0.0,CCC(CC)C(=O)N/C(=N/C1=NC(=O)C(=O)N1C(C)C)Nc1ccc(Cl)c(Cl)c1,O=C1N=C(N=CNc2ccccc2)NC1=O,29
CCC(CC)C(=O)N/C(=N\C1=NC(=O)C(=O)N1c1ccc(Cl)c(Cl)c1)NC(C)C,0.0,CCC(CC)C(=O)N/C(=N\C1=NC(=O)C(=O)N1c1ccc(Cl)c(Cl)c1)NC(C)C,O=C1N=CN(c2ccccc2)C1=O,29
CCC(CC)Nc1cc(C)nc(Oc2c(C)cc(C)cc2C)c1C,0.0,CCC(CC)Nc1cc(C)nc(Oc2c(C)cc(C)cc2C)c1C,c1ccc(Oc2ccccn2)cc1,24
CCC(CC)Nc1cc(C)nc(Oc2c(C)cc(Cl)cc2C)c1C,0.0,CCC(CC)Nc1cc(C)nc(Oc2c(C)cc(Cl)cc2C)c1C,c1ccc(Oc2ccccn2)cc1,24
CCC(CC)[C@@H](CO)NS(=O)(=O)c1ccc(Cl)s1,0.0,CCC(CC)[C@@H](CO)NS(=O)(=O)c1ccc(Cl)s1,c1ccsc1,18
CCC(CC)c1nc(Nc2ccc(Cl)c(Cl)c2)nc(NC(C)C)n1,0.0,CCC(CC)c1nc(Nc2ccc(Cl)c(Cl)c2)nc(NC(C)C)n1,c1ccc(Nc2ncncn2)cc1,24
CCC(F)(F)C(=O)N1CCC(O[C@H]2CC[C@H](Oc3cnc(S(C)(=O)=O)cn3)CC2)CC1,0.0,CCC(F)(F)C(=O)N1CCC(O[C@H]2CC[C@H](Oc3cnc(S(C)(=O)=O)cn3)CC2)CC1,c1cnc(OC2CCC(OC3CCNCC3)CC2)cn1,31
CCC(N)C1(c2ccc(Cl)c(Cl)c2)CCCCC1,0.0,CCC(N)C1(c2ccc(Cl)c(Cl)c2)CCCCC1,c1ccc(C2CCCCC2)cc1,18
CCC1CCCCC1N(C)c1ncnc2[nH]ccc12,0.0,CCC1CCCCC1N(C)c1ncnc2[nH]ccc12,c1nc(NC2CCCCC2)c2cc[nH]c2n1,19
CCCC(=O)N/C(=N\C1=NC(=O)C(=O)N1c1ccc(Cl)c(Cl)c1)NC(C)C,0.0,CCCC(=O)N/C(=N\C1=NC(=O)C(=O)N1c1ccc(Cl)c(Cl)c1)NC(C)C,O=C1N=CN(c2ccccc2)C1=O,27
CCCC(=O)NS(=O)(=O)c1ccc(C(CC2CCCC2)C(=O)Nc2nc3ccc(OC)nc3s2)cc1,0.0,CCCC(=O)NS(=O)(=O)c1ccc(C(CC2CCCC2)C(=O)Nc2nc3ccc(OC)nc3s2)cc1,O=C(Nc1nc2cccnc2s1)C(CC1CCCC1)c1ccccc1,36
CCCC(=O)N[C@H]1CCCCC/C=C\[C@@H]2C[C@@]2(C(=O)NS(=O)(=O)C2CC2)NC(=O)[C@@H]2C[C@@H](Oc3cc(OCC)nc4c(C)c(OC)ccc34)CN2C1=O,0.0,CCCC(=O)N[C@H]1CCCCC/C=C\[C@@H]2C[C@@]2(C(=O)NS(=O)(=O)C2CC2)NC(=O)[C@@H]2C[C@@H](Oc3cc(OCC)nc4c(C)c(OC)ccc34)CN2C1=O,O=C1NC2(C(=O)NS(=O)(=O)C3CC3)CC2C=CCCCCCCC(=O)N2CC(Oc3ccnc4ccccc34)CC12,53
CCCCCCCSc1nc2ccc(OC)cc2[nH]1,0.0,CCCCCCCSc1nc2ccc(OC)cc2[nH]1,c1ccc2[nH]cnc2c1,19
CCCCCCCc1c(C)nc2cc(OC)ccc2c1O,0.0,CCCCCCCc1c(C)nc2cc(OC)ccc2c1O,c1ccc2ncccc2c1,21
CCCCCCSc1nc2ccc(OC)cc2[nH]1,0.0,CCCCCCSc1nc2ccc(OC)cc2[nH]1,c1ccc2[nH]cnc2c1,18
CCCCCCc1nc2cc(/C=C/C(=O)NO)ccc2n1CCN(C)C,0.0,CCCCCCc1nc2cc(/C=C/C(=O)NO)ccc2n1CCN(C)C.Cl.Cl,c1ccc2[nH]cnc2c1,26
CCCCCCc1nc2cc(/C=C/C(=O)NO)ccc2n1CCNCC,0.0,CCCCCCc1nc2cc(/C=C/C(=O)NO)ccc2n1CCNCC.Cl.Cl,c1ccc2[nH]cnc2c1,26
CCCCCSc1nc2ccc(OC)cc2[nH]1,0.0,CCCCCSc1nc2ccc(OC)cc2[nH]1,c1ccc2[nH]cnc2c1,17
CCCCNC(=O)c1ccc(NC(=O)Nc2ccc(-c3nc(N4CCOCC4)c4nnn(CC)c4n3)cc2)cc1,0.0,CCCCNC(=O)c1ccc(NC(=O)Nc2ccc(-c3nc(N4CCOCC4)c4nnn(CC)c4n3)cc2)cc1,O=C(Nc1ccccc1)Nc1ccc(-c2nc(N3CCOCC3)c3nn[nH]c3n2)cc1,40
CCCCOc1nc(N)c2c(n1)N(Cc1cccc(CN3CCCC3)c1)CC(=O)N2,0.0,CCCCOc1nc(N)c2c(n1)N(Cc1cccc(CN3CCCC3)c1)CC(=O)N2,O=C1CN(Cc2cccc(CN3CCCC3)c2)c2ncncc2N1,30
CCCCOc1ncc(S(=O)(=O)N2CCN(CC)CC2)cc1-c1nc2c(CC)n(C3CN(C)C3)nc2c(=O)[nH]1,0.0,CCCCOc1ncc(S(=O)(=O)N2CCN(CC)CC2)cc1-c1nc2c(CC)n(C3CN(C)C3)nc2c(=O)[nH]1,O=c1[nH]c(-c2cncc(S(=O)(=O)N3CCNCC3)c2)nc2cn(C3CNC3)nc12,39
CCCCS(=O)(=O)NC(=O)c1ccc2c(C3CCCCC3)c3n(c2c1)CC1(C(=O)N2C4CCC2CN(C)C4)CC1c1cc(OC)ccc1-3,0.0,CCCCS(=O)(=O)NC(=O)c1ccc2c(C3CCCCC3)c3n(c2c1)CC1(C(=O)N2C4CCC2CN(C)C4)CC1c1cc(OC)ccc1-3,O=C(N1C2CCC1CNC2)C12CC1c1ccccc1-c1c(C3CCCCC3)c3ccccc3n1C2,48
CCCCSc1nc2ccc(OC)cc2[nH]1,0.0,CCCCSc1nc2ccc(OC)cc2[nH]1,c1ccc2[nH]cnc2c1,16
CCCC[C@@H](C#N)n1cc([C@@](C)(NC(=O)c2ccsc2)C2CCCCC2)nn1,0.0,CCCC[C@@H](C#N)n1cc([C@@](C)(NC(=O)c2ccsc2)C2CCCCC2)nn1,O=C(NC(c1c[nH]nn1)C1CCCCC1)c1ccsc1,28
CCCCc1ccc(-c2nc(C)c(/C(C)=N/NC(=N)N)s2)cc1,0.0,CCCCc1ccc(-c2nc(C)c(/C(C)=N/NC(=N)N)s2)cc1,c1ccc(-c2nccs2)cc1,23
CCCCc1nc2cc(/C=C/C(=O)NO)ccc2n1CCN(CC)CC,0.0,CCCCc1nc2cc(/C=C/C(=O)NO)ccc2n1CCN(CC)CC.Cl.Cl,c1ccc2[nH]cnc2c1,26
CCCCc1nc2cc(/C=C/C(=O)NO)ccc2n1CCNC(C)C,0.0,CCCCc1nc2cc(/C=C/C(=O)NO)ccc2n1CCNC(C)C.Cl.Cl,c1ccc2[nH]cnc2c1,25
CCCCc1nn(CCC(C)C)c(=O)c(C2=NS(=O)(=O)c3cc(OCC(N)=O)ccc3N2)c1O,0.0,CCCCc1nn(CCC(C)C)c(=O)c(C2=NS(=O)(=O)c3cc(OCC(N)=O)ccc3N2)c1O,O=c1[nH]nccc1C1=NS(=O)(=O)c2ccccc2N1,34
CCCNCCC[C@@H](C)[C@H]1CC[C@H]2C3C(OC(C)=O)CC4CC5(CCC4(C)C3CC(OC(C)=O)C12C)OOC1(CCCCC1)OO5,0.0,CCCNCCC[C@@H](C)[C@H]1CC[C@H]2C3C(OC(C)=O)CC4CC5(CCC4(C)C3CC(OC(C)=O)C21C)OOC1(CCCCC1)OO5,C1CCC2(CC1)OOC1(CCC3C(CCC4C5CCCC5CCC34)C1)OO2,46
CCCOC(=O)N[C@H]1CCCCC/C=C\[C@@H]2C[C@@]2(C(=O)NS(=O)(=O)C2CC2)NC(=O)[C@@H]2C[C@@H](Oc3cc(OCC)nc4c(C)c(OC)ccc34)CN2C1=O,0.0,CCCOC(=O)N[C@H]1CCCCC/C=C\[C@@H]2C[C@@]2(C(=O)NS(=O)(=O)C2CC2)NC(=O)[C@@H]2C[C@@H](Oc3cc(OCC)nc4c(C)c(OC)ccc34)CN2C1=O,O=C1NC2(C(=O)NS(=O)(=O)C3CC3)CC2C=CCCCCCCC(=O)N2CC(Oc3ccnc4ccccc34)CC12,54
CCCOc1cc(NC(=O)C2(NC(=O)c3ccc4c(C5CCCC5)c(-c5ccccn5)n(C)c4c3)CCC2)ccc1/C=C/C(=O)O,0.0,CCCOc1cc(NC(=O)C2(NC(=O)c3ccc4c(C5CCCC5)c(-c5ccccn5)n(C)c4c3)CCC2)ccc1/C=C/C(=O)O,O=C(NC1(C(=O)Nc2ccccc2)CCC1)c1ccc2c(C3CCCC3)c(-c3ccccn3)[nH]c2c1,46
CCCOc1ccccc1CC(c1ccccc1)N1CCNCC1,0.0,CCCOc1ccccc1CC(c1ccccc1)N1CCNCC1,c1ccc(CC(c2ccccc2)N2CCNCC2)cc1,24
CCCS(=O)(=O)NC(=O)c1ccc2c(C3CCCCC3)c3n(c2c1)CC1(C(=O)N2C4CCC2CN(C)C4)CC1c1cc(OC)ccc1-3,0.0,CCCS(=O)(=O)NC(=O)c1ccc2c(C3CCCCC3)c3n(c2c1)CC1(C(=O)N2C4CCC2CN(C)C4)CC1c1cc(OC)ccc1-3,O=C(N1C2CCC1CNC2)C12CC1c1ccccc1-c1c(C3CCCCC3)c3ccccc3n1C2,47
CCCS(=O)(=O)c1cccc(Oc2cccc(-n3c(C)nc4c(C(F)(F)F)cccc43)c2)c1,0.0,CCCS(=O)(=O)c1cccc(Oc2cccc(-n3c(C)nc4c(C(F)(F)F)cccc43)c2)c1,c1ccc(Oc2cccc(-n3cnc4ccccc43)c2)cc1,33
CCCSc1nc2ccc(OC)cc2[nH]1,0.0,CCCSc1nc2ccc(OC)cc2[nH]1,c1ccc2[nH]cnc2c1,15
CCCc1ccc(C[C@H](NC(=O)/C=C/c2cc(Cl)ccc2-n2cnnn2)C(=O)Nc2ccc(C(=O)O)cc2)cc1,0.0,CCCc1ccc(C[C@H](NC(=O)/C=C/c2cc(Cl)ccc2-n2cnnn2)C(=O)Nc2ccc(C(=O)O)cc2)cc1,O=C(C=Cc1ccccc1-n1cnnn1)NC(Cc1ccccc1)C(=O)Nc1ccccc1,40
CCCc1nc2ccccn2c1C(=O)NCc1ccc(-c2ccccc2)cc1,0.0,CCCc1nc2ccccn2c1C(=O)NCc1ccc(-c2ccccc2)cc1,O=C(NCc1ccc(-c2ccccc2)cc1)c1cnc2ccccn12,28
CCCn1cc(-c2cc(C3C(=O)N(CC)c4ccc(C(F)(F)F)cc4N(c4ccccc4)C3=O)cc(OC)c2O)cn1,0.0,CCCn1cc(-c2cc(C3C(=O)N(CC)c4ccc(C(F)(F)F)cc4N(c4ccccc4)C3=O)cc(OC)c2O)cn1,O=C1Nc2ccccc2N(c2ccccc2)C(=O)C1c1cccc(-c2cn[nH]c2)c1,42
CCN(C(=O)CCC(=O)Nc1ccc(-c2ccc(CC(=O)O)cc2)cc1Cl)c1ccc(C(C)(C)C)cc1Cl,0.0,CCN(C(=O)CCC(=O)Nc1ccc(-c2ccc(CC(=O)O)cc2)cc1Cl)c1ccc(C(C)(C)C)cc1Cl,O=C(CCC(=O)Nc1ccc(-c2ccccc2)cc1)Nc1ccccc1,38
CCN(C(=O)CCC(=O)Nc1ccc(-c2ccc(OCC(=O)O)cc2)cc1Cl)c1ccc(C(C)(C)C)cc1Cl,0.0,CCN(C(=O)CCC(=O)Nc1ccc(-c2ccc(OCC(=O)O)cc2)cc1Cl)c1ccc(C(C)(C)C)cc1Cl,O=C(CCC(=O)Nc1ccc(-c2ccccc2)cc1)Nc1ccccc1,39
CCN(C(=O)NCC(=O)Nc1ccc(-c2ccc(CC(=O)O)cc2)cc1Cl)c1ccc(C(C)(C)C)cc1Cl,0.0,CCN(C(=O)NCC(=O)Nc1ccc(-c2ccc(CC(=O)O)cc2)cc1Cl)c1ccc(C(C)(C)C)cc1Cl,O=C(CNC(=O)Nc1ccccc1)Nc1ccc(-c2ccccc2)cc1,38
CCN(C(=O)OCC(=O)Nc1ccc(-c2ccc(CC(=O)O)cc2)cc1Cl)c1ccc(C(C)(C)C)cc1Cl,0.0,CCN(C(=O)OCC(=O)Nc1ccc(-c2ccc(CC(=O)O)cc2)cc1Cl)c1ccc(C(C)(C)C)cc1Cl,O=C(COC(=O)Nc1ccccc1)Nc1ccc(-c2ccccc2)cc1,38
CCN(C(=O)SCC(=O)Nc1ccc(-c2ccc(CC(=O)O)cc2)cc1Cl)c1ccc(C(C)(C)C)cc1Cl,0.0,CCN(C(=O)SCC(=O)Nc1ccc(-c2ccc(CC(=O)O)cc2)cc1Cl)c1ccc(C(C)(C)C)cc1Cl,O=C(CSC(=O)Nc1ccccc1)Nc1ccc(-c2ccccc2)cc1,38
CCN(C)C(=O)[C@H]1C[C@@H](c2ccc(CN3CCCC3)c(F)c2)C1,0.0,CCN(C)C(=O)[C@H]1C[C@@H](c2ccc(CN3CCCC3)c(F)c2)C1,c1cc(C2CCC2)ccc1CN1CCCC1,23
CCN(C)CC1(c2ccc(Cl)c(Cl)c2)CCCCC1,0.0,CCN(C)CC1(c2ccc(Cl)c(Cl)c2)CCCCC1,c1ccc(C2CCCCC2)cc1,19
CCN(C)S(=O)(=O)NC(=O)c1ccc2c(C3CCCCC3)c3n(c2c1)CC1(C(=O)N2C4CCC2CN(C)C4)CC1c1cc(OC)ccc1-3,0.0,CCN(C)S(=O)(=O)NC(=O)c1ccc2c(C3CCCCC3)c3n(c2c1)CC1(C(=O)N2C4CCC2CN(C)C4)CC1c1cc(OC)ccc1-3,O=C(N1C2CCC1CNC2)C12CC1c1ccccc1-c1c(C3CCCCC3)c3ccccc3n1C2,48
CCN(CC)C(=O)COC[C@H](C)[C@H]1CC[C@@H](C)[C@@H](N(C)c2ncnc3[nH]ccc23)C1,0.0,CCN(CC)C(=O)COC[C@H](C)[C@H]1CC[C@@H](C)[C@@H](N(C)c2ncnc3[nH]ccc23)C1,c1nc(NC2CCCCC2)c2cc[nH]c2n1,30
CCN(CC)C(=O)OC[C@H](C)[C@H]1CC[C@@H](C)[C@@H](N(C)c2ncnc3[nH]ccc23)C1,0.0,CCN(CC)C(=O)OC[C@H](C)[C@H]1CC[C@@H](C)[C@@H](N(C)c2ncnc3[nH]ccc23)C1,c1nc(NC2CCCCC2)c2cc[nH]c2n1,29
CCN(CC)CC1(c2ccc(Cl)c(Cl)c2)CCCCC1,0.0,CCN(CC)CC1(c2ccc(Cl)c(Cl)c2)CCCCC1,c1ccc(C2CCCCC2)cc1,20
CCN(CC)CCCNc1nnc(-c2ccc(F)c(F)c2Nc2ccc(I)cc2F)o1,0.0,CCN(CC)CCCNc1nnc(-c2ccc(F)c(F)c2Nc2ccc(I)cc2F)o1,c1ccc(Nc2ccccc2-c2nnco2)cc1,31
CCN(CC)CCNC(=O)c1c(C)[nH]c(/C=C2\C(=O)Nc3ccc(F)cc32)c1C,0.0,CCN(CC)CCNC(=O)c1c(C)[nH]c(/C=C2\C(=O)Nc3ccc(F)cc32)c1C,O=C1Nc2ccccc2C1=Cc1ccc[nH]1,29
CCN(CC)CCNC(=O)c1cccc(-n2cc(NC(=O)Nc3ccccc3Cl)cn2)c1,0.0,CCN(CC)CCNC(=O)c1cccc(-n2cc(NC(=O)Nc3ccccc3Cl)cn2)c1,O=C(Nc1ccccc1)Nc1cnn(-c2ccccc2)c1,32
CCN(CC)CCNc1cc(C)nc2c1ccc1c2ccc2c(NCCN(CC)CC)cc(C)nc21,0.0,CCN(CC)CCNc1cc(C)nc2c1ccc1c2ccc2c(NCCN(CC)CC)cc(C)nc21.Cl,c1cnc2c(c1)ccc1c2ccc2cccnc21,36
CCN(CC)CCn1c(=N)n(CCCOc2ccc(Cl)cc2Cl)c2ccccc21,0.0,Br.CCN(CC)CCn1c(=N)n(CCCOc2ccc(Cl)cc2Cl)c2ccccc21,N=c1[nH]c2ccccc2n1CCCOc1ccccc1,29
CCN(CC)CCn1c(CCc2ccccc2)nc2cc(/C=C/C(=O)NO)ccc21,0.0,CCN(CC)CCn1c(CCc2ccccc2)nc2cc(/C=C/C(=O)NO)ccc21.Cl.Cl,c1ccc(CCc2nc3ccccc3[nH]2)cc1,30
CCN(CC)S(=O)(=O)c1ccc(C(CC2CCCC2)C(=O)Nc2nc3ccc(OC)nc3s2)cc1,0.0,CCN(CC)S(=O)(=O)c1ccc(C(CC2CCCC2)C(=O)Nc2nc3ccc(OC)nc3s2)cc1,O=C(Nc1nc2cccnc2s1)C(CC1CCCC1)c1ccccc1,35
CCN(CC)c1ccc2cc(C(=O)O)c(=O)oc2c1,0.0,CCN(CC)c1ccc2cc(C(=O)O)c(=O)oc2c1,O=c1ccc2ccccc2o1,19
CCN(Cc1cccc(OC)c1)C(=O)Nc1ccc(-c2cn[nH]c2)cc1,0.0,CCN(Cc1cccc(OC)c1)C(=O)Nc1ccc(-c2cn[nH]c2)cc1,O=C(NCc1ccccc1)Nc1ccc(-c2cn[nH]c2)cc1,26
CCN(Cc1cccc(OCc2noc(-c3ccccc3F)n2)c1)C1CCN(C2CC(C)C(C)C2)C1,0.0,CCN(Cc1cccc(OCc2noc(-c3ccccc3F)n2)c1)C1CCN(C2CC(C)C(C)C2)C1,c1ccc(-c2nc(COc3cccc(CNC4CCN(C5CCCC5)C4)c3)no2)cc1,36
CCN1C(=O)C(c2cc(-c3cn[nH]c3)c(O)cc2O)C(=O)N(c2ccccc2)c2cc(C(F)(F)F)ccc21,1.0,CCN1C(=O)C(c2cc(-c3cn[nH]c3)c(O)cc2O)C(=O)N(c2ccccc2)c2cc(C(F)(F)F)ccc21,O=C1Nc2ccccc2N(c2ccccc2)C(=O)C1c1cccc(-c2cn[nH]c2)c1,38
CCN1C(=O)C(c2cc(-c3cnn(C)c3)c(O)cc2O)C(=O)N(c2ccccc2)c2cc(C(F)(F)F)ccc21,0.0,CCN1C(=O)C(c2cc(-c3cnn(C)c3)c(O)cc2O)C(=O)N(c2ccccc2)c2cc(C(F)(F)F)ccc21,O=C1Nc2ccccc2N(c2ccccc2)C(=O)C1c1cccc(-c2cn[nH]c2)c1,39
CCN1C(=O)C(c2cc(-c3cnn(C)c3)ccc2O)C(=O)N(c2ccccc2)c2cc(C(F)(F)F)ccc21,1.0,CCN1C(=O)C(c2cc(-c3cnn(C)c3)ccc2O)C(=O)N(c2ccccc2)c2cc(C(F)(F)F)ccc21,O=C1Nc2ccccc2N(c2ccccc2)C(=O)C1c1cccc(-c2cn[nH]c2)c1,38
CCN1C(=O)C(c2ccc(O)c(-c3cnn(C)c3)c2)C(=O)N(c2ccccc2)c2cc(C(F)(F)F)ccc21,0.0,CCN1C(=O)C(c2ccc(O)c(-c3cnn(C)c3)c2)C(=O)N(c2ccccc2)c2cc(C(F)(F)F)ccc21,O=C1Nc2ccccc2N(c2ccccc2)C(=O)C1c1cccc(-c2cn[nH]c2)c1,38
CCN1CC(C)(C)OC(=O)C1CC(=O)NCc1cccc(-c2ccccc2)c1,0.0,CCN1CC(C)(C)OC(=O)C1CC(=O)NCc1cccc(-c2ccccc2)c1,O=C(CC1NCCOC1=O)NCc1cccc(-c2ccccc2)c1,28
CCN1CC(C)(C)OC(=O)C1CC(=O)Nc1ccc(C(C)C)cc1,0.0,CCN1CC(C)(C)OC(=O)C1CC(=O)Nc1ccc(C(C)C)cc1,O=C(CC1NCCOC1=O)Nc1ccccc1,24
CCN1CCC2(CC1)CNC(=O)c1cc(-c3ccnc(-c4cc5ccccc5o4)n3)[nH]c12,0.0,CCN1CCC2(CC1)CNC(=O)c1cc(-c3ccnc(-c4cc5ccccc5o4)n3)[nH]c12,O=C1NCC2(CCNCC2)c2[nH]c(-c3ccnc(-c4cc5ccccc5o4)n3)cc21,32
CCN1CCN(C(c2ccc(C(F)(F)F)cc2)c2cc(Cl)c3cccnc3c2O)CC1,0.0,CCN1CCN(C(c2ccc(C(F)(F)F)cc2)c2cc(Cl)c3cccnc3c2O)CC1,c1ccc(C(c2ccc3cccnc3c2)N2CCNCC2)cc1,31
CCN1CCN(S(=O)(=O)c2cnc(OCCOC)c(-c3nc4c5n(nc4c(=O)[nH]3)CCCC5C)c2)CC1,0.0,CCN1CCN(S(=O)(=O)c2cnc(OCCOC)c(-c3nc4c5n(nc4c(=O)[nH]3)CCCC5C)c2)CC1,O=c1[nH]c(-c2cncc(S(=O)(=O)N3CCNCC3)c2)nc2c3n(nc12)CCCC3,37
CCN1C[C@@H]2C[C@H]1CN2c1cc(F)c(-c2ccnc3c(-c4cccc5[nH]ncc45)c(-c4ccncc4)nn23)c(F)c1,0.0,CCN1C[C@@H]2C[C@H]1CN2c1cc(F)c(-c2ccnc3c(-c4cccc5[nH]ncc45)c(-c4ccncc4)nn23)c(F)c1,c1cc(-c2c(-c3ccncc3)nn3c(-c4ccc(N5CC6CC5CN6)cc4)ccnc23)c2cn[nH]c2c1,41
CCNC(=O)N1CCC(Nc2ncc3ccc(=O)n(C(C)C)c3n2)CC1,0.0,CCNC(=O)N1CCC(Nc2ncc3ccc(=O)n(C(C)C)c3n2)CC1,O=c1ccc2cnc(NC3CCNCC3)nc2[nH]1,26
CCNC(=O)N[C@H]1CC[C@@H](Nc2ncc3ccc(=O)n(C(C)C)c3n2)CC1,0.0,CCNC(=O)N[C@H]1CC[C@@H](Nc2ncc3ccc(=O)n(C(C)C)c3n2)CC1,O=c1ccc2cnc(NC3CCCCC3)nc2[nH]1,27
CCNC(=O)N[C@H]1CC[C@@]2(C)[C@@H](CC[C@@H]3[C@@H]2CC[C@]2(C)C(=O)CC[C@@H]32)C1,0.0,CCNC(=O)N[C@H]1CC[C@@]2(C)[C@@H](CC[C@H]3[C@@H]4CCC(=O)[C@@]4(C)CC[C@@H]32)C1,O=C1CCC2C1CCC1C3CCCCC3CCC21,26
CCNC(=O)N[C@H]1CC[C@H](Nc2ncc3ccc(=O)n(C(C)C)c3n2)CC1,0.0,CCNC(=O)N[C@H]1CC[C@H](Nc2ncc3ccc(=O)n(C(C)C)c3n2)CC1,O=c1ccc2cnc(NC3CCCCC3)nc2[nH]1,27
CCNC(=O)[C@H]1C[C@@](F)(c2ccc(CN3CCCC3)c(F)c2)C1,0.0,CCNC(=O)[C@H]1C[C@@](F)(c2ccc(CN3CCCC3)c(F)c2)C1,c1cc(C2CCC2)ccc1CN1CCCC1,23
CCNC(=O)c1ccc(NC(=O)Nc2ccc(-c3nc(N4CCOCC4)c4nnn(CC)c4n3)cc2)cc1,0.0,CCNC(=O)c1ccc(NC(=O)Nc2ccc(-c3nc(N4CCOCC4)c4nnn(CC)c4n3)cc2)cc1,O=C(Nc1ccccc1)Nc1ccc(-c2nc(N3CCOCC3)c3nn[nH]c3n2)cc1,38
CCNCC1(c2ccc(Cl)c(Cl)c2)CCCCC1,0.0,CCNCC1(c2ccc(Cl)c(Cl)c2)CCCCC1,c1ccc(C2CCCCC2)cc1,18
CCOC(=O)C1=C(C)N/C(=C/c2cc(C)n(-c3ccc(C(F)(F)F)cc3)c2C)C1=O,1.0,CCOC(=O)C1=C(C)N/C(=C/c2cc(C)n(-c3ccc(C(F)(F)F)cc3)c2C)C1=O,O=C1C=CNC1=Cc1ccn(-c2ccccc2)c1,30
CCOC(=O)C1=C(C)N/C(=C/c2cc(C)n(-c3ccccc3C(F)(F)F)c2C)C1=O,0.0,CCOC(=O)C1=C(C)N/C(=C/c2cc(C)n(-c3ccccc3C(F)(F)F)c2C)C1=O,O=C1C=CNC1=Cc1ccn(-c2ccccc2)c1,30
CCOC(=O)CCn1cc(CN2CCN(c3cc(C(=O)Nc4ccc5c(c4)-c4c(c(C(N)=O)nn4-c4ccc(F)cc4)CC5)c(Cl)cn3)CC2)cn1,0.0,CCOC(=O)CCn1cc(CN2CCN(c3cc(C(=O)Nc4ccc5c(c4)-c4c(c(C(N)=O)nn4-c4ccc(F)cc4)CC5)c(Cl)cn3)CC2)cn1,O=C(Nc1ccc2c(c1)-c1c(cnn1-c1ccccc1)CC2)c1ccnc(N2CCN(Cc3cn[nH]c3)CC2)c1,52
CCOC(=O)Cn1cc(CN2CCN(c3cc(C(=O)Nc4ccc5c(c4)-c4c(c(C(N)=O)nn4-c4ccc(F)cc4)CC5)c(Cl)cn3)CC2)cn1,0.0,CCOC(=O)Cn1cc(CN2CCN(c3cc(C(=O)Nc4ccc5c(c4)-c4c(c(C(N)=O)nn4-c4ccc(F)cc4)CC5)c(Cl)cn3)CC2)cn1,O=C(Nc1ccc2c(c1)-c1c(cnn1-c1ccccc1)CC2)c1ccnc(N2CCN(Cc3cn[nH]c3)CC2)c1,51
CCOC(=O)Cn1cc(CN2CCN(c3cc(C(=O)Nc4ccc5c(c4)-c4c(c(C(N)=O)nn4-c4cccc(F)c4)CC5)c(Cl)cn3)CC2)cn1,0.0,CCOC(=O)Cn1cc(CN2CCN(c3cc(C(=O)Nc4ccc5c(c4)-c4c(c(C(N)=O)nn4-c4cccc(F)c4)CC5)c(Cl)cn3)CC2)cn1,O=C(Nc1ccc2c(c1)-c1c(cnn1-c1ccccc1)CC2)c1ccnc(N2CCN(Cc3cn[nH]c3)CC2)c1,51
CCOC(=O)c1cccc(NC(=O)Nc2ccc(-c3ccnc4[nH]cnc34)cc2)c1,0.0,CCOC(=O)c1cccc(NC(=O)Nc2ccc(-c3ccnc4[nH]cnc34)cc2)c1,O=C(Nc1ccccc1)Nc1ccc(-c2ccnc3[nH]cnc23)cc1,30
CCOCCn1cc(C(=O)NCCC(c2ccccc2)c2ccccc2)ccc1=O,0.0,CCOCCn1cc(C(=O)NCCC(c2ccccc2)c2ccccc2)ccc1=O,O=C(NCCC(c1ccccc1)c1ccccc1)c1ccc(=O)[nH]c1,30
CCOCCn1cc(C(=O)NCc2ccc(Cl)cc2Cl)ccc1=O,0.0,CCOCCn1cc(C(=O)NCc2ccc(Cl)cc2Cl)ccc1=O,O=C(NCc1ccccc1)c1ccc(=O)[nH]c1,24
CCOc1cc(NC(=O)C2(NC(=O)c3ccc4c(C5CCCC5)c(-c5ccc(Cl)cn5)n(C)c4c3)CCC2)ccc1/C=C/C(=O)O,0.0,CCOc1cc(NC(=O)C2(NC(=O)c3ccc4c(C5CCCC5)c(-c5ccc(Cl)cn5)n(C)c4c3)CCC2)ccc1/C=C/C(=O)O,O=C(NC1(C(=O)Nc2ccccc2)CCC1)c1ccc2c(C3CCCC3)c(-c3ccccn3)[nH]c2c1,46
CCOc1cc(NC(=O)C2(NC(=O)c3ccc4c(C5CCCC5)c(-c5ccc(F)cn5)n(C)c4c3)CCC2)ccc1/C=C/C(=O)O,0.0,CCOc1cc(NC(=O)C2(NC(=O)c3ccc4c(C5CCCC5)c(-c5ccc(F)cn5)n(C)c4c3)CCC2)ccc1/C=C/C(=O)O,O=C(NC1(C(=O)Nc2ccccc2)CCC1)c1ccc2c(C3CCCC3)c(-c3ccccn3)[nH]c2c1,46
CCOc1cc(NC(=O)C2(NC(=O)c3ccc4c(C5CCCC5)c(-c5cccc(N)n5)n(C)c4c3)CCC2)ccc1/C=C/C(=O)O,0.0,CCOc1cc(NC(=O)C2(NC(=O)c3ccc4c(C5CCCC5)c(-c5cccc(N)n5)n(C)c4c3)CCC2)ccc1/C=C/C(=O)O,O=C(NC1(C(=O)Nc2ccccc2)CCC1)c1ccc2c(C3CCCC3)c(-c3ccccn3)[nH]c2c1,46
CCOc1cc(NC(=O)C2(NC(=O)c3ccc4c(C5CCCC5)c(-c5ccccn5)n(C)c4c3)CCC2)ccc1/C=C/C(=O)O,0.0,CCOc1cc(NC(=O)C2(NC(=O)c3ccc4c(C5CCCC5)c(-c5ccccn5)n(C)c4c3)CCC2)ccc1/C=C/C(=O)O,O=C(NC1(C(=O)Nc2ccccc2)CCC1)c1ccc2c(C3CCCC3)c(-c3ccccn3)[nH]c2c1,45
CCOc1cc(NC(=O)C2(NC(=O)c3ccc4c(C5CCCC5)c(-c5cnccn5)n(C)c4c3)CCC2)ccc1/C=C/C(=O)O,0.0,CCOc1cc(NC(=O)C2(NC(=O)c3ccc4c(C5CCCC5)c(-c5cnccn5)n(C)c4c3)CCC2)ccc1/C=C/C(=O)O,O=C(NC1(C(=O)Nc2ccccc2)CCC1)c1ccc2c(C3CCCC3)c(-c3cnccn3)[nH]c2c1,45
CCOc1cc(NC(=O)C2(NC(=O)c3ccc4c(C5CCCC5)c(-c5cnn(C)c5)n(C)c4c3)CCC2)ccc1/C=C/C(=O)O,0.0,CCOc1cc(NC(=O)C2(NC(=O)c3ccc4c(C5CCCC5)c(-c5cnn(C)c5)n(C)c4c3)CCC2)ccc1/C=C/C(=O)O,O=C(NC1(C(=O)Nc2ccccc2)CCC1)c1ccc2c(C3CCCC3)c(-c3cn[nH]c3)[nH]c2c1,45
CCOc1cc(NC(=O)C2(NC(=O)c3ccc4c(C5CCCC5)c(-c5ncc(Br)cn5)n(C)c4c3)CCC2)ccc1/C=C/C(=O)O,1.0,CCOc1cc(NC(=O)C2(NC(=O)c3ccc4c(C5CCCC5)c(-c5ncc(Br)cn5)n(C)c4c3)CCC2)ccc1/C=C/C(=O)O,O=C(NC1(C(=O)Nc2ccccc2)CCC1)c1ccc2c(C3CCCC3)c(-c3ncccn3)[nH]c2c1,46
CCOc1cc(NC(=O)C2(NC(=O)c3ccc4c(C5CCCC5)c(-c5ncc(Cl)cn5)n(C)c4c3)CC2)ccc1/C=C/C(=O)O,1.0,CCOc1cc(NC(=O)C2(NC(=O)c3ccc4c(C5CCCC5)c(-c5ncc(Cl)cn5)n(C)c4c3)CC2)ccc1/C=C/C(=O)O,O=C(NC1(C(=O)Nc2ccccc2)CC1)c1ccc2c(C3CCCC3)c(-c3ncccn3)[nH]c2c1,45
CCOc1cc(NC(=O)C2(NC(=O)c3ccc4c(C5CCCC5)c(-c5ncc(Cl)cn5)n(C)c4c3)CCC2)ccc1/C=C/C(=O)O,0.0,CCOc1cc(NC(=O)C2(NC(=O)c3ccc4c(C5CCCC5)c(-c5ncc(Cl)cn5)n(C)c4c3)CCC2)ccc1/C=C/C(=O)O,O=C(NC1(C(=O)Nc2ccccc2)CCC1)c1ccc2c(C3CCCC3)c(-c3ncccn3)[nH]c2c1,46
CCOc1cc(NC(=O)C2(NC(=O)c3ccc4c(C5CCCC5)c(-c5nccs5)n(C)c4c3)CCC2)ccc1/C=C/C(=O)O,0.0,CCOc1cc(NC(=O)C2(NC(=O)c3ccc4c(C5CCCC5)c(-c5nccs5)n(C)c4c3)CCC2)ccc1/C=C/C(=O)O,O=C(NC1(C(=O)Nc2ccccc2)CCC1)c1ccc2c(C3CCCC3)c(-c3nccs3)[nH]c2c1,44
CCOc1cc(O[C@@H]2C[C@H]3C(=O)N[C@]4(C(=O)NS(=O)(=O)C5CC5)C[C@H]4/C=C\CCCCC[C@H](NC(=O)OC(C)(C)C)C(=O)N3C2)c2ccc(OC)c(C)c2n1,0.0,CCOc1cc(O[C@@H]2C[C@H]3C(=O)N[C@]4(C(=O)NS(=O)(=O)C5CC5)C[C@H]4/C=C\CCCCC[C@H](NC(=O)OC(C)(C)C)C(=O)N3C2)c2ccc(OC)c(C)c2n1,O=C1NC2(C(=O)NS(=O)(=O)C3CC3)CC2C=CCCCCCCC(=O)N2CC(Oc3ccnc4ccccc34)CC12,55
CCOc1cc(O[C@@H]2C[C@H]3C(=O)N[C@]4(C(=O)NS(=O)(=O)C5CC5)C[C@H]4/C=C\CCCCC[C@H](NC(=O)OC(C)C)C(=O)N3C2)c2ccc(OC)c(C)c2n1,0.0,CCOc1cc(O[C@@H]2C[C@H]3C(=O)N[C@]4(C(=O)NS(=O)(=O)C5CC5)C[C@H]4/C=C\CCCCC[C@H](NC(=O)OC(C)C)C(=O)N3C2)c2ccc(OC)c(C)c2n1,O=C1NC2(C(=O)NS(=O)(=O)C3CC3)CC2C=CCCCCCCC(=O)N2CC(Oc3ccnc4ccccc34)CC12,54
CCOc1cc(O[C@@H]2C[C@H]3C(=O)N[C@]4(C(=O)NS(=O)(=O)C5CC5)C[C@H]4/C=C\CCCCC[C@H](NC(=O)c4cc[nH]n4)C(=O)N3C2)c2ccc(OC)c(C)c2n1,0.0,CCOc1cc(O[C@@H]2C[C@H]3C(=O)N[C@]4(C(=O)NS(=O)(=O)C5CC5)C[C@H]4/C=C\CCCCC[C@H](NC(=O)c4cc[nH]n4)C(=O)N3C2)c2ccc(OC)c(C)c2n1,O=C(NC1CCCCCC=CC2CC2(C(=O)NS(=O)(=O)C2CC2)NC(=O)C2CC(Oc3ccnc4ccccc34)CN2C1=O)c1cc[nH]n1,55
CCOc1ccc(C(c2nnnn2Cc2ccccc2)N2CCCN(C3CCC3)CC2)cc1,0.0,CCOc1ccc(C(c2nnnn2Cc2ccccc2)N2CCCN(C3CCC3)CC2)cc1,c1ccc(Cn2nnnc2C(c2ccccc2)N2CCCN(C3CCC3)CC2)cc1,33
CCOc1ccc(CCN2C(=O)N(NS(C)(=O)=O)C[C@@H]2c2ccc(OC)cc2)cc1,0.0,CCOc1ccc(CCN2C(=O)N(NS(C)(=O)=O)C[C@@H]2c2ccc(OC)cc2)cc1,O=C1NCC(c2ccccc2)N1CCc1ccccc1,30
CCOc1ccc2[nH]c(SCc3ccccn3)nc2c1,0.0,CCOc1ccc2[nH]c(SCc3ccccn3)nc2c1,c1ccc(CSc2nc3ccccc3[nH]2)nc1,20
CCOc1cccc2c1S(=O)(=O)N=C2C1=C(O)[C@H](C(C)(C)C)N(CCC(C)(C)C)C1=O,0.0,CCOc1cccc2c1S(=O)(=O)N=C2C1=C(O)[C@H](C(C)(C)C)N(CCC(C)(C)C)C1=O,O=C1NCC=C1C1=NS(=O)(=O)c2ccccc21,31
CCOc1cccc2c1S(=O)(=O)N=C2C1=C(O)[C@H](C(C)(C)C)N(Cc2ccc(F)c(Cl)c2)C1=O,0.0,CCOc1cccc2c1S(=O)(=O)N=C2C1=C(O)[C@H](C(C)(C)C)N(Cc2ccc(F)c(Cl)c2)C1=O,O=C1C(C2=NS(=O)(=O)c3ccccc32)=CCN1Cc1ccccc1,34
CCOc1cccc2c1S(=O)(=O)N=C2C1=C(O)[C@H](C(C)(C)C)N(Cc2cccc(Cl)c2)C1=O,0.0,CCOc1cccc2c1S(=O)(=O)N=C2C1=C(O)[C@H](C(C)(C)C)N(Cc2cccc(Cl)c2)C1=O,O=C1C(C2=NS(=O)(=O)c3ccccc32)=CCN1Cc1ccccc1,33
CCOc1cccc2c1S(=O)(=O)N=C2C1=C(O)[C@H](C(C)C)N(Cc2ccccc2)C1=O,0.0,CCOc1cccc2c1S(=O)(=O)N=C2C1=C(O)[C@H](C(C)C)N(Cc2ccccc2)C1=O,O=C1C(C2=NS(=O)(=O)c3ccccc32)=CCN1Cc1ccccc1,31
CCOc1cccc2c1c(/C=C1\C(=O)NN=C1c1snnc1C)cn2C,0.0,CCOc1cccc2c1c(/C=C1\C(=O)NN=C1c1snnc1C)cn2C,O=C1NN=C(c2cnns2)C1=Cc1c[nH]c2ccccc12,26
CCOc1ccccc1C(=O)NCC1(N2CCN(C)CC2)CCCCC1,0.0,CCOc1ccccc1C(=O)NCC1(N2CCN(C)CC2)CCCCC1,O=C(NCC1(N2CCNCC2)CCCCC1)c1ccccc1,26
CCOc1ccccc1C(=O)NCC1(N2CCNCC2)CCCCC1,1.0,CCOc1ccccc1C(=O)NCC1(N2CCNCC2)CCCCC1,O=C(NCC1(N2CCNCC2)CCCCC1)c1ccccc1,25
CCOc1ccccc1CNc1ncc(C(=O)NCCCN2CCCC2=O)c(NC2CCCC2)n1,0.0,CCOc1ccccc1CNc1ncc(C(=O)NCCCN2CCCC2=O)c(NC2CCCC2)n1,O=C(NCCCN1CCCC1=O)c1cnc(NCc2ccccc2)nc1NC1CCCC1,35
CCOc1ccccc1C[C@@H](c1ccccc1)N1CCNCC1,0.0,CCOc1ccccc1C[C@@H](c1ccccc1)N1CCNCC1.Cl,c1ccc(CC(c2ccccc2)N2CCNCC2)cc1,23
CCOc1ccccc1C[C@H](c1ccccc1)N1CCNCC1,0.0,CCOc1ccccc1C[C@H](c1ccccc1)N1CCNCC1.Cl,c1ccc(CC(c2ccccc2)N2CCNCC2)cc1,23
CCOc1ncc(-c2ccc(S(C)(=O)=O)cc2)cc1-c1ccc(OC)nc1,0.0,CCOc1ncc(-c2ccc(S(C)(=O)=O)cc2)cc1-c1ccc(OC)nc1,c1ccc(-c2cncc(-c3cccnc3)c2)cc1,27
CCOc1ncc(S(=O)(=O)N2CCN(CC)CC2)cc1-c1nc2c(CC)n(CCN3CCOCC3)nc2c(=O)[nH]1,0.0,CCOc1ncc(S(=O)(=O)N2CCN(CC)CC2)cc1-c1nc2c(CC)n(CCN3CCOCC3)nc2c(=O)[nH]1,O=c1[nH]c(-c2cncc(S(=O)(=O)N3CCNCC3)c2)nc2cn(CCN3CCOCC3)nc12,40
CCOc1ncc(S(=O)(=O)N2CCN(CC)CC2)cc1-c1nc2c(CC)n(CCOC)nc2c(=O)[nH]1,0.0,CCOc1ncc(S(=O)(=O)N2CCN(CC)CC2)cc1-c1nc2c(CC)n(CCOC)nc2c(=O)[nH]1,O=c1[nH]c(-c2cncc(S(=O)(=O)N3CCNCC3)c2)nc2c[nH]nc12,36
CCS(=O)(=O)NC(=O)c1ccc2c(C3CCCCC3)c3n(c2c1)CC1(C(=O)N2C4CCC2CN(C)C4)CC1c1cc(OC)ccc1-3,1.0,CCS(=O)(=O)NC(=O)c1ccc2c(C3CCCCC3)c3n(c2c1)CC1(C(=O)N2C4CCC2CN(C)C4)CC1c1cc(OC)ccc1-3,O=C(N1C2CCC1CNC2)C12CC1c1ccccc1-c1c(C3CCCCC3)c3ccccc3n1C2,46
CCS(=O)(=O)c1cc(F)cc(Oc2cccc(-n3c(C)nc4c(C(F)(F)F)cccc43)c2)c1,0.0,CCS(=O)(=O)c1cc(F)cc(Oc2cccc(-n3c(C)nc4c(C(F)(F)F)cccc43)c2)c1,c1ccc(Oc2cccc(-n3cnc4ccccc43)c2)cc1,33
CCS(=O)(=O)c1ccc(-c2cnc(N)c(-c3ccc(C(F)(F)F)nc3)n2)cc1,1.0,CCS(=O)(=O)c1ccc(-c2cnc(N)c(-c3ccc(C(F)(F)F)nc3)n2)cc1,c1ccc(-c2cncc(-c3cccnc3)n2)cc1,28
CCS(=O)(=O)c1ccc2oc(-c3ccc(Cl)c(Cl)c3)nc2c1,0.0,CCS(=O)(=O)c1ccc2oc(-c3ccc(Cl)c(Cl)c3)nc2c1,c1ccc(-c2nc3ccccc3o2)cc1,22
CCS(=O)(=O)c1ccc2oc(-c3ccc(Cl)cc3)nc2c1,0.0,CCS(=O)(=O)c1ccc2oc(-c3ccc(Cl)cc3)nc2c1,c1ccc(-c2nc3ccccc3o2)cc1,21
CCS(=O)(=O)c1ccc2oc(-c3ccc4c(c3)CCC4)nc2c1,0.0,CCS(=O)(=O)c1ccc2oc(-c3ccc4c(c3)CCC4)nc2c1,c1ccc2oc(-c3ccc4c(c3)CCC4)nc2c1,23
CCS(=O)(=O)c1ccc2oc(-c3ccc4ccccc4c3)nc2c1,0.0,CCS(=O)(=O)c1ccc2oc(-c3ccc4ccccc4c3)nc2c1,c1ccc2cc(-c3nc4ccccc4o3)ccc2c1,24
CCS(=O)(=O)c1ccc2oc(-c3ccc4sccc4c3)nc2c1,0.0,CCS(=O)(=O)c1ccc2oc(-c3ccc4sccc4c3)nc2c1,c1ccc2oc(-c3ccc4sccc4c3)nc2c1,23
CCS(=O)(=O)c1cccc(Oc2ccc(Cl)c(-n3c(C)nc4c(Cl)cccc43)c2)c1,0.0,CCS(=O)(=O)c1cccc(Oc2ccc(Cl)c(-n3c(C)nc4c(Cl)cccc43)c2)c1,c1ccc(Oc2cccc(-n3cnc4ccccc43)c2)cc1,30
CCS(=O)(=O)c1cccc(Oc2ccc(Cl)c(-n3cnc4c(C(F)(F)F)cccc43)c2)c1,0.0,CCS(=O)(=O)c1cccc(Oc2ccc(Cl)c(-n3cnc4c(C(F)(F)F)cccc43)c2)c1,c1ccc(Oc2cccc(-n3cnc4ccccc43)c2)cc1,32
CCS(=O)(=O)c1cccc(Oc2cccc(-c3c(C)nc4c(C(F)(F)F)cccn34)c2)c1,0.0,CCS(=O)(=O)c1cccc(Oc2cccc(-c3c(C)nc4c(C(F)(F)F)cccn34)c2)c1,c1ccc(Oc2cccc(-c3cnc4ccccn34)c2)cc1,32
CCS(=O)(=O)c1cccc(Oc2cccc(-n3c(C)nc4c(C(F)(F)F)cccc43)c2)c1,0.0,CCS(=O)(=O)c1cccc(Oc2cccc(-n3c(C)nc4c(C(F)(F)F)cccc43)c2)c1,c1ccc(Oc2cccc(-n3cnc4ccccc43)c2)cc1,32
CCS(=O)(=O)c1cccc(Oc2cccc(-n3c(C)nc4c(Cl)cccc43)c2)c1,0.0,CCS(=O)(=O)c1cccc(Oc2cccc(-n3c(C)nc4c(Cl)cccc43)c2)c1,c1ccc(Oc2cccc(-n3cnc4ccccc43)c2)cc1,29
CCSc1nc2ccc(OC)cc2[nH]1,0.0,CCSc1nc2ccc(OC)cc2[nH]1,c1ccc2[nH]cnc2c1,14
CC[C@@H](CC(=O)NCC1CCCCC1)n1c(N)nc2cc(Cl)ccc21,0.0,CC[C@@H](CC(=O)NCC1CCCCC1)n1c(N)nc2cc(Cl)ccc21,O=C(CCn1cnc2ccccc21)NCC1CCCCC1,25
CC[C@@H](CO)Nc1nc(Nc2cc(Cl)cc(Cl)c2)ncc1C(=O)NC1CCN(C)CC1,0.0,CC[C@@H](CO)Nc1nc(Nc2cc(Cl)cc(Cl)c2)ncc1C(=O)NC1CCN(C)CC1,O=C(NC1CCNCC1)c1cnc(Nc2ccccc2)nc1,31
CC[C@@H](Cn1cc(C#N)c2ccccc21)NS(=O)(=O)c1c(N)cc(Cl)cc1Cl,0.0,CC[C@@H](Cn1cc(C#N)c2ccccc21)NS(=O)(=O)c1c(N)cc(Cl)cc1Cl,O=S(=O)(NCCn1ccc2ccccc21)c1ccccc1,28
CC[C@@H](Cn1cc(C)c2ccccc21)NS(=O)(=O)c1c(N)cc(Cl)cc1Cl,0.0,CC[C@@H](Cn1cc(C)c2ccccc21)NS(=O)(=O)c1c(N)cc(Cl)cc1Cl,O=S(=O)(NCCn1ccc2ccccc21)c1ccccc1,27
CC[C@@H](Cn1ccc2ccccc21)NS(=O)(=O)c1c(N)cc(Cl)cc1Cl,0.0,CC[C@@H](Cn1ccc2ccccc21)NS(=O)(=O)c1c(N)cc(Cl)cc1Cl,O=S(=O)(NCCn1ccc2ccccc21)c1ccccc1,26
CC[C@@H]1/C=C(\C)C[C@H](C)C[C@H](OC)[C@H]2O[C@@](O)(C(=O)C(=O)N3CCCC[C@H]3C(=O)O[C@H](/C(C)=C/C3CCOCC3)[C@H](C)[C@@H](O)CC1=O)[C@H](C)C[C@@H]2OC,0.0,CC[C@@H]1/C=C(\C)C[C@H](C)C[C@H](OC)[C@H]2O[C@@](O)(C(=O)C(=O)N3CCCC[C@H]3C(=O)O[C@H](/C(C)=C/C3CCOCC3)[C@H](C)[C@@H](O)CC1=O)[C@H](C)C[C@@H]2OC,O=C1CC=CCCCCC2CCCC(O2)C(=O)C(=O)N2CCCCC2C(=O)OC(C=CC2CCOCC2)CCC1,53
CC[C@@H]1/C=C(\C)C[C@H](C)C[C@H](OC)[C@H]2O[C@@](O)(C(=O)C(=O)N3CCCC[C@H]3C(=O)O[C@H](/C(C)=C/[C@@H]3CC[C@@H](O)[C@@H](F)C3)[C@H](C)[C@@H](O)CC1=O)[C@H](C)C[C@@H]2OC,0.0,CC[C@@H]1/C=C(\C)C[C@H](C)C[C@H](OC)[C@H]2O[C@@](O)(C(=O)C(=O)N3CCCC[C@H]3C(=O)O[C@H](/C(C)=C/[C@@H]3CC[C@@H](O)[C@@H](F)C3)[C@H](C)[C@@H](O)CC1=O)[C@H](C)C[C@@H]2OC,O=C1CC=CCCCCC2CCCC(O2)C(=O)C(=O)N2CCCCC2C(=O)OC(C=CC2CCCCC2)CCC1,55
CC[C@@H]1/C=C(\C)C[C@H](C)C[C@H](OC)[C@H]2O[C@@](O)(C(=O)C(=O)N3CCCC[C@H]3C(=O)O[C@H](/C(C)=C/[C@@H]3CC[C@@H](O)[C@H](OC)C3)[C@H](C)[C@@H](O)CC1=O)[C@H](C)C[C@@H]2OC,0.0,CC[C@@H]1/C=C(\C)C[C@H](C)C[C@H](OC)[C@H]2O[C@@](O)(C(=O)C(=O)N3CCCC[C@H]3C(=O)O[C@H](/C(C)=C/[C@@H]3CC[C@@H](O)[C@H](OC)C3)[C@H](C)[C@@H](O)CC1=O)[C@H](C)C[C@@H]2OC,O=C1CC=CCCCCC2CCCC(O2)C(=O)C(=O)N2CCCCC2C(=O)OC(C=CC2CCCCC2)CCC1,56
CC[C@@H]1/C=C(\C)C[C@H](C)C[C@H](OC)[C@H]2O[C@@](O)(C(=O)C(=O)N3CCCC[C@H]3C(=O)O[C@H](/C(C)=C/[C@H]3CCCC(O)CC3)[C@H](C)[C@@H](O)CC1=O)[C@H](C)C[C@@H]2OC,0.0,CC[C@@H]1/C=C(\C)C[C@H](C)C[C@H](OC)[C@H]2O[C@@](O)(C(=O)C(=O)N3CCCC[C@H]3C(=O)O[C@H](/C(C)=C/[C@H]3CCCC(O)CC3)[C@H](C)[C@@H](O)CC1=O)[C@H](C)C[C@@H]2OC,O=C1CC=CCCCCC2CCCC(O2)C(=O)C(=O)N2CCCCC2C(=O)OC(C=CC2CCCCCC2)CCC1,55
CC[C@@H]1C[C@@H](C(=O)NCC2CCOCC2)CN(Cc2nc(-c3ccccc3)oc2C)C1,0.0,CC[C@@H]1C[C@@H](C(=O)NCC2CCOCC2)CN(Cc2nc(-c3ccccc3)oc2C)C1,O=C(NCC1CCOCC1)C1CCCN(Cc2coc(-c3ccccc3)n2)C1,31
CC[C@@H]1C[C@@H](C(=O)NCC2CCOCC2)CN(Cc2nc(N3CCOCC3)oc2C)C1,0.0,CC[C@@H]1C[C@@H](C(=O)NCC2CCOCC2)CN(Cc2nc(N3CCOCC3)oc2C)C1,O=C(NCC1CCOCC1)C1CCCN(Cc2coc(N3CCOCC3)n2)C1,31
CC[C@@H]1C[C@@H](C(=O)NC[C@@H]2CCCO2)CN(Cc2[nH]c(-c3ccncn3)nc2C)C1,0.0,CC[C@@H]1C[C@@H](C(=O)NC[C@@H]2CCCO2)CN(Cc2[nH]c(-c3ccncn3)nc2C)C1,O=C(NCC1CCCO1)C1CCCN(Cc2cnc(-c3ccncn3)[nH]2)C1,30
CC[C@@H]1C[C@@H](C(=O)NC[C@@H]2CCCO2)CN(Cc2nc(-c3ccccc3)oc2C)C1,0.0,CC[C@@H]1C[C@@H](C(=O)NC[C@@H]2CCCO2)CN(Cc2nc(-c3ccccc3)oc2C)C1,O=C(NCC1CCCO1)C1CCCN(Cc2coc(-c3ccccc3)n2)C1,30
CC[C@@H]1C[C@@H](C(=O)NC[C@@H]2CCCO2)CN(Cc2nc(N3CCOCC3)oc2C)C1,0.0,CC[C@@H]1C[C@@H](C(=O)NC[C@@H]2CCCO2)CN(Cc2nc(N3CCOCC3)oc2C)C1,O=C(NCC1CCCO1)C1CCCN(Cc2coc(N3CCOCC3)n2)C1,30
CC[C@@H]1C[C@@H](C(=O)NC[C@H]2CCCO2)CN(Cc2nc(-c3ccccc3)oc2C)C1,0.0,CC[C@@H]1C[C@@H](C(=O)NC[C@H]2CCCO2)CN(Cc2nc(-c3ccccc3)oc2C)C1,O=C(NCC1CCCO1)C1CCCN(Cc2coc(-c3ccccc3)n2)C1,30
CC[C@@H]1C[C@@H](C(=O)NCc2cccc(N)n2)CN(Cc2nc(-c3ccccc3)oc2C)C1,0.0,CC[C@@H]1C[C@@H](C(=O)NCc2cccc(N)n2)CN(Cc2nc(-c3ccccc3)oc2C)C1,O=C(NCc1ccccn1)C1CCCN(Cc2coc(-c3ccccc3)n2)C1,32
CC[C@@H]1C[C@@H](C(=O)NCc2cccc(N)n2)CN(Cc2nc(N3CCOCC3)oc2C)C1,0.0,CC[C@@H]1C[C@@H](C(=O)NCc2cccc(N)n2)CN(Cc2nc(N3CCOCC3)oc2C)C1,O=C(NCc1ccccn1)C1CCCN(Cc2coc(N3CCOCC3)n2)C1,32
CC[C@@]1(C)C(O)=C(C2=NS(=O)(=O)c3c(CN(C)S(C)(=O)=O)cccc32)C(=O)N1Cc1ccc(F)c(Cl)c1,0.0,CC[C@@]1(C)C(O)=C(C2=NS(=O)(=O)c3c(CN(C)S(C)(=O)=O)cccc32)C(=O)N1Cc1ccc(F)c(Cl)c1,O=C1C(C2=NS(=O)(=O)c3ccccc32)=CCN1Cc1ccccc1,37
CC[C@H](C)[C@@H]1NCCOc2ccccc2CCCNC(=O)[C@@H](Cc2ccc(Cl)cc2)NC(=O)[C@@H](C)N(C)C1=O,1.0,CC[C@H](C)[C@@H]1NCCOc2ccccc2CCCNC(=O)[C@@H](Cc2ccc(Cl)cc2)NC(=O)[C@@H](C)N(C)C1=O,O=C1CNCCOc2ccccc2CCCNC(=O)C(Cc2ccccc2)NC(=O)CN1,39
CC[C@H]1C[C@@H](C(=O)NCC2CCOCC2)CN(Cc2nc(-c3ccccc3)oc2C)C1,0.0,CC[C@H]1C[C@@H](C(=O)NCC2CCOCC2)CN(Cc2nc(-c3ccccc3)oc2C)C1,O=C(NCC1CCOCC1)C1CCCN(Cc2coc(-c3ccccc3)n2)C1,31
CC[C@H]1C[C@@H](C(=O)NCC2CCOCC2)CN(Cc2nc(N3CCOCC3)oc2C)C1,0.0,CC[C@H]1C[C@@H](C(=O)NCC2CCOCC2)CN(Cc2nc(N3CCOCC3)oc2C)C1,O=C(NCC1CCOCC1)C1CCCN(Cc2coc(N3CCOCC3)n2)C1,31
CC[C@H]1C[C@@H](C(=O)NC[C@@H]2CCCO2)CN(Cc2nc(N3CCOCC3)oc2C)C1,0.0,CC[C@H]1C[C@@H](C(=O)NC[C@@H]2CCCO2)CN(Cc2nc(N3CCOCC3)oc2C)C1,O=C(NCC1CCCO1)C1CCCN(Cc2coc(N3CCOCC3)n2)C1,30
CC[C@H]1C[C@@H](C(=O)NC[C@H]2CCCO2)CN(Cc2nc(-c3ccccc3)oc2C)C1,0.0,CC[C@H]1C[C@@H](C(=O)NC[C@H]2CCCO2)CN(Cc2nc(-c3ccccc3)oc2C)C1,O=C(NCC1CCCO1)C1CCCN(Cc2coc(-c3ccccc3)n2)C1,30
CC[C@H]1C[C@@H](C(=O)NCc2cccc(C)n2)CN(Cc2nc(-c3ccccc3)oc2C)C1,0.0,CC[C@H]1C[C@@H](C(=O)NCc2cccc(C)n2)CN(Cc2nc(-c3ccccc3)oc2C)C1,O=C(NCc1ccccn1)C1CCCN(Cc2coc(-c3ccccc3)n2)C1,32
CC[C@H]1C[C@@H](C(=O)NCc2cccc(N)n2)CN(Cc2nc(N3CCOCC3)oc2C)C1,0.0,CC[C@H]1C[C@@H](C(=O)NCc2cccc(N)n2)CN(Cc2nc(N3CCOCC3)oc2C)C1,O=C(NCc1ccccn1)C1CCCN(Cc2coc(N3CCOCC3)n2)C1,32
CC[C@H]1C[C@H](C(=O)NCc2cccc(C)n2)CN(Cc2nc(-c3ccccc3)oc2C)C1,0.0,CC[C@H]1C[C@H](C(=O)NCc2cccc(C)n2)CN(Cc2nc(-c3ccccc3)oc2C)C1,O=C(NCc1ccccn1)C1CCCN(Cc2coc(-c3ccccc3)n2)C1,32
CCc1[nH]nc2ccc(F)c(Oc3cc(C#N)cc(C#N)c3)c12,0.0,CCc1[nH]nc2ccc(F)c(Oc3cc(C#N)cc(C#N)c3)c12,c1ccc(Oc2cccc3n[nH]cc23)cc1,23
CCc1c(C)[nH]c2cc(OC)c(Cl)cc2c1=O,0.0,CCc1c(C)[nH]c2cc(OC)c(Cl)cc2c1=O,O=c1cc[nH]c2ccccc12,17
CCc1c(C2CCN(CCCSc3ccc(F)cc3)CC2)c2ccc(F)cc2n1-c1ccc(C(=O)O)cn1,0.0,CCc1c(C2CCN(CCCSc3ccc(F)cc3)CC2)c2ccc(F)cc2n1-c1ccc(C(=O)O)cn1,c1ccc(SCCCN2CCC(c3cn(-c4ccccn4)c4ccccc34)CC2)cc1,38
CCc1c2nc(-c3cc(S(=O)(=O)N4CCN(C)CC4)cnc3OCCOC)[nH]c(=O)c2nn1CC(C)C,0.0,CCc1c2nc(-c3cc(S(=O)(=O)N4CCN(C)CC4)cnc3OCCOC)[nH]c(=O)c2nn1CC(C)C,O=c1[nH]c(-c2cncc(S(=O)(=O)N3CCNCC3)c2)nc2c[nH]nc12,37
CCc1c2nc(-c3cc(S(=O)(=O)N4CCN(CC)CC4)cnc3OCC(C)C)[nH]c(=O)c2nn1CCOC,0.0,CCc1c2nc(-c3cc(S(=O)(=O)N4CCN(CC)CC4)cnc3OCC(C)C)[nH]c(=O)c2nn1CCOC,O=c1[nH]c(-c2cncc(S(=O)(=O)N3CCNCC3)c2)nc2c[nH]nc12,38
CCc1c2nc(-c3cc(S(=O)(=O)N4CCN(CC)CC4)cnc3OCCOC)[nH]c(=O)c2nn1CC(C)C,0.0,CCc1c2nc(-c3cc(S(=O)(=O)N4CCN(CC)CC4)cnc3OCCOC)[nH]c(=O)c2nn1CC(C)C,O=c1[nH]c(-c2cncc(S(=O)(=O)N3CCNCC3)c2)nc2c[nH]nc12,38
CCc1c2nc(-c3cc(S(=O)(=O)N4CCN(CC)CC4)cnc3OCCOC)[nH]c(=O)c2nn1CCN1CCOCC1,0.0,CCc1c2nc(-c3cc(S(=O)(=O)N4CCN(CC)CC4)cnc3OCCOC)[nH]c(=O)c2nn1CCN1CCOCC1,O=c1[nH]c(-c2cncc(S(=O)(=O)N3CCNCC3)c2)nc2cn(CCN3CCOCC3)nc12,42
CCc1c2nc(-c3cc(S(=O)(=O)N4CCN(CC)CC4)cnc3OCCOC)[nH]c(=O)c2nn1CCOC,0.0,CCc1c2nc(-c3cc(S(=O)(=O)N4CCN(CC)CC4)cnc3OCCOC)[nH]c(=O)c2nn1CCOC,O=c1[nH]c(-c2cncc(S(=O)(=O)N3CCNCC3)c2)nc2c[nH]nc12,38
CCc1cc(-c2ccc(C(F)(F)F)o2)n(-c2ccc3c(c2)nc(-c2cc(C(=O)N4CCCC4)ccc2O)n3Cc2c[nH]c(=O)c(C)c2)n1,0.0,CCc1cc(-c2ccc(C(F)(F)F)o2)n(-c2ccc3c(c2)nc(-c2cc(C(=O)N4CCCC4)ccc2O)n3Cc2c[nH]c(=O)c(C)c2)n1,O=C(c1cccc(-c2nc3cc(-n4nccc4-c4ccco4)ccc3n2Cc2ccc(=O)[nH]c2)c1)N1CCCC1,48
CCc1cc(-c2ccc(C(F)(F)F)o2)n(-c2ccc3c(c2)nc(-c2cc(C(=O)N4CCCC4)ccc2O)n3Cc2cc(C)c(=O)n(C)c2)n1,0.0,CCc1cc(-c2ccc(C(F)(F)F)o2)n(-c2ccc3c(c2)nc(-c2cc(C(=O)N4CCCC4)ccc2O)n3Cc2cc(C)c(=O)n(C)c2)n1,O=C(c1cccc(-c2nc3cc(-n4nccc4-c4ccco4)ccc3n2Cc2ccc(=O)[nH]c2)c1)N1CCCC1,49
CCc1cc(-c2ccc(C(F)(F)F)o2)n(-c2ccc3c(c2)nc(-c2cc(C(=O)N4CCCC4)ccc2O)n3Cc2ccc(=O)[nH]c2)n1,0.0,CCc1cc(-c2ccc(C(F)(F)F)o2)n(-c2ccc3c(c2)nc(-c2cc(C(=O)N4CCCC4)ccc2O)n3Cc2ccc(=O)[nH]c2)n1,O=C(c1cccc(-c2nc3cc(-n4nccc4-c4ccco4)ccc3n2Cc2ccc(=O)[nH]c2)c1)N1CCCC1,47
CCc1ccc(-c2nc3c(=O)n(C)c(=O)nc-3n(C)n2)cc1,1.0,CCc1ccc(-c2nc3c(=O)n(C)c(=O)nc-3n(C)n2)cc1,O=c1nc2[nH]nc(-c3ccccc3)nc-2c(=O)[nH]1,22
CCc1ccc(-c2nc3c(=O)n(Cc4ccccc4)c(=O)nc-3n(C)n2)cc1,1.0,CCc1ccc(-c2nc3c(=O)n(Cc4ccccc4)c(=O)nc-3n(C)n2)cc1,O=c1nc2[nH]nc(-c3ccccc3)nc-2c(=O)n1Cc1ccccc1,28
CCc1ccc(CCNc2ncc(C)n(CC(=O)NCCONC(=N)N)c2=O)cc1,0.0,CCc1ccc(CCNc2ncc(C)n(CC(=O)NCCONC(=N)N)c2=O)cc1,O=c1[nH]ccnc1NCCc1ccccc1,30
CCc1cnc(N2CCC[C@@H](N)C2)n(Cc2ccccc2C#N)c1=O,1.0,CCc1cnc(N2CCC[C@@H](N)C2)n(Cc2ccccc2C#N)c1=O,O=c1ccnc(N2CCCCC2)n1Cc1ccccc1,25
CCc1n[nH]c(CC)c1Oc1cc(C#N)cc(C#N)c1,0.0,CCc1n[nH]c(CC)c1Oc1cc(C#N)cc(C#N)c1,c1ccc(Oc2cn[nH]c2)cc1,20
CCc1n[nH]c(CC)c1Oc1cc(C)cc(C#N)c1,0.0,CCc1n[nH]c(CC)c1Oc1cc(C)cc(C#N)c1,c1ccc(Oc2cn[nH]c2)cc1,19
CCc1n[nH]c(CC)c1Oc1cccc(C#N)c1,0.0,CCc1n[nH]c(CC)c1Oc1cccc(C#N)c1,c1ccc(Oc2cn[nH]c2)cc1,18
CCc1nc(C)n(CC)c1Oc1cc(C#N)cc(C#N)c1,0.0,CCc1nc(C)n(CC)c1Oc1cc(C#N)cc(C#N)c1,c1ccc(Oc2cnc[nH]2)cc1,21
CCc1nc(C)n(CC)c1Oc1cc(Cl)cc(C#N)c1,0.0,CCc1nc(C)n(CC)c1Oc1cc(Cl)cc(C#N)c1,c1ccc(Oc2cnc[nH]2)cc1,20
CCc1nc2c(C(F)(F)F)cccc2n1-c1cccc(Oc2cccc(S(C)(=O)=O)c2)c1,0.0,CCc1nc2c(C(F)(F)F)cccc2n1-c1cccc(Oc2cccc(S(C)(=O)=O)c2)c1,c1ccc(Oc2cccc(-n3cnc4ccccc43)c2)cc1,32
CCc1nc2c(C(F)(F)F)cccn2c1-c1cccc(Oc2cccc(S(C)(=O)=O)c2)c1,0.0,CCc1nc2c(C(F)(F)F)cccn2c1-c1cccc(Oc2cccc(S(C)(=O)=O)c2)c1,c1ccc(Oc2cccc(-c3cnc4ccccn34)c2)cc1,32
CCc1nc2cc(Cl)ccn2c1C(=O)NCc1ccc(-c2ccc(C(=O)O)cc2)cc1,0.0,CCc1nc2cc(Cl)ccn2c1C(=O)NCc1ccc(-c2ccc(C(=O)O)cc2)cc1,O=C(NCc1ccc(-c2ccccc2)cc1)c1cnc2ccccn12,31
CCc1nc2cc(Cl)ccn2c1C(=O)NCc1ccc(-c2ccc(C(C)(C)C)cc2)cc1,0.0,CCc1nc2cc(Cl)ccn2c1C(=O)NCc1ccc(-c2ccc(C(C)(C)C)cc2)cc1,O=C(NCc1ccc(-c2ccccc2)cc1)c1cnc2ccccn12,32
CCc1nc2cc(Cl)ccn2c1C(=O)NCc1ccc(-c2ccc(C)cc2)cc1,0.0,CCc1nc2cc(Cl)ccn2c1C(=O)NCc1ccc(-c2ccc(C)cc2)cc1,O=C(NCc1ccc(-c2ccccc2)cc1)c1cnc2ccccn12,29
CCc1nc2cc(Cl)ccn2c1C(=O)NCc1ccc(-c2ccc(Cl)cc2)cc1,0.0,CCc1nc2cc(Cl)ccn2c1C(=O)NCc1ccc(-c2ccc(Cl)cc2)cc1,O=C(NCc1ccc(-c2ccccc2)cc1)c1cnc2ccccn12,29
CCc1nc2cc(Cl)ccn2c1C(=O)NCc1ccc(-c2ccc[nH]2)cc1,0.0,CCc1nc2cc(Cl)ccn2c1C(=O)NCc1ccc(-c2ccc[nH]2)cc1,O=C(NCc1ccc(-c2ccc[nH]2)cc1)c1cnc2ccccn12,27
CCc1nc2cc(Cl)ccn2c1C(=O)NCc1ccc(-c2ccncc2)cc1,0.0,CCc1nc2cc(Cl)ccn2c1C(=O)NCc1ccc(-c2ccncc2)cc1,O=C(NCc1ccc(-c2ccncc2)cc1)c1cnc2ccccn12,28
CCc1nc2cc(Cl)ccn2c1C(=O)NCc1ccc(-n2cc3c(c2)CCCC3)cc1,0.0,CCc1nc2cc(Cl)ccn2c1C(=O)NCc1ccc(-n2cc3c(c2)CCCC3)cc1,O=C(NCc1ccc(-n2cc3c(c2)CCCC3)cc1)c1cnc2ccccn12,31
CCc1nc2cc(Cl)ccn2c1C(=O)NCc1ccc(N2CC3CCCCC3C2)cc1,0.0,CCc1nc2cc(Cl)ccn2c1C(=O)NCc1ccc(N2CC3CCCCC3C2)cc1,O=C(NCc1ccc(N2CC3CCCCC3C2)cc1)c1cnc2ccccn12,31
CCc1nc2cc(Cl)ccn2c1C(=O)NCc1ccc(N2CCC(C(F)(F)F)CC2)cc1,0.0,CCc1nc2cc(Cl)ccn2c1C(=O)NCc1ccc(N2CCC(C(F)(F)F)CC2)cc1,O=C(NCc1ccc(N2CCCCC2)cc1)c1cnc2ccccn12,32
CCc1nc2cc(Cl)ccn2c1C(=O)NCc1ccc(N2CCC(Cl)CC2)cc1,0.0,CCc1nc2cc(Cl)ccn2c1C(=O)NCc1ccc(N2CCC(Cl)CC2)cc1,O=C(NCc1ccc(N2CCCCC2)cc1)c1cnc2ccccn12,29
CCc1nc2cc(Cl)ccn2c1C(=O)NCc1ccc(N2CCC(c3ccc(Cl)cc3)CC2)cc1,0.0,CCc1nc2cc(Cl)ccn2c1C(=O)NCc1ccc(N2CCC(c3ccc(Cl)cc3)CC2)cc1,O=C(NCc1ccc(N2CCC(c3ccccc3)CC2)cc1)c1cnc2ccccn12,35
CCc1nc2cc(Cl)ccn2c1C(=O)NCc1ccc(N2CCC(c3ccc(F)cc3)CC2)cc1,0.0,CCc1nc2cc(Cl)ccn2c1C(=O)NCc1ccc(N2CCC(c3ccc(F)cc3)CC2)cc1,O=C(NCc1ccc(N2CCC(c3ccccc3)CC2)cc1)c1cnc2ccccn12,35
CCc1nc2cc(Cl)ccn2c1C(=O)NCc1ccc(N2CCC(c3ccc(OC(F)(F)F)cc3)CC2)cc1,0.0,CCc1nc2cc(Cl)ccn2c1C(=O)NCc1ccc(N2CCC(c3ccc(OC(F)(F)F)cc3)CC2)cc1,O=C(NCc1ccc(N2CCC(c3ccccc3)CC2)cc1)c1cnc2ccccn12,39
CCc1nc2cc(Cl)ccn2c1C(=O)NCc1ccc(N2CCCCC2)cc1,0.0,CCc1nc2cc(Cl)ccn2c1C(=O)NCc1ccc(N2CCCCC2)cc1,O=C(NCc1ccc(N2CCCCC2)cc1)c1cnc2ccccn12,28
CCc1nc2cc(Cl)ccn2c1C(=O)NCc1ccc(N2CCCCCC2)cc1,0.0,CCc1nc2cc(Cl)ccn2c1C(=O)NCc1ccc(N2CCCCCC2)cc1,O=C(NCc1ccc(N2CCCCCC2)cc1)c1cnc2ccccn12,29
CCc1nc2cc(Cl)ccn2c1C(=O)NCc1ccc(N2CCN(C(C)C)CC2)cc1,0.0,CCc1nc2cc(Cl)ccn2c1C(=O)NCc1ccc(N2CCN(C(C)C)CC2)cc1,O=C(NCc1ccc(N2CCNCC2)cc1)c1cnc2ccccn12,31
CCc1nc2cc(Cl)ccn2c1C(=O)NCc1ccc(N2CCN(C)CC2)cc1,0.0,CCc1nc2cc(Cl)ccn2c1C(=O)NCc1ccc(N2CCN(C)CC2)cc1,O=C(NCc1ccc(N2CCNCC2)cc1)c1cnc2ccccn12,29
CCc1nc2cc(Cl)ccn2c1C(=O)NCc1ccc(N2CCN(c3ccc(F)cc3)CC2)cc1,0.0,CCc1nc2cc(Cl)ccn2c1C(=O)NCc1ccc(N2CCN(c3ccc(F)cc3)CC2)cc1,O=C(NCc1ccc(N2CCN(c3ccccc3)CC2)cc1)c1cnc2ccccn12,35
CCc1nc2cc(Cl)ccn2c1C(=O)NCc1ccc(N2CCN(c3ccc(OC(F)(F)F)cc3)CC2)cc1,0.0,CCc1nc2cc(Cl)ccn2c1C(=O)NCc1ccc(N2CCN(c3ccc(OC(F)(F)F)cc3)CC2)cc1,O=C(NCc1ccc(N2CCN(c3ccccc3)CC2)cc1)c1cnc2ccccn12,39
CCc1nc2ccc(Cl)cn2c1C(=O)NCc1ccc(-c2ccc(C#N)cc2)cc1,0.0,CCc1nc2ccc(Cl)cn2c1C(=O)NCc1ccc(-c2ccc(C#N)cc2)cc1,O=C(NCc1ccc(-c2ccccc2)cc1)c1cnc2ccccn12,30
CCc1nc2ccc(Cl)cn2c1C(=O)NCc1ccc(-c2ccc(C)cc2)cc1,0.0,CCc1nc2ccc(Cl)cn2c1C(=O)NCc1ccc(-c2ccc(C)cc2)cc1,O=C(NCc1ccc(-c2ccccc2)cc1)c1cnc2ccccn12,29
CCc1nc2ccc(Cl)cn2c1C(=O)NCc1ccc(-c2ccc(Cl)cc2)cc1,0.0,CCc1nc2ccc(Cl)cn2c1C(=O)NCc1ccc(-c2ccc(Cl)cc2)cc1,O=C(NCc1ccc(-c2ccccc2)cc1)c1cnc2ccccn12,29
CCc1nc2ccc(Cl)cn2c1C(=O)NCc1ccc(-c2ccccc2)cc1,0.0,CCc1nc2ccc(Cl)cn2c1C(=O)NCc1ccc(-c2ccccc2)cc1,O=C(NCc1ccc(-c2ccccc2)cc1)c1cnc2ccccn12,28
CCc1nc2ccc(Cl)cn2c1C(=O)NCc1ccc(-c2ccccc2Cl)cc1,0.0,CCc1nc2ccc(Cl)cn2c1C(=O)NCc1ccc(-c2ccccc2Cl)cc1,O=C(NCc1ccc(-c2ccccc2)cc1)c1cnc2ccccn12,29
CCc1nc2ccc(Cl)cn2c1C(=O)NCc1ccc(N2CCC(c3ccc(Cl)cc3)CC2)cc1,0.0,CCc1nc2ccc(Cl)cn2c1C(=O)NCc1ccc(N2CCC(c3ccc(Cl)cc3)CC2)cc1,O=C(NCc1ccc(N2CCC(c3ccccc3)CC2)cc1)c1cnc2ccccn12,35
CCc1nc2ccc(Cl)cn2c1C(=O)NCc1ccc(N2CCC(c3ccc(F)cc3)CC2)cc1,0.0,CCc1nc2ccc(Cl)cn2c1C(=O)NCc1ccc(N2CCC(c3ccc(F)cc3)CC2)cc1,O=C(NCc1ccc(N2CCC(c3ccccc3)CC2)cc1)c1cnc2ccccn12,35
CCc1nc2ccc(Cl)cn2c1C(=O)NCc1ccc(N2CCC(c3ccc(OC(F)(F)F)cc3)CC2)cc1,0.0,CCc1nc2ccc(Cl)cn2c1C(=O)NCc1ccc(N2CCC(c3ccc(OC(F)(F)F)cc3)CC2)cc1,O=C(NCc1ccc(N2CCC(c3ccccc3)CC2)cc1)c1cnc2ccccn12,39
CCc1nc2ccc(Cl)cn2c1C(=O)NCc1ccc(N2CCN(c3ccc(F)cc3)CC2)cc1,0.0,CCc1nc2ccc(Cl)cn2c1C(=O)NCc1ccc(N2CCN(c3ccc(F)cc3)CC2)cc1,O=C(NCc1ccc(N2CCN(c3ccccc3)CC2)cc1)c1cnc2ccccn12,35
CCc1nc2ccc(Cl)cn2c1C(=O)NCc1ccc(N2CCN(c3ccc(OC(F)(F)F)cc3)CC2)cc1,0.0,CCc1nc2ccc(Cl)cn2c1C(=O)NCc1ccc(N2CCN(c3ccc(OC(F)(F)F)cc3)CC2)cc1,O=C(NCc1ccc(N2CCN(c3ccccc3)CC2)cc1)c1cnc2ccccn12,39
CCc1nc2ccccc2nc1SCC(=O)NC(=O)Nc1cccc(F)c1C,0.0,CCc1nc2ccccc2nc1SCC(=O)NC(=O)Nc1cccc(F)c1C,O=C(CSc1cnc2ccccc2n1)NC(=O)Nc1ccccc1,28
CCc1nc2ccccn2c1C(=O)NCc1ccc(-c2ccccc2)cc1,0.0,CCc1nc2ccccn2c1C(=O)NCc1ccc(-c2ccccc2)cc1,O=C(NCc1ccc(-c2ccccc2)cc1)c1cnc2ccccn12,27
CCc1nccn1Cc1ccc(Nc2nc3ncnc(Nc4ccc(F)c(Cl)c4)c3s2)cc1,0.0,CCc1nccn1Cc1ccc(Nc2nc3ncnc(Nc4ccc(F)c(Cl)c4)c3s2)cc1,c1ccc(Nc2ncnc3nc(Nc4ccc(Cn5ccnc5)cc4)sc23)cc1,33
CCc1nn(CCN)c(CC)c1Oc1cc(C#N)cc(C#N)c1,0.0,CCc1nn(CCN)c(CC)c1Oc1cc(C#N)cc(C#N)c1,c1ccc(Oc2cn[nH]c2)cc1,23
CCc1nn(CCN)c(CC)c1Oc1cc(C)cc(C#N)c1,0.0,CCc1nn(CCN)c(CC)c1Oc1cc(C)cc(C#N)c1,c1ccc(Oc2cn[nH]c2)cc1,22
CCc1nn(CCN)c(CC)c1Oc1cc(Cl)cc(C#N)c1,0.0,CCc1nn(CCN)c(CC)c1Oc1cc(Cl)cc(C#N)c1,c1ccc(Oc2cn[nH]c2)cc1,22
CCc1nn(CCN)c(CC)c1Oc1cc(F)cc(C#N)c1,0.0,CCc1nn(CCN)c(CC)c1Oc1cc(F)cc(C#N)c1,c1ccc(Oc2cn[nH]c2)cc1,22
CCc1nn(CCN)c(CC)c1Oc1cccc(C#N)c1,0.0,CCc1nn(CCN)c(CC)c1Oc1cccc(C#N)c1,c1ccc(Oc2cn[nH]c2)cc1,21
CCc1nn(CCO)c(C(F)(F)F)c1Cc1cc(Cl)cc(Cl)c1,0.0,CCc1nn(CCO)c(C(F)(F)F)c1Cc1cc(Cl)cc(Cl)c1,c1ccc(Cc2cn[nH]c2)cc1,23
CCc1nn(CCO)c(CC)c1Cc1cc(Cl)cc(Cl)c1,0.0,CCc1nn(CCO)c(CC)c1Cc1cc(Cl)cc(Cl)c1,c1ccc(Cc2cn[nH]c2)cc1,21
CCc1nn(CCO)c(CC)c1Oc1cc(C#N)cc(C#N)c1,0.0,CCc1nn(CCO)c(CC)c1Oc1cc(C#N)cc(C#N)c1,c1ccc(Oc2cn[nH]c2)cc1,23
CCc1nn(CCO)c(CC)c1Oc1cc(C)cc(C#N)c1,0.0,CCc1nn(CCO)c(CC)c1Oc1cc(C)cc(C#N)c1,c1ccc(Oc2cn[nH]c2)cc1,22
CCc1nn(CCO)c(CC)c1Oc1cc(Cl)cc(C#N)c1,0.0,CCc1nn(CCO)c(CC)c1Oc1cc(Cl)cc(C#N)c1,c1ccc(Oc2cn[nH]c2)cc1,22
CCc1nn(CCO)c(CC)c1Oc1cc(Cl)cc(Cl)c1,0.0,CCc1nn(CCO)c(CC)c1Oc1cc(Cl)cc(Cl)c1,c1ccc(Oc2cn[nH]c2)cc1,21
CCc1nn(CCO)c(CC)c1Oc1cc(F)cc(C#N)c1,0.0,CCc1nn(CCO)c(CC)c1Oc1cc(F)cc(C#N)c1,c1ccc(Oc2cn[nH]c2)cc1,22
CCc1nn(CCO)c(CC)c1Oc1cccc(C#N)c1,0.0,CCc1nn(CCO)c(CC)c1Oc1cccc(C#N)c1,c1ccc(Oc2cn[nH]c2)cc1,21
CCc1nn(CCOCC(F)(F)F)c2c(Nc3ccncn3)nc(N3CCN[C@H](C)C3)nc12,0.0,CCc1nn(CCOCC(F)(F)F)c2c(Nc3ccncn3)nc(N3CCN[C@H](C)C3)nc12,c1cc(Nc2nc(N3CCNCC3)nc3cn[nH]c23)ncn1,33
CCn1c(=O)cc(N2CCC[C@@H](N)C2)n(Cc2ccccc2C#N)c1=O,1.0,CCn1c(=O)cc(N2CCC[C@@H](N)C2)n(Cc2ccccc2C#N)c1=O,O=c1cc(N2CCCCC2)n(Cc2ccccc2)c(=O)[nH]1,26
CCn1ccc2c(N3CCOCC3)nc(-c3ccc(NC(=O)Nc4ccc(C(=O)N5CCN(C)CC5)cc4)cc3)nc21,0.0,CCn1ccc2c(N3CCOCC3)nc(-c3ccc(NC(=O)Nc4ccc(C(=O)N5CCN(C)CC5)cc4)cc3)nc21,O=C(Nc1ccc(C(=O)N2CCNCC2)cc1)Nc1ccc(-c2nc(N3CCOCC3)c3cc[nH]c3n2)cc1,42
CCn1ccc2c(N3CCOCC3)nc(-c3ccc(NC(=O)Nc4ccc(C(=O)N5CCNCC5)cc4)cc3)nc21,0.0,CCn1ccc2c(N3CCOCC3)nc(-c3ccc(NC(=O)Nc4ccc(C(=O)N5CCNCC5)cc4)cc3)nc21,O=C(Nc1ccc(C(=O)N2CCNCC2)cc1)Nc1ccc(-c2nc(N3CCOCC3)c3cc[nH]c3n2)cc1,41
CCn1ccc2c(N3CCOCC3)nc(-c3ccc(NC(=O)Nc4ccc(C(=O)NCCN(C)C)cc4)cc3)nc21,0.0,CCn1ccc2c(N3CCOCC3)nc(-c3ccc(NC(=O)Nc4ccc(C(=O)NCCN(C)C)cc4)cc3)nc21,O=C(Nc1ccccc1)Nc1ccc(-c2nc(N3CCOCC3)c3cc[nH]c3n2)cc1,41
CCn1nnc2c(N3CCOCC3)nc(-c3ccc(NC(=O)Nc4ccc(C(=O)N(C)C)cc4)cc3)nc21,0.0,CCn1nnc2c(N3CCOCC3)nc(-c3ccc(NC(=O)Nc4ccc(C(=O)N(C)C)cc4)cc3)nc21,O=C(Nc1ccccc1)Nc1ccc(-c2nc(N3CCOCC3)c3nn[nH]c3n2)cc1,38
CCn1nnc2c(N3CCOCC3)nc(-c3ccc(NC(=O)Nc4ccc(C(=O)N5CCN(C)CC5)cc4)cc3)nc21,0.0,CCn1nnc2c(N3CCOCC3)nc(-c3ccc(NC(=O)Nc4ccc(C(=O)N5CCN(C)CC5)cc4)cc3)nc21,O=C(Nc1ccc(C(=O)N2CCNCC2)cc1)Nc1ccc(-c2nc(N3CCOCC3)c3nn[nH]c3n2)cc1,42
CCn1nnc2c(N3CCOCC3)nc(-c3ccc(NC(=O)Nc4ccc(C(=O)NCCCN(C)C)cc4)cc3)nc21,0.0,CCn1nnc2c(N3CCOCC3)nc(-c3ccc(NC(=O)Nc4ccc(C(=O)NCCCN(C)C)cc4)cc3)nc21,O=C(Nc1ccccc1)Nc1ccc(-c2nc(N3CCOCC3)c3nn[nH]c3n2)cc1,42
CCn1nnc2c(N3CCOCC3)nc(-c3ccc(NC(=O)Nc4ccc(C(=O)NCCN(C)C)cc4)cc3)nc21,0.0,CCn1nnc2c(N3CCOCC3)nc(-c3ccc(NC(=O)Nc4ccc(C(=O)NCCN(C)C)cc4)cc3)nc21,O=C(Nc1ccccc1)Nc1ccc(-c2nc(N3CCOCC3)c3nn[nH]c3n2)cc1,41
CCn1nnc2c(N3CCOCC3)nc(-c3ccc(NC(=O)Nc4ccc(C(=O)NCCc5ccccn5)cc4)cc3)nc21,0.0,CCn1nnc2c(N3CCOCC3)nc(-c3ccc(NC(=O)Nc4ccc(C(=O)NCCc5ccccn5)cc4)cc3)nc21,O=C(Nc1ccc(C(=O)NCCc2ccccn2)cc1)Nc1ccc(-c2nc(N3CCOCC3)c3nn[nH]c3n2)cc1,44
CN(C(=O)CCC(=O)Nc1ccc(-c2ccc(OCC(=O)O)cc2)cc1Cl)c1ccc(C(C)(C)C)cc1Cl,0.0,CN(C(=O)CCC(=O)Nc1ccc(-c2ccc(OCC(=O)O)cc2)cc1Cl)c1ccc(C(C)(C)C)cc1Cl,O=C(CCC(=O)Nc1ccc(-c2ccccc2)cc1)Nc1ccccc1,38
CN(C(=O)c1ccc(-n2cccn2)cc1)[C@@H]1CCN(C2CCC2)C1,0.0,CN(C(=O)c1ccc(-n2cccn2)cc1)[C@@H]1CCN(C2CCC2)C1,O=C(NC1CCN(C2CCC2)C1)c1ccc(-n2cccn2)cc1,24
CN(C)C(=O)Cn1cc(CN2CCN(c3cc(C(=O)Nc4ccc5c(c4)-c4c(c(C(N)=O)nn4-c4ccc(F)cc4)CC5)c(Cl)cn3)CC2)cn1,0.0,CN(C)C(=O)Cn1cc(CN2CCN(c3cc(C(=O)Nc4ccc5c(c4)-c4c(c(C(N)=O)nn4-c4ccc(F)cc4)CC5)c(Cl)cn3)CC2)cn1,O=C(Nc1ccc2c(c1)-c1c(cnn1-c1ccccc1)CC2)c1ccnc(N2CCN(Cc3cn[nH]c3)CC2)c1,51
CN(C)C(=O)[C@@H]1Cc2ccccc2N1C(=O)CCN1CC2CCC(C1)C2c1ccccc1,0.0,CN(C)C(=O)[C@@H]1Cc2ccccc2N1C(=O)CCN1CC2CCC(C1)C2c1ccccc1,O=C(CCN1CC2CCC(C1)C2c1ccccc1)N1CCc2ccccc21,32
CN(C)C(=O)[C@@H]1Cc2ccccc2N1C(=O)CCN1CCC(c2ccc(F)cc2)CC1,0.0,CN(C)C(=O)[C@@H]1Cc2ccccc2N1C(=O)CCN1CCC(c2ccc(F)cc2)CC1,O=C(CCN1CCC(c2ccccc2)CC1)N1CCc2ccccc21,31
CN(C)C(=O)[C@@H]1Cc2ccccc2N1C(=O)CCN1CCC(c2ccccc2)CC1,0.0,CN(C)C(=O)[C@@H]1Cc2ccccc2N1C(=O)CCN1CCC(c2ccccc2)CC1,O=C(CCN1CCC(c2ccccc2)CC1)N1CCc2ccccc21,30
CN(C)C(=O)c1ccc2c(c1)CC(C(=O)Nc1ccc(-c3cn[nH]c3)cc1)CO2,0.0,CN(C)C(=O)c1ccc2c(c1)CC(C(=O)Nc1ccc(-c3cn[nH]c3)cc1)CO2,O=C(Nc1ccc(-c2cn[nH]c2)cc1)C1COc2ccccc2C1,29
CN(C)CC(=O)NC(c1ccc(Cl)cc1)c1nc2ccc(-c3cn[nH]c3)cc2c(=O)[nH]1,0.0,CN(C)CC(=O)NC(c1ccc(Cl)cc1)c1nc2ccc(-c3cn[nH]c3)cc2c(=O)[nH]1,O=c1[nH]c(Cc2ccccc2)nc2ccc(-c3cn[nH]c3)cc12,31
CN(C)CC(C)(C)Cn1c(CC(C)(C)C)nc2cc(/C=C/C(=O)NO)ccc21,0.0,CN(C)CC(C)(C)Cn1c(CC(C)(C)C)nc2cc(/C=C/C(=O)NO)ccc21.Cl.Cl,c1ccc2[nH]cnc2c1,28
CN(C)CC(C)(C)Cn1c(CCc2ccccc2)nc2cc(/C=C/C(=O)NO)ccc21,0.0,CN(C)CC(C)(C)Cn1c(CCc2ccccc2)nc2cc(/C=C/C(=O)NO)ccc21,c1ccc(CCc2nc3ccccc3[nH]2)cc1,31
CN(C)CC1(c2ccc(Cl)c(Cl)c2)CCC1,0.0,CN(C)CC1(c2ccc(Cl)c(Cl)c2)CCC1,c1ccc(C2CCC2)cc1,16
CN(C)CC1(c2ccc(Cl)c(Cl)c2)CCCC1,0.0,CN(C)CC1(c2ccc(Cl)c(Cl)c2)CCCC1,c1ccc(C2CCCC2)cc1,17
CN(C)CC1(c2ccc(Cl)c(Cl)c2)CCCCC1,0.0,CN(C)CC1(c2ccc(Cl)c(Cl)c2)CCCCC1,c1ccc(C2CCCCC2)cc1,18
CN(C)CC1(c2ccc(Cl)c(F)c2)CCCCC1,0.0,CN(C)CC1(c2ccc(Cl)c(F)c2)CCCCC1,c1ccc(C2CCCCC2)cc1,18
CN(C)CC1(c2ccc(Cl)cc2)CCCCC1,0.0,CN(C)CC1(c2ccc(Cl)cc2)CCCCC1,c1ccc(C2CCCCC2)cc1,17
CN(C)CC1(c2ccc(F)c(Cl)c2)CCCCC1,0.0,CN(C)CC1(c2ccc(F)c(Cl)c2)CCCCC1,c1ccc(C2CCCCC2)cc1,18
CN(C)CC1(c2ccc(F)c(F)c2)CCCCC1,0.0,CN(C)CC1(c2ccc(F)c(F)c2)CCCCC1,c1ccc(C2CCCCC2)cc1,18
CN(C)CC1(c2ccc3ccccc3c2)CCCCC1,0.0,CN(C)CC1(c2ccc3ccccc3c2)CCCCC1,c1ccc2cc(C3CCCCC3)ccc2c1,20
CN(C)CC1(c2cccc(Cl)c2)CCCCC1,0.0,CN(C)CC1(c2cccc(Cl)c2)CCCCC1,c1ccc(C2CCCCC2)cc1,17
CN(C)CC1(c2cccc3ccccc23)CCCCC1,0.0,CN(C)CC1(c2cccc3ccccc23)CCCCC1,c1ccc2c(C3CCCCC3)cccc2c1,20
CN(C)CCC(NC(=O)Nc1ccc(-c2cn[nH]c2)cc1)c1ccccc1,0.0,CN(C)CCC(NC(=O)Nc1ccc(-c2cn[nH]c2)cc1)c1ccccc1,O=C(NCc1ccccc1)Nc1ccc(-c2cn[nH]c2)cc1,27
CN(C)CCC(c1ccc(Cl)c(Cl)c1)n1ncnn1,0.0,CN(C)CCC(c1ccc(Cl)c(Cl)c1)n1ncnn1,c1ccc(Cn2ncnn2)cc1,19
CN(C)CCC(c1ccc2cc(F)ccc2c1)n1ncnn1,0.0,CN(C)CCC(c1ccc2cc(F)ccc2c1)n1ncnn1,c1ccc2cc(Cn3ncnn3)ccc2c1,22
CN(C)CCC(c1ccc2ccccc2c1)n1ncnn1,0.0,CN(C)CCC(c1ccc2ccccc2c1)n1ncnn1,c1ccc2cc(Cn3ncnn3)ccc2c1,21
CN(C)CCCNC(=O)Cn1cc(CN2CCN(c3cc(C(=O)Nc4ccc5c(c4)-c4c(c(C(N)=O)nn4-c4ccc(F)cc4)CC5)c(Cl)cn3)CC2)cn1,0.0,CN(C)CCCNC(=O)Cn1cc(CN2CCN(c3cc(C(=O)Nc4ccc5c(c4)-c4c(c(C(N)=O)nn4-c4ccc(F)cc4)CC5)c(Cl)cn3)CC2)cn1,O=C(Nc1ccc2c(c1)-c1c(cnn1-c1ccccc1)CC2)c1ccnc(N2CCN(Cc3cn[nH]c3)CC2)c1,55
CN(C)CCCNC(=O)c1ccc2c(c1)CC(c1nc3cc(-c4ccnc(N)n4)ccc3[nH]1)CO2,0.0,CN(C)CCCNC(=O)c1ccc2c(c1)CC(c1nc3cc(-c4ccnc(N)n4)ccc3[nH]1)CO2,c1ccc2c(c1)CC(c1nc3cc(-c4ccncn4)ccc3[nH]1)CO2,35
CN(C)CCCNC(=O)c1ccc2c(c1)CC(c1nc3ccc(-c4cn[nH]c4)cc3s1)CO2,0.0,CN(C)CCCNC(=O)c1ccc2c(c1)CC(c1nc3ccc(-c4cn[nH]c4)cc3s1)CO2,c1ccc2c(c1)CC(c1nc3ccc(-c4cn[nH]c4)cc3s1)CO2,33
CN(C)CCCn1cc(CN2CCN(c3cc(C(=O)Nc4ccc5c(c4)-c4c(c(C(N)=O)nn4-c4ccc(F)cc4)CC5)c(Cl)cn3)CC2)cn1,0.0,CN(C)CCCn1cc(CN2CCN(c3cc(C(=O)Nc4ccc5c(c4)-c4c(c(C(N)=O)nn4-c4ccc(F)cc4)CC5)c(Cl)cn3)CC2)cn1,O=C(Nc1ccc2c(c1)-c1c(cnn1-c1ccccc1)CC2)c1ccnc(N2CCN(Cc3cn[nH]c3)CC2)c1,51
CN(C)CCN(C)C(=O)c1ccc(NC(=O)Nc2ccc(-c3nc(N4CCOCC4)c4ccn(CC(F)(F)F)c4n3)cc2)cc1,0.0,CN(C)CCN(C)C(=O)c1ccc(NC(=O)Nc2ccc(-c3nc(N4CCOCC4)c4ccn(CC(F)(F)F)c4n3)cc2)cc1,O=C(Nc1ccccc1)Nc1ccc(-c2nc(N3CCOCC3)c3cc[nH]c3n2)cc1,45
CN(C)CCN(C)C(=O)c1ccc2c(c1)CC(C(=O)Nc1ccc(-c3cn[nH]c3)cc1)CO2,0.0,CN(C)CCN(C)C(=O)c1ccc2c(c1)CC(C(=O)Nc1ccc(-c3cn[nH]c3)cc1)CO2,O=C(Nc1ccc(-c2cn[nH]c2)cc1)C1COc2ccccc2C1,33
CN(C)CCN1C(=O)C(C2=NS(=O)(=O)c3cc(NS(C)(=O)=O)ccc3N2)=C(O)C2CCCC21,0.0,CN(C)CCN1C(=O)C(C2=NS(=O)(=O)c3cc(NS(C)(=O)=O)ccc3N2)=C(O)C2CCCC21,O=C1NC2CCCC2C=C1C1=NS(=O)(=O)c2ccccc2N1,33
CN(C)CCNC(=O)C1CCC2(CC1)OOC1(CCCCC1)OO2,0.0,CN(C)CCNC(=O)C1CCC2(CC1)OOC1(CCCCC1)OO2,C1CCC2(CC1)OOC1(CCCCC1)OO2,24
CN(C)CCNC(=O)c1ccc(NC(=O)Nc2ccc(-c3nc(N4CCOCC4)c4ccn(CC(F)(F)F)c4n3)cc2)cc1,0.0,CN(C)CCNC(=O)c1ccc(NC(=O)Nc2ccc(-c3nc(N4CCOCC4)c4ccn(CC(F)(F)F)c4n3)cc2)cc1,O=C(Nc1ccccc1)Nc1ccc(-c2nc(N3CCOCC3)c3cc[nH]c3n2)cc1,44
CN(C)CCNC(=O)c1ccc2c(c1)CC(C(=O)Nc1ccc(-c3cn[nH]c3)cc1)CO2,0.0,CN(C)CCNC(=O)c1ccc2c(c1)CC(C(=O)Nc1ccc(-c3cn[nH]c3)cc1)CO2,O=C(Nc1ccc(-c2cn[nH]c2)cc1)C1COc2ccccc2C1,32
CN(C)CCNC(=O)c1ccc2c(c1)CC(c1nc3ccc(-c4cn[nH]c4)cc3c(=O)[nH]1)CO2,0.0,CN(C)CCNC(=O)c1ccc2c(c1)CC(c1nc3ccc(-c4cn[nH]c4)cc3c(=O)[nH]1)CO2,O=c1[nH]c(C2COc3ccccc3C2)nc2ccc(-c3cn[nH]c3)cc12,34
CN(C)CCNC(=O)c1ccc2c(c1)CC(c1nc3ccc(-c4cn[nH]c4)cc3s1)CO2,0.0,CN(C)CCNC(=O)c1ccc2c(c1)CC(c1nc3ccc(-c4cn[nH]c4)cc3s1)CO2,c1ccc2c(c1)CC(c1nc3ccc(-c4cn[nH]c4)cc3s1)CO2,32
CN(C)CCOc1cc(-c2cn[nH]c2)ccc1NC(=O)C1COc2ccc(Cl)cc2C1,0.0,CN(C)CCOc1cc(-c2cn[nH]c2)ccc1NC(=O)C1COc2ccc(Cl)cc2C1,O=C(Nc1ccc(-c2cn[nH]c2)cc1)C1COc2ccccc2C1,31
CN(C)CCOc1cc(-c2cn[nH]c2)ccc1NC(=O)C1COc2ccc(F)cc2C1,0.0,CN(C)CCOc1cc(-c2cn[nH]c2)ccc1NC(=O)C1COc2ccc(F)cc2C1,O=C(Nc1ccc(-c2cn[nH]c2)cc1)C1COc2ccccc2C1,31
CN(C)CCOc1cc(-c2cn[nH]c2)ccc1NC(=O)C1COc2ccccc2C1,0.0,CN(C)CCOc1cc(-c2cn[nH]c2)ccc1NC(=O)C1COc2ccccc2C1,O=C(Nc1ccc(-c2cn[nH]c2)cc1)C1COc2ccccc2C1,30
CN(C)CCSc1nc(C2COc3ccc(C(=O)NC4CC4)cc3C2)nc2ccc(-c3cn[nH]c3)cc12,0.0,CN(C)CCSc1nc(C2COc3ccc(C(=O)NC4CC4)cc3C2)nc2ccc(-c3cn[nH]c3)cc12,O=C(NC1CC1)c1ccc2c(c1)CC(c1ncc3cc(-c4cn[nH]c4)ccc3n1)CO2,37
CN(C)CCSc1nc(C2COc3ccc(C(=O)NCCN4CCOCC4)cc3C2)nc2ccc(-c3cn[nH]c3)cc12,0.0,CN(C)CCSc1nc(C2COc3ccc(C(=O)NCCN4CCOCC4)cc3C2)nc2ccc(-c3cn[nH]c3)cc12,O=C(NCCN1CCOCC1)c1ccc2c(c1)CC(c1ncc3cc(-c4cn[nH]c4)ccc3n1)CO2,42
CN(C)CCn1cc(NC(=O)c2cccc(-n3cc(NC(=O)Nc4ccccc4Cl)cn3)c2)cn1,0.0,CN(C)CCn1cc(NC(=O)c2cccc(-n3cc(NC(=O)Nc4ccccc4Cl)cn3)c2)cn1,O=C(Nc1ccccc1)Nc1cnn(-c2cccc(C(=O)Nc3cn[nH]c3)c2)c1,35
CN(C)CCn1cnc2c(c(Nc3ccc(I)cc3F)cc(=O)n2C)c1=O,0.0,CN(C)CCn1cnc2c(c(Nc3ccc(I)cc3F)cc(=O)n2C)c1=O,O=c1cc(Nc2ccccc2)c2c(=O)[nH]cnc2[nH]1,27
CN(C)Cc1cc2c([nH]c(=O)c3cccc(O)c32)s1,0.0,Br.CN(C)Cc1cc2c([nH]c(=O)c3cccc(O)c32)s1,O=c1[nH]c2sccc2c2ccccc12,19
CN(C)Cc1ccc(/C=C/c2[nH]nc3cc([C@@H]4C[C@@]45C(=O)N(C)c4ccccc45)ccc23)cc1,0.0,CN(C)Cc1ccc(/C=C/c2[nH]nc3cc([C@@H]4C[C@@]45C(=O)N(C)c4ccccc45)ccc23)cc1,O=C1Nc2ccccc2C12CC2c1ccc2c(C=Cc3ccccc3)[nH]nc2c1,34
CN(C)Cc1ccc(/C=C/c2[nH]nc3cc([C@@H]4C[C@@]45C(=O)Nc4ccccc45)ccc23)cc1,0.0,CN(C)Cc1ccc(/C=C/c2[nH]nc3cc([C@@H]4C[C@@]45C(=O)Nc4ccccc45)ccc23)cc1,O=C1Nc2ccccc2C12CC2c1ccc2c(C=Cc3ccccc3)[nH]nc2c1,33
CN(C)Cc1ccc(Nc2nc3ncnc(Nc4ccc(F)c(Cl)c4)c3s2)cc1,0.0,CN(C)Cc1ccc(Nc2nc3ncnc(Nc4ccc(F)c(Cl)c4)c3s2)cc1,c1ccc(Nc2nc3ncnc(Nc4ccccc4)c3s2)cc1,29
CN(C)Cc1nc2c(sc3ccc(-c4ccc(O)cc4)cc32)c(=O)[nH]1,0.0,CN(C)Cc1nc2c(sc3ccc(-c4ccc(O)cc4)cc32)c(=O)[nH]1,O=c1[nH]cnc2c1sc1ccc(-c3ccccc3)cc12,25
CN(C)Cc1nccn1-c1ccc(NC(=O)c2cc(C(F)(F)F)nn2-c2ccc3onc(N)c3c2)c(F)c1,0.0,CN(C)Cc1nccn1-c1ccc(NC(=O)c2cc(C(F)(F)F)nn2-c2ccc3onc(N)c3c2)c(F)c1,O=C(Nc1ccc(-n2ccnc2)cc1)c1ccnn1-c1ccc2oncc2c1,38
CN(C)c1nc([C@@H]2CNC[C@H]2c2ccccc2)nc2ccc(-c3cn[nH]c3)cc12,0.0,CN(C)c1nc([C@@H]2CNC[C@H]2c2ccccc2)nc2ccc(-c3cn[nH]c3)cc12,c1ccc(C2CNCC2c2ncc3cc(-c4cn[nH]c4)ccc3n2)cc1,29
CN(Cc1cccc2c1S(=O)(=O)C=C2C1=C(O)[C@H](C(C)(C)C)N(CCC(C)(C)C)C1=O)S(C)(=O)=O,0.0,CN(Cc1cccc2c1S(=O)(=O)C=C2C1=C(O)[C@H](C(C)(C)C)N(CCC(C)(C)C)C1=O)S(C)(=O)=O,O=C1NCC=C1C1=CS(=O)(=O)c2ccccc21,35
CN(Cc1cccc2c1S(=O)(=O)N=C2C1=C(O)C(C)(C)N(Cc2ccc(F)c(Cl)c2)C1=O)S(C)(=O)=O,0.0,CN(Cc1cccc2c1S(=O)(=O)N=C2C1=C(O)C(C)(C)N(Cc2ccc(F)c(Cl)c2)C1=O)S(C)(=O)=O,O=C1C(C2=NS(=O)(=O)c3ccccc32)=CCN1Cc1ccccc1,36
CN(Cc1cccc2c1S(=O)(=O)N=C2C1=C(O)C2(CC2)N(Cc2ccc(F)c(Cl)c2)C1=O)S(C)(=O)=O,0.0,CN(Cc1cccc2c1S(=O)(=O)N=C2C1=C(O)C2(CC2)N(Cc2ccc(F)c(Cl)c2)C1=O)S(C)(=O)=O,O=C1C(C2=NS(=O)(=O)c3ccccc32)=CC2(CC2)N1Cc1ccccc1,36
CN(Cc1cccc2c1S(=O)(=O)N=C2C1=C(O)[C@H](C(C)(C)C)N(Cc2ccc(F)c(Cl)c2)C1=O)S(C)(=O)=O,0.0,CN(Cc1cccc2c1S(=O)(=O)N=C2C1=C(O)[C@H](C(C)(C)C)N(Cc2ccc(F)c(Cl)c2)C1=O)S(C)(=O)=O,O=C1C(C2=NS(=O)(=O)c3ccccc32)=CCN1Cc1ccccc1,38
CN(Cc1ccccc1)C(=O)n1cnc(S(=O)(=O)[C@@H]2C[C@H]3CC[C@@H]2C3)n1,0.0,CN(Cc1ccccc1)C(=O)n1cnc(S(=O)(=O)[C@@H]2C[C@H]3CC[C@@H]2C3)n1,O=C(NCc1ccccc1)n1cnc(S(=O)(=O)C2CC3CCC2C3)n1,26
CN(Cc1ccccc1)c1ccc2cc(C(=O)O)c(=O)oc2c1,0.0,CN(Cc1ccccc1)c1ccc2cc(C(=O)O)c(=O)oc2c1,O=c1ccc2ccc(NCc3ccccc3)cc2o1,23
CN(c1ncnc2[nH]ccc12)C1CCCC1,0.0,CN(c1ncnc2[nH]ccc12)C1CCCC1,c1nc(NC2CCCC2)c2cc[nH]c2n1,16
CN(c1ncnc2[nH]ccc12)C1CCCCC1,0.0,CN(c1ncnc2[nH]ccc12)C1CCCCC1,c1nc(NC2CCCCC2)c2cc[nH]c2n1,17
CN(c1ncnc2[nH]ccc12)C1CCCCC1(C)C,0.0,CN(c1ncnc2[nH]ccc12)C1CCCCC1(C)C,c1nc(NC2CCCCC2)c2cc[nH]c2n1,19
CN(c1ncnc2[nH]ccc12)C1CCCCCC1,0.0,CN(c1ncnc2[nH]ccc12)C1CCCCCC1,c1nc(NC2CCCCCC2)c2cc[nH]c2n1,18
CN(c1ncnc2[nH]ccc12)C1CCCCCCC1,0.0,CN(c1ncnc2[nH]ccc12)C1CCCCCCC1,c1nc(NC2CCCCCCC2)c2cc[nH]c2n1,19
CN1CCC(NC(=O)c2cnc(NCc3cc(Cl)ccc3Cl)nc2NC2CCC(N(C)C)CC2)CC1,0.0,CN1CCC(NC(=O)c2cnc(NCc3cc(Cl)ccc3Cl)nc2NC2CCC(N(C)C)CC2)CC1,O=C(NC1CCNCC1)c1cnc(NCc2ccccc2)nc1NC1CCCCC1,36
CN1CCC(NC(=O)c2cnc(NCc3cc(Cl)ccc3Cl)nc2NC2CCCC2)CC1,0.0,CN1CCC(NC(=O)c2cnc(NCc3cc(Cl)ccc3Cl)nc2NC2CCCC2)CC1,O=C(NC1CCNCC1)c1cnc(NCc2ccccc2)nc1NC1CCCC1,32
CN1CCC(NC(=O)c2cnc(NCc3cc(Cl)ccc3Cl)nc2NC2CCNCC2)CC1,0.0,CN1CCC(NC(=O)c2cnc(NCc3cc(Cl)ccc3Cl)nc2NC2CCNCC2)CC1,O=C(NC1CCNCC1)c1cnc(NCc2ccccc2)nc1NC1CCNCC1,33
CN1CCC(NC(=O)c2cnc(Nc3cc(Cl)cc(Cl)c3)nc2NC2CCC(N(C)C)CC2)CC1,0.0,CN1CCC(NC(=O)c2cnc(Nc3cc(Cl)cc(Cl)c3)nc2NC2CCC(N(C)C)CC2)CC1,O=C(NC1CCNCC1)c1cnc(Nc2ccccc2)nc1NC1CCCCC1,35
CN1CCC(NC(=O)c2cnc(Nc3cc(Cl)cc(Cl)c3)nc2NC2CCOCC2)CC1,0.0,CN1CCC(NC(=O)c2cnc(Nc3cc(Cl)cc(Cl)c3)nc2NC2CCOCC2)CC1,O=C(NC1CCNCC1)c1cnc(Nc2ccccc2)nc1NC1CCOCC1,32
CN1CCC(NC(=O)c2cnc(Nc3cc(Cl)cc(Cl)c3)nc2N[C@@H]2COC[C@H]2O)CC1,0.0,CN1CCC(NC(=O)c2cnc(Nc3cc(Cl)cc(Cl)c3)nc2N[C@@H]2COC[C@H]2O)CC1,O=C(NC1CCNCC1)c1cnc(Nc2ccccc2)nc1NC1CCOC1,32
CN1CCC(NC(=O)c2cnc(Nc3cc(Cl)cc(Cl)c3)nc2N[C@H]2CCCCNC2=O)CC1,0.0,CN1CCC(NC(=O)c2cnc(Nc3cc(Cl)cc(Cl)c3)nc2N[C@H]2CCCCNC2=O)CC1,O=C(NC1CCNCC1)c1cnc(Nc2ccccc2)nc1NC1CCCCNC1=O,34
CN1CCC(c2[nH]nc(-c3ccc(Cl)cc3)c2-c2ccncn2)CC1,0.0,CN1CCC(c2[nH]nc(-c3ccc(Cl)cc3)c2-c2ccncn2)CC1,c1ccc(-c2n[nH]c(C3CCNCC3)c2-c2ccncn2)cc1,25
CN1CCC(c2cccc(Nc3nc4c(-c5ccc(S(C)(=O)=O)cc5)cccn4n3)c2)CC1,0.0,CN1CCC(c2cccc(Nc3nc4c(-c5ccc(S(C)(=O)=O)cc5)cccn4n3)c2)CC1,c1ccc(-c2cccn3nc(Nc4cccc(C5CCNCC5)c4)nc23)cc1,33
CN1CCC2(CC1)CNC(=O)c1cc(-c3ccnc(-c4cc5ccccc5o4)n3)[nH]c12,0.0,CN1CCC2(CC1)CNC(=O)c1cc(-c3ccnc(-c4cc5ccccc5o4)n3)[nH]c12,O=C1NCC2(CCNCC2)c2[nH]c(-c3ccnc(-c4cc5ccccc5o4)n3)cc21,31
CN1CCCN(c2cncc(-c3cccc(/C=C/C(=O)O)c3)n2)CC1,1.0,CN1CCCN(c2cncc(-c3cccc(/C=C/C(=O)O)c3)n2)CC1,c1ccc(-c2cncc(N3CCCNCC3)n2)cc1,25
CN1CCC[C@H]1C(=O)N1CCC(N2NNC3CNC4NCCC4C32)CC1,0.0,CN1CCC[C@H]1C(=O)N1CCC(N2NNC3CNC4NCCC4C32)CC1,O=C(C1CCCN1)N1CCC(N2NNC3CNC4NCCC4C32)CC1,26
CN1CCN(C(=O)C[C@H](NC(=O)/C=C/c2cc(Cl)ccc2-n2cnnn2)c2nc(Cl)c(-c3ccc4[nH]c(=O)cc(O)c4c3)[nH]2)CC1,1.0,CN1CCN(C(=O)C[C@H](NC(=O)/C=C/c2cc(Cl)ccc2-n2cnnn2)c2nc(Cl)c(-c3ccc4[nH]c(=O)cc(O)c4c3)[nH]2)CC1,O=C(C=Cc1ccccc1-n1cnnn1)NC(CC(=O)N1CCNCC1)c1ncc(-c2ccc3[nH]c(=O)ccc3c2)[nH]1,46
CN1CCN(C(=O)Nc2ccc(C[C@H](NC(=O)/C=C/c3c(-n4cnnn4)ccc(Cl)c3F)C(=O)Nc3ccc(C(=O)O)cc3)cc2)CC1,0.0,CN1CCN(C(=O)Nc2ccc(C[C@H](NC(=O)/C=C/c3c(-n4cnnn4)ccc(Cl)c3F)C(=O)Nc3ccc(C(=O)O)cc3)cc2)CC1,O=C(C=Cc1ccccc1-n1cnnn1)NC(Cc1ccc(NC(=O)N2CCNCC2)cc1)C(=O)Nc1ccccc1,48
CN1CCN(C(=O)Nc2ccc(C[C@H](NC(=O)/C=C/c3cc(Cl)ccc3-n3cnnn3)C(=O)Nc3ccc(C(=O)O)cc3)cc2)CC1,0.0,CN1CCN(C(=O)Nc2ccc(C[C@H](NC(=O)/C=C/c3cc(Cl)ccc3-n3cnnn3)C(=O)Nc3ccc(C(=O)O)cc3)cc2)CC1,O=C(C=Cc1ccccc1-n1cnnn1)NC(Cc1ccc(NC(=O)N2CCNCC2)cc1)C(=O)Nc1ccccc1,47
CN1CCN(C(=O)c2cc3cc(Cl)cc(N)c3[nH]2)CC1,0.0,CN1CCN(C(=O)c2cc3cc(Cl)cc(N)c3[nH]2)CC1,O=C(c1cc2ccccc2[nH]1)N1CCNCC1,20
CN1CCN(C(=O)c2cc3cc(Cl)ccc3[nH]2)CC1,0.0,CN1CCN(C(=O)c2cc3cc(Cl)ccc3[nH]2)CC1,O=C(c1cc2ccccc2[nH]1)N1CCNCC1,19
CN1CCN(C(=O)c2cc3cc(Cl)sc3[nH]2)CC1,0.0,CN1CCN(C(=O)c2cc3cc(Cl)sc3[nH]2)CC1,O=C(c1cc2ccsc2[nH]1)N1CCNCC1,18
CN1CCN(C(=O)c2ccc(NC(=O)Nc3ccc(-c4nc(N5CCOCC5)c5ccn(CC(F)(F)F)c5n4)cc3)cc2)CC1,0.0,CN1CCN(C(=O)c2ccc(NC(=O)Nc3ccc(-c4nc(N5CCOCC5)c5ccn(CC(F)(F)F)c5n4)cc3)cc2)CC1,O=C(Nc1ccc(C(=O)N2CCNCC2)cc1)Nc1ccc(-c2nc(N3CCOCC3)c3cc[nH]c3n2)cc1,45
CN1CCN(C(=O)c2ccc3c(c2)CC(C(=O)Nc2ccc(-c4cn[nH]c4)cc2)CO3)CC1,0.0,CN1CCN(C(=O)c2ccc3c(c2)CC(C(=O)Nc2ccc(-c4cn[nH]c4)cc2)CO3)CC1,O=C(Nc1ccc(-c2cn[nH]c2)cc1)C1COc2ccc(C(=O)N3CCNCC3)cc2C1,33
CN1CCN(C(=O)c2nc3cc(Cl)ccc3[nH]2)CC1,0.0,CN1CCN(C(=O)c2nc3cc(Cl)ccc3[nH]2)CC1,O=C(c1nc2ccccc2[nH]1)N1CCNCC1,19
CN1CCN(CCCN(C(=O)Nc2ccc(F)c(C(F)(F)F)c2)C2CCC3(c4ccc(C#N)cc4)CC23)CC1,0.0,CN1CCN(CCCN(C(=O)Nc2ccc(F)c(C(F)(F)F)c2)C2CCC3(c4ccc(C#N)cc4)CC23)CC1,O=C(Nc1ccccc1)N(CCCN1CCNCC1)C1CCC2(c3ccccc3)CC12,39
CN1CCN(Cc2ccc(C(c3nnnn3Cc3ccccc3)N3CCCN(C4CCC4)CC3)cc2)CC1,0.0,CN1CCN(Cc2ccc(C(c3nnnn3Cc3ccccc3)N3CCCN(C4CCC4)CC3)cc2)CC1,c1ccc(Cn2nnnc2C(c2ccc(CN3CCNCC3)cc2)N2CCCN(C3CCC3)CC2)cc1,38
CN1CCN(c2cc(-c3ccccc3)nc(N)n2)CC1,0.0,CN1CCN(c2cc(-c3ccccc3)nc(N)n2)CC1,c1ccc(-c2cc(N3CCNCC3)ncn2)cc1,20
CN1CCN(c2cc(Cl)c(C(=O)Nc3cccc(-c4nc5ccccc5s4)c3)cc2[N+](=O)[O-])CC1,1.0,CN1CCN(c2cc(Cl)c(C(=O)Nc3cccc(-c4nc5ccccc5s4)c3)cc2[N+](=O)[O-])CC1,O=C(Nc1cccc(-c2nc3ccccc3s2)c1)c1ccc(N2CCNCC2)cc1,35
CN1CCN(c2ccc(/C=C/c3[nH]nc4cc([C@@H]5C[C@@]56C(=O)N(C)c5ccccc56)ccc34)cn2)CC1,0.0,CN1CCN(c2ccc(/C=C/c3[nH]nc4cc([C@@H]5C[C@@]56C(=O)N(C)c5ccccc56)ccc34)cn2)CC1,O=C1Nc2ccccc2C12CC2c1ccc2c(C=Cc3ccc(N4CCNCC4)nc3)[nH]nc2c1,37
CN1CCN(c2ccc(C(c3nnnn3Cc3ccccc3)N3CCCN(C4CCC4)CC3)cc2)CC1,0.0,CN1CCN(c2ccc(C(c3nnnn3Cc3ccccc3)N3CCCN(C4CCC4)CC3)cc2)CC1,c1ccc(Cn2nnnc2C(c2ccc(N3CCNCC3)cc2)N2CCCN(C3CCC3)CC2)cc1,37
CN1CCN(c2ccc(C3CC(c4ccc([N+](=O)[O-])o4)=NO3)cc2)C(=O)C1,1.0,CN1CCN(c2ccc(C3CC(c4ccc([N+](=O)[O-])o4)=NO3)cc2)C(=O)C1,O=C1CNCCN1c1ccc(C2CC(c3ccco3)=NO2)cc1,27
CN1CCN(c2ccc(C3CC(c4ccc([N+](=O)[O-])o4)=NO3)cc2F)C(=O)C1,1.0,CN1CCN(c2ccc(C3CC(c4ccc([N+](=O)[O-])o4)=NO3)cc2F)C(=O)C1,O=C1CNCCN1c1ccc(C2CC(c3ccco3)=NO2)cc1,28
CN1CCN(c2ccc(C3CC(c4ccc([N+](=O)[O-])o4)=NO3)cn2)C(=O)C1,1.0,CN1CCN(c2ccc(C3CC(c4ccc([N+](=O)[O-])o4)=NO3)cn2)C(=O)C1,O=C1CNCCN1c1ccc(C2CC(c3ccco3)=NO2)cn1,27
CN1CCN(c2cccc(Nc3nc4c(-c5ccc(S(C)(=O)=O)cc5)cccn4n3)c2)CC1,0.0,CN1CCN(c2cccc(Nc3nc4c(-c5ccc(S(C)(=O)=O)cc5)cccn4n3)c2)CC1,c1ccc(-c2cccn3nc(Nc4cccc(N5CCNCC5)c4)nc23)cc1,33
CN1CCN(c2cccc3ccc(OCc4noc(-c5ccc(Cl)cc5)n4)cc23)CC1,0.0,CN1CCN(c2cccc3ccc(OCc4noc(-c5ccc(Cl)cc5)n4)cc23)CC1,c1ccc(-c2nc(COc3ccc4cccc(N5CCNCC5)c4c3)no2)cc1,31
CN1CCN(c2ncnc3c2oc2ccc(Cl)cc23)CC1,0.0,CN1CCN(c2ncnc3c2oc2ccc(Cl)cc23)CC1,c1ccc2c(c1)oc1c(N3CCNCC3)ncnc12,21
CN1CCN(c2ncnc3c2oc2ccccc23)CC1,0.0,CN1CCN(c2ncnc3c2oc2ccccc23)CC1,c1ccc2c(c1)oc1c(N3CCNCC3)ncnc12,20
CN1CC[C@@](NC(=O)c2ccc3c(C4CCCC4)c(-c4cccc(N)n4)n(C)c3c2)(C(=O)Nc2ccc(/C=C/C(=O)O)cc2)C1,1.0,CN1CC[C@@](NC(=O)c2ccc3c(C4CCCC4)c(-c4cccc(N)n4)n(C)c3c2)(C(=O)Nc2ccc(/C=C/C(=O)O)cc2)C1,O=C(NC1(C(=O)Nc2ccccc2)CCNC1)c1ccc2c(C3CCCC3)c(-c3ccccn3)[nH]c2c1,45
CN1C[C@@H]2C[C@H]1CN2c1cc(F)c(-c2ccnc3c(-c4cccc5[nH]ncc45)c(-c4ccncc4)nn23)c(F)c1,0.0,CN1C[C@@H]2C[C@H]1CN2c1cc(F)c(-c2ccnc3c(-c4cccc5[nH]ncc45)c(-c4ccncc4)nn23)c(F)c1,c1cc(-c2c(-c3ccncc3)nn3c(-c4ccc(N5CC6CC5CN6)cc4)ccnc23)c2cn[nH]c2c1,40
CN1C[C@@H]2C[C@H]1CN2c1ccc(-c2ccnc3c(-c4cccc5[nH]ncc45)c(-c4ccncc4)nn23)c(F)c1,0.0,CN1C[C@@H]2C[C@H]1CN2c1ccc(-c2ccnc3c(-c4cccc5[nH]ncc45)c(-c4ccncc4)nn23)c(F)c1,c1cc(-c2c(-c3ccncc3)nn3c(-c4ccc(N5CC6CC5CN6)cc4)ccnc23)c2cn[nH]c2c1,39
CNC(=O)COC[C@H](C)[C@H]1CC[C@@H](C)[C@@H](N(C)c2ncnc3[nH]ccc23)C1,0.0,CNC(=O)COC[C@H](C)[C@H]1CC[C@@H](C)[C@@H](N(C)c2ncnc3[nH]ccc23)C1,c1nc(NC2CCCCC2)c2cc[nH]c2n1,27
CNC(=O)Cn1cc(CN2CCN(c3cc(C(=O)Nc4ccc5c(c4)-c4c(c(C(N)=O)nn4-c4ccc(F)cc4)CC5)c(Cl)cn3)CC2)cn1,0.0,CNC(=O)Cn1cc(CN2CCN(c3cc(C(=O)Nc4ccc5c(c4)-c4c(c(C(N)=O)nn4-c4ccc(F)cc4)CC5)c(Cl)cn3)CC2)cn1,O=C(Nc1ccc2c(c1)-c1c(cnn1-c1ccccc1)CC2)c1ccnc(N2CCN(Cc3cn[nH]c3)CC2)c1,50
CNC(=O)[C@H](Cc1ccccc1)NC(=O)[C@@H](N)Cc1ccccc1,0.0,CNC(=O)[C@H](Cc1ccccc1)NC(=O)[C@@H](N)Cc1ccccc1,O=C(CCc1ccccc1)NCCc1ccccc1,24
CNC(=O)c1cc(OC)c(O[C@@H](C)C(=O)N2CCN(c3nccc4ccccc34)C[C@H]2C)cn1,0.0,CNC(=O)c1cc(OC)c(O[C@@H](C)C(=O)N2CCN(c3nccc4ccccc34)C[C@H]2C)cn1,O=C(COc1cccnc1)N1CCN(c2nccc3ccccc23)CC1,34
CNC(=O)c1ccc(C(=O)N[C@H](c2cn(C3(C#N)CC3)nn2)C2CCCCC2)cc1,0.0,CNC(=O)c1ccc(C(=O)N[C@H](c2cn(C3(C#N)CC3)nn2)C2CCCCC2)cc1,O=C(NC(c1cn(C2CC2)nn1)C1CCCCC1)c1ccccc1,30
CNC(=O)c1ccc(C(=O)N[C@H](c2cn(C3(C#N)CC3)nn2)C2CCCCC2)cn1,0.0,CNC(=O)c1ccc(C(=O)N[C@H](c2cn(C3(C#N)CC3)nn2)C2CCCCC2)cn1,O=C(NC(c1cn(C2CC2)nn1)C1CCCCC1)c1cccnc1,30
CNC(=O)c1ccc(C(c2nnnn2Cc2ccccc2)N2CCCN(C3CCC3)CC2)cc1,0.0,CNC(=O)c1ccc(C(c2nnnn2Cc2ccccc2)N2CCCN(C3CCC3)CC2)cc1,c1ccc(Cn2nnnc2C(c2ccccc2)N2CCCN(C3CCC3)CC2)cc1,34
CNC(=O)c1ccc(F)c2c(C(=O)C(=O)N3CCN(C(=O)c4ccccc4)CC3)c[nH]c12,1.0,CNC(=O)c1ccc(F)c2c(C(=O)C(=O)N3CCN(C(=O)c4ccccc4)CC3)c[nH]c12,O=C(C(=O)N1CCN(C(=O)c2ccccc2)CC1)c1c[nH]c2ccccc12,32
CNC(=O)c1ccc(OC)c2c(C(=O)C(=O)N3CCN(C(=O)c4ccccc4)CC3)c[nH]c12,1.0,CNC(=O)c1ccc(OC)c2c(C(=O)C(=O)N3CCN(C(=O)c4ccccc4)CC3)c[nH]c12,O=C(C(=O)N1CCN(C(=O)c2ccccc2)CC1)c1c[nH]c2ccccc12,33
CNC(=O)c1ccc2c(=O)n([C@@H](CC3CCCCC3)C(=O)Nc3ncc(Cl)s3)cnc2c1,0.0,CNC(=O)c1ccc2c(=O)n([C@@H](CC3CCCCC3)C(=O)Nc3ncc(Cl)s3)cnc2c1,O=C(Nc1nccs1)C(CC1CCCCC1)n1cnc2ccccc2c1=O,32
CNC(=O)c1nc(-c2cccs2)[nH]c(=O)c1O,1.0,CNC(=O)c1nc(-c2cccs2)[nH]c(=O)c1O,O=c1ccnc(-c2cccs2)[nH]1,17
CNC(C)C1(c2ccc3ccccc3c2)CCCCC1,0.0,CNC(C)C1(c2ccc3ccccc3c2)CCCCC1,c1ccc2cc(C3CCCCC3)ccc2c1,20
CNC(CC(C)C)C1(c2ccc(Cl)c(Cl)c2)CCCCC1,0.0,CNC(CC(C)C)C1(c2ccc(Cl)c(Cl)c2)CCCCC1,c1ccc(C2CCCCC2)cc1,21
CNC1(c2ccc(N3CCc4c(C(F)(F)F)nn(-c5ccc(OC)cc5)c4C3=O)cc2)CC1,0.0,CNC1(c2ccc(N3CCc4c(C(F)(F)F)nn(-c5ccc(OC)cc5)c4C3=O)cc2)CC1.O=C(O)C(F)(F)F,O=C1c2c(cnn2-c2ccccc2)CCN1c1ccc(C2CC2)cc1,33
CNC1(c2ccc(N3CCc4c(C(N)=O)nn(-c5ccc(OC)cc5)c4C3=O)cc2)CC1,1.0,CNC1(c2ccc(N3CCc4c(C(N)=O)nn(-c5ccc(OC)cc5)c4C3=O)cc2)CC1.O=C(O)C(F)(F)F,O=C1c2c(cnn2-c2ccccc2)CCN1c1ccc(C2CC2)cc1,32
CNC1CN(C(=O)c2cc3cc(Cl)cc(C)c3[nH]2)C1,0.0,CNC1CN(C(=O)c2cc3cc(Cl)cc(C)c3[nH]2)C1,O=C(c1cc2ccccc2[nH]1)N1CCC1,19
CNCC1(c2ccc(-c3ccccc3)cc2)CCCCC1,0.0,CNCC1(c2ccc(-c3ccccc3)cc2)CCCCC1,c1ccc(-c2ccc(C3CCCCC3)cc2)cc1,21
CNCC1(c2ccc(Cl)c(Cl)c2)CCCCC1,1.0,CNCC1(c2ccc(Cl)c(Cl)c2)CCCCC1,c1ccc(C2CCCCC2)cc1,17
CNCC1(c2ccc(Cl)cc2)CCCCC1,1.0,CNCC1(c2ccc(Cl)cc2)CCCCC1,c1ccc(C2CCCCC2)cc1,16
CNCC1(c2ccc(F)c(Cl)c2)CCCCC1,1.0,CNCC1(c2ccc(F)c(Cl)c2)CCCCC1,c1ccc(C2CCCCC2)cc1,17
CNCC1(c2ccc(F)c(F)c2)CCCCC1,1.0,CNCC1(c2ccc(F)c(F)c2)CCCCC1,c1ccc(C2CCCCC2)cc1,17
CNCC1(c2ccc3ccccc3c2)CCCCC1,0.0,CNCC1(c2ccc3ccccc3c2)CCCCC1,c1ccc2cc(C3CCCCC3)ccc2c1,19
CNCC1(c2cccc(Cl)c2)CCCCC1,1.0,CNCC1(c2cccc(Cl)c2)CCCCC1,c1ccc(C2CCCCC2)cc1,16
CNCC1(c2cccc3ccccc23)CCCCC1,1.0,CNCC1(c2cccc3ccccc23)CCCCC1,c1ccc2c(C3CCCCC3)cccc2c1,19
CNCCC(c1ccc(Cl)c(Cl)c1)n1ncnn1,0.0,CNCCC(c1ccc(Cl)c(Cl)c1)n1ncnn1,c1ccc(Cn2ncnn2)cc1,18
CNCCC(c1ccc2cc(F)ccc2c1)n1ncnn1,0.0,CNCCC(c1ccc2cc(F)ccc2c1)n1ncnn1,c1ccc2cc(Cn3ncnn3)ccc2c1,21
CNCCC(c1ccc2cc(F)ccc2c1)n1nnc(C)n1,0.0,CNCCC(c1ccc2cc(F)ccc2c1)n1nnc(C)n1,c1ccc2cc(Cn3ncnn3)ccc2c1,22
CNCCC(c1ccc2ccccc2c1)n1ncnn1,0.0,CNCCC(c1ccc2ccccc2c1)n1ncnn1,c1ccc2cc(Cn3ncnn3)ccc2c1,20
CNCCNc1nnc(-c2ccc(F)c(F)c2Nc2ccc(I)cc2F)o1,0.0,CNCCNc1nnc(-c2ccc(F)c(F)c2Nc2ccc(I)cc2F)o1,c1ccc(Nc2ccccc2-c2nnco2)cc1,27
CNCC[C@@H](c1ccc(Cl)c(Cl)c1)n1nnc(C)n1,0.0,CNCC[C@@H](c1ccc(Cl)c(Cl)c1)n1nnc(C)n1,c1ccc(Cn2ncnn2)cc1,19
CNCC[C@H](Oc1cccc2ccccc12)c1cccs1,0.0,CNCC[C@H](Oc1cccc2ccccc12)c1cccs1,c1csc(COc2cccc3ccccc23)c1,21
CNC[C@H](CC1CCCCC1)NC(=O)N1CCC[C@@H]([C@@H](OCCNC(=O)OC)c2cccc(Cl)c2)C1,0.0,CNC[C@H](CC1CCCCC1)NC(=O)N1CCC[C@@H]([C@@H](OCCNC(=O)OC)c2cccc(Cl)c2)C1,O=C(NCCC1CCCCC1)N1CCCC(Cc2ccccc2)C1,36
CNCc1ccccc1-c1ccc(N2CCc3c(C(N)=O)nn(-c4ccc(OC)cc4)c3C2=O)cc1,0.0,CNCc1ccccc1-c1ccc(N2CCc3c(C(N)=O)nn(-c4ccc(OC)cc4)c3C2=O)cc1,O=C1c2c(cnn2-c2ccccc2)CCN1c1ccc(-c2ccccc2)cc1,36
CNS(=O)(=O)c1ccc(-c2cnc(N)c(-c3ccc(C(F)(F)F)nc3)n2)cc1,0.0,CNS(=O)(=O)c1ccc(-c2cnc(N)c(-c3ccc(C(F)(F)F)nc3)n2)cc1,c1ccc(-c2cncc(-c3cccnc3)n2)cc1,28
CNS(=O)(=O)c1ccc(C(=O)N[C@H](c2cn(C3(C#N)CC3)nn2)C2CCCCC2)cc1,0.0,CNS(=O)(=O)c1ccc(C(=O)N[C@H](c2cn(C3(C#N)CC3)nn2)C2CCCCC2)cc1,O=C(NC(c1cn(C2CC2)nn1)C1CCCCC1)c1ccccc1,31
CNS(=O)(=O)c1ccc(CNC(=O)c2ccc(OCCC(F)(F)F)nc2)c(Cl)c1,0.0,CNS(=O)(=O)c1ccc(CNC(=O)c2ccc(OCCC(F)(F)F)nc2)c(Cl)c1,O=C(NCc1ccccc1)c1cccnc1,29
CN[C@@H]1CCN(C(=O)c2cc3cc(Cl)cc(C)c3[nH]2)C1,0.0,CN[C@@H]1CCN(C(=O)c2cc3cc(Cl)cc(C)c3[nH]2)C1,O=C(c1cc2ccccc2[nH]1)N1CCCC1,20
CN[C@@H]1CCN(c2nc(N)nc3c2oc2ncc(Cl)cc23)C1,1.0,CN[C@@H]1CCN(c2nc(N)nc3c2oc2ncc(Cl)cc23)C1,c1cnc2oc3c(N4CCCC4)ncnc3c2c1,22
CO/N=C(\N)c1ccc(-c2cncc(-c3ccc(/C(N)=N\OC)cc3)n2)cc1,0.0,CO/N=C(\N)c1ccc(-c2cncc(-c3ccc(/C(N)=N\OC)cc3)n2)cc1,c1ccc(-c2cncc(-c3ccccc3)n2)cc1,28
CO/N=C(\N)c1ccc(-c2cncc(-c3ccc(/C(N)=N\OC)cc3)n2)cn1,0.0,CO/N=C(\N)c1ccc(-c2cncc(-c3ccc(/C(N)=N\OC)cc3)n2)cn1,c1ccc(-c2cncc(-c3cccnc3)n2)cc1,28
CO/N=C(\N)c1ccc(-c2cncc(-c3ccc(/C(N)=N\OC)cc3)n2)nc1,0.0,CO/N=C(\N)c1ccc(-c2cncc(-c3ccc(/C(N)=N\OC)cc3)n2)nc1,c1ccc(-c2cncc(-c3ccccn3)n2)cc1,28
CO/N=C(\N)c1ccc(-c2cncc(-c3ccc(/C(N)=N\OC)cn3)n2)nc1,0.0,CO/N=C(\N)c1ccc(-c2cncc(-c3ccc(/C(N)=N\OC)cn3)n2)nc1,c1ccc(-c2cncc(-c3ccccn3)n2)nc1,28
CO/N=C(\N)c1ccc(-c2cncc(-c3ccc(/C(N)=N\OC)nc3)n2)cn1,0.0,CO/N=C(\N)c1ccc(-c2cncc(-c3ccc(/C(N)=N\OC)nc3)n2)cn1,c1cncc(-c2cncc(-c3cccnc3)n2)c1,28
COC(=O)C(C)(C)C(c1ccc(Nc2ccc3ccccc3c2)cc1)n1ccnc1,1.0,COC(=O)C(C)(C)C(c1ccc(Nc2ccc3ccccc3c2)cc1)n1ccnc1,c1ccc2cc(Nc3ccc(Cn4ccnc4)cc3)ccc2c1,30
COC(=O)N1CCN(CC(=O)c2ccc(OCCCN3CCC[C@H]3C)cc2)CC1,0.0,COC(=O)N1CCN(CC(=O)c2ccc(OCCCN3CCC[C@H]3C)cc2)CC1,O=C(CN1CCNCC1)c1ccc(OCCCN2CCCC2)cc1,29
COC(=O)N[C@@H]1CC[C@@H](N2NNC3CNC4NCCC4C32)C1,1.0,COC(=O)N[C@@H]1CC[C@@H](N2NNC3CNC4NCCC4C32)C1,C1CCC(N2NNC3CNC4NCCC4C32)C1,22
COC(=O)N[C@H]1CC[C@H](N2NNC3CNC4NCCC4C32)CC1,1.0,COC(=O)N[C@H]1CC[C@H](N2NNC3CNC4NCCC4C32)CC1,C1CCC(N2NNC3CNC4NCCC4C32)CC1,23
COC(=O)Nc1ccc(-c2[nH]c([C@H](CC(=O)N3CCN(C(C)=O)CC3)NC(=O)/C=C/c3cc(Cl)ccc3-n3cnnn3)nc2Cl)cc1,0.0,COC(=O)Nc1ccc(-c2[nH]c([C@H](CC(=O)N3CCN(C(C)=O)CC3)NC(=O)/C=C/c3cc(Cl)ccc3-n3cnnn3)nc2Cl)cc1,O=C(C=Cc1ccccc1-n1cnnn1)NC(CC(=O)N1CCNCC1)c1ncc(-c2ccccc2)[nH]1,47
COC(=O)Nc1ccc(-c2[nH]c([C@H](CC(=O)N3CCN(C)CC3)NC(=O)/C=C/c3cc(Cl)ccc3-n3cnnn3)nc2Cl)cc1,0.0,COC(=O)Nc1ccc(-c2[nH]c([C@H](CC(=O)N3CCN(C)CC3)NC(=O)/C=C/c3cc(Cl)ccc3-n3cnnn3)nc2Cl)cc1,O=C(C=Cc1ccccc1-n1cnnn1)NC(CC(=O)N1CCNCC1)c1ncc(-c2ccccc2)[nH]1,45
COC(=O)Nc1ccc(-c2[nH]c([C@H](CC(=O)N3CCOCC3)NC(=O)/C=C/c3cc(Cl)ccc3-n3cnnn3)nc2Cl)cc1,0.0,COC(=O)Nc1ccc(-c2[nH]c([C@H](CC(=O)N3CCOCC3)NC(=O)/C=C/c3cc(Cl)ccc3-n3cnnn3)nc2Cl)cc1,O=C(C=Cc1ccccc1-n1cnnn1)NC(CC(=O)N1CCOCC1)c1ncc(-c2ccccc2)[nH]1,44
COC(=O)Nc1ccc(-c2[nH]c([C@H](CC(=O)N3CCS(=O)(=O)CC3)NC(=O)/C=C/c3cc(Cl)ccc3-n3cnnn3)nc2Cl)cc1,1.0,COC(=O)Nc1ccc(-c2[nH]c([C@H](CC(=O)N3CCS(=O)(=O)CC3)NC(=O)/C=C/c3cc(Cl)ccc3-n3cnnn3)nc2Cl)cc1,O=C(C=Cc1ccccc1-n1cnnn1)NC(CC(=O)N1CCS(=O)(=O)CC1)c1ncc(-c2ccccc2)[nH]1,46
COC(=O)Nc1ccc(-c2[nH]c([C@H](Cc3ccccc3)NC(=O)/C=C/c3cc(Cl)ccc3-n3cnnn3)nc2Cl)cc1,0.0,COC(=O)Nc1ccc(-c2[nH]c([C@H](Cc3ccccc3)NC(=O)/C=C/c3cc(Cl)ccc3-n3cnnn3)nc2Cl)cc1,O=C(C=Cc1ccccc1-n1cnnn1)NC(Cc1ccccc1)c1ncc(-c2ccccc2)[nH]1,42
COC(=O)Nc1ccc(-c2[nH]c([C@H](Cc3ccccc3)NC(=O)NCc3cc(Cl)ccc3-n3cnnn3)nc2Cl)cc1,0.0,COC(=O)Nc1ccc(-c2[nH]c([C@H](Cc3ccccc3)NC(=O)NCc3cc(Cl)ccc3-n3cnnn3)nc2Cl)cc1,O=C(NCc1ccccc1-n1cnnn1)NC(Cc1ccccc1)c1ncc(-c2ccccc2)[nH]1,42
COC(=O)Nc1ccc(C(=O)N[C@@H](Cc2ccccc2)C(=O)NCCc2cc(Cl)ccc2-n2cnnn2)cc1,0.0,COC(=O)Nc1ccc(C(=O)N[C@@H](Cc2ccccc2)C(=O)NCCc2cc(Cl)ccc2-n2cnnn2)cc1,O=C(NC(Cc1ccccc1)C(=O)NCCc1ccccc1-n1cnnn1)c1ccccc1,39
COC(=O)Nc1ccc(NC(=O)[C@H](Cc2ccccc2)NC(=O)/C=C/c2cc(Cl)ccc2-n2cnnn2)cc1,0.0,COC(=O)Nc1ccc(NC(=O)[C@H](Cc2ccccc2)NC(=O)/C=C/c2cc(Cl)ccc2-n2cnnn2)cc1,O=C(C=Cc1ccccc1-n1cnnn1)NC(Cc1ccccc1)C(=O)Nc1ccccc1,39
COC(=O)Nc1cccc(NC(=O)[C@H](Cc2ccccc2)NC(=O)/C=C/c2cc(Cl)ccc2-n2cnnn2)c1,0.0,COC(=O)Nc1cccc(NC(=O)[C@H](Cc2ccccc2)NC(=O)/C=C/c2cc(Cl)ccc2-n2cnnn2)c1,O=C(C=Cc1ccccc1-n1cnnn1)NC(Cc1ccccc1)C(=O)Nc1ccccc1,39
COC(=O)[C@H](C(C)C)N1CCCO[P@@]1(=O)COCCn1cnc2c(N)ncnc21,1.0,COC(=O)[C@H](C(C)C)N1CCCO[P@@]1(=O)COCCn1cnc2c(N)ncnc21.O=C(O)/C=C/C(=O)O,O=P1(COCCn2cnc3cncnc32)NCCCO1,29
COC(=O)[C@H](C(C)C)N1CCCO[P@]1(=O)COCCn1cnc2c(N)ncnc21,1.0,COC(=O)[C@H](C(C)C)N1CCCO[P@]1(=O)COCCn1cnc2c(N)ncnc21.O=C(O)/C=C/C(=O)O,O=P1(COCCn2cnc3cncnc32)NCCCO1,29
COC(=O)c1ccc(CSc2nc3c(c(=O)[nH]2)CCC3)cc1,0.0,COC(=O)c1ccc(CSc2nc3c(c(=O)[nH]2)CCC3)cc1,O=c1[nH]c(SCc2ccccc2)nc2c1CCC2,22
COC(=O)c1ccc2c(c1)CC(C(=O)Nc1ccc(-c3cn[nH]c3)cc1)CO2,0.0,COC(=O)c1ccc2c(c1)CC(C(=O)Nc1ccc(-c3cn[nH]c3)cc1)CO2,O=C(Nc1ccc(-c2cn[nH]c2)cc1)C1COc2ccccc2C1,28
COC(=O)c1cccc(NC(=O)Nc2ccc(-c3ccnc4[nH]cnc34)cc2)c1,0.0,COC(=O)c1cccc(NC(=O)Nc2ccc(-c3ccnc4[nH]cnc34)cc2)c1,O=C(Nc1ccccc1)Nc1ccc(-c2ccnc3[nH]cnc23)cc1,29
COC(C)(C)CC1n2cncc2CN([C@@H](C)c2ccc(Cl)cc2)S1(=O)=O,0.0,COC(C)(C)CC1n2cncc2CN([C@@H](C)c2ccc(Cl)cc2)S1(=O)=O,O=S1(=O)Cn2cncc2CN1Cc1ccccc1,26
COC1CCCCC1N(C)c1ncnc2[nH]ccc12,0.0,COC1CCCCC1N(C)c1ncnc2[nH]ccc12,c1nc(NC2CCCCC2)c2cc[nH]c2n1,19
COC1[C@H](NC(=O)CC2OC(COCc3ccccc3)C(OCc3ccccc3)C(OCc3ccccc3)C2OCc2ccccc2)CC[C@H]2[C@H]3Cc4ccc(O)cc4[C@@]12CCN3C,0.0,COC1[C@H](NC(=O)CC2OC(COCc3ccccc3)C(OCc3ccccc3)C(OCc3ccccc3)C2OCc2ccccc2)CC[C@H]2[C@H]3Cc4ccc(O)cc4[C@@]12CCN3C,O=C(CC1OC(COCc2ccccc2)C(OCc2ccccc2)C(OCc2ccccc2)C1OCc1ccccc1)NC1CCC2C3Cc4ccccc4C2(CCN3)C1,64
COCCCNc1nnc(-c2ccc(F)c(F)c2Nc2ccc(I)cc2F)o1,0.0,COCCCNc1nnc(-c2ccc(F)c(F)c2Nc2ccc(I)cc2F)o1,c1ccc(Nc2ccccc2-c2nnco2)cc1,28
COCCCOc1cc2ncnc(Nc3c(F)ccc(O)c3C)c2cc1OC,0.0,COCCCOc1cc2ncnc(Nc3c(F)ccc(O)c3C)c2cc1OC,c1ccc(Nc2ncnc3ccccc23)cc1,28
COCCCOc1ccc(-c2nccc(-c3cc4c([nH]3)C3(CCCNC3)CNC4=O)n2)cn1,0.0,COCCCOc1ccc(-c2nccc(-c3cc4c([nH]3)C3(CCCNC3)CNC4=O)n2)cn1,O=C1NCC2(CCCNC2)c2[nH]c(-c3ccnc(-c4cccnc4)n3)cc21,33
COCCCn1cc(CN2CCN(c3cc(C(=O)Nc4ccc5c(c4)-c4c(c(C(N)=O)nn4-c4ccc(F)cc4)CC5)c(Cl)cn3)CC2)cn1,0.0,COCCCn1cc(CN2CCN(c3cc(C(=O)Nc4ccc5c(c4)-c4c(c(C(N)=O)nn4-c4ccc(F)cc4)CC5)c(Cl)cn3)CC2)cn1,O=C(Nc1ccc2c(c1)-c1c(cnn1-c1ccccc1)CC2)c1ccnc(N2CCN(Cc3cn[nH]c3)CC2)c1,50
COCCN(C(=O)Nc1ccc(-c2ncnc3[nH]c(C)c(C)c23)cc1F)c1ccc(Cl)cc1,0.0,COCCN(C(=O)Nc1ccc(-c2ncnc3[nH]c(C)c(C)c23)cc1F)c1ccc(Cl)cc1,O=C(Nc1ccccc1)Nc1ccc(-c2ncnc3[nH]ccc23)cc1,33
COCCN(Cc1cccc(OC)c1)C(=O)Nc1ccc(-c2cn[nH]c2)cc1,0.0,COCCN(Cc1cccc(OC)c1)C(=O)Nc1ccc(-c2cn[nH]c2)cc1,O=C(NCc1ccccc1)Nc1ccc(-c2cn[nH]c2)cc1,28
COCCN1CCC(c2[nH]nc(-c3ccc(Cl)cc3)c2-c2ccncc2)CC1,0.0,COCCN1CCC(c2[nH]nc(-c3ccc(Cl)cc3)c2-c2ccncc2)CC1,c1ccc(-c2n[nH]c(C3CCNCC3)c2-c2ccncc2)cc1,28
COCCNC(=O)Cn1cc(CN2CCN(c3cc(C(=O)Nc4ccc5c(c4)-c4c(c(C(N)=O)nn4-c4ccc(F)cc4)CC5)c(Cl)cn3)CC2)cn1,0.0,COCCNC(=O)Cn1cc(CN2CCN(c3cc(C(=O)Nc4ccc5c(c4)-c4c(c(C(N)=O)nn4-c4ccc(F)cc4)CC5)c(Cl)cn3)CC2)cn1,O=C(Nc1ccc2c(c1)-c1c(cnn1-c1ccccc1)CC2)c1ccnc(N2CCN(Cc3cn[nH]c3)CC2)c1,53
COCCNC(=O)c1ccc2c(c1)CC(c1nc(SCCN(C)C)c3cc(-c4cn[nH]c4)ccc3n1)CO2,0.0,COCCNC(=O)c1ccc2c(c1)CC(c1nc(SCCN(C)C)c3cc(-c4cn[nH]c4)ccc3n1)CO2,c1ccc2c(c1)CC(c1ncc3cc(-c4cn[nH]c4)ccc3n1)CO2,38
COCCNC(=O)c1ccc2c(c1)CC(c1nc3ccc(-c4cn[nH]c4)cc3c(=O)[nH]1)CO2,0.0,COCCNC(=O)c1ccc2c(c1)CC(c1nc3ccc(-c4cn[nH]c4)cc3c(=O)[nH]1)CO2,O=c1[nH]c(C2COc3ccccc3C2)nc2ccc(-c3cn[nH]c3)cc12,33
COCCNS(=O)(=O)c1ccc(C(CC2CCCC2)C(=O)Nc2nc3ccc(OC)nc3s2)cc1,0.0,COCCNS(=O)(=O)c1ccc(C(CC2CCCC2)C(=O)Nc2nc3ccc(OC)nc3s2)cc1,O=C(Nc1nc2cccnc2s1)C(CC1CCCC1)c1ccccc1,35
COCCOC(=O)Cn1cc(CN2CCN(c3cc(C(=O)Nc4ccc5c(c4)-c4c(c(C(N)=O)nn4-c4ccc(F)cc4)CC5)c(Cl)cn3)CC2)cn1,0.0,COCCOC(=O)Cn1cc(CN2CCN(c3cc(C(=O)Nc4ccc5c(c4)-c4c(c(C(N)=O)nn4-c4ccc(F)cc4)CC5)c(Cl)cn3)CC2)cn1,O=C(Nc1ccc2c(c1)-c1c(cnn1-c1ccccc1)CC2)c1ccnc(N2CCN(Cc3cn[nH]c3)CC2)c1,53
COCCOCCCn1cc(CN2CCN(c3cc(C(=O)Nc4ccc5c(c4)-c4c(c(C(N)=O)nn4-c4ccc(F)cc4)CC5)c(Cl)cn3)CC2)cn1,0.0,COCCOCCCn1cc(CN2CCN(c3cc(C(=O)Nc4ccc5c(c4)-c4c(c(C(N)=O)nn4-c4ccc(F)cc4)CC5)c(Cl)cn3)CC2)cn1,O=C(Nc1ccc2c(c1)-c1c(cnn1-c1ccccc1)CC2)c1ccnc(N2CCN(Cc3cn[nH]c3)CC2)c1,53
COCCOc1cc(NC(=O)C(C)(C)NC(=O)c2ccc3c(C4CCCC4)c(-c4ncc(Cl)cn4)n(C)c3c2)ccc1/C=C/C(=O)O,0.0,COCCOc1cc(NC(=O)C(C)(C)NC(=O)c2ccc3c(C4CCCC4)c(-c4ncc(Cl)cn4)n(C)c3c2)ccc1/C=C/C(=O)O,O=C(CNC(=O)c1ccc2c(C3CCCC3)c(-c3ncccn3)[nH]c2c1)Nc1ccccc1,47
COCCOc1cc(NC(=O)C2(NC(=O)c3ccc4c(C5CCCC5)c(-c5ccccn5)n(C)c4c3)CCC2)ccc1/C=C/C(=O)O,0.0,COCCOc1cc(NC(=O)C2(NC(=O)c3ccc4c(C5CCCC5)c(-c5ccccn5)n(C)c4c3)CCC2)ccc1/C=C/C(=O)O,O=C(NC1(C(=O)Nc2ccccc2)CCC1)c1ccc2c(C3CCCC3)c(-c3ccccn3)[nH]c2c1,47
COCCOc1cc(NC(=O)C2(NC(=O)c3ccc4c(C5CCCC5)c(-c5ncc(Cl)cn5)n(C)c4c3)CCC2)ccc1/C=C/C(=O)O,1.0,COCCOc1cc(NC(=O)C2(NC(=O)c3ccc4c(C5CCCC5)c(-c5ncc(Cl)cn5)n(C)c4c3)CCC2)ccc1/C=C/C(=O)O,O=C(NC1(C(=O)Nc2ccccc2)CCC1)c1ccc2c(C3CCCC3)c(-c3ncccn3)[nH]c2c1,48
COCCOc1cc2c(-n3nc(-c4ccccn4)nc3N)ncnc2cc1OC,1.0,COCCOc1cc2c(-n3nc(-c4ccccn4)nc3N)ncnc2cc1OC,c1ccc(-c2ncn(-c3ncnc4ccccc34)n2)nc1,29
COCCOc1cc2ncnc(-n3nc(-c4ccccn4)nc3N)c2cc1OCCOC,0.0,COCCOc1cc2ncnc(-n3nc(-c4ccccn4)nc3N)c2cc1OCCOC,c1ccc(-c2ncn(-c3ncnc4ccccc34)n2)nc1,32
COCCOc1cc2ncnc(N3CCN(C(=O)Nc4ccc(OC(C)C)cc4)CC3)c2cc1OC,0.0,COCCOc1cc2ncnc(N3CCN(C(=O)Nc4ccc(OC(C)C)cc4)CC3)c2cc1OC,O=C(Nc1ccccc1)N1CCN(c2ncnc3ccccc23)CC1,36
COCCOc1cc2ncnc(Nc3c(F)ccc(O)c3C)c2cc1OC,1.0,COCCOc1cc2ncnc(Nc3c(F)ccc(O)c3C)c2cc1OC,c1ccc(Nc2ncnc3ccccc23)cc1,27
COCCOc1ccc(C2CN(NS(C)(=O)=O)C(=O)N2CCc2ccc(OC)cc2)cc1,0.0,COCCOc1ccc(C2CN(NS(C)(=O)=O)C(=O)N2CCc2ccc(OC)cc2)cc1,O=C1NCC(c2ccccc2)N1CCc1ccccc1,32
COC[C@@H]1C[C@@H](C(=O)NCC2CCOCC2)CN(Cc2[nH]c(-c3ccncn3)nc2C)C1,0.0,COC[C@@H]1C[C@@H](C(=O)NCC2CCOCC2)CN(Cc2[nH]c(-c3ccncn3)nc2C)C1,O=C(NCC1CCOCC1)C1CCCN(Cc2cnc(-c3ccncn3)[nH]2)C1,32
COC[C@@H]1C[C@@H](C(=O)NCC2CCOCC2)CN(Cc2nc(-c3ccccc3)oc2C)C1,0.0,COC[C@@H]1C[C@@H](C(=O)NCC2CCOCC2)CN(Cc2nc(-c3ccccc3)oc2C)C1,O=C(NCC1CCOCC1)C1CCCN(Cc2coc(-c3ccccc3)n2)C1,32
COC[C@@H]1C[C@@H](C(=O)NCC2CCOCC2)CN(Cc2nc(N3CCOCC3)oc2C)C1,0.0,COC[C@@H]1C[C@@H](C(=O)NCC2CCOCC2)CN(Cc2nc(N3CCOCC3)oc2C)C1,O=C(NCC1CCOCC1)C1CCCN(Cc2coc(N3CCOCC3)n2)C1,32
COC[C@@H]1C[C@@H](C(=O)NC[C@H]2CCCO2)CN(Cc2nc(-c3ccccc3)oc2C)C1,0.0,COC[C@@H]1C[C@@H](C(=O)NC[C@H]2CCCO2)CN(Cc2nc(-c3ccccc3)oc2C)C1,O=C(NCC1CCCO1)C1CCCN(Cc2coc(-c3ccccc3)n2)C1,31
COC[C@@H]1C[C@@H](C(=O)NC[C@H]2CCCO2)CN(Cc2nc(N3CCOCC3)oc2C)C1,0.0,COC[C@@H]1C[C@@H](C(=O)NC[C@H]2CCCO2)CN(Cc2nc(N3CCOCC3)oc2C)C1,O=C(NCC1CCCO1)C1CCCN(Cc2coc(N3CCOCC3)n2)C1,31
COC[C@H]1C[C@@H](C(=O)NCC2CCOCC2)CN(Cc2[nH]c(-c3ccncn3)nc2C)C1,0.0,COC[C@H]1C[C@@H](C(=O)NCC2CCOCC2)CN(Cc2[nH]c(-c3ccncn3)nc2C)C1,O=C(NCC1CCOCC1)C1CCCN(Cc2cnc(-c3ccncn3)[nH]2)C1,32
COC[C@H]1C[C@@H](C(=O)NCC2CCOCC2)CN(Cc2nc(N3CCOCC3)oc2C)C1,0.0,COC[C@H]1C[C@@H](C(=O)NCC2CCOCC2)CN(Cc2nc(N3CCOCC3)oc2C)C1,O=C(NCC1CCOCC1)C1CCCN(Cc2coc(N3CCOCC3)n2)C1,32
COC[C@H]1C[C@@H](C(=O)NC[C@H]2CCCO2)CN(Cc2nc(-c3ccccc3)oc2C)C1,0.0,COC[C@H]1C[C@@H](C(=O)NC[C@H]2CCCO2)CN(Cc2nc(-c3ccccc3)oc2C)C1,O=C(NCC1CCCO1)C1CCCN(Cc2coc(-c3ccccc3)n2)C1,31
COC[C@H]1C[C@@H](C(=O)NC[C@H]2CCCO2)CN(Cc2nc(N3CCOCC3)oc2C)C1,0.0,COC[C@H]1C[C@@H](C(=O)NC[C@H]2CCCO2)CN(Cc2nc(N3CCOCC3)oc2C)C1,O=C(NCC1CCCO1)C1CCCN(Cc2coc(N3CCOCC3)n2)C1,31
COC[C@H]1C[C@@H](C(=O)NCc2cccc(C)n2)CN(Cc2nc(-c3ccccc3)oc2C)C1,0.0,COC[C@H]1C[C@@H](C(=O)NCc2cccc(C)n2)CN(Cc2nc(-c3ccccc3)oc2C)C1,O=C(NCc1ccccn1)C1CCCN(Cc2coc(-c3ccccc3)n2)C1,33
COC[C@H]1C[C@H](C(=O)NCc2cccc(C)n2)CN(Cc2nc(-c3ccccc3)oc2C)C1,0.0,COC[C@H]1C[C@H](C(=O)NCc2cccc(C)n2)CN(Cc2nc(-c3ccccc3)oc2C)C1,O=C(NCc1ccccn1)C1CCCN(Cc2coc(-c3ccccc3)n2)C1,33
COCn1ncc(-c2ccc(OCCCN3CCC[C@H]3C)cc2)cc1=O,0.0,COCn1ncc(-c2ccc(OCCCN3CCC[C@H]3C)cc2)cc1=O,O=c1cc(-c2ccc(OCCCN3CCCC3)cc2)cn[nH]1,26
CONC(=N)c1ccc(-c2ccc(-c3ccc(C(=N)NOC)cc3)o2)cc1,0.0,CONC(=N)c1ccc(-c2ccc(-c3ccc(C(=N)NOC)cc3)o2)cc1,c1ccc(-c2ccc(-c3ccccc3)o2)cc1,27
CO[C@@H]1COCC[C@@H]1N[C@@H]1CC[C@@](C(=O)N2CCN(c3cc(C(F)(F)F)ccn3)CC2)(C(C)C)C1,0.0,CO[C@@H]1COCC[C@@H]1N[C@@H]1CC[C@@](C(=O)N2CCN(c3cc(C(F)(F)F)ccn3)CC2)(C(C)C)C1,O=C(C1CCC(NC2CCOCC2)C1)N1CCN(c2ccccn2)CC1,35
COc1c(F)cccc1CC(c1ccccc1)N1CCNCC1,0.0,COc1c(F)cccc1CC(c1ccccc1)N1CCNCC1,c1ccc(CC(c2ccccc2)N2CCNCC2)cc1,23
COc1c(Nc2ccc(S(C)(=O)=O)nc2C)ncnc1OC1CCN(C(=O)OC(C)C)CC1,0.0,COc1c(Nc2ccc(S(C)(=O)=O)nc2C)ncnc1OC1CCN(C(=O)OC(C)C)CC1,c1cncc(Nc2cc(OC3CCNCC3)ncn2)c1,33
COc1cc(-c2cn[nH]c2)c(F)cc1NC(=O)C1COc2ccccc2C1,0.0,COc1cc(-c2cn[nH]c2)c(F)cc1NC(=O)C1COc2ccccc2C1,O=C(Nc1ccc(-c2cn[nH]c2)cc1)C1COc2ccccc2C1,27
COc1cc(-c2cn[nH]c2)cc2c(=O)[nH]c(C(N)c3cccc(Cl)c3)nc12,0.0,COc1cc(-c2cn[nH]c2)cc2c(=O)[nH]c(C(N)c3cccc(Cl)c3)nc12,O=c1[nH]c(Cc2ccccc2)nc2ccc(-c3cn[nH]c3)cc12,27
COc1cc(-c2cn[nH]c2)cc2c(=O)[nH]c(C3COc4ccc(C)cc4C3)nc12,0.0,COc1cc(-c2cn[nH]c2)cc2c(=O)[nH]c(C3COc4ccc(C)cc4C3)nc12,O=c1[nH]c(C2COc3ccccc3C2)nc2ccc(-c3cn[nH]c3)cc12,29
COc1cc(-c2cn[nH]c2)cc2c(=O)[nH]c(C3COc4ccc(F)cc4C3)nc12,0.0,COc1cc(-c2cn[nH]c2)cc2c(=O)[nH]c(C3COc4ccc(F)cc4C3)nc12,O=c1[nH]c(C2COc3ccccc3C2)nc2ccc(-c3cn[nH]c3)cc12,29
COc1cc(-c2cn[nH]c2)cc2c(=O)[nH]c(C3COc4ccccc4O3)nc12,0.0,COc1cc(-c2cn[nH]c2)cc2c(=O)[nH]c(C3COc4ccccc4O3)nc12,O=c1[nH]c(C2COc3ccccc3O2)nc2ccc(-c3cn[nH]c3)cc12,28
COc1cc(-c2cn[nH]c2)cc2c(=O)[nH]c([C@H](N)Cc3cccc(F)c3)nc12,0.0,COc1cc(-c2cn[nH]c2)cc2c(=O)[nH]c([C@H](N)Cc3cccc(F)c3)nc12,O=c1[nH]c(CCc2ccccc2)nc2ccc(-c3cn[nH]c3)cc12,28
COc1cc(-c2cn[nH]c2)ccc1NC(=O)C1COc2ccc(C)cc2C1,0.0,COc1cc(-c2cn[nH]c2)ccc1NC(=O)C1COc2ccc(C)cc2C1,O=C(Nc1ccc(-c2cn[nH]c2)cc1)C1COc2ccccc2C1,27
COc1cc(-c2cn[nH]c2)ccc1NC(=O)C1COc2ccc(Cl)cc2C1,0.0,COc1cc(-c2cn[nH]c2)ccc1NC(=O)C1COc2ccc(Cl)cc2C1,O=C(Nc1ccc(-c2cn[nH]c2)cc1)C1COc2ccccc2C1,27
COc1cc(-c2cn[nH]c2)ccc1NC(=O)C1COc2ccc(F)cc2C1,0.0,COc1cc(-c2cn[nH]c2)ccc1NC(=O)C1COc2ccc(F)cc2C1,O=C(Nc1ccc(-c2cn[nH]c2)cc1)C1COc2ccccc2C1,27
COc1cc(-c2cn[nH]c2)ccc1NC(=O)C1COc2ccccc2C1,0.0,COc1cc(-c2cn[nH]c2)ccc1NC(=O)C1COc2ccccc2C1,O=C(Nc1ccc(-c2cn[nH]c2)cc1)C1COc2ccccc2C1,26
COc1cc(-c2nnc(/C=C/c3nnc(-c4ccc(S(C)(=O)=O)cn4)n3-c3ccccc3Cl)o2)ccn1,0.0,COc1cc(-c2nnc(/C=C/c3nnc(-c4ccc(S(C)(=O)=O)cn4)n3-c3ccccc3Cl)o2)ccn1,C(=Cc1nnc(-c2ccccn2)n1-c1ccccc1)c1nnc(-c2ccncc2)o1,37
COc1cc(-n2cnc3cc(-c4ccc(Cl)cc4)sc3c2=O)ccc1OCCN1CCCC1,1.0,COc1cc(-n2cnc3cc(-c4ccc(Cl)cc4)sc3c2=O)ccc1OCCN1CCCC1,O=c1c2sc(-c3ccccc3)cc2ncn1-c1ccc(OCCN2CCCC2)cc1,33
COc1cc(/C(=N/N)c2csc(-c3ccccc3)n2)cc(OC)c1OC,0.0,COc1cc(/C(=N/N)c2csc(-c3ccccc3)n2)cc(OC)c1OC,N=C(c1ccccc1)c1csc(-c2ccccc2)n1,26
COc1cc(/C(=N/O)c2csc(-c3ccccc3)n2)cc(OC)c1OC,0.0,COc1cc(/C(=N/O)c2csc(-c3ccccc3)n2)cc(OC)c1OC,N=C(c1ccccc1)c1csc(-c2ccccc2)n1,26
COc1cc(/C(=N\C#N)c2csc(-c3ccccc3)n2)cc(OC)c1OC,0.0,COc1cc(/C(=N\C#N)c2csc(-c3ccccc3)n2)cc(OC)c1OC,N=C(c1ccccc1)c1csc(-c2ccccc2)n1,27
COc1cc(/C(=N\N)c2csc(-c3ccccc3)n2)cc(OC)c1OC,0.0,COc1cc(/C(=N\N)c2csc(-c3ccccc3)n2)cc(OC)c1OC,N=C(c1ccccc1)c1csc(-c2ccccc2)n1,26
COc1cc(C2CCN(C)CC2O)ccc1Nc1ncc2ccc(-c3ccccc3OC)n2n1,0.0,COc1cc(C2CCN(C)CC2O)ccc1Nc1ncc2ccc(-c3ccccc3OC)n2n1,c1ccc(-c2ccc3cnc(Nc4ccc(C5CCNCC5)cc4)nn23)cc1,34
COc1cc(CSc2nc3cc(OC)ccc3[nH]2)cc(OC)c1,0.0,COc1cc(CSc2nc3cc(OC)ccc3[nH]2)cc(OC)c1,c1ccc(CSc2nc3ccccc3[nH]2)cc1,23
COc1cc(NC(=O)C2(NC(=O)c3ccc4c(C5CCCC5)c(-c5ccccn5)n(C)c4c3)CCC2)ccc1/C=C/C(=O)O,0.0,COc1cc(NC(=O)C2(NC(=O)c3ccc4c(C5CCCC5)c(-c5ccccn5)n(C)c4c3)CCC2)ccc1/C=C/C(=O)O,O=C(NC1(C(=O)Nc2ccccc2)CCC1)c1ccc2c(C3CCCC3)c(-c3ccccn3)[nH]c2c1,44
COc1cc(NC(=O)C2COc3ccc(C)cc3C2)ccc1-c1cn[nH]c1,0.0,COc1cc(NC(=O)C2COc3ccc(C)cc3C2)ccc1-c1cn[nH]c1,O=C(Nc1ccc(-c2cn[nH]c2)cc1)C1COc2ccccc2C1,27
COc1cc(NC(=O)C2COc3ccc(Cl)cc3C2)ccc1-c1cn[nH]c1,0.0,COc1cc(NC(=O)C2COc3ccc(Cl)cc3C2)ccc1-c1cn[nH]c1,O=C(Nc1ccc(-c2cn[nH]c2)cc1)C1COc2ccccc2C1,27
COc1cc(NC(=O)C2COc3ccc(F)cc3C2)ccc1-c1cn[nH]c1,0.0,COc1cc(NC(=O)C2COc3ccc(F)cc3C2)ccc1-c1cn[nH]c1,O=C(Nc1ccc(-c2cn[nH]c2)cc1)C1COc2ccccc2C1,27
COc1cc(NC(=O)C2COc3ccccc3C2)c(F)cc1-c1cn[nH]c1,0.0,COc1cc(NC(=O)C2COc3ccccc3C2)c(F)cc1-c1cn[nH]c1,O=C(Nc1ccc(-c2cn[nH]c2)cc1)C1COc2ccccc2C1,27
COc1cc(NC(=O)C2COc3ccccc3C2)ccc1-c1cn[nH]c1,0.0,COc1cc(NC(=O)C2COc3ccccc3C2)ccc1-c1cn[nH]c1,O=C(Nc1ccc(-c2cn[nH]c2)cc1)C1COc2ccccc2C1,26
COc1cc(NC(=O)c2cccc(-n3ncc4cc(Nc5ccccc5)ccc43)c2)cc(OC)c1OC,0.0,COc1cc(NC(=O)c2cccc(-n3ncc4cc(Nc5ccccc5)ccc43)c2)cc(OC)c1OC,O=C(Nc1ccccc1)c1cccc(-n2ncc3cc(Nc4ccccc4)ccc32)c1,37
COc1cc(OC(C)C)cc(S(=O)(=O)c2ccc3c(c2)O[C@H]2CNCC[C@@H]32)c1,0.0,COc1cc(OC(C)C)cc(S(=O)(=O)c2ccc3c(c2)O[C@H]2CNCC[C@@H]32)c1.Cl,O=S(=O)(c1ccccc1)c1ccc2c(c1)OC1CNCCC21,28
COc1cc(OC2CCC(C)(C)CC2)c(F)cc1CNC(=O)[C@@H]1CCCN1,0.0,COc1cc(OC2CCC(C)(C)CC2)c(F)cc1CNC(=O)[C@@H]1CCCN1,O=C(NCc1ccc(OC2CCCCC2)cc1)C1CCCN1,27
COc1cc(O[C@@H]2C[C@H]3C(=O)N[C@]4(C(=O)NS(=O)(=O)C5CC5)C[C@H]4/C=C\CCCCC[C@H](NC(=O)OC(C)(C)C)C(=O)N3C2)c2ccc(OC)c(C)c2n1,0.0,COc1cc(O[C@@H]2C[C@H]3C(=O)N[C@]4(C(=O)NS(=O)(=O)C5CC5)C[C@H]4/C=C\CCCCC[C@H](NC(=O)OC(C)(C)C)C(=O)N3C2)c2ccc(OC)c(C)c2n1,O=C1NC2(C(=O)NS(=O)(=O)C3CC3)CC2C=CCCCCCCC(=O)N2CC(Oc3ccnc4ccccc34)CC12,54
COc1cc([C@@H]2CCN(CC(N)=O)C[C@@H]2O)ccc1Nc1ncc2ccc(-c3ccccc3OC)n2n1,0.0,COc1cc([C@@H]2CCN(CC(N)=O)C[C@@H]2O)ccc1Nc1ncc2ccc(-c3ccccc3OC)n2n1,c1ccc(-c2ccc3cnc(Nc4ccc(C5CCNCC5)cc4)nn23)cc1,37
COc1cc([C@@H]2CCN(CCO)C[C@@H]2O)ccc1Nc1ncc2ccc(-c3ccccc3OC)n2n1,0.0,COc1cc([C@@H]2CCN(CCO)C[C@@H]2O)ccc1Nc1ncc2ccc(-c3ccccc3OC)n2n1,c1ccc(-c2ccc3cnc(Nc4ccc(C5CCNCC5)cc4)nn23)cc1,36
COc1cc([C@@H]2CCNC[C@@H]2O)ccc1Nc1ncc2ccc(-c3ccccc3OC)n2n1,0.0,COc1cc([C@@H]2CCNC[C@@H]2O)ccc1Nc1ncc2ccc(-c3ccccc3OC)n2n1,c1ccc(-c2ccc3cnc(Nc4ccc(C5CCNCC5)cc4)nn23)cc1,33
COc1cc([C@@]2(O)CCN(C)C[C@@H]2O)ccc1Nc1ncc2ccc(-c3ccccc3OC)n2n1,0.0,COc1cc([C@@]2(O)CCN(C)C[C@@H]2O)ccc1Nc1ncc2ccc(-c3ccccc3OC)n2n1,c1ccc(-c2ccc3cnc(Nc4ccc(C5CCNCC5)cc4)nn23)cc1,35
COc1cc([C@@]2(O)CCN(CC(N)=O)C[C@@H]2O)ccc1Nc1ncc2ccc(-c3ccccc3N(C)S(C)(=O)=O)n2n1,0.0,COc1cc([C@@]2(O)CCN(CC(N)=O)C[C@@H]2O)ccc1Nc1ncc2ccc(-c3ccccc3N(C)S(C)(=O)=O)n2n1,c1ccc(-c2ccc3cnc(Nc4ccc(C5CCNCC5)cc4)nn23)cc1,42
COc1cc([C@@]2(O)CCN(CC(N)=O)C[C@@H]2O)ccc1Nc1ncc2ccc(-c3ccccc3OC)n2n1,0.0,COc1cc([C@@]2(O)CCN(CC(N)=O)C[C@@H]2O)ccc1Nc1ncc2ccc(-c3ccccc3OC)n2n1,c1ccc(-c2ccc3cnc(Nc4ccc(C5CCNCC5)cc4)nn23)cc1,38
COc1cc([C@@]2(O)CCNC[C@@H]2O)ccc1Nc1ncc2ccc(-c3ccccc3N(C)S(C)(=O)=O)n2n1,0.0,COc1cc([C@@]2(O)CCNC[C@@H]2O)ccc1Nc1ncc2ccc(-c3ccccc3N(C)S(C)(=O)=O)n2n1,c1ccc(-c2ccc3cnc(Nc4ccc(C5CCNCC5)cc4)nn23)cc1,38
COc1cc([C@@]2(O)CCNC[C@@H]2O)ccc1Nc1ncc2ccc(-c3ccccc3OC)n2n1,0.0,COc1cc([C@@]2(O)CCNC[C@@H]2O)ccc1Nc1ncc2ccc(-c3ccccc3OC)n2n1,c1ccc(-c2ccc3cnc(Nc4ccc(C5CCNCC5)cc4)nn23)cc1,34
COc1cc([C@H]2CCN(CCO)C[C@@H]2O)ccc1Nc1ncc2ccc(-c3ccccc3OC)n2n1,0.0,COc1cc([C@H]2CCN(CCO)C[C@@H]2O)ccc1Nc1ncc2ccc(-c3ccccc3OC)n2n1,c1ccc(-c2ccc3cnc(Nc4ccc(C5CCNCC5)cc4)nn23)cc1,36
COc1cc2[nH]c(C)c(-c3ccccc3)c(=O)c2cc1Cl,0.0,COc1cc2[nH]c(C)c(-c3ccccc3)c(=O)c2cc1Cl,O=c1c(-c2ccccc2)c[nH]c2ccccc12,21
COc1cc2[nH]c(C)c(/C=C/C(=O)OC(C)(C)C)c(=O)c2cc1Cl,0.0,COc1cc2[nH]c(C)c(/C=C/C(=O)OC(C)(C)C)c(=O)c2cc1Cl,O=c1cc[nH]c2ccccc12,24
COc1cc2[nH]c(C)cc(=O)c2cc1Cl,1.0,COc1cc2[nH]c(C)cc(=O)c2cc1Cl,O=c1cc[nH]c2ccccc12,15
COc1cc2c(N3CCN(C(=O)Nc4ccc(OC(C)C)cc4)CC3)ncnc2cc1OCCCN1CCC(C)CC1,0.0,COc1cc2c(N3CCN(C(=O)Nc4ccc(OC(C)C)cc4)CC3)ncnc2cc1OCCCN1CCC(C)CC1,O=C(Nc1ccccc1)N1CCN(c2ncnc3cc(OCCCN4CCCCC4)ccc23)CC1,42
COc1cc2c(N3CCN(C(=O)Nc4ccc(OC(C)C)cc4)CC3)ncnc2cc1OCCCN1CCCCC1,1.0,COc1cc2c(N3CCN(C(=O)Nc4ccc(OC(C)C)cc4)CC3)ncnc2cc1OCCCN1CCCCC1,O=C(Nc1ccccc1)N1CCN(c2ncnc3cc(OCCCN4CCCCC4)ccc23)CC1,41
COc1cc2c(N3CCN(C(=O)Nc4ccc(OC(C)C)cc4)CC3)ncnc2cc1OCCCN1CCOCC1,0.0,COc1cc2c(N3CCN(C(=O)Nc4ccc(OC(C)C)cc4)CC3)ncnc2cc1OCCCN1CCOCC1,O=C(Nc1ccccc1)N1CCN(c2ncnc3cc(OCCCN4CCOCC4)ccc23)CC1,41
COc1cc2c(N3CCN(C(=O)Nc4ccc(OC(C)C)cc4)CC3)ncnc2cc1OCCN1CCCCC1,0.0,COc1cc2c(N3CCN(C(=O)Nc4ccc(OC(C)C)cc4)CC3)ncnc2cc1OCCN1CCCCC1,O=C(Nc1ccccc1)N1CCN(c2ncnc3cc(OCCN4CCCCC4)ccc23)CC1,40
COc1cc2c(Nc3c(F)ccc(O)c3C)ncnc2cc1OCC1CCCO1,0.0,COc1cc2c(Nc3c(F)ccc(O)c3C)ncnc2cc1OCC1CCCO1,c1ccc(Nc2ncnc3cc(OCC4CCCO4)ccc23)cc1,29
COc1cc2c(Nc3c(F)ccc(O)c3C)ncnc2cc1OCCCN1CCCC1C(F)(F)F,0.0,COc1cc2c(Nc3c(F)ccc(O)c3C)ncnc2cc1OCCCN1CCCC1C(F)(F)F,c1ccc(Nc2ncnc3cc(OCCCN4CCCC4)ccc23)cc1,35
COc1cc2c(Nc3c(F)ccc(O)c3C)ncnc2cc1OCCN1CCC(F)C1,0.0,COc1cc2c(Nc3c(F)ccc(O)c3C)ncnc2cc1OCCN1CCC(F)C1,c1ccc(Nc2ncnc3cc(OCCN4CCCC4)ccc23)cc1,31
COc1cc2c(Nc3c(F)ccc(O)c3C)ncnc2cc1OCCN1CCCC1C(F)(F)F,0.0,COc1cc2c(Nc3c(F)ccc(O)c3C)ncnc2cc1OCCN1CCCC1C(F)(F)F,c1ccc(Nc2ncnc3cc(OCCN4CCCC4)ccc23)cc1,34
COc1cc2c(Nc3c(F)ccc(O)c3C)ncnc2cc1OCc1cccnc1,0.0,COc1cc2c(Nc3c(F)ccc(O)c3C)ncnc2cc1OCc1cccnc1,c1ccc(Nc2ncnc3cc(OCc4cccnc4)ccc23)cc1,30
COc1cc2c(cc1OCC(O)CO)Cc1c-2n[nH]c1NCc1c(Cl)cccc1Cl,0.0,COc1cc2c(cc1OCC(O)CO)Cc1c-2n[nH]c1NCc1c(Cl)cccc1Cl,c1ccc(CNc2[nH]nc3c2Cc2ccccc2-3)cc1,30
COc1cc2c(cnc3[nH]nc(C4CC4)c32)cc1-c1c(F)ccc(NS(=O)(=O)CCCF)c1Cl,1.0,COc1cc2c(cnc3[nH]nc(C4CC4)c32)cc1-c1c(F)ccc(NS(=O)(=O)CCCF)c1Cl,c1ccc(-c2ccc3c(cnc4[nH]nc(C5CC5)c43)c2)cc1,34
COc1cc2ncnc(-n3nc(-c4ccccn4)nc3N)c2cc1OC,1.0,COc1cc2ncnc(-n3nc(-c4ccccn4)nc3N)c2cc1OC,c1ccc(-c2ncn(-c3ncnc4ccccc34)n2)nc1,26
COc1cc2ncnc(-n3nc(-c4ccccn4)nc3N)c2cc1OCCCNC(=O)OC(C)C,0.0,COc1cc2ncnc(-n3nc(-c4ccccn4)nc3N)c2cc1OCCCNC(=O)OC(C)C,c1ccc(-c2ncn(-c3ncnc4ccccc34)n2)nc1,35
COc1cc2ncnc(Nc3c(F)ccc(O)c3C)c2cc1OC,1.0,COc1cc2ncnc(Nc3c(F)ccc(O)c3C)c2cc1OC,c1ccc(Nc2ncnc3ccccc23)cc1,24
COc1cc2ncnc(Oc3cccc(NC(=O)Nc4cc(C(C)(C)C(F)(F)F)on4)c3)c2cc1OC,0.0,COc1cc2ncnc(Oc3cccc(NC(=O)Nc4cc(C(C)(C)C(F)(F)F)on4)c3)c2cc1OC,O=C(Nc1cccc(Oc2ncnc3ccccc23)c1)Nc1ccon1,37
COc1ccc(-c2c(C)c(C(=O)Nc3cccc(C)n3)nn2C)cc1,1.0,COc1ccc(-c2c(C)c(C(=O)Nc3cccc(C)n3)nn2C)cc1,O=C(Nc1ccccn1)c1cc(-c2ccccc2)[nH]n1,25
COc1ccc(-c2c(C3CCCC3)c3ccc(C(=O)NC4(C(=O)Nc5ccc(/C=C/C(=O)O)cc5)CCC4)cc3n2C)cn1,0.0,COc1ccc(-c2c(C3CCCC3)c3ccc(C(=O)NC4(C(=O)Nc5ccc(/C=C/C(=O)O)cc5)CCC4)cc3n2C)cn1,O=C(NC1(C(=O)Nc2ccccc2)CCC1)c1ccc2c(C3CCCC3)c(-c3cccnc3)[nH]c2c1,44
COc1ccc(-c2cc(-c3ccc(S(C)(=O)=O)cc3)ccc2N)cn1,1.0,COc1ccc(-c2cc(-c3ccc(S(C)(=O)=O)cc3)ccc2N)cn1,c1ccc(-c2cccc(-c3cccnc3)c2)cc1,25
COc1ccc(-c2cc(-c3ccc(S(C)(=O)=O)cc3)cnc2I)cn1,1.0,COc1ccc(-c2cc(-c3ccc(S(C)(=O)=O)cc3)cnc2I)cn1,c1ccc(-c2cncc(-c3cccnc3)c2)cc1,25
COc1ccc(-c2cc(-c3ccc(S(C)(=O)=O)cc3)cnc2N)cn1,1.0,COc1ccc(-c2cc(-c3ccc(S(C)(=O)=O)cc3)cnc2N)cn1,c1ccc(-c2cncc(-c3cccnc3)c2)cc1,25
COc1ccc(-c2cc(-c3ccc(S(C)(=O)=O)cc3)cnc2NCCCCN)cn1,1.0,COc1ccc(-c2cc(-c3ccc(S(C)(=O)=O)cc3)cnc2NCCCCN)cn1,c1ccc(-c2cncc(-c3cccnc3)c2)cc1,30
COc1ccc(-c2cc(-c3ccc(S(C)(=O)=O)cc3)nnc2N)cn1,1.0,COc1ccc(-c2cc(-c3ccc(S(C)(=O)=O)cc3)nnc2N)cn1,c1ccc(-c2cc(-c3cccnc3)cnn2)cc1,25
COc1ccc(-c2cc(C3=Nc4c(C(C)(C)C)nn(CCCO)c4C(=O)NC3)ccc2OC)c(OC)c1,0.0,COc1ccc(-c2cc(C3=Nc4c(C(C)(C)C)nn(CCCO)c4C(=O)NC3)ccc2OC)c(OC)c1,O=C1NCC(c2cccc(-c3ccccc3)c2)=Nc2cn[nH]c21,37
COc1ccc(-c2cc(C3=Nc4c(C(C)(C)C)nn(CCCO)c4C(=O)NC3)ccc2OC)cn1,0.0,COc1ccc(-c2cc(C3=Nc4c(C(C)(C)C)nn(CCCO)c4C(=O)NC3)ccc2OC)cn1,O=C1NCC(c2cccc(-c3cccnc3)c2)=Nc2cn[nH]c21,35
COc1ccc(-c2cc(C3=Nc4c(C(C)(C)C)nn(CCO)c4C(=O)NC3)ccc2OC)c(OC)c1,0.0,COc1ccc(-c2cc(C3=Nc4c(C(C)(C)C)nn(CCO)c4C(=O)NC3)ccc2OC)c(OC)c1,O=C1NCC(c2cccc(-c3ccccc3)c2)=Nc2cn[nH]c21,36
COc1ccc(-c2cc(C3=Nc4c(C(C)(C)C)nn(CCO)c4C(=O)NC3)ccc2OC)c(OC)n1,0.0,COc1ccc(-c2cc(C3=Nc4c(C(C)(C)C)nn(CCO)c4C(=O)NC3)ccc2OC)c(OC)n1,O=C1NCC(c2cccc(-c3cccnc3)c2)=Nc2cn[nH]c21,36
COc1ccc(-c2ccc(CNCCCNc3ccnc4cc(Cl)ccc34)s2)cc1,0.0,COc1ccc(-c2ccc(CNCCCNc3ccnc4cc(Cl)ccc34)s2)cc1,c1ccc(-c2ccc(CNCCCNc3ccnc4ccccc34)s2)cc1,30
COc1ccc(-c2ccc(CNCCNc3ccnc4cc(Cl)ccc34)s2)cc1,0.0,COc1ccc(-c2ccc(CNCCNc3ccnc4cc(Cl)ccc34)s2)cc1,c1ccc(-c2ccc(CNCCNc3ccnc4ccccc34)s2)cc1,29
COc1ccc(-c2ccc(Cl)c(C(=O)NCC3(O)CCCCCC3)c2)nn1,0.0,COc1ccc(-c2ccc(Cl)c(C(=O)NCC3(O)CCCCCC3)c2)nn1,O=C(NCC1CCCCCC1)c1cccc(-c2cccnn2)c1,27
COc1ccc(-c2cncc(-c3ccc(S(C)(=O)=O)cc3)c2)cn1,0.0,COc1ccc(-c2cncc(-c3ccc(S(C)(=O)=O)cc3)c2)cn1,c1ccc(-c2cncc(-c3cccnc3)c2)cc1,24
COc1ccc(-c2csc3c(-c4ccc(S(C)(=O)=O)cc4)cnc(N)c23)cn1,1.0,COc1ccc(-c2csc3c(-c4ccc(S(C)(=O)=O)cc4)cnc(N)c23)cn1,c1ccc(-c2cncc3c(-c4cccnc4)csc23)cc1,28
COc1ccc(-c2nc(-c3ccc(S(C)(=O)=O)cc3)cnc2N)cn1,1.0,COc1ccc(-c2nc(-c3ccc(S(C)(=O)=O)cc3)cnc2N)cn1,c1ccc(-c2cncc(-c3cccnc3)n2)cc1,25
COc1ccc(-c2nc(Nc3cccc(NC(=O)N4CCCC4)c3)nc3[nH]cnc23)cc1,0.0,COc1ccc(-c2nc(Nc3cccc(NC(=O)N4CCCC4)c3)nc3[nH]cnc23)cc1,O=C(Nc1cccc(Nc2nc(-c3ccccc3)c3nc[nH]c3n2)c1)N1CCCC1,32
COc1ccc(-c2nc(Nc3cccc(NC(=O)NC4CCNC4)c3)nc3[nH]cnc23)cc1,0.0,COc1ccc(-c2nc(Nc3cccc(NC(=O)NC4CCNC4)c3)nc3[nH]cnc23)cc1,O=C(Nc1cccc(Nc2nc(-c3ccccc3)c3nc[nH]c3n2)c1)NC1CCNC1,33
COc1ccc(-c2nc3ccccc3s2)cc1NC(=O)c1cc([N+](=O)[O-])ccc1Cl,1.0,COc1ccc(-c2nc3ccccc3s2)cc1NC(=O)c1cc([N+](=O)[O-])ccc1Cl,O=C(Nc1cccc(-c2nc3ccccc3s2)c1)c1ccccc1,30
COc1ccc(-c2ncon2)c2[nH]cc(C(=O)C(=O)N3CCN(C(=O)c4ccccc4)CC3)c12,0.0,COc1ccc(-c2ncon2)c2[nH]cc(C(=O)C(=O)N3CCN(C(=O)c4ccccc4)CC3)c12,O=C(C(=O)N1CCN(C(=O)c2ccccc2)CC1)c1c[nH]c2c(-c3ncon3)cccc12,34
COc1ccc(-n2c(NCc3nc(-c4ccc(C)cc4)no3)nnc2-c2ccncc2)cc1,0.0,COc1ccc(-n2c(NCc3nc(-c4ccc(C)cc4)no3)nnc2-c2ccncc2)cc1,c1ccc(-c2noc(CNc3nnc(-c4ccncc4)n3-c3ccccc3)n2)cc1,33
COc1ccc(-n2c(SCc3nc(-c4ccc(C)cc4)no3)nnc2-c2ccncc2)cc1,0.0,COc1ccc(-n2c(SCc3nc(-c4ccc(C)cc4)no3)nnc2-c2ccncc2)cc1,c1ccc(-c2noc(CSc3nnc(-c4ccncc4)n3-c3ccccc3)n2)cc1,33
COc1ccc(-n2nc(C#N)c3c2C(=O)N(c2ccc(C4(CN(C)C)CC4)cc2)CC3)cc1,1.0,COc1ccc(-n2nc(C#N)c3c2C(=O)N(c2ccc(C4(CN(C)C)CC4)cc2)CC3)cc1.O=C(O)C(F)(F)F,O=C1c2c(cnn2-c2ccccc2)CCN1c1ccc(C2CC2)cc1,33
COc1ccc(-n2nc(C#N)c3c2C(=O)N(c2ccc(C4(CN5CCCC5)CC4)cc2)CC3)cc1,1.0,COc1ccc(-n2nc(C#N)c3c2C(=O)N(c2ccc(C4(CN5CCCC5)CC4)cc2)CC3)cc1.O=C(O)C(F)(F)F,O=C1c2c(cnn2-c2ccccc2)CCN1c1ccc(C2(CN3CCCC3)CC2)cc1,35
COc1ccc(-n2nc(C(F)(F)F)c3c2C(=O)N(c2ccc(C4(CN(C)C)CC4)cc2)CC3)cc1,0.0,COc1ccc(-n2nc(C(F)(F)F)c3c2C(=O)N(c2ccc(C4(CN(C)C)CC4)cc2)CC3)cc1,O=C1c2c(cnn2-c2ccccc2)CCN1c1ccc(C2CC2)cc1,35
COc1ccc(-n2nc(C(N)=O)c3c2C(=O)N(C2CCN(c4ccccc4S(C)(=O)=O)CC2)CC3)cc1,0.0,COc1ccc(-n2nc(C(N)=O)c3c2C(=O)N(C2CCN(c4ccccc4S(C)(=O)=O)CC2)CC3)cc1,O=C1c2c(cnn2-c2ccccc2)CCN1C1CCN(c2ccccc2)CC1,37
COc1ccc(-n2nc(C(N)=O)c3c2C(=O)N(c2ccc(C4(CC(N)=O)CC4)cc2)CC3)cc1,0.0,COc1ccc(-n2nc(C(N)=O)c3c2C(=O)N(c2ccc(C4(CC(N)=O)CC4)cc2)CC3)cc1.O=C(O)C(F)(F)F,O=C1c2c(cnn2-c2ccccc2)CCN1c1ccc(C2CC2)cc1,34
COc1ccc(-n2nc(C(N)=O)c3c2C(=O)N(c2ccc(C4(CN5CCCC5)CC4)cc2)CC3)cc1,1.0,COc1ccc(-n2nc(C(N)=O)c3c2C(=O)N(c2ccc(C4(CN5CCCC5)CC4)cc2)CC3)cc1.O=C(O)C(F)(F)F,O=C1c2c(cnn2-c2ccccc2)CCN1c1ccc(C2(CN3CCCC3)CC2)cc1,36
COc1ccc(-n2nc(C(N)=O)c3c2C(=O)N(c2ccc(C4(CN5CCCC5=O)CC4)cc2)CC3)cc1,0.0,COc1ccc(-n2nc(C(N)=O)c3c2C(=O)N(c2ccc(C4(CN5CCCC5=O)CC4)cc2)CC3)cc1.O=C(O)C(F)(F)F,O=C1CCCN1CC1(c2ccc(N3CCc4cnn(-c5ccccc5)c4C3=O)cc2)CC1,37
COc1ccc(-n2nc(C(N)=O)c3c2C(=O)N(c2ccc(C4(N(C)CCO)CC4)cc2)CC3)cc1,0.0,COc1ccc(-n2nc(C(N)=O)c3c2C(=O)N(c2ccc(C4(N(C)CCO)CC4)cc2)CC3)cc1.O=C(O)C(F)(F)F,O=C1c2c(cnn2-c2ccccc2)CCN1c1ccc(C2CC2)cc1,35
COc1ccc(-n2nc(S(C)(=O)=O)c3c2C(=O)N(c2ccc(C4(CN5CCOCC5)CC4)cc2)CC3)cc1,0.0,COc1ccc(-n2nc(S(C)(=O)=O)c3c2C(=O)N(c2ccc(C4(CN5CCOCC5)CC4)cc2)CC3)cc1.O=C(O)C(F)(F)F,O=C1c2c(cnn2-c2ccccc2)CCN1c1ccc(C2(CN3CCOCC3)CC2)cc1,38
COc1ccc(-n2nc(S(C)(=O)=O)c3c2C(=O)N(c2ccc(C4(Cn5ccnc5C)CC4)cc2)CC3)cc1,0.0,COc1ccc(-n2nc(S(C)(=O)=O)c3c2C(=O)N(c2ccc(C4(Cn5ccnc5C)CC4)cc2)CC3)cc1.O=C(O)C(F)(F)F,O=C1c2c(cnn2-c2ccccc2)CCN1c1ccc(C2(Cn3ccnc3)CC2)cc1,38
COc1ccc(C(=O)NCc2cccc(C(=O)NCCC3CCCNC3)c2)cc1OC,0.0,COc1ccc(C(=O)NCc2cccc(C(=O)NCCC3CCCNC3)c2)cc1OC,O=C(NCCC1CCCNC1)c1cccc(CNC(=O)c2ccccc2)c1,31
COc1ccc(C(=O)NCc2cccc(C(=O)NCCC3CCNCC3)c2)cc1OC,0.0,COc1ccc(C(=O)NCc2cccc(C(=O)NCCC3CCNCC3)c2)cc1OC,O=C(NCCC1CCNCC1)c1cccc(CNC(=O)c2ccccc2)c1,31
COc1ccc(C(=O)NCc2cccc(C(=O)NCCc3ccncc3)c2)cc1OC,0.0,COc1ccc(C(=O)NCc2cccc(C(=O)NCCc3ccncc3)c2)cc1OC,O=C(NCCc1ccncc1)c1cccc(CNC(=O)c2ccccc2)c1,31
COc1ccc(C(=O)NCc2cccc(C(=O)Nc3ccc(CN(C)C)cc3)c2)cc1OC,0.0,COc1ccc(C(=O)NCc2cccc(C(=O)Nc3ccc(CN(C)C)cc3)c2)cc1OC,O=C(NCc1cccc(C(=O)Nc2ccccc2)c1)c1ccccc1,33
COc1ccc(C(=O)NCc2cccc(C(=O)Nc3ccc(CO)cc3)c2)cc1OC,0.0,COc1ccc(C(=O)NCc2cccc(C(=O)Nc3ccc(CO)cc3)c2)cc1OC,O=C(NCc1cccc(C(=O)Nc2ccccc2)c1)c1ccccc1,31
COc1ccc(C(=O)NCc2cccc(C(=O)Nc3ccc4c(c3)CN(C)CC4)c2)cc1OC,0.0,COc1ccc(C(=O)NCc2cccc(C(=O)Nc3ccc4c(c3)CN(C)CC4)c2)cc1OC,O=C(NCc1cccc(C(=O)Nc2ccc3c(c2)CNCC3)c1)c1ccccc1,34
COc1ccc(C(=O)NCc2cccc(C(=O)Nc3ccc4c(c3)CNCC4)c2)cc1OC,1.0,COc1ccc(C(=O)NCc2cccc(C(=O)Nc3ccc4c(c3)CNCC4)c2)cc1OC,O=C(NCc1cccc(C(=O)Nc2ccc3c(c2)CNCC3)c1)c1ccccc1,33
COc1ccc(C(N)c2nc3ccc(-c4cn[nH]c4)cc3c(=O)[nH]2)cc1,0.0,COc1ccc(C(N)c2nc3ccc(-c4cn[nH]c4)cc3c(=O)[nH]2)cc1,O=c1[nH]c(Cc2ccccc2)nc2ccc(-c3cn[nH]c3)cc12,26
COc1ccc(C2=Nc3c(C(C)(C)C)nn(CCCO)c3C(=O)NC2)cc1-c1ccc(C(=O)O)cc1,0.0,COc1ccc(C2=Nc3c(C(C)(C)C)nn(CCCO)c3C(=O)NC2)cc1-c1ccc(C(=O)O)cc1,O=C1NCC(c2cccc(-c3ccccc3)c2)=Nc2cn[nH]c21,36
COc1ccc(C2=Nc3c(C(C)(C)C)nn(CCCO)c3C(=O)NC2)cc1-c1ccc(F)cc1F,0.0,COc1ccc(C2=Nc3c(C(C)(C)C)nn(CCCO)c3C(=O)NC2)cc1-c1ccc(F)cc1F,O=C1NCC(c2cccc(-c3ccccc3)c2)=Nc2cn[nH]c21,35
COc1ccc(C2=Nc3c(C(C)(C)C)nn(CCCO)c3C(=O)NC2)cc1-c1ccccc1F,0.0,COc1ccc(C2=Nc3c(C(C)(C)C)nn(CCCO)c3C(=O)NC2)cc1-c1ccccc1F,O=C1NCC(c2cccc(-c3ccccc3)c2)=Nc2cn[nH]c21,34
COc1ccc(C2=Nc3c(C(C)(C)C)nn(CCCO)c3C(=O)NC2)cc1-c1ccccc1SC,0.0,COc1ccc(C2=Nc3c(C(C)(C)C)nn(CCCO)c3C(=O)NC2)cc1-c1ccccc1SC,O=C1NCC(c2cccc(-c3ccccc3)c2)=Nc2cn[nH]c21,35
COc1ccc(C2=Nc3c(C(C)(C)C)nn(CCCO)c3C(=O)NC2)cc1-c1cnc(N(C)C)cc1C,0.0,COc1ccc(C2=Nc3c(C(C)(C)C)nn(CCCO)c3C(=O)NC2)cc1-c1cnc(N(C)C)cc1C,O=C1NCC(c2cccc(-c3cccnc3)c2)=Nc2cn[nH]c21,37
COc1ccc(C2=Nc3c(C(C)(C)C)nn(CCCO)c3C(=O)NC2)cc1-c1cnn(C)c1,0.0,COc1ccc(C2=Nc3c(C(C)(C)C)nn(CCCO)c3C(=O)NC2)cc1-c1cnn(C)c1,O=C1NCC(c2cccc(-c3cn[nH]c3)c2)=Nc2cn[nH]c21,33
COc1ccc(C2=Nc3c(C(C)(C)C)nn(CCO)c3C(=O)NC2)cc1-c1cnc(N(C)C)cc1C,0.0,COc1ccc(C2=Nc3c(C(C)(C)C)nn(CCO)c3C(=O)NC2)cc1-c1cnc(N(C)C)cc1C,O=C1NCC(c2cccc(-c3cccnc3)c2)=Nc2cn[nH]c21,36
COc1ccc(C2=Nc3c(C(C)(C)C)nn(CCO)c3C(=O)NC2)cc1-c1cnc(N(C)C)nc1,0.0,COc1ccc(C2=Nc3c(C(C)(C)C)nn(CCO)c3C(=O)NC2)cc1-c1cnc(N(C)C)nc1,O=C1NCC(c2cccc(-c3cncnc3)c2)=Nc2cn[nH]c21,35
COc1ccc(C2=Nc3c(C(C)(C)C)nn(CCO)c3C(=O)NC2)cc1-c1cnc(N2CCCC2)nc1,0.0,COc1ccc(C2=Nc3c(C(C)(C)C)nn(CCO)c3C(=O)NC2)cc1-c1cnc(N2CCCC2)nc1,O=C1NCC(c2cccc(-c3cnc(N4CCCC4)nc3)c2)=Nc2cn[nH]c21,37
COc1ccc(C2=Nc3c(C(C)(C)C)nn(CCO)c3C(=O)NC2)cc1-c1cnc(N2CCCCC2)nc1,0.0,COc1ccc(C2=Nc3c(C(C)(C)C)nn(CCO)c3C(=O)NC2)cc1-c1cnc(N2CCCCC2)nc1,O=C1NCC(c2cccc(-c3cnc(N4CCCCC4)nc3)c2)=Nc2cn[nH]c21,38
COc1ccc(C2=Nc3c(C(C)(C)C)nn(CCO)c3C(=O)NC2)cc1-c1cnc(N2CCOCC2)nc1,0.0,COc1ccc(C2=Nc3c(C(C)(C)C)nn(CCO)c3C(=O)NC2)cc1-c1cnc(N2CCOCC2)nc1,O=C1NCC(c2cccc(-c3cnc(N4CCOCC4)nc3)c2)=Nc2cn[nH]c21,38
COc1ccc(C2=Nc3c(C(C)(C)C)nn(CCO)c3C(=O)NC2)cc1-c1cnn(C)c1,0.0,COc1ccc(C2=Nc3c(C(C)(C)C)nn(CCO)c3C(=O)NC2)cc1-c1cnn(C)c1,O=C1NCC(c2cccc(-c3cn[nH]c3)c2)=Nc2cn[nH]c21,32
COc1ccc(CCCN2C(=O)N(NS(C)(=O)=O)C[C@@H]2c2ccc(OC)cc2)cc1,0.0,COc1ccc(CCCN2C(=O)N(NS(C)(=O)=O)C[C@@H]2c2ccc(OC)cc2)cc1,O=C1NCC(c2ccccc2)N1CCCc1ccccc1,30
COc1ccc(CCCN2C(=O)N(NS(C)(=O)=O)C[C@H]2c2ccc(OC)cc2)cc1,0.0,COc1ccc(CCCN2C(=O)N(NS(C)(=O)=O)C[C@H]2c2ccc(OC)cc2)cc1,O=C1NCC(c2ccccc2)N1CCCc1ccccc1,30
COc1ccc(CCN2C(=O)N(NS(=O)(=O)CC#N)C[C@@H]2c2ccc(OC)cc2)cc1,0.0,COc1ccc(CCN2C(=O)N(NS(=O)(=O)CC#N)C[C@@H]2c2ccc(OC)cc2)cc1,O=C1NCC(c2ccccc2)N1CCc1ccccc1,31
COc1ccc(CCN2C(=O)N(NS(=O)(=O)CF)C[C@@H]2c2ccc(OC)cc2)cc1,0.0,COc1ccc(CCN2C(=O)N(NS(=O)(=O)CF)C[C@@H]2c2ccc(OC)cc2)cc1,O=C1NCC(c2ccccc2)N1CCc1ccccc1,30
COc1ccc(CCN2C(=O)N(NS(=O)(=O)Cc3ccccc3)C[C@@H]2c2ccc(OC)cc2)cc1,0.0,COc1ccc(CCN2C(=O)N(NS(=O)(=O)Cc3ccccc3)C[C@@H]2c2ccc(OC)cc2)cc1,O=C1N(NS(=O)(=O)Cc2ccccc2)CC(c2ccccc2)N1CCc1ccccc1,35
COc1ccc(CCN2C(=O)N(NS(=O)(=O)Cc3cccnc3)C[C@@H]2c2ccc(OC)cc2)cc1,0.0,COc1ccc(CCN2C(=O)N(NS(=O)(=O)Cc3cccnc3)C[C@@H]2c2ccc(OC)cc2)cc1,O=C1N(NS(=O)(=O)Cc2cccnc2)CC(c2ccccc2)N1CCc1ccccc1,35
COc1ccc(CCN2C(=O)N(NS(C)(=O)=O)CC2c2ccc(C(F)(F)F)cc2)cc1,0.0,COc1ccc(CCN2C(=O)N(NS(C)(=O)=O)CC2c2ccc(C(F)(F)F)cc2)cc1,O=C1NCC(c2ccccc2)N1CCc1ccccc1,31
COc1ccc(CCN2C(=O)N(NS(C)(=O)=O)CC2c2ccc(C)c(C)c2)cc1,0.0,COc1ccc(CCN2C(=O)N(NS(C)(=O)=O)CC2c2ccc(C)c(C)c2)cc1,O=C1NCC(c2ccccc2)N1CCc1ccccc1,29
COc1ccc(CCN2C(=O)N(NS(C)(=O)=O)CC2c2ccc(C)cc2)cc1,0.0,COc1ccc(CCN2C(=O)N(NS(C)(=O)=O)CC2c2ccc(C)cc2)cc1,O=C1NCC(c2ccccc2)N1CCc1ccccc1,28
COc1ccc(CCN2C(=O)N(NS(C)(=O)=O)CC2c2ccc(C3CC3)cc2)cc1,0.0,COc1ccc(CCN2C(=O)N(NS(C)(=O)=O)CC2c2ccc(C3CC3)cc2)cc1,O=C1NCC(c2ccc(C3CC3)cc2)N1CCc1ccccc1,30
COc1ccc(CCN2C(=O)N(NS(C)(=O)=O)CC2c2ccc(Cl)cc2)cc1,0.0,COc1ccc(CCN2C(=O)N(NS(C)(=O)=O)CC2c2ccc(Cl)cc2)cc1,O=C1NCC(c2ccccc2)N1CCc1ccccc1,28
COc1ccc(CCN2C(=O)N(NS(C)(=O)=O)CC2c2ccc(OC(C)C)cc2)cc1,0.0,COc1ccc(CCN2C(=O)N(NS(C)(=O)=O)CC2c2ccc(OC(C)C)cc2)cc1,O=C1NCC(c2ccccc2)N1CCc1ccccc1,31
COc1ccc(CCN2C(=O)N(NS(C)(=O)=O)C[C@@H]2c2ccc(OC)cc2)cc1,0.0,COc1ccc(CCN2C(=O)N(NS(C)(=O)=O)C[C@@H]2c2ccc(OC)cc2)cc1,O=C1NCC(c2ccccc2)N1CCc1ccccc1,29
COc1ccc(CCN2C(=O)N(NS(C)(=O)=O)C[C@H]2c2ccc(OC)cc2)cc1,0.0,COc1ccc(CCN2C(=O)N(NS(C)(=O)=O)C[C@H]2c2ccc(OC)cc2)cc1,O=C1NCC(c2ccccc2)N1CCc1ccccc1,29
COc1ccc(CCNc2ncc(C)n(CC(=O)NCCONC(=N)N)c2=O)cc1,0.0,COc1ccc(CCNc2ncc(C)n(CC(=O)NCCONC(=N)N)c2=O)cc1,O=c1[nH]ccnc1NCCc1ccccc1,30
COc1ccc(CCNc2ncc(C)n(CC(=O)NCCONC(=N)N)c2=O)cc1OC,0.0,COc1ccc(CCNc2ncc(C)n(CC(=O)NCCONC(=N)N)c2=O)cc1OC,O=c1[nH]ccnc1NCCc1ccccc1,32
COc1ccc(CN(C(=O)[C@@H](N)Cc2c(C)cc(C(N)=O)cc2C)[C@@H](C)c2ncc(-c3ccccc3)[nH]2)cc1C(=O)O,1.0,COc1ccc(CN(C(=O)[C@@H](N)Cc2c(C)cc(C(N)=O)cc2C)[C@@H](C)c2ncc(-c3ccccc3)[nH]2)cc1C(=O)O.Cl.Cl,O=C(CCc1ccccc1)N(Cc1ccccc1)Cc1ncc(-c2ccccc2)[nH]1,42
COc1ccc(CN2C(=O)c3cccc(N4CCN(Cc5c(F)cccc5F)CC4)c3C2=O)cc1OC,0.0,COc1ccc(CN2C(=O)c3cccc(N4CCN(Cc5c(F)cccc5F)CC4)c3C2=O)cc1OC,O=C1c2cccc(N3CCN(Cc4ccccc4)CC3)c2C(=O)N1Cc1ccccc1,37
COc1ccc(CN2C(=O)c3cccc(N4CCN(Cc5ccccc5)CC4)c3C2=O)cc1OC,0.0,COc1ccc(CN2C(=O)c3cccc(N4CCN(Cc5ccccc5)CC4)c3C2=O)cc1OC,O=C1c2cccc(N3CCN(Cc4ccccc4)CC3)c2C(=O)N1Cc1ccccc1,35
COc1ccc(CN2C(=O)c3cccc(N4CCN([C@H](C)c5ccccc5)CC4)c3C2=O)cc1OC,0.0,COc1ccc(CN2C(=O)c3cccc(N4CCN([C@H](C)c5ccccc5)CC4)c3C2=O)cc1OC,O=C1c2cccc(N3CCN(Cc4ccccc4)CC3)c2C(=O)N1Cc1ccccc1,36
COc1ccc(CN2CCN(c3ccc(-c4nc5ccccc5o4)cc3)CC2)cn1,0.0,COc1ccc(CN2CCN(c3ccc(-c4nc5ccccc5o4)cc3)CC2)cn1,c1cncc(CN2CCN(c3ccc(-c4nc5ccccc5o4)cc3)CC2)c1,30
COc1ccc(C[C@H](N)c2nc3ccc(-c4cn[nH]c4)cc3c(=O)[nH]2)cc1,0.0,COc1ccc(C[C@H](N)c2nc3ccc(-c4cn[nH]c4)cc3c(=O)[nH]2)cc1,O=c1[nH]c(CCc2ccccc2)nc2ccc(-c3cn[nH]c3)cc12,27
COc1ccc(Cl)cc1N1CCN(c2ccc(C(=O)N[C@H](Cc3c[nH]c4ccccc34)C(=O)Nc3ccncc3)c(F)c2)CC1,0.0,COc1ccc(Cl)cc1N1CCN(c2ccc(C(=O)N[C@H](Cc3c[nH]c4ccccc34)C(=O)Nc3ccncc3)c(F)c2)CC1,O=C(NC(Cc1c[nH]c2ccccc12)C(=O)Nc1ccncc1)c1ccc(N2CCN(c3ccccc3)CC2)cc1,45
COc1ccc(Cn2c(C)nc3c([N+](=O)[O-])c(Cl)c(Cl)cc32)cc1,0.0,COc1ccc(Cn2c(C)nc3c([N+](=O)[O-])c(Cl)c(Cl)cc32)cc1,c1ccc(Cn2cnc3ccccc32)cc1,24
COc1ccc(N(CCO)C(=O)Nc2ccc(-c3ncnc4[nH]cc(C)c34)cc2)cc1,0.0,COc1ccc(N(CCO)C(=O)Nc2ccc(-c3ncnc4[nH]cc(C)c34)cc2)cc1,O=C(Nc1ccccc1)Nc1ccc(-c2ncnc3[nH]ccc23)cc1,31
COc1ccc(N2CCN(CCC(OC(N)=O)c3ccccc3)CC2)cc1,0.0,COc1ccc(N2CCN(CCC(OC(N)=O)c3ccccc3)CC2)cc1,c1ccc(CCCN2CCN(c3ccccc3)CC2)cc1,27
COc1ccc(N2CCN(CC[C@@H](OC(N)=O)c3ccccc3)CC2)cc1,1.0,COc1ccc(N2CCN(CC[C@@H](OC(N)=O)c3ccccc3)CC2)cc1,c1ccc(CCCN2CCN(c3ccccc3)CC2)cc1,27
COc1ccc(N2N=C(S(C)(=O)=O)C3CCN(c4ccc(C5(CN6CCCC6)CC5)cc4)C(=O)C32)cc1,0.0,COc1ccc(N2N=C(S(C)(=O)=O)C3CCN(c4ccc(C5(CN6CCCC6)CC5)cc4)C(=O)C32)cc1.O=C(O)C(F)(F)F,O=C1C2C(C=NN2c2ccccc2)CCN1c1ccc(C2(CN3CCCC3)CC2)cc1,37
COc1ccc(OC)c(-c2cc(C3=Nc4c(C(C)(C)C)nn(CCCO)c4C(=O)NC3)ccc2OC)c1,0.0,COc1ccc(OC)c(-c2cc(C3=Nc4c(C(C)(C)C)nn(CCCO)c4C(=O)NC3)ccc2OC)c1,O=C1NCC(c2cccc(-c3ccccc3)c2)=Nc2cn[nH]c21,37
COc1ccc(S(=O)(=O)N2Cc3ccc(/C=C/C(=O)NO)cc3C2)cc1,0.0,COc1ccc(S(=O)(=O)N2Cc3ccc(/C=C/C(=O)NO)cc3C2)cc1,O=S(=O)(c1ccccc1)N1Cc2ccccc2C1,26
COc1ccc([C@@H]2CN(C)C[C@H]2c2nc3ccc(-c4cn[nH]c4)cc3c(=O)[nH]2)cc1,0.0,COc1ccc([C@@H]2CN(C)C[C@H]2c2nc3ccc(-c4cn[nH]c4)cc3c(=O)[nH]2)cc1,O=c1[nH]c(C2CNCC2c2ccccc2)nc2ccc(-c3cn[nH]c3)cc12,30
COc1ccc([C@H]2CN(NS(C)(=O)=O)C(=O)N2CCc2ccc(OC(F)(F)F)cc2)cc1,0.0,COc1ccc([C@H]2CN(NS(C)(=O)=O)C(=O)N2CCc2ccc(OC(F)(F)F)cc2)cc1,O=C1NCC(c2ccccc2)N1CCc1ccccc1,32
COc1ccc2[nH]c(SCC(C)(C)C)nc2c1,0.0,COc1ccc2[nH]c(SCC(C)(C)C)nc2c1,c1ccc2[nH]cnc2c1,17
COc1ccc2[nH]c(SCC(C)C)nc2c1,0.0,COc1ccc2[nH]c(SCC(C)C)nc2c1,c1ccc2[nH]cnc2c1,16
COc1ccc2[nH]c(SCC3CC3)nc2c1,0.0,COc1ccc2[nH]c(SCC3CC3)nc2c1,c1ccc2[nH]c(SCC3CC3)nc2c1,16
COc1ccc2[nH]c(SCC3CCCCC3)nc2c1,0.0,COc1ccc2[nH]c(SCC3CCCCC3)nc2c1,c1ccc2[nH]c(SCC3CCCCC3)nc2c1,19
COc1ccc2[nH]c(SCCCC(=O)O)nc2c1,0.0,COc1ccc2[nH]c(SCCCC(=O)O)nc2c1,c1ccc2[nH]cnc2c1,18
COc1ccc2[nH]c(SCCCO)nc2c1,0.0,COc1ccc2[nH]c(SCCCO)nc2c1,c1ccc2[nH]cnc2c1,16
COc1ccc2[nH]c(SCc3ccc(Br)cc3)nc2c1,0.0,COc1ccc2[nH]c(SCc3ccc(Br)cc3)nc2c1,c1ccc(CSc2nc3ccccc3[nH]2)cc1,20
COc1ccc2[nH]c(SCc3ccc(C(=O)O)cc3)nc2c1,0.0,COc1ccc2[nH]c(SCc3ccc(C(=O)O)cc3)nc2c1,c1ccc(CSc2nc3ccccc3[nH]2)cc1,22
COc1ccc2[nH]c(SCc3ccc(C(C)(C)C)cc3)nc2c1,0.0,COc1ccc2[nH]c(SCc3ccc(C(C)(C)C)cc3)nc2c1,c1ccc(CSc2nc3ccccc3[nH]2)cc1,23
COc1ccc2[nH]c(SCc3ccc(C(C)C)cc3)nc2c1,0.0,COc1ccc2[nH]c(SCc3ccc(C(C)C)cc3)nc2c1,c1ccc(CSc2nc3ccccc3[nH]2)cc1,22
COc1ccc2[nH]c(SCc3ccc(C)cc3)nc2c1,0.0,COc1ccc2[nH]c(SCc3ccc(C)cc3)nc2c1,c1ccc(CSc2nc3ccccc3[nH]2)cc1,20
COc1ccc2[nH]c(SCc3ccc(Cl)cc3)nc2c1,0.0,COc1ccc2[nH]c(SCc3ccc(Cl)cc3)nc2c1,c1ccc(CSc2nc3ccccc3[nH]2)cc1,20
COc1ccc2[nH]c(SCc3ccc(I)cc3)nc2c1,0.0,COc1ccc2[nH]c(SCc3ccc(I)cc3)nc2c1,c1ccc(CSc2nc3ccccc3[nH]2)cc1,20
COc1ccc2[nH]c(SCc3ccc(OCc4ccccc4)cc3)nc2c1,0.0,COc1ccc2[nH]c(SCc3ccc(OCc4ccccc4)cc3)nc2c1,c1ccc(COc2ccc(CSc3nc4ccccc4[nH]3)cc2)cc1,27
COc1ccc2[nH]c(SCc3ccc4ccccc4c3)nc2c1,0.0,COc1ccc2[nH]c(SCc3ccc4ccccc4c3)nc2c1,c1ccc2cc(CSc3nc4ccccc4[nH]3)ccc2c1,23
COc1ccc2[nH]c(SCc3ccc4ccccc4n3)nc2c1,0.0,COc1ccc2[nH]c(SCc3ccc4ccccc4n3)nc2c1,c1ccc2nc(CSc3nc4ccccc4[nH]3)ccc2c1,23
COc1ccc2[nH]c(SCc3cccc(-c4ccccc4)c3)nc2c1,0.0,COc1ccc2[nH]c(SCc3cccc(-c4ccccc4)c3)nc2c1,c1ccc(-c2cccc(CSc3nc4ccccc4[nH]3)c2)cc1,25
COc1ccc2[nH]c(SCc3cccc(Oc4ccccc4)c3)nc2c1,0.0,COc1ccc2[nH]c(SCc3cccc(Oc4ccccc4)c3)nc2c1,c1ccc(Oc2cccc(CSc3nc4ccccc4[nH]3)c2)cc1,26
COc1ccc2[nH]c(SCc3ccccc3)nc2c1,0.0,COc1ccc2[nH]c(SCc3ccccc3)nc2c1,c1ccc(CSc2nc3ccccc3[nH]2)cc1,19
COc1ccc2[nH]c(SCc3ccccn3)nc2c1,0.0,COc1ccc2[nH]c(SCc3ccccn3)nc2c1,c1ccc(CSc2nc3ccccc3[nH]2)nc1,19
COc1ccc2c(OC[C@@H]3C[C@H]4C(=O)N(C)CCCC/C=C\[C@H]5C[C@]5(C(=O)NS(=O)(=O)C5(C)CC5)NC(=O)N34)cc(-c3nc(C(C)C)cs3)nc2c1C,0.0,COc1ccc2c(OC[C@@H]3C[C@H]4C(=O)N(C)CCCC/C=C\[C@H]5C[C@]5(C(=O)NS(=O)(=O)C5(C)CC5)NC(=O)N34)cc(-c3nc(C(C)C)cs3)nc2c1C,O=C1NCCCCC=CC2CC2(C(=O)NS(=O)(=O)C2CC2)NC(=O)N2C(COc3cc(-c4nccs4)nc4ccccc34)CC12,53
COc1ccc2c(OC[C@@H]3C[C@H]4C(=O)N(C)CCCC/C=C\[C@H]5C[C@]5(C(=O)NS(=O)(=O)C5(C)CC5)NC(=O)N34)cc(-c3nc(C(C)C)cs3)nc2c1Cl,0.0,COc1ccc2c(OC[C@@H]3C[C@H]4C(=O)N(C)CCCC/C=C\[C@H]5C[C@]5(C(=O)NS(=O)(=O)C5(C)CC5)NC(=O)N34)cc(-c3nc(C(C)C)cs3)nc2c1Cl,O=C1NCCCCC=CC2CC2(C(=O)NS(=O)(=O)C2CC2)NC(=O)N2C(COc3cc(-c4nccs4)nc4ccccc34)CC12,53
COc1ccc2c(O[C@@H]3C[C@H]4C(=O)N[C@]5(C(=O)NS(=O)(=O)C6(C)CC6)C[C@H]5/C=C\CCCCC[C@H](NC(=O)c5ccn(C)n5)C(=O)N4C3)cc(OC(C)C)nc2c1C,0.0,COc1ccc2c(O[C@@H]3C[C@H]4C(=O)N[C@]5(C(=O)NS(=O)(=O)C6(C)CC6)C[C@H]5/C=C\CCCCC[C@H](NC(=O)c5ccn(C)n5)C(=O)N4C3)cc(OC(C)C)nc2c1C,O=C(NC1CCCCCC=CC2CC2(C(=O)NS(=O)(=O)C2CC2)NC(=O)C2CC(Oc3ccnc4ccccc34)CN2C1=O)c1cc[nH]n1,58
COc1ccc2c(O[C@@H]3C[C@H]4C(=O)N[C@]5(C(=O)NS(=O)(=O)C6(C)CC6)C[C@H]5/C=C\CCCCC[C@H](NC(=O)c5cnn(C)n5)C(=O)N4C3)cc(OC(C)C)nc2c1C,0.0,COc1ccc2c(O[C@@H]3C[C@H]4C(=O)N[C@]5(C(=O)NS(=O)(=O)C6(C)CC6)C[C@H]5/C=C\CCCCC[C@H](NC(=O)c5cnn(C)n5)C(=O)N4C3)cc(OC(C)C)nc2c1C,O=C(NC1CCCCCC=CC2CC2(C(=O)NS(=O)(=O)C2CC2)NC(=O)C2CC(Oc3ccnc4ccccc34)CN2C1=O)c1cn[nH]n1,58
COc1ccc2c(O[C@@H]3C[C@H]4C(=O)N[C@]5(C(=O)NS(=O)(=O)C6CC6)C[C@H]5/C=C\CCCCC[C@H](NC(=O)OC(C)(C)C)C(=O)N4C3)cc(OC(C)C)nc2c1C,0.0,COc1ccc2c(O[C@@H]3C[C@H]4C(=O)N[C@]5(C(=O)NS(=O)(=O)C6CC6)C[C@H]5/C=C\CCCCC[C@H](NC(=O)OC(C)(C)C)C(=O)N4C3)cc(OC(C)C)nc2c1C,O=C1NC2(C(=O)NS(=O)(=O)C3CC3)CC2C=CCCCCCCC(=O)N2CC(Oc3ccnc4ccccc34)CC12,56
COc1ccc2c(O[C@@H]3C[C@H]4C(=O)N[C@]5(C(=O)NS(=O)(=O)C6CC6)C[C@H]5/C=C\CCCCC[C@H](NC(=O)c5cc[nH]n5)C(=O)N4C3)cc(OC(C)C)nc2c1C,0.0,COc1ccc2c(O[C@@H]3C[C@H]4C(=O)N[C@]5(C(=O)NS(=O)(=O)C6CC6)C[C@H]5/C=C\CCCCC[C@H](NC(=O)c5cc[nH]n5)C(=O)N4C3)cc(OC(C)C)nc2c1C,O=C(NC1CCCCCC=CC2CC2(C(=O)NS(=O)(=O)C2CC2)NC(=O)C2CC(Oc3ccnc4ccccc34)CN2C1=O)c1cc[nH]n1,56
COc1ccc2c(O[C@@H]3C[C@H]4C(=O)N[C@]5(C(=O)NS(=O)(=O)C6CC6)C[C@H]5/C=C\CCCCC[C@H](NC(=O)c5ccc(C)s5)C(=O)N4C3)cc(OC(C)C)nc2c1C,0.0,COc1ccc2c(O[C@@H]3C[C@H]4C(=O)N[C@]5(C(=O)NS(=O)(=O)C6CC6)C[C@H]5/C=C\CCCCC[C@H](NC(=O)c5ccc(C)s5)C(=O)N4C3)cc(OC(C)C)nc2c1C,O=C(NC1CCCCCC=CC2CC2(C(=O)NS(=O)(=O)C2CC2)NC(=O)C2CC(Oc3ccnc4ccccc34)CN2C1=O)c1cccs1,57
COc1ccc2c(O[C@@H]3C[C@H]4C(=O)N[C@]5(C(=O)NS(=O)(=O)C6CC6)C[C@H]5/C=C\CCCCC[C@H](NC(=O)c5ccn(C)n5)C(=O)N4C3)cc(OC(C)C)nc2c1C,0.0,COc1ccc2c(O[C@@H]3C[C@H]4C(=O)N[C@]5(C(=O)NS(=O)(=O)C6CC6)C[C@H]5/C=C\CCCCC[C@H](NC(=O)c5ccn(C)n5)C(=O)N4C3)cc(OC(C)C)nc2c1C,O=C(NC1CCCCCC=CC2CC2(C(=O)NS(=O)(=O)C2CC2)NC(=O)C2CC(Oc3ccnc4ccccc34)CN2C1=O)c1cc[nH]n1,57
COc1ccc2c(O[C@@H]3C[C@H]4C(=O)N[C@]5(C(=O)NS(=O)(=O)C6CC6)C[C@H]5/C=C\CCCCC[C@H](NC(=O)c5ccn(CC(F)(F)F)n5)C(=O)N4C3)cc(OC(C)C)nc2c1C,0.0,COc1ccc2c(O[C@@H]3C[C@H]4C(=O)N[C@]5(C(=O)NS(=O)(=O)C6CC6)C[C@H]5/C=C\CCCCC[C@H](NC(=O)c5ccn(CC(F)(F)F)n5)C(=O)N4C3)cc(OC(C)C)nc2c1C,O=C(NC1CCCCCC=CC2CC2(C(=O)NS(=O)(=O)C2CC2)NC(=O)C2CC(Oc3ccnc4ccccc34)CN2C1=O)c1cc[nH]n1,61
COc1ccc2c(O[C@@H]3C[C@H]4C(=O)N[C@]5(C(=O)NS(=O)(=O)C6CC6)C[C@H]5/C=C\CCCCC[C@H](NC(=O)c5ccn(CC(F)F)n5)C(=O)N4C3)cc(OC(C)C)nc2c1C,0.0,COc1ccc2c(O[C@@H]3C[C@H]4C(=O)N[C@]5(C(=O)NS(=O)(=O)C6CC6)C[C@H]5/C=C\CCCCC[C@H](NC(=O)c5ccn(CC(F)F)n5)C(=O)N4C3)cc(OC(C)C)nc2c1C,O=C(NC1CCCCCC=CC2CC2(C(=O)NS(=O)(=O)C2CC2)NC(=O)C2CC(Oc3ccnc4ccccc34)CN2C1=O)c1cc[nH]n1,60
COc1ccc2c(O[C@@H]3C[C@H]4C(=O)N[C@]5(C(=O)NS(=O)(=O)C6CC6)C[C@H]5/C=C\CCCCC[C@H](NC(=O)c5cnc(C)s5)C(=O)N4C3)cc(OC(C)C)nc2c1C,0.0,COc1ccc2c(O[C@@H]3C[C@H]4C(=O)N[C@]5(C(=O)NS(=O)(=O)C6CC6)C[C@H]5/C=C\CCCCC[C@H](NC(=O)c5cnc(C)s5)C(=O)N4C3)cc(OC(C)C)nc2c1C,O=C(NC1CCCCCC=CC2CC2(C(=O)NS(=O)(=O)C2CC2)NC(=O)C2CC(Oc3ccnc4ccccc34)CN2C1=O)c1cncs1,57
COc1ccc2c(O[C@@H]3C[C@H]4C(=O)N[C@]5(C(=O)NS(=O)(=O)C6CC6)C[C@H]5/C=C\CCCCC[C@H](NC(=O)c5cnn(C)c5)C(=O)N4C3)cc(OC(C)C)nc2c1C,0.0,COc1ccc2c(O[C@@H]3C[C@H]4C(=O)N[C@]5(C(=O)NS(=O)(=O)C6CC6)C[C@H]5/C=C\CCCCC[C@H](NC(=O)c5cnn(C)c5)C(=O)N4C3)cc(OC(C)C)nc2c1C,O=C(NC1CCCCCC=CC2CC2(C(=O)NS(=O)(=O)C2CC2)NC(=O)C2CC(Oc3ccnc4ccccc34)CN2C1=O)c1cn[nH]c1,57
COc1ccc2c(O[C@@H]3C[C@H]4C(=O)N[C@]5(C(=O)NS(=O)(=O)C6CC6)C[C@H]5/C=C\CCCCC[C@H](NC(=O)c5cnn(C)n5)C(=O)N4C3)cc(OC(C)C)nc2c1C,0.0,COc1ccc2c(O[C@@H]3C[C@H]4C(=O)N[C@]5(C(=O)NS(=O)(=O)C6CC6)C[C@H]5/C=C\CCCCC[C@H](NC(=O)c5cnn(C)n5)C(=O)N4C3)cc(OC(C)C)nc2c1C,O=C(NC1CCCCCC=CC2CC2(C(=O)NS(=O)(=O)C2CC2)NC(=O)C2CC(Oc3ccnc4ccccc34)CN2C1=O)c1cn[nH]n1,57
COc1ccc2c(O[C@@H]3C[C@H]4C(=O)N[C@]5(C(=O)NS(=O)(=O)C6CC6)C[C@H]5/C=C\CCCCC[C@H](NC(=O)c5nc(C)cs5)C(=O)N4C3)cc(OC(C)C)nc2c1C,0.0,COc1ccc2c(O[C@@H]3C[C@H]4C(=O)N[C@]5(C(=O)NS(=O)(=O)C6CC6)C[C@H]5/C=C\CCCCC[C@H](NC(=O)c5nc(C)cs5)C(=O)N4C3)cc(OC(C)C)nc2c1C,O=C(NC1CCCCCC=CC2CC2(C(=O)NS(=O)(=O)C2CC2)NC(=O)C2CC(Oc3ccnc4ccccc34)CN2C1=O)c1nccs1,57
COc1ccc2c(O[C@@H]3C[C@H]4C(=O)N[C@]5(C(=O)NS(=O)(=O)C6CC6)C[C@H]5/C=C\CCCCC[C@H](NC(=O)c5ncc(C)s5)C(=O)N4C3)cc(OC(C)C)nc2c1C,0.0,COc1ccc2c(O[C@@H]3C[C@H]4C(=O)N[C@]5(C(=O)NS(=O)(=O)C6CC6)C[C@H]5/C=C\CCCCC[C@H](NC(=O)c5ncc(C)s5)C(=O)N4C3)cc(OC(C)C)nc2c1C,O=C(NC1CCCCCC=CC2CC2(C(=O)NS(=O)(=O)C2CC2)NC(=O)C2CC(Oc3ccnc4ccccc34)CN2C1=O)c1nccs1,57
COc1ccc2c(c1)C1CC1(C(=O)N1C3CCC1CN(C)C3)Cn1c-2c(C2CCCCC2)c2ccc(C(=O)NS(=O)(=O)C(C)(C)C)cc21,0.0,COc1ccc2c(c1)C1CC1(C(=O)N1C3CCC1CN(C)C3)Cn1c-2c(C2CCCCC2)c2ccc(C(=O)NS(=O)(=O)C(C)(C)C)cc21,O=C(N1C2CCC1CNC2)C12CC1c1ccccc1-c1c(C3CCCCC3)c3ccccc3n1C2,48
COc1ccc2c(c1)C1CC1(C(=O)N1C3CCC1CN(C)C3)Cn1c-2c(C2CCCCC2)c2ccc(C(=O)NS(=O)(=O)C(C)C)cc21,1.0,COc1ccc2c(c1)C1CC1(C(=O)N1C3CCC1CN(C)C3)Cn1c-2c(C2CCCCC2)c2ccc(C(=O)NS(=O)(=O)C(C)C)cc21,O=C(N1C2CCC1CNC2)C12CC1c1ccccc1-c1c(C3CCCCC3)c3ccccc3n1C2,47
COc1ccc2c(c1)C1CC1(C(=O)N1C3CCC1CN(C)C3)Cn1c-2c(C2CCCCC2)c2ccc(C(=O)NS(=O)(=O)C3CC3)cc21,1.0,COc1ccc2c(c1)C1CC1(C(=O)N1C3CCC1CN(C)C3)Cn1c-2c(C2CCCCC2)c2ccc(C(=O)NS(=O)(=O)C3CC3)cc21,O=C(NS(=O)(=O)C1CC1)c1ccc2c(C3CCCCC3)c3n(c2c1)CC1(C(=O)N2C4CCC2CNC4)CC1c1ccccc1-3,47
COc1ccc2c(c1)C1CC1(C(=O)N1C3CCC1CN(C)C3)Cn1c-2c(C2CCCCC2)c2ccc(C(=O)NS(=O)(=O)C3CCC3)cc21,0.0,COc1ccc2c(c1)C1CC1(C(=O)N1C3CCC1CN(C)C3)Cn1c-2c(C2CCCCC2)c2ccc(C(=O)NS(=O)(=O)C3CCC3)cc21,O=C(NS(=O)(=O)C1CCC1)c1ccc2c(C3CCCCC3)c3n(c2c1)CC1(C(=O)N2C4CCC2CNC4)CC1c1ccccc1-3,48
COc1ccc2c(c1)C1CC1(C(=O)N1C3CCC1CN(C)C3)Cn1c-2c(C2CCCCC2)c2ccc(C(=O)NS(=O)(=O)C3CCCC3)cc21,0.0,COc1ccc2c(c1)C1CC1(C(=O)N1C3CCC1CN(C)C3)Cn1c-2c(C2CCCCC2)c2ccc(C(=O)NS(=O)(=O)C3CCCC3)cc21,O=C(NS(=O)(=O)C1CCCC1)c1ccc2c(C3CCCCC3)c3n(c2c1)CC1(C(=O)N2C4CCC2CNC4)CC1c1ccccc1-3,49
COc1ccc2c(c1)C1CC1(C(=O)N1C3CCC1CN(C)C3)Cn1c-2c(C2CCCCC2)c2ccc(C(=O)NS(=O)(=O)CC(C)(C)C)cc21,0.0,COc1ccc2c(c1)C1CC1(C(=O)N1C3CCC1CN(C)C3)Cn1c-2c(C2CCCCC2)c2ccc(C(=O)NS(=O)(=O)CC(C)(C)C)cc21,O=C(N1C2CCC1CNC2)C12CC1c1ccccc1-c1c(C3CCCCC3)c3ccccc3n1C2,49
COc1ccc2c(c1)C1CC1(C(=O)N1C3CCC1CN(C)C3)Cn1c-2c(C2CCCCC2)c2ccc(C(=O)NS(=O)(=O)CC(C)C)cc21,0.0,COc1ccc2c(c1)C1CC1(C(=O)N1C3CCC1CN(C)C3)Cn1c-2c(C2CCCCC2)c2ccc(C(=O)NS(=O)(=O)CC(C)C)cc21,O=C(N1C2CCC1CNC2)C12CC1c1ccccc1-c1c(C3CCCCC3)c3ccccc3n1C2,48
COc1ccc2c(c1)C1CC1(C(=O)N1C3CCC1CN(C)C3)Cn1c-2c(C2CCCCC2)c2ccc(C(=O)NS(=O)(=O)CC3CC3)cc21,1.0,COc1ccc2c(c1)C1CC1(C(=O)N1C3CCC1CN(C)C3)Cn1c-2c(C2CCCCC2)c2ccc(C(=O)NS(=O)(=O)CC3CC3)cc21,O=C(NS(=O)(=O)CC1CC1)c1ccc2c(C3CCCCC3)c3n(c2c1)CC1(C(=O)N2C4CCC2CNC4)CC1c1ccccc1-3,48
COc1ccc2c(c1)C1CC1(C(=O)N1C3CCC1CN(C)C3)Cn1c-2c(C2CCCCC2)c2ccc(C(=O)NS(=O)(=O)CC3CCC3)cc21,0.0,COc1ccc2c(c1)C1CC1(C(=O)N1C3CCC1CN(C)C3)Cn1c-2c(C2CCCCC2)c2ccc(C(=O)NS(=O)(=O)CC3CCC3)cc21,O=C(NS(=O)(=O)CC1CCC1)c1ccc2c(C3CCCCC3)c3n(c2c1)CC1(C(=O)N2C4CCC2CNC4)CC1c1ccccc1-3,49
COc1ccc2c(c1)C1CC1(C(=O)N1C3CCC1CN(C)C3)Cn1c-2c(C2CCCCC2)c2ccc(C(=O)NS(=O)(=O)N(C)C)cc21,0.0,COc1ccc2c(c1)C1CC1(C(=O)N1C3CCC1CN(C)C3)Cn1c-2c(C2CCCCC2)c2ccc(C(=O)NS(=O)(=O)N(C)C)cc21,O=C(N1C2CCC1CNC2)C12CC1c1ccccc1-c1c(C3CCCCC3)c3ccccc3n1C2,47
COc1ccc2c(c1)C1CC1(C(=O)N1C3CCC1CN(C)C3)Cn1c-2c(C2CCCCC2)c2ccc(C(=O)NS(=O)(=O)N3CCC3)cc21,0.0,COc1ccc2c(c1)C1CC1(C(=O)N1C3CCC1CN(C)C3)Cn1c-2c(C2CCCCC2)c2ccc(C(=O)NS(=O)(=O)N3CCC3)cc21,O=C(NS(=O)(=O)N1CCC1)c1ccc2c(C3CCCCC3)c3n(c2c1)CC1(C(=O)N2C4CCC2CNC4)CC1c1ccccc1-3,48
COc1ccc2c(c1)C1CC1(C(=O)N1C3CCC1CN(C)C3)Cn1c-2c(C2CCCCC2)c2ccc(C(=O)NS(C)(=O)=O)cc21,1.0,COc1ccc2c(c1)C1CC1(C(=O)N1C3CCC1CN(C)C3)Cn1c-2c(C2CCCCC2)c2ccc(C(=O)NS(C)(=O)=O)cc21,O=C(N1C2CCC1CNC2)C12CC1c1ccccc1-c1c(C3CCCCC3)c3ccccc3n1C2,45
COc1ccc2c(c1)CC(C(=O)Nc1ccc(-c3cn[nH]c3)c(OC)c1)CO2,0.0,COc1ccc2c(c1)CC(C(=O)Nc1ccc(-c3cn[nH]c3)c(OC)c1)CO2,O=C(Nc1ccc(-c2cn[nH]c2)cc1)C1COc2ccccc2C1,28
COc1ccc2c(c1)CC(C(=O)Nc1ccc(-c3cn[nH]c3)cc1)CO2,0.0,COc1ccc2c(c1)CC(C(=O)Nc1ccc(-c3cn[nH]c3)cc1)CO2,O=C(Nc1ccc(-c2cn[nH]c2)cc1)C1COc2ccccc2C1,26
COc1ccc2c(c1)CC(C(=O)Nc1ccc(-c3cn[nH]c3)cc1OC)CO2,0.0,COc1ccc2c(c1)CC(C(=O)Nc1ccc(-c3cn[nH]c3)cc1OC)CO2,O=C(Nc1ccc(-c2cn[nH]c2)cc1)C1COc2ccccc2C1,28
COc1ccc2c(c1)CC(C(=O)Nc1ccc(-c3cn[nH]c3)cc1OCCN(C)C)CO2,0.0,COc1ccc2c(c1)CC(C(=O)Nc1ccc(-c3cn[nH]c3)cc1OCCN(C)C)CO2,O=C(Nc1ccc(-c2cn[nH]c2)cc1)C1COc2ccccc2C1,32
COc1ccc2c(c1)CC(c1nc(N(C)CCO)c3cc(-c4cn[nH]c4)ccc3n1)CO2,0.0,COc1ccc2c(c1)CC(c1nc(N(C)CCO)c3cc(-c4cn[nH]c4)ccc3n1)CO2,c1ccc2c(c1)CC(c1ncc3cc(-c4cn[nH]c4)ccc3n1)CO2,32
COc1ccc2c(c1)CC(c1nc(SCCN(C)C)c3cc(-c4cn[nH]c4)ccc3n1)CO2,0.0,COc1ccc2c(c1)CC(c1nc(SCCN(C)C)c3cc(-c4cn[nH]c4)ccc3n1)CO2,c1ccc2c(c1)CC(c1ncc3cc(-c4cn[nH]c4)ccc3n1)CO2,33
COc1ccc2c(c1)CC(c1nc3c(OC)cc(-c4cn[nH]c4)cc3c(=O)[nH]1)CC2,0.0,COc1ccc2c(c1)CC(c1nc3c(OC)cc(-c4cn[nH]c4)cc3c(=O)[nH]1)CC2,O=c1[nH]c(C2CCc3ccccc3C2)nc2ccc(-c3cn[nH]c3)cc12,30
COc1ccc2c(c1)CC(c1nc3c(OC)cc(-c4cn[nH]c4)cc3c(=O)[nH]1)CO2,0.0,COc1ccc2c(c1)CC(c1nc3c(OC)cc(-c4cn[nH]c4)cc3c(=O)[nH]1)CO2,O=c1[nH]c(C2COc3ccccc3C2)nc2ccc(-c3cn[nH]c3)cc12,30
COc1ccc2c(c1)CC(c1nc3c(OCCN(C)C)cc(-c4cn[nH]c4)cc3c(=O)[nH]1)CO2,0.0,COc1ccc2c(c1)CC(c1nc3c(OCCN(C)C)cc(-c4cn[nH]c4)cc3c(=O)[nH]1)CO2,O=c1[nH]c(C2COc3ccccc3C2)nc2ccc(-c3cn[nH]c3)cc12,34
COc1ccc2c(c1)CC(c1nc3cc(-c4ccnc(N)n4)ccc3[nH]1)CO2,0.0,COc1ccc2c(c1)CC(c1nc3cc(-c4ccnc(N)n4)ccc3[nH]1)CO2,c1ccc2c(c1)CC(c1nc3cc(-c4ccncn4)ccc3[nH]1)CO2,28
COc1ccc2c(c1)CC(c1nc3ccc(-c4cn[nH]c4)cc3c(=O)[nH]1)CO2,0.0,COc1ccc2c(c1)CC(c1nc3ccc(-c4cn[nH]c4)cc3c(=O)[nH]1)CO2,O=c1[nH]c(C2COc3ccccc3C2)nc2ccc(-c3cn[nH]c3)cc12,28
COc1ccc2c(c1)C[C@@H](c1nc3ccc(-c4cn[nH]c4)cc3c(=O)[nH]1)CO2,0.0,COc1ccc2c(c1)C[C@@H](c1nc3ccc(-c4cn[nH]c4)cc3c(=O)[nH]1)CO2,O=c1[nH]c(C2COc3ccccc3C2)nc2ccc(-c3cn[nH]c3)cc12,28
COc1ccc2c(c1)C[C@H](c1nc3ccc(-c4cn[nH]c4)cc3c(=O)[nH]1)CO2,0.0,COc1ccc2c(c1)C[C@H](c1nc3ccc(-c4cn[nH]c4)cc3c(=O)[nH]1)CO2,O=c1[nH]c(C2COc3ccccc3C2)nc2ccc(-c3cn[nH]c3)cc12,28
COc1ccc2c(c1)[C@@H]1C[C@]1(C(=O)N1C3CCC1CN(C)C3)Cn1c-2c(C2CCCCC2)c2ccc(C(=O)NS(=O)(=O)C(C)C)cc21,1.0,COc1ccc2c(c1)[C@@H]1C[C@]1(C(=O)N1C3CCC1CN(C)C3)Cn1c-2c(C2CCCCC2)c2ccc(C(=O)NS(=O)(=O)C(C)C)cc21,O=C(N1C2CCC1CNC2)C12CC1c1ccccc1-c1c(C3CCCCC3)c3ccccc3n1C2,47
COc1ccc2c(c1)[C@@H]1C[C@]1(C(=O)N1C3CCC1CN(C)C3)Cn1c-2c(C2CCCCC2)c2ccc(C(=O)NS(=O)(=O)C3CCC3)cc21,0.0,COc1ccc2c(c1)[C@@H]1C[C@]1(C(=O)N1C3CCC1CN(C)C3)Cn1c-2c(C2CCCCC2)c2ccc(C(=O)NS(=O)(=O)C3CCC3)cc21,O=C(NS(=O)(=O)C1CCC1)c1ccc2c(C3CCCCC3)c3n(c2c1)CC1(C(=O)N2C4CCC2CNC4)CC1c1ccccc1-3,48
COc1ccc2c(c1)[C@@H]1C[C@]1(C(=O)N1C3CCC1CN(C)C3)Cn1c-2c(C2CCCCC2)c2ccc(C(=O)NS(=O)(=O)CC(C)C)cc21,0.0,COc1ccc2c(c1)[C@@H]1C[C@]1(C(=O)N1C3CCC1CN(C)C3)Cn1c-2c(C2CCCCC2)c2ccc(C(=O)NS(=O)(=O)CC(C)C)cc21,O=C(N1C2CCC1CNC2)C12CC1c1ccccc1-c1c(C3CCCCC3)c3ccccc3n1C2,48
COc1ccc2c(c1)[C@@H]1C[C@]1(C(=O)N1C3CCC1CN(C)C3)Cn1c-2c(C2CCCCC2)c2ccc(C(=O)NS(=O)(=O)N(C)C)cc21,0.0,COc1ccc2c(c1)[C@@H]1C[C@]1(C(=O)N1C3CCC1CN(C)C3)Cn1c-2c(C2CCCCC2)c2ccc(C(=O)NS(=O)(=O)N(C)C)cc21,O=C(N1C2CCC1CNC2)C12CC1c1ccccc1-c1c(C3CCCCC3)c3ccccc3n1C2,47
COc1ccc2c(c1)[C@]1(C[C@H]1c1ccc3c(/C=C/c4ccc(CN(C)C)cc4)[nH]nc3c1)C(=O)N2,0.0,COc1ccc2c(c1)[C@]1(C[C@H]1c1ccc3c(/C=C/c4ccc(CN(C)C)cc4)[nH]nc3c1)C(=O)N2,O=C1Nc2ccccc2C12CC2c1ccc2c(C=Cc3ccccc3)[nH]nc2c1,35
COc1ccc2c(c1)[C@]1(C[C@H]1c1ccc3c(/C=C/c4ccc(CN5CCCCC5)cc4)[nH]nc3c1)C(=O)N2,0.0,COc1ccc2c(c1)[C@]1(C[C@H]1c1ccc3c(/C=C/c4ccc(CN5CCCCC5)cc4)[nH]nc3c1)C(=O)N2,O=C1Nc2ccccc2C12CC2c1ccc2c(C=Cc3ccc(CN4CCCCC4)cc3)[nH]nc2c1,38
COc1ccc2c(c1)[C@]1(C[C@H]1c1ccc3c(/C=C/c4ccc(CN5CCOCC5)cc4)[nH]nc3c1)C(=O)N2,0.0,COc1ccc2c(c1)[C@]1(C[C@H]1c1ccc3c(/C=C/c4ccc(CN5CCOCC5)cc4)[nH]nc3c1)C(=O)N2,O=C1Nc2ccccc2C12CC2c1ccc2c(C=Cc3ccc(CN4CCOCC4)cc3)[nH]nc2c1,38
COc1ccc2c(c1)[C@]1(C[C@H]1c1ccc3c(/C=C/c4ccc(CN5CCOCC5)cc4)[nH]nc3c1)C(=O)N2C,0.0,COc1ccc2c(c1)[C@]1(C[C@H]1c1ccc3c(/C=C/c4ccc(CN5CCOCC5)cc4)[nH]nc3c1)C(=O)N2C,O=C1Nc2ccccc2C12CC2c1ccc2c(C=Cc3ccc(CN4CCOCC4)cc3)[nH]nc2c1,39
COc1ccc2c(c1)[C@]1(C[C@H]1c1ccc3c(/C=C/c4ccc(CN5C[C@@H](C)O[C@@H](C)C5)cc4)[nH]nc3c1)C(=O)N2,0.0,COc1ccc2c(c1)[C@]1(C[C@H]1c1ccc3c(/C=C/c4ccc(CN5C[C@H](C)O[C@H](C)C5)cc4)[nH]nc3c1)C(=O)N2,O=C1Nc2ccccc2C12CC2c1ccc2c(C=Cc3ccc(CN4CCOCC4)cc3)[nH]nc2c1,40
COc1ccc2c(c1)[C@]1(C[C@H]1c1ccc3c(/C=C/c4ccc(CN5C[C@@H](C)O[C@@H](C)C5)cc4)[nH]nc3c1)C(=O)N2C,0.0,COc1ccc2c(c1)[C@]1(C[C@H]1c1ccc3c(/C=C/c4ccc(CN5C[C@H](C)O[C@H](C)C5)cc4)[nH]nc3c1)C(=O)N2C,O=C1Nc2ccccc2C12CC2c1ccc2c(C=Cc3ccc(CN4CCOCC4)cc3)[nH]nc2c1,41
COc1ccc2c(c1)[C@]1(C[C@H]1c1ccc3c(/C=C/c4ccc(CN5[C@H](C)CN(C)C[C@@H]5C)cc4)[nH]nc3c1)C(=O)N2,0.0,COc1ccc2c(c1)[C@]1(C[C@H]1c1ccc3c(/C=C/c4ccc(CN5[C@@H](C)CN(C)C[C@H]5C)cc4)[nH]nc3c1)C(=O)N2,O=C1Nc2ccccc2C12CC2c1ccc2c(C=Cc3ccc(CN4CCNCC4)cc3)[nH]nc2c1,41
COc1ccc2c(c1)[C@]1(C[C@H]1c1ccc3c(/C=C/c4ccc(N5CCN(C)CC5)nc4)[nH]nc3c1)C(=O)N2,0.0,COc1ccc2c(c1)[C@]1(C[C@H]1c1ccc3c(/C=C/c4ccc(N5CCN(C)CC5)nc4)[nH]nc3c1)C(=O)N2,O=C1Nc2ccccc2C12CC2c1ccc2c(C=Cc3ccc(N4CCNCC4)nc3)[nH]nc2c1,38
COc1ccc2c(c1)[C@]1(C[C@H]1c1ccc3c(/C=C/c4ccc([C@H](C)N5CCOCC5)cc4)[nH]nc3c1)C(=O)N2C,0.0,COc1ccc2c(c1)[C@]1(C[C@H]1c1ccc3c(/C=C/c4ccc([C@H](C)N5CCOCC5)cc4)[nH]nc3c1)C(=O)N2C,O=C1Nc2ccccc2C12CC2c1ccc2c(C=Cc3ccc(CN4CCOCC4)cc3)[nH]nc2c1,40
COc1ccc2nc(NC(=O)C(CC3CCCC3)c3ccc(S(=O)(=O)N(C)C)cc3)sc2n1,0.0,COc1ccc2nc(NC(=O)C(CC3CCCC3)c3ccc(S(=O)(=O)N(C)C)cc3)sc2n1,O=C(Nc1nc2cccnc2s1)C(CC1CCCC1)c1ccccc1,33
COc1ccc2nc(NC(=O)C(CC3CCCC3)c3ccc(S(=O)(=O)N(C)CCO)cc3)sc2n1,0.0,COc1ccc2nc(NC(=O)C(CC3CCCC3)c3ccc(S(=O)(=O)N(C)CCO)cc3)sc2n1,O=C(Nc1nc2cccnc2s1)C(CC1CCCC1)c1ccccc1,35
COc1ccc2nc(NC(=O)C(CC3CCCC3)c3ccc(S(=O)(=O)N(C)Cc4ccccc4)cc3)sc2n1,0.0,COc1ccc2nc(NC(=O)C(CC3CCCC3)c3ccc(S(=O)(=O)N(C)Cc4ccccc4)cc3)sc2n1,O=C(Nc1nc2cccnc2s1)C(CC1CCCC1)c1ccc(S(=O)(=O)NCc2ccccc2)cc1,39
COc1ccc2nc(NC(=O)C(CC3CCCC3)c3ccc(S(=O)(=O)N(C)Cc4ccco4)cc3)sc2n1,0.0,COc1ccc2nc(NC(=O)C(CC3CCCC3)c3ccc(S(=O)(=O)N(C)Cc4ccco4)cc3)sc2n1,O=C(Nc1nc2cccnc2s1)C(CC1CCCC1)c1ccc(S(=O)(=O)NCc2ccco2)cc1,38
COc1ccc2nc(NC(=O)C(CC3CCCC3)c3ccc(S(=O)(=O)N(C)Cc4nccn4C)cc3)sc2n1,0.0,COc1ccc2nc(NC(=O)C(CC3CCCC3)c3ccc(S(=O)(=O)N(C)Cc4nccn4C)cc3)sc2n1,O=C(Nc1nc2cccnc2s1)C(CC1CCCC1)c1ccc(S(=O)(=O)NCc2ncc[nH]2)cc1,39
COc1ccc2nc(NC(=O)C(CC3CCCC3)c3ccc(S(=O)(=O)N4CCCCC4)cc3)sc2n1,0.0,COc1ccc2nc(NC(=O)C(CC3CCCC3)c3ccc(S(=O)(=O)N4CCCCC4)cc3)sc2n1,O=C(Nc1nc2cccnc2s1)C(CC1CCCC1)c1ccc(S(=O)(=O)N2CCCCC2)cc1,36
COc1ccc2nc(NC(=O)C(CC3CCCC3)c3ccc(S(=O)(=O)N4CCN(C)CC4)cc3)sc2n1,0.0,COc1ccc2nc(NC(=O)C(CC3CCCC3)c3ccc(S(=O)(=O)N4CCN(C)CC4)cc3)sc2n1,O=C(Nc1nc2cccnc2s1)C(CC1CCCC1)c1ccc(S(=O)(=O)N2CCNCC2)cc1,37
COc1ccc2nc(NC(=O)C(CC3CCCC3)c3ccc(S(=O)(=O)N4CCNCC4)cc3)sc2n1,0.0,COc1ccc2nc(NC(=O)C(CC3CCCC3)c3ccc(S(=O)(=O)N4CCNCC4)cc3)sc2n1.Cl,O=C(Nc1nc2cccnc2s1)C(CC1CCCC1)c1ccc(S(=O)(=O)N2CCNCC2)cc1,36
COc1ccc2nc(NC(=O)C(CC3CCCC3)c3ccc(S(=O)(=O)NC4CC4)cc3)sc2n1,0.0,COc1ccc2nc(NC(=O)C(CC3CCCC3)c3ccc(S(=O)(=O)NC4CC4)cc3)sc2n1,O=C(Nc1nc2cccnc2s1)C(CC1CCCC1)c1ccc(S(=O)(=O)NC2CC2)cc1,34
COc1ccc2nc(NC(=O)C(CC3CCCC3)c3ccc(S(=O)(=O)NC4CCCCC4)cc3)sc2n1,0.0,COc1ccc2nc(NC(=O)C(CC3CCCC3)c3ccc(S(=O)(=O)NC4CCCCC4)cc3)sc2n1,O=C(Nc1nc2cccnc2s1)C(CC1CCCC1)c1ccc(S(=O)(=O)NC2CCCCC2)cc1,37
COc1ccc2nc(NC(=O)C(CC3CCCC3)c3ccc(S(=O)(=O)NC4CCOCC4)cc3)sc2n1,0.0,COc1ccc2nc(NC(=O)C(CC3CCCC3)c3ccc(S(=O)(=O)NC4CCOCC4)cc3)sc2n1,O=C(Nc1nc2cccnc2s1)C(CC1CCCC1)c1ccc(S(=O)(=O)NC2CCOCC2)cc1,37
COc1ccc2nc(NC(=O)C(CC3CCCC3)c3ccc(S(=O)(=O)NCC(=O)O)cc3)sc2n1,0.0,COc1ccc2nc(NC(=O)C(CC3CCCC3)c3ccc(S(=O)(=O)NCC(=O)O)cc3)sc2n1,O=C(Nc1nc2cccnc2s1)C(CC1CCCC1)c1ccccc1,35
COc1ccc2nc(NC(=O)C(CC3CCCC3)c3ccc(S(=O)(=O)NCCC(=O)O)cc3)sc2n1,0.0,COc1ccc2nc(NC(=O)C(CC3CCCC3)c3ccc(S(=O)(=O)NCCC(=O)O)cc3)sc2n1,O=C(Nc1nc2cccnc2s1)C(CC1CCCC1)c1ccccc1,36
COc1ccc2nc(NC(=O)C(CC3CCCC3)c3ccc(S(=O)(=O)NCCN(C)C)cc3)sc2n1,0.0,COc1ccc2nc(NC(=O)C(CC3CCCC3)c3ccc(S(=O)(=O)NCCN(C)C)cc3)sc2n1,O=C(Nc1nc2cccnc2s1)C(CC1CCCC1)c1ccccc1,36
COc1ccc2nc(NC(=O)C(CC3CCCC3)c3ccc(S(=O)(=O)NCc4cccnc4)cc3)sc2n1,0.0,COc1ccc2nc(NC(=O)C(CC3CCCC3)c3ccc(S(=O)(=O)NCc4cccnc4)cc3)sc2n1,O=C(Nc1nc2cccnc2s1)C(CC1CCCC1)c1ccc(S(=O)(=O)NCc2cccnc2)cc1,38
COc1ccc2nc(NC(=O)C(CC3CCCC3)c3ccc(S(=O)(=O)NCc4ccco4)cc3)sc2n1,1.0,COc1ccc2nc(NC(=O)C(CC3CCCC3)c3ccc(S(=O)(=O)NCc4ccco4)cc3)sc2n1,O=C(Nc1nc2cccnc2s1)C(CC1CCCC1)c1ccc(S(=O)(=O)NCc2ccco2)cc1,37
COc1ccc2nc(NC(=O)C(CC3CCCC3)c3ccc(S(=O)(=O)NCc4cccs4)cc3)sc2n1,0.0,COc1ccc2nc(NC(=O)C(CC3CCCC3)c3ccc(S(=O)(=O)NCc4cccs4)cc3)sc2n1,O=C(Nc1nc2cccnc2s1)C(CC1CCCC1)c1ccc(S(=O)(=O)NCc2cccs2)cc1,37
COc1ccc2nc(NC(=O)C(CC3CCCC3)c3ccc(S(=O)(=O)NCc4ccncc4)cc3)sc2n1,0.0,COc1ccc2nc(NC(=O)C(CC3CCCC3)c3ccc(S(=O)(=O)NCc4ccncc4)cc3)sc2n1,O=C(Nc1nc2cccnc2s1)C(CC1CCCC1)c1ccc(S(=O)(=O)NCc2ccncc2)cc1,38
COc1ccc2nc(NC(=O)C(CC3CCCC3)c3ccc(S(N)(=O)=O)cc3)sc2n1,0.0,COc1ccc2nc(NC(=O)C(CC3CCCC3)c3ccc(S(N)(=O)=O)cc3)sc2n1,O=C(Nc1nc2cccnc2s1)C(CC1CCCC1)c1ccccc1,31
COc1cccc(C(=O)N[C@H](c2cn(C3(C#N)CC3)nn2)C2CCCCC2)c1,0.0,COc1cccc(C(=O)N[C@H](c2cn(C3(C#N)CC3)nn2)C2CCCCC2)c1,O=C(NC(c1cn(C2CC2)nn1)C1CCCCC1)c1ccccc1,28
COc1cccc(C(=O)Nc2ccc(NC(=O)c3ccco3)cc2)c1,0.0,COc1cccc(C(=O)Nc2ccc(NC(=O)c3ccco3)cc2)c1,O=C(Nc1ccc(NC(=O)c2ccco2)cc1)c1ccccc1,25
COc1cccc(C(=O)Nc2ccc(NC(=O)c3cocn3)cc2)c1,0.0,COc1cccc(C(=O)Nc2ccc(NC(=O)c3cocn3)cc2)c1,O=C(Nc1ccc(NC(=O)c2cocn2)cc1)c1ccccc1,25
COc1cccc(C(=O)Nc2ccc(NC(=O)c3cscn3)cc2)c1,0.0,COc1cccc(C(=O)Nc2ccc(NC(=O)c3cscn3)cc2)c1,O=C(Nc1ccc(NC(=O)c2cscn2)cc1)c1ccccc1,25
COc1cccc(C(=O)Nc2ccc(NC(=O)c3csnn3)cc2)c1,0.0,COc1cccc(C(=O)Nc2ccc(NC(=O)c3csnn3)cc2)c1,O=C(Nc1ccc(NC(=O)c2csnn2)cc1)c1ccccc1,25
COc1cccc(C(CCO)NC(=O)Nc2ccc(-c3cn[nH]c3)cc2)c1,0.0,COc1cccc(C(CCO)NC(=O)Nc2ccc(-c3cn[nH]c3)cc2)c1,O=C(NCc1ccccc1)Nc1ccc(-c2cn[nH]c2)cc1,27
COc1cccc(CN(C(=O)Nc2ccc(-c3cn[nH]c3)cc2)C(C)C)c1,0.0,COc1cccc(CN(C(=O)Nc2ccc(-c3cn[nH]c3)cc2)C(C)C)c1,O=C(NCc1ccccc1)Nc1ccc(-c2cn[nH]c2)cc1,27
COc1cccc(CN(C(=O)Nc2ccc(-c3cn[nH]c3)cc2)C2CC2)c1,0.0,COc1cccc(CN(C(=O)Nc2ccc(-c3cn[nH]c3)cc2)C2CC2)c1,O=C(Nc1ccc(-c2cn[nH]c2)cc1)N(Cc1ccccc1)C1CC1,27
COc1cccc(CN(C(=O)c2c[nH]c3nc(-c4cn[nH]c4)ccc23)C2CC2)c1,0.0,COc1cccc(CN(C(=O)c2c[nH]c3nc(-c4cn[nH]c4)ccc23)C2CC2)c1,O=C(c1c[nH]c2nc(-c3cn[nH]c3)ccc12)N(Cc1ccccc1)C1CC1,29
COc1cccc(CN(C(=O)c2cc3ccc(-c4cn[nH]c4)nc3[nH]2)C2CC2)c1,0.0,COc1cccc(CN(C(=O)c2cc3ccc(-c4cn[nH]c4)nc3[nH]2)C2CC2)c1,O=C(c1cc2ccc(-c3cn[nH]c3)nc2[nH]1)N(Cc1ccccc1)C1CC1,29
COc1cccc(CN(C)C(=O)Nc2ccc(-c3cn[nH]c3)cc2)c1,0.0,COc1cccc(CN(C)C(=O)Nc2ccc(-c3cn[nH]c3)cc2)c1,O=C(NCc1ccccc1)Nc1ccc(-c2cn[nH]c2)cc1,25
COc1cccc(CN(C)C(=O)c2c[nH]c3cc(-c4cn[nH]c4)ccc23)c1,0.0,COc1cccc(CN(C)C(=O)c2c[nH]c3cc(-c4cn[nH]c4)ccc23)c1,O=C(NCc1ccccc1)c1c[nH]c2cc(-c3cn[nH]c3)ccc12,27
COc1cccc(CN(C)C(=O)c2cc3ccc(-c4cn[nH]c4)cc3[nH]2)c1,0.0,COc1cccc(CN(C)C(=O)c2cc3ccc(-c4cn[nH]c4)cc3[nH]2)c1,O=C(NCc1ccccc1)c1cc2ccc(-c3cn[nH]c3)cc2[nH]1,27
COc1cccc(CN(C)C(=O)c2cc3ccc(-c4cn[nH]c4)nc3[nH]2)c1,0.0,COc1cccc(CN(C)C(=O)c2cc3ccc(-c4cn[nH]c4)nc3[nH]2)c1,O=C(NCc1ccccc1)c1cc2ccc(-c3cn[nH]c3)nc2[nH]1,27
COc1cccc(CN(C)C(=O)c2cn(C)c3cc(-c4cn[nH]c4)ccc23)c1,0.0,COc1cccc(CN(C)C(=O)c2cn(C)c3cc(-c4cn[nH]c4)ccc23)c1,O=C(NCc1ccccc1)c1c[nH]c2cc(-c3cn[nH]c3)ccc12,28
COc1cccc(CN(C2CCOCC2)[C@H]2CCNC2)c1C,0.0,COc1cccc(CN(C2CCOCC2)[C@H]2CCNC2)c1C,c1ccc(CN(C2CCOCC2)C2CCNC2)cc1,22
COc1cccc(CN(CCCN(C)C)C(=O)c2cn(C)c3cc(-c4cn[nH]c4)ccc23)c1,0.0,COc1cccc(CN(CCCN(C)C)C(=O)c2cn(C)c3cc(-c4cn[nH]c4)ccc23)c1,O=C(NCc1ccccc1)c1c[nH]c2cc(-c3cn[nH]c3)ccc12,33
COc1cccc(CN(CCCN2CCCC2)C(=O)Nc2ccc(-c3cn[nH]c3)cc2)c1,0.0,COc1cccc(CN(CCCN2CCCC2)C(=O)Nc2ccc(-c3cn[nH]c3)cc2)c1,O=C(Nc1ccc(-c2cn[nH]c2)cc1)N(CCCN1CCCC1)Cc1ccccc1,32
COc1cccc(CN(CCCN2CCCCC2)C(=O)Nc2ccc(-c3cn[nH]c3)cc2)c1,0.0,COc1cccc(CN(CCCN2CCCCC2)C(=O)Nc2ccc(-c3cn[nH]c3)cc2)c1,O=C(Nc1ccc(-c2cn[nH]c2)cc1)N(CCCN1CCCCC1)Cc1ccccc1,33
COc1cccc(CN(CCCN2CCOCC2)C(=O)Nc2ccc(-c3cn[nH]c3)cc2)c1,0.0,COc1cccc(CN(CCCN2CCOCC2)C(=O)Nc2ccc(-c3cn[nH]c3)cc2)c1,O=C(Nc1ccc(-c2cn[nH]c2)cc1)N(CCCN1CCOCC1)Cc1ccccc1,33
COc1cccc(CN(CCN(C)C)C(=O)Nc2ccc(-c3cn[nH]c3)cc2)c1,0.0,COc1cccc(CN(CCN(C)C)C(=O)Nc2ccc(-c3cn[nH]c3)cc2)c1,O=C(NCc1ccccc1)Nc1ccc(-c2cn[nH]c2)cc1,29
COc1cccc(CN(CCN(C)C)C(=O)Nc2ccc(-c3cn[nH]c3)cn2)c1,0.0,COc1cccc(CN(CCN(C)C)C(=O)Nc2ccc(-c3cn[nH]c3)cn2)c1,O=C(NCc1ccccc1)Nc1ccc(-c2cn[nH]c2)cn1,29
COc1cccc(CN(CCN(C)C)C(=O)c2cn(C)c3cc(-c4cn[nH]c4)ccc23)c1,0.0,COc1cccc(CN(CCN(C)C)C(=O)c2cn(C)c3cc(-c4cn[nH]c4)ccc23)c1,O=C(NCc1ccccc1)c1c[nH]c2cc(-c3cn[nH]c3)ccc12,32
COc1cccc(CN(CCN(C)C)C(=O)c2nc3ccc(-c4cn[nH]c4)cc3s2)c1,0.0,COc1cccc(CN(CCN(C)C)C(=O)c2nc3ccc(-c4cn[nH]c4)cc3s2)c1,O=C(NCc1ccccc1)c1nc2ccc(-c3cn[nH]c3)cc2s1,31
COc1cccc(CN(CCN)C(=O)Nc2ccc(-c3cn[nH]c3)cc2)c1,0.0,COc1cccc(CN(CCN)C(=O)Nc2ccc(-c3cn[nH]c3)cc2)c1,O=C(NCc1ccccc1)Nc1ccc(-c2cn[nH]c2)cc1,27
COc1cccc(CN(CCN2CCCC2)C(=O)Nc2ccc(-c3cn[nH]c3)cc2)c1,0.0,COc1cccc(CN(CCN2CCCC2)C(=O)Nc2ccc(-c3cn[nH]c3)cc2)c1,O=C(Nc1ccc(-c2cn[nH]c2)cc1)N(CCN1CCCC1)Cc1ccccc1,31
COc1cccc(CN(CCN2CCCC2)C(=O)c2cc3ccc(-c4cn[nH]c4)cc3[nH]2)c1,0.0,COc1cccc(CN(CCN2CCCC2)C(=O)c2cc3ccc(-c4cn[nH]c4)cc3[nH]2)c1,O=C(c1cc2ccc(-c3cn[nH]c3)cc2[nH]1)N(CCN1CCCC1)Cc1ccccc1,33
COc1cccc(CN(CCN2CCCC2)C(=O)c2cc3ccc(-c4cn[nH]c4)nc3[nH]2)c1,0.0,COc1cccc(CN(CCN2CCCC2)C(=O)c2cc3ccc(-c4cn[nH]c4)nc3[nH]2)c1,O=C(c1cc2ccc(-c3cn[nH]c3)nc2[nH]1)N(CCN1CCCC1)Cc1ccccc1,33
COc1cccc(CN(CCN2CCCCC2)C(=O)Nc2ccc(-c3cn[nH]c3)cc2)c1,0.0,COc1cccc(CN(CCN2CCCCC2)C(=O)Nc2ccc(-c3cn[nH]c3)cc2)c1,O=C(Nc1ccc(-c2cn[nH]c2)cc1)N(CCN1CCCCC1)Cc1ccccc1,32
COc1cccc(CN(CCN2CCOCC2)C(=O)Nc2ccc(-c3cn[nH]c3)cc2)c1,0.0,COc1cccc(CN(CCN2CCOCC2)C(=O)Nc2ccc(-c3cn[nH]c3)cc2)c1,O=C(Nc1ccc(-c2cn[nH]c2)cc1)N(CCN1CCOCC1)Cc1ccccc1,32
COc1cccc(CN(CCO)C(=O)Nc2ccc(-c3cn[nH]c3)cc2)c1,0.0,COc1cccc(CN(CCO)C(=O)Nc2ccc(-c3cn[nH]c3)cc2)c1,O=C(NCc1ccccc1)Nc1ccc(-c2cn[nH]c2)cc1,27
COc1cccc(CNC(=O)c2[nH]c3cc(-c4cn[nH]c4)ccc3c2CN(C)C)c1,0.0,COc1cccc(CNC(=O)c2[nH]c3cc(-c4cn[nH]c4)ccc3c2CN(C)C)c1,O=C(NCc1ccccc1)c1cc2ccc(-c3cn[nH]c3)cc2[nH]1,30
COc1cccc(CNC(=O)c2[nH]c3cc(-c4cn[nH]c4)ccc3c2CN2CCCNCC2)c1,0.0,COc1cccc(CNC(=O)c2[nH]c3cc(-c4cn[nH]c4)ccc3c2CN2CCCNCC2)c1,O=C(NCc1ccccc1)c1[nH]c2cc(-c3cn[nH]c3)ccc2c1CN1CCCNCC1,34
COc1cccc(CNC(=O)c2[nH]c3cc(-c4cn[nH]c4)ccc3c2CN2CCN(C)CC2)c1,0.0,COc1cccc(CNC(=O)c2[nH]c3cc(-c4cn[nH]c4)ccc3c2CN2CCN(C)CC2)c1,O=C(NCc1ccccc1)c1[nH]c2cc(-c3cn[nH]c3)ccc2c1CN1CCNCC1,34
COc1cccc(CNC(=O)c2[nH]c3cc(-c4cn[nH]c4)ccc3c2CN2CCOCC2)c1,0.0,COc1cccc(CNC(=O)c2[nH]c3cc(-c4cn[nH]c4)ccc3c2CN2CCOCC2)c1,O=C(NCc1ccccc1)c1[nH]c2cc(-c3cn[nH]c3)ccc2c1CN1CCOCC1,33
COc1cccc(CNC(=O)c2[nH]c3nc(-c4cn[nH]c4)ccc3c2CN2CCN(C)CC2)c1,0.0,COc1cccc(CNC(=O)c2[nH]c3nc(-c4cn[nH]c4)ccc3c2CN2CCN(C)CC2)c1,O=C(NCc1ccccc1)c1[nH]c2nc(-c3cn[nH]c3)ccc2c1CN1CCNCC1,34
COc1cccc(CNC(=O)c2[nH]c3nc(-c4cn[nH]c4)ccc3c2CN2CCOCC2)c1,0.0,COc1cccc(CNC(=O)c2[nH]c3nc(-c4cn[nH]c4)ccc3c2CN2CCOCC2)c1,O=C(NCc1ccccc1)c1[nH]c2nc(-c3cn[nH]c3)ccc2c1CN1CCOCC1,33
COc1cccc(CNC(=O)c2c[nH]c3cc(-c4ccncc4)ccc23)c1,0.0,COc1cccc(CNC(=O)c2c[nH]c3cc(-c4ccncc4)ccc23)c1,O=C(NCc1ccccc1)c1c[nH]c2cc(-c3ccncc3)ccc12,27
COc1cccc(CNC(=O)c2c[nH]c3cc(-c4cn[nH]c4)ccc23)c1,0.0,COc1cccc(CNC(=O)c2c[nH]c3cc(-c4cn[nH]c4)ccc23)c1,O=C(NCc1ccccc1)c1c[nH]c2cc(-c3cn[nH]c3)ccc12,26
COc1cccc(CNC(=O)c2c[nH]c3nc(-c4cn[nH]c4)ccc23)c1,0.0,COc1cccc(CNC(=O)c2c[nH]c3nc(-c4cn[nH]c4)ccc23)c1,O=C(NCc1ccccc1)c1c[nH]c2nc(-c3cn[nH]c3)ccc12,26
COc1cccc(CNC(=O)c2cc3ccc(-c4ccnc(N)n4)cc3[nH]2)c1,0.0,COc1cccc(CNC(=O)c2cc3ccc(-c4ccnc(N)n4)cc3[nH]2)c1,O=C(NCc1ccccc1)c1cc2ccc(-c3ccncn3)cc2[nH]1,28
COc1cccc(CNC(=O)c2cc3ccc(-c4cn[nH]c4)cc3[nH]2)c1,0.0,COc1cccc(CNC(=O)c2cc3ccc(-c4cn[nH]c4)cc3[nH]2)c1,O=C(NCc1ccccc1)c1cc2ccc(-c3cn[nH]c3)cc2[nH]1,26
COc1cccc(CNC(=O)c2cc3ccc(-c4cn[nH]c4)nc3[nH]2)c1,0.0,COc1cccc(CNC(=O)c2cc3ccc(-c4cn[nH]c4)nc3[nH]2)c1,O=C(NCc1ccccc1)c1cc2ccc(-c3cn[nH]c3)nc2[nH]1,26
COc1cccc(CNC(=O)c2cc3ccc(-c4cn[nH]c4)nc3n2C)c1,0.0,COc1cccc(CNC(=O)c2cc3ccc(-c4cn[nH]c4)nc3n2C)c1,O=C(NCc1ccccc1)c1cc2ccc(-c3cn[nH]c3)nc2[nH]1,27
COc1cccc(CNC(=O)c2cc3ccc(-c4cn[nH]c4)nc3n2CCN(C)C)c1,0.0,COc1cccc(CNC(=O)c2cc3ccc(-c4cn[nH]c4)nc3n2CCN(C)C)c1,O=C(NCc1ccccc1)c1cc2ccc(-c3cn[nH]c3)nc2[nH]1,31
COc1cccc(CNC(=O)c2cn(-c3ccccc3)c3cc(-c4cn[nH]c4)ccc23)c1,0.0,COc1cccc(CNC(=O)c2cn(-c3ccccc3)c3cc(-c4cn[nH]c4)ccc23)c1,O=C(NCc1ccccc1)c1cn(-c2ccccc2)c2cc(-c3cn[nH]c3)ccc12,32
COc1cccc(CNC(=O)c2cn(C)c3cc(-c4cn[nH]c4)ccc23)c1,0.0,COc1cccc(CNC(=O)c2cn(C)c3cc(-c4cn[nH]c4)ccc23)c1,O=C(NCc1ccccc1)c1c[nH]c2cc(-c3cn[nH]c3)ccc12,27
COc1cccc(CNC(=O)c2cn(C)c3nc(-c4cn[nH]c4)ccc23)c1,0.0,COc1cccc(CNC(=O)c2cn(C)c3nc(-c4cn[nH]c4)ccc23)c1,O=C(NCc1ccccc1)c1c[nH]c2nc(-c3cn[nH]c3)ccc12,27
COc1cccc(CNC(=O)c2cn(CCCO)c3cc(-c4cn[nH]c4)ccc23)c1,0.0,COc1cccc(CNC(=O)c2cn(CCCO)c3cc(-c4cn[nH]c4)ccc23)c1,O=C(NCc1ccccc1)c1c[nH]c2cc(-c3cn[nH]c3)ccc12,30
COc1cccc(CNC(=O)c2cn(CCN(C)C)c3cc(-c4cn[nH]c4)ccc23)c1,0.0,COc1cccc(CNC(=O)c2cn(CCN(C)C)c3cc(-c4cn[nH]c4)ccc23)c1,O=C(NCc1ccccc1)c1c[nH]c2cc(-c3cn[nH]c3)ccc12,31
COc1cccc(CNC(=O)c2cn(CCN3CCCC3)c3nc(-c4cn[nH]c4)ccc23)c1,0.0,COc1cccc(CNC(=O)c2cn(CCN3CCCC3)c3nc(-c4cn[nH]c4)ccc23)c1,O=C(NCc1ccccc1)c1cn(CCN2CCCC2)c2nc(-c3cn[nH]c3)ccc12,33
COc1cccc(F)c1CC(c1ccccc1)N1CCNCC1,0.0,COc1cccc(F)c1CC(c1ccccc1)N1CCNCC1,c1ccc(CC(c2ccccc2)N2CCNCC2)cc1,23
COc1cccc(F)c1OC1CN(Cc2cnn(-c3ccccc3)c2C)C1,0.0,COc1cccc(F)c1OC1CN(Cc2cnn(-c3ccccc3)c2C)C1,c1ccc(OC2CN(Cc3cnn(-c4ccccc4)c3)C2)cc1,27
COc1cccc(N(CCO)C(=O)Nc2ccc(-c3ncnc4[nH]cc(C)c34)cc2)c1,0.0,COc1cccc(N(CCO)C(=O)Nc2ccc(-c3ncnc4[nH]cc(C)c34)cc2)c1,O=C(Nc1ccccc1)Nc1ccc(-c2ncnc3[nH]ccc23)cc1,31
COc1cccc(NCC(F)Cn2c3ccc(Br)cc3c3cc(Br)ccc32)n1,0.0,COc1cccc(NCC(F)Cn2c3ccc(Br)cc3c3cc(Br)ccc32)n1,c1ccc(NCCCn2c3ccccc3c3ccccc32)nc1,28
COc1cccc(OC)c1C1CCCC(=O)N1Cc1ccc2ccccc2c1,0.0,COc1cccc(OC)c1C1CCCC(=O)N1Cc1ccc2ccccc2c1,O=C1CCCC(c2ccccc2)N1Cc1ccc2ccccc2c1,28
COc1cccc(OCc2nc3c(OC)cc(-c4cn[nH]c4)cc3c(=O)[nH]2)c1,0.0,COc1cccc(OCc2nc3c(OC)cc(-c4cn[nH]c4)cc3c(=O)[nH]2)c1,O=c1[nH]c(COc2ccccc2)nc2ccc(-c3cn[nH]c3)cc12,28
COc1cccc(OCc2nc3ccc(-c4cn[nH]c4)cc3c(=O)[nH]2)c1,0.0,COc1cccc(OCc2nc3ccc(-c4cn[nH]c4)cc3c(=O)[nH]2)c1,O=c1[nH]c(COc2ccccc2)nc2ccc(-c3cn[nH]c3)cc12,26
COc1cccc(Oc2ccc3c(c2)CC(N)c2n[nH]c(=O)n2-3)c1,0.0,COc1cccc(Oc2ccc3c(c2)CC(N)c2n[nH]c(=O)n2-3)c1,O=c1[nH]nc2n1-c1ccc(Oc3ccccc3)cc1CC2,24
COc1cccc([C@@H](C)NC(=O)c2c[nH]c3cc(-c4cn[nH]c4)ccc23)c1,0.0,COc1cccc([C@@H](C)NC(=O)c2c[nH]c3cc(-c4cn[nH]c4)ccc23)c1,O=C(NCc1ccccc1)c1c[nH]c2cc(-c3cn[nH]c3)ccc12,27
COc1cccc([C@@H](C)NC(=O)c2cc3ccc(-c4cn[nH]c4)nc3[nH]2)c1,0.0,COc1cccc([C@@H](C)NC(=O)c2cc3ccc(-c4cn[nH]c4)nc3[nH]2)c1,O=C(NCc1ccccc1)c1cc2ccc(-c3cn[nH]c3)nc2[nH]1,27
COc1cccc2c(C(=O)N3CCN4CCCC[C@@H]4C3)cn(CC3CCCCC3)c12,0.0,COc1cccc2c(C(=O)N3CCN4CCCC[C@@H]4C3)cn(CC3CCCCC3)c12,O=C(c1cn(CC2CCCCC2)c2ccccc12)N1CCN2CCCCC2C1,30
COc1cccc2c(C(=O)N3CCN4CCCC[C@H]4C3)cn(CC3CCCCC3)c12,0.0,COc1cccc2c(C(=O)N3CCN4CCCC[C@H]4C3)cn(CC3CCCCC3)c12.Cl,O=C(c1cn(CC2CCCCC2)c2ccccc12)N1CCN2CCCCC2C1,30
COc1cccc2c(C(=O)N3CCN4CCC[C@@H]4C3)cn(CC3CCCCC3)c12,0.0,COc1cccc2c(C(=O)N3CCN4CCC[C@@H]4C3)cn(CC3CCCCC3)c12,O=C(c1cn(CC2CCCCC2)c2ccccc12)N1CCN2CCCC2C1,29
COc1cccc2c(C(=O)N3CCN4CCC[C@@]4(C)C3)cn(CC3CCCCC3)c12,0.0,COc1cccc2c(C(=O)N3CCN4CCC[C@@]4(C)C3)cn(CC3CCCCC3)c12.Cl,O=C(c1cn(CC2CCCCC2)c2ccccc12)N1CCN2CCCC2C1,30
COc1cccc2c(C(=O)N3CCN4CCC[C@H]4C3)cn(CC3CCCCC3)c12,0.0,COc1cccc2c(C(=O)N3CCN4CCC[C@H]4C3)cn(CC3CCCCC3)c12.Cl,O=C(c1cn(CC2CCCCC2)c2ccccc12)N1CCN2CCCC2C1,29
COc1cccc2c(C(=O)N3C[C@@H]4CCCN4CC3(C)C)cn(CC3CCCCC3)c12,0.0,COc1cccc2c(C(=O)N3C[C@@H]4CCCN4CC3(C)C)cn(CC3CCCCC3)c12,O=C(c1cn(CC2CCCCC2)c2ccccc12)N1CCN2CCCC2C1,31
COc1cccc2c(C(=O)N3C[C@@H]4CCCN4C[C@@H]3C)cn(CC3CCCCC3)c12,0.0,COc1cccc2c(C(=O)N3C[C@@H]4CCCN4C[C@@H]3C)cn(CC3CCCCC3)c12,O=C(c1cn(CC2CCCCC2)c2ccccc12)N1CCN2CCCC2C1,30
COc1cccc2c(C(=O)N3C[C@@H]4CCCN4C[C@@H]3CC(C)C)cn(CC3CCCCC3)c12,0.0,COc1cccc2c(C(=O)N3C[C@@H]4CCCN4C[C@@H]3CC(C)C)cn(CC3CCCCC3)c12,O=C(c1cn(CC2CCCCC2)c2ccccc12)N1CCN2CCCC2C1,33
COc1cccc2c(C(=O)N3C[C@@H]4CCCN4C[C@H]3C)cn(CC3CCCCC3)c12,0.0,COc1cccc2c(C(=O)N3C[C@@H]4CCCN4C[C@H]3C)cn(CC3CCCCC3)c12.Cl,O=C(c1cn(CC2CCCCC2)c2ccccc12)N1CCN2CCCC2C1,30
COc1cccc2c(C(=O)N3C[C@H]4CCCN4CC3(C)C)cn(CC3CCCCC3)c12,0.0,COc1cccc2c(C(=O)N3C[C@H]4CCCN4CC3(C)C)cn(CC3CCCCC3)c12,O=C(c1cn(CC2CCCCC2)c2ccccc12)N1CCN2CCCC2C1,31
COc1cccc2c(C(=O)N3C[C@H]4CCCN4C[C@@H]3C)cn(CC3CCCCC3)c12,0.0,COc1cccc2c(C(=O)N3C[C@H]4CCCN4C[C@@H]3C)cn(CC3CCCCC3)c12.Cl,O=C(c1cn(CC2CCCCC2)c2ccccc12)N1CCN2CCCC2C1,30
COc1cccc2c(C(=O)N3C[C@H]4CCCN4C[C@H]3C)cn(CC3CCCCC3)c12,0.0,COc1cccc2c(C(=O)N3C[C@H]4CCCN4C[C@H]3C)cn(CC3CCCCC3)c12.Cl,O=C(c1cn(CC2CCCCC2)c2ccccc12)N1CCN2CCCC2C1,30
COc1cccc2c(C(=O)N3C[C@H]4CCCN4C[C@H]3CC(C)C)cn(CC3CCCCC3)c12,0.0,COc1cccc2c(C(=O)N3C[C@H]4CCCN4C[C@H]3CC(C)C)cn(CC3CCCCC3)c12,O=C(c1cn(CC2CCCCC2)c2ccccc12)N1CCN2CCCC2C1,33
COc1cccc2c(C(=O)N3C[C@]4(C)CSCN4C[C@@H]3C)cn(CC3CCCCC3)c12,0.0,COc1cccc2c(C(=O)N3C[C@]4(C)CSCN4C[C@@H]3C)cn(CC3CCCCC3)c12.Cl,O=C(c1cn(CC2CCCCC2)c2ccccc12)N1CCN2CSCC2C1,31
COc1cccc2c1CC(c1nc3ccc(-c4cn[nH]c4)cc3c(=O)[nH]1)CO2,0.0,COc1cccc2c1CC(c1nc3ccc(-c4cn[nH]c4)cc3c(=O)[nH]1)CO2,O=c1[nH]c(C2COc3ccccc3C2)nc2ccc(-c3cn[nH]c3)cc12,28
COc1ccccc1-c1cc(C2=Nc3c(C(C)(C)C)nn(CCCO)c3C(=O)NC2)ccc1OC,0.0,COc1ccccc1-c1cc(C2=Nc3c(C(C)(C)C)nn(CCCO)c3C(=O)NC2)ccc1OC,O=C1NCC(c2cccc(-c3ccccc3)c2)=Nc2cn[nH]c21,35
COc1ccccc1CC(c1ccc(F)cc1)N1CCNCC1,0.0,COc1ccccc1CC(c1ccc(F)cc1)N1CCNCC1,c1ccc(CC(c2ccccc2)N2CCNCC2)cc1,23
COc1ccccc1CC(c1cccc(F)c1)N1CCNCC1,0.0,COc1ccccc1CC(c1cccc(F)c1)N1CCNCC1,c1ccc(CC(c2ccccc2)N2CCNCC2)cc1,23
COc1ccccc1CC(c1ccccc1)N1CCNCC1,0.0,COc1ccccc1CC(c1ccccc1)N1CCNCC1,c1ccc(CC(c2ccccc2)N2CCNCC2)cc1,22
COc1ccccc1CC(c1ccccc1F)N1CCNCC1,0.0,COc1ccccc1CC(c1ccccc1F)N1CCNCC1,c1ccc(CC(c2ccccc2)N2CCNCC2)cc1,23
COc1ccccc1CNC(=O)c1c[nH]c2cc(-c3cn[nH]c3)ccc12,0.0,COc1ccccc1CNC(=O)c1c[nH]c2cc(-c3cn[nH]c3)ccc12,O=C(NCc1ccccc1)c1c[nH]c2cc(-c3cn[nH]c3)ccc12,26
COc1ccccc1CNc1ncc(C(=O)NC2CCN(C)CC2)c(NC2CCCC2)n1,0.0,COc1ccccc1CNc1ncc(C(=O)NC2CCN(C)CC2)c(NC2CCCC2)n1,O=C(NC1CCNCC1)c1cnc(NCc2ccccc2)nc1NC1CCCC1,32
COc1ccccc1CNc1ncc(C(=O)NCCCCN(C)C)c(NC2CCCC2)n1,0.0,COc1ccccc1CNc1ncc(C(=O)NCCCCN(C)C)c(NC2CCCC2)n1,c1ccc(CNc2nccc(NC3CCCC3)n2)cc1,32
COc1ccccc1CNc1ncc(C(=O)NCCCN2CCCC2=O)c(NC2CCCC2)n1,0.0,COc1ccccc1CNc1ncc(C(=O)NCCCN2CCCC2=O)c(NC2CCCC2)n1,O=C(NCCCN1CCCC1=O)c1cnc(NCc2ccccc2)nc1NC1CCCC1,34
COc1ccccc1CNc1ncc(C(=O)NCCCO)c(NC2CCCC2)n1,0.0,COc1ccccc1CNc1ncc(C(=O)NCCCO)c(NC2CCCC2)n1,c1ccc(CNc2nccc(NC3CCCC3)n2)cc1,29
COc1ccccc1CNc1ncc(C(=O)NCCNC(C)=O)c(NC2CCCC2)n1,0.0,COc1ccccc1CNc1ncc(C(=O)NCCNC(C)=O)c(NC2CCCC2)n1,c1ccc(CNc2nccc(NC3CCCC3)n2)cc1,31
COc1ccccc1CNc1ncc(C(=O)NCCc2nnn[nH]2)c(NC2CCCC2)n1,0.0,COc1ccccc1CNc1ncc(C(=O)NCCc2nnn[nH]2)c(NC2CCCC2)n1,O=C(NCCc1nnn[nH]1)c1cnc(NCc2ccccc2)nc1NC1CCCC1,32
COc1ccccc1N1CCN(C(=O)c2cc(-c3ccccc3)[nH]n2)CC1,0.0,COc1ccccc1N1CCN(C(=O)c2cc(-c3ccccc3)[nH]n2)CC1,O=C(c1cc(-c2ccccc2)[nH]n1)N1CCN(c2ccccc2)CC1,27
COc1ccnc2[nH]cc(C(=O)C(=O)N3CCN(C(=O)c4ccccc4)C[C@H]3C)c12,1.0,COc1ccnc2[nH]cc(C(=O)C(=O)N3CCN(C(=O)c4ccccc4)C[C@H]3C)c12,O=C(C(=O)N1CCN(C(=O)c2ccccc2)CC1)c1c[nH]c2ncccc12,30
COc1cnc(N2CCC[C@@H](N)C2)n(Cc2ccccc2C#N)c1=O,1.0,COc1cnc(N2CCC[C@@H](N)C2)n(Cc2ccccc2C#N)c1=O,O=c1ccnc(N2CCCCC2)n1Cc1ccccc1,25
COc1cncc(-c2nccc(-c3cc4c([nH]3)C3(CCCNC3)CNC4=O)n2)c1,0.0,COc1cncc(-c2nccc(-c3cc4c([nH]3)C3(CCCNC3)CNC4=O)n2)c1,O=C1NCC2(CCCNC2)c2[nH]c(-c3ccnc(-c4cccnc4)n3)cc21,29
COc1ncc(-c2cc(C3=Nc4c(C(C)(C)C)nn(CCCO)c4C(=O)NC3)ccc2OC)c(OC)n1,0.0,COc1ncc(-c2cc(C3=Nc4c(C(C)(C)C)nn(CCCO)c4C(=O)NC3)ccc2OC)c(OC)n1,O=C1NCC(c2cccc(-c3cncnc3)c2)=Nc2cn[nH]c21,37
COc1ncc(-c2cc(C3=Nc4c(C(C)(C)C)nn(CCO)c4C(=O)NC3)ccc2OC)c(OC)n1,0.0,COc1ncc(-c2cc(C3=Nc4c(C(C)(C)C)nn(CCO)c4C(=O)NC3)ccc2OC)c(OC)n1,O=C1NCC(c2cccc(-c3cncnc3)c2)=Nc2cn[nH]c21,36
COc1ncc(-c2cc(C3=Nc4c(C(C)(C)C)nn(CCO)c4C(=O)NC3)ccc2OC)cn1,0.0,COc1ncc(-c2cc(C3=Nc4c(C(C)(C)C)nn(CCO)c4C(=O)NC3)ccc2OC)cn1,O=C1NCC(c2cccc(-c3cncnc3)c2)=Nc2cn[nH]c21,34
COc1ncc(OC)c2c(C(=O)C(=O)N3CCN(C(=O)c4ccccc4)CC3)c[nH]c12,1.0,COc1ncc(OC)c2c(C(=O)C(=O)N3CCN(C(=O)c4ccccc4)CC3)c[nH]c12,O=C(C(=O)N1CCN(C(=O)c2ccccc2)CC1)c1c[nH]c2cnccc12,31
CS(=O)(=O)CCCOc1ccc2c(c1)CCC1(CCN(C3CCC3)CC1)O2,0.0,CS(=O)(=O)CCCOc1ccc2c(c1)CCC1(CCN(C3CCC3)CC1)O2,c1ccc2c(c1)CCC1(CCN(C3CCC3)CC1)O2,27
CS(=O)(=O)CC[C@H](NC(=O)c1ccsc1)c1cn(C2(C#N)CC2)nn1,0.0,CS(=O)(=O)CC[C@H](NC(=O)c1ccsc1)c1cn(C2(C#N)CC2)nn1,O=C(NCc1cn(C2CC2)nn1)c1ccsc1,25
CS(=O)(=O)C[C@H](NC(=O)c1ccsc1)c1cn(C2(C#N)CC2)nn1,0.0,CS(=O)(=O)C[C@H](NC(=O)c1ccsc1)c1cn(C2(C#N)CC2)nn1,O=C(NCc1cn(C2CC2)nn1)c1ccsc1,24
CS(=O)(=O)N1CCC(N2NNC3CNC4NCCC4C32)CC1,0.0,CS(=O)(=O)N1CCC(N2NNC3CNC4NCCC4C32)CC1,C1CC(N2NNC3CNC4NCCC4C32)CCN1,22
CS(=O)(=O)N1CCC(Oc2ccc3c(c2)CCC2(CCN(C4CCC4)CC2)O3)CC1,0.0,CS(=O)(=O)N1CCC(Oc2ccc3c(c2)CCC2(CCN(C4CCC4)CC2)O3)CC1,c1cc2c(cc1OC1CCNCC1)CCC1(CCN(C3CCC3)CC1)O2,30
CS(=O)(=O)N1CCC(c2[nH]nc(-c3ccc(Cl)cc3)c2-c2ccncn2)CC1,0.0,CS(=O)(=O)N1CCC(c2[nH]nc(-c3ccc(Cl)cc3)c2-c2ccncn2)CC1,c1ccc(-c2n[nH]c(C3CCNCC3)c2-c2ccncn2)cc1,28
CS(=O)(=O)N1CCc2c(-c3cnc(N)nc3)nc(N3CCOCC3)nc21,1.0,CS(=O)(=O)N1CCc2c(-c3cnc(N)nc3)nc(N3CCOCC3)nc21,c1ncc(-c2nc(N3CCOCC3)nc3c2CCN3)cn1,26
CS(=O)(=O)NCc1cccc2c1S(=O)(=O)N=C2C1=C(O)C2(CC2)N(Cc2ccc(F)c(Cl)c2)C1=O,0.0,CS(=O)(=O)NCc1cccc2c1S(=O)(=O)N=C2C1=C(O)C2(CC2)N(Cc2ccc(F)c(Cl)c2)C1=O,O=C1C(C2=NS(=O)(=O)c3ccccc32)=CC2(CC2)N1Cc1ccccc1,35
CS(=O)(=O)Nc1ccc(C(=O)N[C@H](c2cn(C3(C#N)CC3)nn2)C2CCCCC2)cc1,0.0,CS(=O)(=O)Nc1ccc(C(=O)N[C@H](c2cn(C3(C#N)CC3)nn2)C2CCCCC2)cc1,O=C(NC(c1cn(C2CC2)nn1)C1CCCCC1)c1ccccc1,31
CS(=O)(=O)Nc1ccc2c(c1)S(=O)(=O)C=C(c1c(O)c(-c3cccs3)nn(CC3CC3)c1=O)N2,0.0,CS(=O)(=O)Nc1ccc2c(c1)S(=O)(=O)C=C(c1c(O)c(-c3cccs3)nn(CC3CC3)c1=O)N2,O=c1c(C2=CS(=O)(=O)c3ccccc3N2)cc(-c2cccs2)nn1CC1CC1,34
CS(=O)(=O)Nc1ccc2c(c1)S(=O)(=O)C=C(c1c(O)c(-c3cccs3)nn(CC3CCCC3)c1=O)N2,0.0,CS(=O)(=O)Nc1ccc2c(c1)S(=O)(=O)C=C(c1c(O)c(-c3cccs3)nn(CC3CCCC3)c1=O)N2,O=c1c(C2=CS(=O)(=O)c3ccccc3N2)cc(-c2cccs2)nn1CC1CCCC1,36
CS(=O)(=O)Nc1ccc2c(c1)S(=O)(=O)C=C(c1c(O)c(-c3cccs3)nn(Cc3ccccc3)c1=O)N2,0.0,CS(=O)(=O)Nc1ccc2c(c1)S(=O)(=O)C=C(c1c(O)c(-c3cccs3)nn(Cc3ccccc3)c1=O)N2,O=c1c(C2=CS(=O)(=O)c3ccccc3N2)cc(-c2cccs2)nn1Cc1ccccc1,37
CS(=O)(=O)Nc1ccc2c(c1)S(=O)(=O)N=C(C1=C(O)C3CCCC3N(CC3CCC3)C1=O)N2,0.0,CS(=O)(=O)Nc1ccc2c(c1)S(=O)(=O)N=C(C1=C(O)C3CCCC3N(CC3CCC3)C1=O)N2,O=C1C(C2=NS(=O)(=O)c3ccccc3N2)=CC2CCCC2N1CC1CCC1,33
CS(=O)(=O)Nc1ccc2c(c1)S(=O)(=O)N=C(C1=C(O)C3CCCC3N(CCC3CC3)C1=O)N2,0.0,CS(=O)(=O)Nc1ccc2c(c1)S(=O)(=O)N=C(C1=C(O)C3CCCC3N(CCC3CC3)C1=O)N2,O=C1C(C2=NS(=O)(=O)c3ccccc3N2)=CC2CCCC2N1CCC1CC1,33
CS(=O)(=O)Nc1ccc2c(c1)S(=O)(=O)N=C(C1=C(O)C3CCCC3N(CCc3ccccc3)C1=O)N2,0.0,CS(=O)(=O)Nc1ccc2c(c1)S(=O)(=O)N=C(C1=C(O)C3CCCC3N(CCc3ccccc3)C1=O)N2,O=C1C(C2=NS(=O)(=O)c3ccccc3N2)=CC2CCCC2N1CCc1ccccc1,36
CS(=O)(=O)Nc1ccc2c(c1)S(=O)(=O)N=C(C1=C(O)C3CCCC3N(Cc3ccc(Cl)cc3)C1=O)N2,0.0,CS(=O)(=O)Nc1ccc2c(c1)S(=O)(=O)N=C(C1=C(O)C3CCCC3N(Cc3ccc(Cl)cc3)C1=O)N2,O=C1C(C2=NS(=O)(=O)c3ccccc3N2)=CC2CCCC2N1Cc1ccccc1,36
CS(=O)(=O)Nc1ccc2c(c1)S(=O)(=O)N=C(C1=C(O)C3CCCC3N(Cc3ccc(F)cc3)C1=O)N2,0.0,CS(=O)(=O)Nc1ccc2c(c1)S(=O)(=O)N=C(C1=C(O)C3CCCC3N(Cc3ccc(F)cc3)C1=O)N2,O=C1C(C2=NS(=O)(=O)c3ccccc3N2)=CC2CCCC2N1Cc1ccccc1,36
CS(=O)(=O)Nc1ccc2c(c1)S(=O)(=O)N=C(C1=C(O)C3CCCC3N(Cc3ccc(F)cn3)C1=O)N2,0.0,CS(=O)(=O)Nc1ccc2c(c1)S(=O)(=O)N=C(C1=C(O)C3CCCC3N(Cc3ccc(F)cn3)C1=O)N2,O=C1C(C2=NS(=O)(=O)c3ccccc3N2)=CC2CCCC2N1Cc1ccccn1,36
CS(=O)(=O)Nc1ccc2c(c1)S(=O)(=O)N=C(C1=C(O)C3CCCC3N(Cc3cccc(F)c3)C1=O)N2,0.0,CS(=O)(=O)Nc1ccc2c(c1)S(=O)(=O)N=C(C1=C(O)C3CCCC3N(Cc3cccc(F)c3)C1=O)N2,O=C1C(C2=NS(=O)(=O)c3ccccc3N2)=CC2CCCC2N1Cc1ccccc1,36
CS(=O)(=O)Nc1ccc2c(c1)S(=O)(=O)N=C(C1=C(O)C3CCCC3N(Cc3ccccc3)C1=O)N2,0.0,CS(=O)(=O)Nc1ccc2c(c1)S(=O)(=O)N=C(C1=C(O)C3CCCC3N(Cc3ccccc3)C1=O)N2,O=C1C(C2=NS(=O)(=O)c3ccccc3N2)=CC2CCCC2N1Cc1ccccc1,35
CS(=O)(=O)Nc1ccc2c(c1)S(=O)(=O)N=C(C1=C(O)C3CCCC3N(Cc3ccccn3)C1=O)N2,0.0,CS(=O)(=O)Nc1ccc2c(c1)S(=O)(=O)N=C(C1=C(O)C3CCCC3N(Cc3ccccn3)C1=O)N2,O=C1C(C2=NS(=O)(=O)c3ccccc3N2)=CC2CCCC2N1Cc1ccccn1,35
CS(=O)(=O)Nc1ccc2c(c1)S(=O)(=O)N=C(C1=C(O)C3CCCCC3N(Cc3ccc(F)cc3)C1=O)N2,0.0,CS(=O)(=O)Nc1ccc2c(c1)S(=O)(=O)N=C(C1=C(O)C3CCCCC3N(Cc3ccc(F)cc3)C1=O)N2,O=C1C(C2=NS(=O)(=O)c3ccccc3N2)=CC2CCCCC2N1Cc1ccccc1,37
CS(=O)(=O)Nc1ccc2c(c1)S(=O)(=O)N=C(C1=C(O)C3CCCCCC3N(Cc3ccc(F)cc3)C1=O)N2,0.0,CS(=O)(=O)Nc1ccc2c(c1)S(=O)(=O)N=C(C1=C(O)C3CCCCCC3N(Cc3ccc(F)cc3)C1=O)N2,O=C1C(C2=NS(=O)(=O)c3ccccc3N2)=CC2CCCCCC2N1Cc1ccccc1,38
CS(=O)(=O)Nc1ccc2c(c1)S(=O)(=O)N=C(C1=C(O)C3CCCCCCC3N(Cc3ccc(F)cc3)C1=O)N2,0.0,CS(=O)(=O)Nc1ccc2c(c1)S(=O)(=O)N=C(C1=C(O)C3CCCCCCC3N(Cc3ccc(F)cc3)C1=O)N2,O=C1C(C2=NS(=O)(=O)c3ccccc3N2)=CC2CCCCCCC2N1Cc1ccccc1,39
CS(=O)(=O)Nc1ccc2c(c1)S(=O)(=O)N=C(C1=C(O)[C@@H]3CCCC[C@@H]3N(Cc3ccc(F)cc3)C1=O)N2,0.0,CS(=O)(=O)Nc1ccc2c(c1)S(=O)(=O)N=C(C1=C(O)[C@@H]3CCCC[C@@H]3N(Cc3ccc(F)cc3)C1=O)N2,O=C1C(C2=NS(=O)(=O)c3ccccc3N2)=CC2CCCCC2N1Cc1ccccc1,37
CS(=O)(=O)Nc1ccc2c(c1)S(=O)(=O)N=C(C1=C(O)[C@@H]3[C@H]4CC[C@H](C4)[C@@H]3N(Cc3ccc(F)cc3)C1=O)N2,0.0,CS(=O)(=O)Nc1ccc2c(c1)S(=O)(=O)N=C(C1=C(O)[C@@H]3[C@H]4CC[C@H](C4)[C@@H]3N(Cc3ccc(F)cc3)C1=O)N2,O=C1C(C2=NS(=O)(=O)c3ccccc3N2)=CC2C3CCC(C3)C2N1Cc1ccccc1,38
CS(=O)(=O)Nc1ccc2c(c1)S(=O)(=O)N=C(C1=C(O)[C@H]3CCCC[C@H]3N(Cc3ccc(F)cc3)C1=O)N2,0.0,CS(=O)(=O)Nc1ccc2c(c1)S(=O)(=O)N=C(C1=C(O)[C@H]3CCCC[C@H]3N(Cc3ccc(F)cc3)C1=O)N2,O=C1C(C2=NS(=O)(=O)c3ccccc3N2)=CC2CCCCC2N1Cc1ccccc1,37
CS(=O)(=O)Nc1ccc2c(c1)S(=O)(=O)N=C(C1=C(O)[C@H]3CCC[C@H]3N(CC3CC3)C1=O)N2,0.0,CS(=O)(=O)Nc1ccc2c(c1)S(=O)(=O)N=C(C1=C(O)[C@H]3CCC[C@H]3N(CC3CC3)C1=O)N2,O=C1C(C2=NS(=O)(=O)c3ccccc3N2)=CC2CCCC2N1CC1CC1,32
CS(=O)(=O)Nc1ccc2c(c1)S(=O)(=O)N=C(C1=C(O)[C@H]3CCC[C@H]3N(Cc3ccc(C(F)(F)F)cc3)C1=O)N2,0.0,CS(=O)(=O)Nc1ccc2c(c1)S(=O)(=O)N=C(C1=C(O)[C@H]3CCC[C@H]3N(Cc3ccc(C(F)(F)F)cc3)C1=O)N2,O=C1C(C2=NS(=O)(=O)c3ccccc3N2)=CC2CCCC2N1Cc1ccccc1,39
CS(=O)(=O)Nc1ccc2c(c1)S(=O)(=O)N=C(C1=C(O)[C@H]3CCC[C@H]3N(Cc3ccc(F)c(Cl)c3)C1=O)N2,0.0,CS(=O)(=O)Nc1ccc2c(c1)S(=O)(=O)N=C(C1=C(O)[C@H]3CCC[C@H]3N(Cc3ccc(F)c(Cl)c3)C1=O)N2,O=C1C(C2=NS(=O)(=O)c3ccccc3N2)=CC2CCCC2N1Cc1ccccc1,37
CS(=O)(=O)Nc1ccc2c(c1)S(=O)(=O)N=C(C1=C(O)[C@H]3CCC[C@H]3N(Cc3ccc(F)c(F)c3)C1=O)N2,0.0,CS(=O)(=O)Nc1ccc2c(c1)S(=O)(=O)N=C(C1=C(O)[C@H]3CCC[C@H]3N(Cc3ccc(F)c(F)c3)C1=O)N2,O=C1C(C2=NS(=O)(=O)c3ccccc3N2)=CC2CCCC2N1Cc1ccccc1,37
CS(=O)(=O)Nc1ccc2c(c1)S(=O)(=O)N=C(C1=C(O)[C@H]3CCC[C@H]3N(Cc3ccc(F)cc3)C1=O)N2,0.0,CS(=O)(=O)Nc1ccc2c(c1)S(=O)(=O)N=C(C1=C(O)[C@H]3CCC[C@H]3N(Cc3ccc(F)cc3)C1=O)N2,O=C1C(C2=NS(=O)(=O)c3ccccc3N2)=CC2CCCC2N1Cc1ccccc1,36
CS(=O)(=O)Nc1ccc2c(c1)S(=O)(=O)N=C(C1=C(O)[C@H]3CCC[C@H]3N(Cc3cccc(C(F)(F)F)c3)C1=O)N2,0.0,CS(=O)(=O)Nc1ccc2c(c1)S(=O)(=O)N=C(C1=C(O)[C@H]3CCC[C@H]3N(Cc3cccc(C(F)(F)F)c3)C1=O)N2,O=C1C(C2=NS(=O)(=O)c3ccccc3N2)=CC2CCCC2N1Cc1ccccc1,39
CS(=O)(=O)Nc1ccc2c(c1)S(=O)(=O)N=C(c1c(O)c3cccn3n(Cc3ccc(F)cc3)c1=O)N2,0.0,CS(=O)(=O)Nc1ccc2c(c1)S(=O)(=O)N=C(c1c(O)c3cccn3n(Cc3ccc(F)cc3)c1=O)N2,O=c1c(C2=NS(=O)(=O)c3ccccc3N2)cc2cccn2n1Cc1ccccc1,36
CS(=O)(=O)Nc1ccc2c(c1)S(=O)(=O)NC(C1=C(O)[C@@H]3CCC[C@@H]3N(Cc3ccc(F)cc3)C1=O)=N2,0.0,CS(=O)(=O)Nc1ccc2c(c1)S(=O)(=O)NC(C1=C(O)[C@@H]3CCC[C@@H]3N(Cc3ccc(F)cc3)C1=O)=N2,O=C1C(C2=Nc3ccccc3S(=O)(=O)N2)=CC2CCCC2N1Cc1ccccc1,36
CS(=O)(=O)c1cc(Cl)ccc1CNC(=O)c1ccc(OCCC(F)(F)F)nc1,1.0,CS(=O)(=O)c1cc(Cl)ccc1CNC(=O)c1ccc(OCCC(F)(F)F)nc1,O=C(NCc1ccccc1)c1cccnc1,28
CS(=O)(=O)c1ccc(-c2cnc(N)c(-c3ccc(C(F)(F)F)cc3)n2)cc1,1.0,CS(=O)(=O)c1ccc(-c2cnc(N)c(-c3ccc(C(F)(F)F)cc3)n2)cc1,c1ccc(-c2cncc(-c3ccccc3)n2)cc1,27
CS(=O)(=O)c1ccc(-c2cnc(N)c(-c3ccc(C(F)(F)F)nc3)n2)cc1,1.0,CS(=O)(=O)c1ccc(-c2cnc(N)c(-c3ccc(C(F)(F)F)nc3)n2)cc1,c1ccc(-c2cncc(-c3cccnc3)n2)cc1,27
CS(=O)(=O)c1ccc(-c2nnc(/C=C/c3nnc(-c4ccc(C#N)cc4)o3)n2-c2ccccc2Cl)nc1,0.0,CS(=O)(=O)c1ccc(-c2nnc(/C=C/c3nnc(-c4ccc(C#N)cc4)o3)n2-c2ccccc2Cl)nc1,C(=Cc1nnc(-c2ccccn2)n1-c1ccccc1)c1nnc(-c2ccccc2)o1,37
CS(=O)(=O)c1ccc(-c2nnc(SCc3nnc(-c4ccc(Cl)cc4)o3)n2-c2ccccc2Cl)nc1,0.0,CS(=O)(=O)c1ccc(-c2nnc(SCc3nnc(-c4ccc(Cl)cc4)o3)n2-c2ccccc2Cl)nc1,c1ccc(-c2nnc(CSc3nnc(-c4ccccn4)n3-c3ccccc3)o2)cc1,36
CS(=O)(=O)c1ccc(-n2cc(Cl)c(OC3CCN(c4ncc(C(F)(F)F)cn4)CC3)cc2=O)c(F)c1,0.0,CS(=O)(=O)c1ccc(-n2cc(Cl)c(OC3CCN(c4ncc(C(F)(F)F)cn4)CC3)cc2=O)c(F)c1,O=c1cc(OC2CCN(c3ncccn3)CC2)ccn1-c1ccccc1,36
CS(=O)(=O)c1ccc(-n2cc(Cl)c(OC3CCN(c4ncc(C(F)(F)F)cn4)CC3)cc2=O)cc1,0.0,CS(=O)(=O)c1ccc(-n2cc(Cl)c(OC3CCN(c4ncc(C(F)(F)F)cn4)CC3)cc2=O)cc1,O=c1cc(OC2CCN(c3ncccn3)CC2)ccn1-c1ccccc1,35
CS(=O)(=O)c1ccc(-n2cc(Cl)c(OC3CCN(c4ncc(C(F)(F)F)cn4)CC3)cc2=O)cc1F,0.0,CS(=O)(=O)c1ccc(-n2cc(Cl)c(OC3CCN(c4ncc(C(F)(F)F)cn4)CC3)cc2=O)cc1F,O=c1cc(OC2CCN(c3ncccn3)CC2)ccn1-c1ccccc1,36
CS(=O)(=O)c1ccc(-n2cc(Cl)c(OC3CCN(c4ncc(Cl)cn4)CC3)cc2=O)c(F)c1,0.0,CS(=O)(=O)c1ccc(-n2cc(Cl)c(OC3CCN(c4ncc(Cl)cn4)CC3)cc2=O)c(F)c1,O=c1cc(OC2CCN(c3ncccn3)CC2)ccn1-c1ccccc1,33
CS(=O)(=O)c1ccc(-n2cc(Cl)c(OC3CCN(c4ncc(Cl)cn4)CC3)cc2=O)cc1,0.0,CS(=O)(=O)c1ccc(-n2cc(Cl)c(OC3CCN(c4ncc(Cl)cn4)CC3)cc2=O)cc1,O=c1cc(OC2CCN(c3ncccn3)CC2)ccn1-c1ccccc1,32
CS(=O)(=O)c1ccc(-n2cc(Cl)c(OC3CCN(c4ncc(Cl)cn4)CC3)cc2=O)cc1F,0.0,CS(=O)(=O)c1ccc(-n2cc(Cl)c(OC3CCN(c4ncc(Cl)cn4)CC3)cc2=O)cc1F,O=c1cc(OC2CCN(c3ncccn3)CC2)ccn1-c1ccccc1,33
CS(=O)(=O)c1ccc(C(CCNC(=O)c2ccc(C#N)nc2)c2ccc(F)cc2)cc1,1.0,CS(=O)(=O)c1ccc(C(CCNC(=O)c2ccc(C#N)nc2)c2ccc(F)cc2)cc1,O=C(NCCC(c1ccccc1)c1ccccc1)c1cccnc1,31
CS(=O)(=O)c1ccc(C(c2nnnn2Cc2ccccc2)N2CCCN(C3CCC3)CC2)cc1,0.0,CS(=O)(=O)c1ccc(C(c2nnnn2Cc2ccccc2)N2CCCN(C3CCC3)CC2)cc1,c1ccc(Cn2nnnc2C(c2ccccc2)N2CCCN(C3CCC3)CC2)cc1,34
CS(=O)(=O)c1ccc(CNC(=O)c2ccc(OCC(F)(F)F)nc2)c(Cl)c1,0.0,CS(=O)(=O)c1ccc(CNC(=O)c2ccc(OCC(F)(F)F)nc2)c(Cl)c1,O=C(NCc1ccccc1)c1cccnc1,27
CS(=O)(=O)c1ccc(CNC(=O)c2ccc(OCCC(F)(F)F)nc2)c(Cl)c1,0.0,CS(=O)(=O)c1ccc(CNC(=O)c2ccc(OCCC(F)(F)F)nc2)c(Cl)c1,O=C(NCc1ccccc1)c1cccnc1,28
CS(=O)(=O)c1ccc(CNC(=O)c2ccc(OCCC(F)(F)F)nc2)cc1,1.0,CS(=O)(=O)c1ccc(CNC(=O)c2ccc(OCCC(F)(F)F)nc2)cc1,O=C(NCc1ccccc1)c1cccnc1,27
CS(=O)(=O)c1cccc(C(=O)N[C@H](c2cn(C3(C#N)CC3)nn2)C2CCCCC2)c1,0.0,CS(=O)(=O)c1cccc(C(=O)N[C@H](c2cn(C3(C#N)CC3)nn2)C2CCCCC2)c1,O=C(NC(c1cn(C2CC2)nn1)C1CCCCC1)c1ccccc1,30
CS(=O)(=O)c1cccc(Oc2ccc(Cl)c(-n3cnc4c(C(F)(F)F)cccc43)c2)c1,0.0,CS(=O)(=O)c1cccc(Oc2ccc(Cl)c(-n3cnc4c(C(F)(F)F)cccc43)c2)c1,c1ccc(Oc2cccc(-n3cnc4ccccc43)c2)cc1,31
CS(=O)(=O)c1cccc(Oc2cccc(-c3c(CN4CCCCC4)nc4c(C(F)(F)F)cccn34)c2)c1,0.0,CS(=O)(=O)c1cccc(Oc2cccc(-c3c(CN4CCCCC4)nc4c(C(F)(F)F)cccn34)c2)c1,c1ccc(Oc2cccc(-c3c(CN4CCCCC4)nc4ccccn34)c2)cc1,37
CS(=O)(=O)c1cccc(Oc2cccc(-c3c(CN4CCSC4)nc4c(C(F)(F)F)cccn34)c2)c1,0.0,CS(=O)(=O)c1cccc(Oc2cccc(-c3c(CN4CCSC4)nc4c(C(F)(F)F)cccn34)c2)c1,c1ccc(Oc2cccc(-c3c(CN4CCSC4)nc4ccccn34)c2)cc1,36
CS(=O)(=O)c1cccc(Oc2cccc(-c3c(Cc4ccccc4)nc4c(C(F)(F)F)cccn34)c2)c1,0.0,CS(=O)(=O)c1cccc(Oc2cccc(-c3c(Cc4ccccc4)nc4c(C(F)(F)F)cccn34)c2)c1,c1ccc(Cc2nc3ccccn3c2-c2cccc(Oc3ccccc3)c2)cc1,37
CS(=O)(=O)c1cccc(Oc2cccc(-n3c(-c4ccccc4)nc4c(C(F)(F)F)cccc43)c2)c1,0.0,CS(=O)(=O)c1cccc(Oc2cccc(-n3c(-c4ccccc4)nc4c(C(F)(F)F)cccc43)c2)c1,c1ccc(Oc2cccc(-n3c(-c4ccccc4)nc4ccccc43)c2)cc1,36
CS(=O)(=O)c1cccc(Oc2cccc(-n3c(C(F)(F)F)nc4c(C(F)(F)F)cccc43)c2)c1,0.0,CS(=O)(=O)c1cccc(Oc2cccc(-n3c(C(F)(F)F)nc4c(C(F)(F)F)cccc43)c2)c1,c1ccc(Oc2cccc(-n3cnc4ccccc43)c2)cc1,34
CS(=O)(=O)c1cccc(Oc2cccc(-n3c(C4CC4)nc4c(C(F)(F)F)cccc43)c2)c1,0.0,CS(=O)(=O)c1cccc(Oc2cccc(-n3c(C4CC4)nc4c(C(F)(F)F)cccc43)c2)c1,c1ccc(Oc2cccc(-n3c(C4CC4)nc4ccccc43)c2)cc1,33
CS(=O)(=O)c1cccc(Oc2cccc(-n3c(Cc4ccc(F)cc4)nc4c(C(F)(F)F)cccc43)c2)c1,0.0,CS(=O)(=O)c1cccc(Oc2cccc(-n3c(Cc4ccc(F)cc4)nc4c(C(F)(F)F)cccc43)c2)c1,c1ccc(Cc2nc3ccccc3n2-c2cccc(Oc3ccccc3)c2)cc1,38
CS(=O)(=O)c1cccc(Oc2cccc(-n3cnc4c(C(F)(F)F)cccc43)c2)c1,0.0,CS(=O)(=O)c1cccc(Oc2cccc(-n3cnc4c(C(F)(F)F)cccc43)c2)c1,c1ccc(Oc2cccc(-n3cnc4ccccc43)c2)cc1,30
CS(=O)(=O)c1ccccc1-c1ccc(NC(=O)c2cc(C(F)(F)F)nn2-c2cccc(CN)c2)c(F)c1,0.0,CS(=O)(=O)c1ccccc1-c1ccc(NC(=O)c2cc(C(F)(F)F)nn2-c2cccc(CN)c2)c(F)c1,O=C(Nc1ccc(-c2ccccc2)cc1)c1ccnn1-c1ccccc1,37
CS(=O)(=O)c1cnc(O[C@H]2CC[C@H](OC3CCN(C(=O)OC(C(F)(F)F)C(F)(F)F)CC3)CC2)cn1,0.0,CS(=O)(=O)c1cnc(O[C@H]2CC[C@H](OC3CCN(C(=O)OC(C(F)(F)F)C(F)(F)F)CC3)CC2)cn1,c1cnc(OC2CCC(OC3CCNCC3)CC2)cn1,36
CS(=O)(=O)c1cnc(O[C@H]2CC[C@H](OC3CCN(C(=O)OC(CF)CF)CC3)CC2)cn1,0.0,CS(=O)(=O)c1cnc(O[C@H]2CC[C@H](OC3CCN(C(=O)OC(CF)CF)CC3)CC2)cn1,c1cnc(OC2CCC(OC3CCNCC3)CC2)cn1,32
CS(=O)(=O)c1cnc(O[C@H]2CC[C@H](OC3CCN(CC4(C(F)(F)F)CC4)CC3)CC2)cn1,0.0,CS(=O)(=O)c1cnc(O[C@H]2CC[C@H](OC3CCN(CC4(C(F)(F)F)CC4)CC3)CC2)cn1,c1cnc(OC2CCC(OC3CCN(CC4CC4)CC3)CC2)cn1,32
CSCCNC(=O)Cn1cc(CN2CCN(c3cc(C(=O)Nc4ccc5c(c4)-c4c(c(C(N)=O)nn4-c4ccc(F)cc4)CC5)c(Cl)cn3)CC2)cn1,0.0,CSCCNC(=O)Cn1cc(CN2CCN(c3cc(C(=O)Nc4ccc5c(c4)-c4c(c(C(N)=O)nn4-c4ccc(F)cc4)CC5)c(Cl)cn3)CC2)cn1,O=C(Nc1ccc2c(c1)-c1c(cnn1-c1ccccc1)CC2)c1ccnc(N2CCN(Cc3cn[nH]c3)CC2)c1,53
C[C@@H](OC(=O)N1CCC(O[C@H]2CC[C@H](Oc3cnc(S(C)(=O)=O)cn3)CC2)CC1)C(F)(F)F,0.0,C[C@@H](OC(=O)N1CCC(O[C@H]2CC[C@H](Oc3cnc(S(C)(=O)=O)cn3)CC2)CC1)C(F)(F)F,c1cnc(OC2CCC(OC3CCNCC3)CC2)cn1,33
C[C@@H](c1ccc(Cl)cc1)N1Cc2cncn2C(CC(C)(C)O)S1(=O)=O,1.0,C[C@@H](c1ccc(Cl)cc1)N1Cc2cncn2C(CC(C)(C)O)S1(=O)=O,O=S1(=O)Cn2cncc2CN1Cc1ccccc1,25
C[C@@H](c1ccc(Cl)cc1)N1Cc2cncn2C(CC2(C)COC2)S1(=O)=O,0.0,C[C@@H](c1ccc(Cl)cc1)N1Cc2cncn2C(CC2(C)COC2)S1(=O)=O,O=S1(=O)C(CC2COC2)n2cncc2CN1Cc1ccccc1,26
C[C@@H](c1ccc(Cl)cc1)N1Cc2cncn2C(CC2CC2)S1(=O)=O,0.0,C[C@@H](c1ccc(Cl)cc1)N1Cc2cncn2C(CC2CC2)S1(=O)=O,O=S1(=O)C(CC2CC2)n2cncc2CN1Cc1ccccc1,24
C[C@@H](c1ccc(Cl)cc1)N1Cc2cncn2C(C[C@@H](O)c2ccccc2)S1(=O)=O,0.0,C[C@@H](c1ccc(Cl)cc1)N1Cc2cncn2C(C[C@@H](O)c2ccccc2)S1(=O)=O,O=S1(=O)C(CCc2ccccc2)n2cncc2CN1Cc1ccccc1,29
C[C@@H](c1ccc(Cl)cc1)N1Cc2cncn2C(C[C@H](O)c2ccccc2)S1(=O)=O,0.0,C[C@@H](c1ccc(Cl)cc1)N1Cc2cncn2C(C[C@H](O)c2ccccc2)S1(=O)=O,O=S1(=O)C(CCc2ccccc2)n2cncc2CN1Cc1ccccc1,29
C[C@@H]1C(=O)N[C@H](Cc2ccc(F)cc2)C(=O)NCCCc2ccc(F)cc2OCCN[C@@H](C2CC2)C(=O)N1C,1.0,C[C@@H]1C(=O)N[C@H](Cc2ccc(F)cc2)C(=O)NCCCc2ccc(F)cc2OCCN[C@@H](C2CC2)C(=O)N1C,O=C1CNC(=O)C(C2CC2)NCCOc2ccccc2CCCNC(=O)C(Cc2ccccc2)N1,39
C[C@@H]1CCC(N2CC[C@]3(CN(C(=O)c4cc5ccc(F)cc5[nH]4)c4ccccc43)C2)CN1,0.0,C[C@@H]1CCC(N2CC[C@]3(CN(C(=O)c4cc5ccc(F)cc5[nH]4)c4ccccc43)C2)CN1,O=C(c1cc2ccccc2[nH]1)N1CC2(CCN(C3CCCNC3)C2)c2ccccc21,32
C[C@@H]1CCCN1CCCOc1ccc(-c2ccc(=O)[nH]n2)cc1,0.0,C[C@@H]1CCCN1CCCOc1ccc(-c2ccc(=O)[nH]n2)cc1.Cl,O=c1ccc(-c2ccc(OCCCN3CCCC3)cc2)n[nH]1,23
C[C@@H]1CCCN1CCCOc1ccc(-c2ccc(=O)n(-c3ncccn3)n2)cc1,0.0,C[C@@H]1CCCN1CCCOc1ccc(-c2ccc(=O)n(-c3ncccn3)n2)cc1,O=c1ccc(-c2ccc(OCCCN3CCCC3)cc2)nn1-c1ncccn1,29
C[C@@H]1CCCN1CCCOc1ccc(-c2ccc(=O)n(C)c2)cc1,0.0,C[C@@H]1CCCN1CCCOc1ccc(-c2ccc(=O)n(C)c2)cc1,O=c1ccc(-c2ccc(OCCCN3CCCC3)cc2)c[nH]1,24
C[C@@H]1CCCN1CCCOc1ccc(-c2ccc(=O)n(C)n2)cc1,0.0,C[C@@H]1CCCN1CCCOc1ccc(-c2ccc(=O)n(C)n2)cc1,O=c1ccc(-c2ccc(OCCCN3CCCC3)cc2)n[nH]1,24
C[C@@H]1CCCN1CCCOc1ccc(-c2ccc(=O)n(C)n2)cc1F,0.0,C[C@@H]1CCCN1CCCOc1ccc(-c2ccc(=O)n(C)n2)cc1F,O=c1ccc(-c2ccc(OCCCN3CCCC3)cc2)n[nH]1,25
C[C@@H]1CCCN1CCCOc1ccc(C(=O)C(C)(C)N2CCOCC2)cc1,0.0,C[C@@H]1CCCN1CCCOc1ccc(C(=O)C(C)(C)N2CCOCC2)cc1,O=C(CN1CCOCC1)c1ccc(OCCCN2CCCC2)cc1,27
C[C@@H]1CCCN1CCCOc1ccc(C(=O)CN2CCN(C(=O)c3ccccc3)CC2)cc1,0.0,C[C@@H]1CCCN1CCCOc1ccc(C(=O)CN2CCN(C(=O)c3ccccc3)CC2)cc1,O=C(CN1CCN(C(=O)c2ccccc2)CC1)c1ccc(OCCCN2CCCC2)cc1,33
C[C@@H]1CCCN1CCCOc1ccc(C(=O)CN2CCOCC2)cc1,0.0,C[C@@H]1CCCN1CCCOc1ccc(C(=O)CN2CCOCC2)cc1,O=C(CN1CCOCC1)c1ccc(OCCCN2CCCC2)cc1,25
C[C@@H]1CCCN1CCCOc1ccc(C2=NNC(=O)C(C)(C)C2)cc1,0.0,C[C@@H]1CCCN1CCCOc1ccc(C2=NNC(=O)C(C)(C)C2)cc1,O=C1CCC(c2ccc(OCCCN3CCCC3)cc2)=NN1,25
C[C@@H]1CCCN1CCCOc1ccc(C2=NNC(=O)C3CC23)cc1,0.0,C[C@@H]1CCCN1CCCOc1ccc(C2=NNC(=O)C3CC23)cc1,O=C1NN=C(c2ccc(OCCCN3CCCC3)cc2)C2CC12,24
C[C@@H]1CCCN1CCCOc1ccc(C2=NNC(=O)CC2)cc1,0.0,C[C@@H]1CCCN1CCCOc1ccc(C2=NNC(=O)CC2)cc1,O=C1CCC(c2ccc(OCCCN3CCCC3)cc2)=NN1,23
C[C@@H]1CCCN1CCCOc1ccc(C2=NNC(=O)[C@@H]3C[C@H]23)cc1,0.0,C[C@@H]1CCCN1CCCOc1ccc(C2=NNC(=O)[C@@H]3C[C@H]23)cc1,O=C1NN=C(c2ccc(OCCCN3CCCC3)cc2)C2CC12,24
C[C@@H]1CCCN1CCCOc1ccc(C2=NNC(=O)[C@H]3C[C@@H]23)cc1,0.0,C[C@@H]1CCCN1CCCOc1ccc(C2=NNC(=O)[C@H]3C[C@@H]23)cc1,O=C1NN=C(c2ccc(OCCCN3CCCC3)cc2)C2CC12,24
C[C@@H]1CCCN1CCc1ccc(-c2ccc(=O)n(-c3ccc(F)cc3)n2)cc1,0.0,C[C@@H]1CCCN1CCc1ccc(-c2ccc(=O)n(-c3ccc(F)cc3)n2)cc1,O=c1ccc(-c2ccc(CCN3CCCC3)cc2)nn1-c1ccccc1,28
C[C@@H]1CCCN1CCc1ccc(-c2ccc(=O)n(C)n2)cc1,0.0,C[C@@H]1CCCN1CCc1ccc(-c2ccc(=O)n(C)n2)cc1,O=c1ccc(-c2ccc(CCN3CCCC3)cc2)n[nH]1,22
C[C@@H]1CCN(C(=O)C2Cc3cc(Cl)ccc3O2)C[C@@H]1N(C)c1ncnc2[nH]ccc12,0.0,C[C@@H]1CCN(C(=O)C2Cc3cc(Cl)ccc3O2)C[C@@H]1N(C)c1ncnc2[nH]ccc12,O=C(C1Cc2ccccc2O1)N1CCCC(Nc2ncnc3[nH]ccc23)C1,30
C[C@@H]1CCN(C(=O)CC#N)C[C@@H]1N(C)c1ncnc2[nH]ccc12,0.0,C[C@@H]1CCN(C(=O)CC#N)C[C@@H]1N(C)c1ncnc2[nH]ccc12,c1nc(NC2CCCNC2)c2cc[nH]c2n1,23
C[C@@H]1CCN(C(=O)CC(F)(F)F)C[C@@H]1N(C)c1ncnc2[nH]ccc12,0.0,C[C@@H]1CCN(C(=O)CC(F)(F)F)C[C@@H]1N(C)c1ncnc2[nH]ccc12,c1nc(NC2CCCNC2)c2cc[nH]c2n1,25
C[C@@H]1CCN(C(=O)CC2CC2)C[C@@H]1N(C)c1ncnc2[nH]ccc12,0.0,C[C@@H]1CCN(C(=O)CC2CC2)C[C@@H]1N(C)c1ncnc2[nH]ccc12,O=C(CC1CC1)N1CCCC(Nc2ncnc3[nH]ccc23)C1,24
C[C@@H]1CCN(C(=O)CO)C[C@@H]1N(C)c1ncnc2[nH]ccc12,0.0,C[C@@H]1CCN(C(=O)CO)C[C@@H]1N(C)c1ncnc2[nH]ccc12,c1nc(NC2CCCNC2)c2cc[nH]c2n1,22
C[C@@H]1CCN(Cc2cccc(F)c2F)C[C@@H]1N(C)c1ncnc2[nH]ccc12,0.0,C[C@@H]1CCN(Cc2cccc(F)c2F)C[C@@H]1N(C)c1ncnc2[nH]ccc12,c1ccc(CN2CCCC(Nc3ncnc4[nH]ccc34)C2)cc1,27
C[C@@H]1CCN(S(=O)(=O)CC(F)(F)F)C[C@@H]1N(C)c1ncnc2[nH]ccc12,0.0,C[C@@H]1CCN(S(=O)(=O)CC(F)(F)F)C[C@@H]1N(C)c1ncnc2[nH]ccc12,c1nc(NC2CCCNC2)c2cc[nH]c2n1,26
C[C@@H]1CC[C@H]([C@@H](C)CO)C[C@@H]1N(C)c1ncnc2[nH]ccc12,0.0,C[C@@H](CO)[C@H]1CC[C@@H](C)[C@@H](N(C)c2ncnc3[nH]ccc23)C1,c1nc(NC2CCCCC2)c2cc[nH]c2n1,22
C[C@@H]1CC[C@H]([C@@H](C)COCC(=O)NCc2ccccc2)C[C@@H]1N(C)c1ncnc2[nH]ccc12,0.0,C[C@@H](COCC(=O)NCc1ccccc1)[C@H]1CC[C@@H](C)[C@@H](N(C)c2ncnc3[nH]ccc23)C1,O=C(COCCC1CCCC(Nc2ncnc3[nH]ccc23)C1)NCc1ccccc1,33
C[C@@H]1CN(C(=O)c2ccccc2)CCN1C(=O)C(=O)c1c[nH]c2c(-c3nnn[nH]3)ccc(F)c12,0.0,C[C@@H]1CN(C(=O)c2ccccc2)CCN1C(=O)C(=O)c1c[nH]c2c(-c3nnn[nH]3)ccc(F)c12,O=C(C(=O)N1CCN(C(=O)c2ccccc2)CC1)c1c[nH]c2c(-c3nnn[nH]3)cccc12,34
C[C@@H]1CN(C(=O)c2ccccc2)CCN1C(=O)C(=O)c1c[nH]c2c(C(N)=O)ccc(F)c12,1.0,C[C@@H]1CN(C(=O)c2ccccc2)CCN1C(=O)C(=O)c1c[nH]c2c(C(N)=O)ccc(F)c12,O=C(C(=O)N1CCN(C(=O)c2ccccc2)CC1)c1c[nH]c2ccccc12,32
C[C@@H]1CN(C(=O)c2ccccc2)CCN1C(=O)C(=O)c1c[nH]c2ccccc12,1.0,C[C@@H]1CN(C(=O)c2ccccc2)CCN1C(=O)C(=O)c1c[nH]c2ccccc12,O=C(C(=O)N1CCN(C(=O)c2ccccc2)CC1)c1c[nH]c2ccccc12,28
C[C@@H]1CN(C(=O)c2ccccc2)CCN1C(=O)C(=O)c1c[nH]c2cccnc12,1.0,C[C@@H]1CN(C(=O)c2ccccc2)CCN1C(=O)C(=O)c1c[nH]c2cccnc12,O=C(C(=O)N1CCN(C(=O)c2ccccc2)CC1)c1c[nH]c2cccnc12,28
C[C@@H]1CN(C(=O)c2ccccc2)CCN1C(=O)C(=O)c1c[nH]c2ccncc12,1.0,C[C@@H]1CN(C(=O)c2ccccc2)CCN1C(=O)C(=O)c1c[nH]c2ccncc12,O=C(C(=O)N1CCN(C(=O)c2ccccc2)CC1)c1c[nH]c2ccncc12,28
C[C@@H]1CN(C(=O)c2ccccc2)CCN1C(=O)C(=O)c1c[nH]c2cnccc12,1.0,C[C@@H]1CN(C(=O)c2ccccc2)CCN1C(=O)C(=O)c1c[nH]c2cnccc12,O=C(C(=O)N1CCN(C(=O)c2ccccc2)CC1)c1c[nH]c2cnccc12,28
C[C@@H]1CN(C(=O)c2ccccc2)CCN1C(=O)C(=O)c1c[nH]c2ncccc12,1.0,C[C@@H]1CN(C(=O)c2ccccc2)CCN1C(=O)C(=O)c1c[nH]c2ncccc12,O=C(C(=O)N1CCN(C(=O)c2ccccc2)CC1)c1c[nH]c2ncccc12,28
C[C@@H]1CN(C(c2ccc(F)cc2)c2nnnn2Cc2ccccc2)CCN1C1CCC1,0.0,C[C@@H]1CN(C(c2ccc(F)cc2)c2nnnn2Cc2ccccc2)CCN1C1CCC1,c1ccc(Cn2nnnc2C(c2ccccc2)N2CCN(C3CCC3)CC2)cc1,31
C[C@@H]1CN(C(c2ccc(F)cc2)c2nnnn2Cc2ccccc2)C[C@H](C)N1C1CCC1,0.0,C[C@H]1CN(C(c2ccc(F)cc2)c2nnnn2Cc2ccccc2)C[C@@H](C)N1C1CCC1,c1ccc(Cn2nnnc2C(c2ccccc2)N2CCN(C3CCC3)CC2)cc1,32
C[C@@H]1CN(Cc2ccc(/C=C/c3[nH]nc4cc([C@@H]5C[C@@]56C(=O)Nc5ccccc56)ccc34)cc2)C[C@H](C)O1,0.0,C[C@H]1CN(Cc2ccc(/C=C/c3[nH]nc4cc([C@@H]5C[C@@]56C(=O)Nc5ccccc56)ccc34)cc2)C[C@@H](C)O1,O=C1Nc2ccccc2C12CC2c1ccc2c(C=Cc3ccc(CN4CCOCC4)cc3)[nH]nc2c1,38
C[C@@H]1CN(c2ccc(C(N)=O)cc2C(F)(F)F)CCN1S(=O)(=O)c1ccc([C@@](C)(O)C(F)(F)F)s1,0.0,C[C@@H]1CN(c2ccc(C(N)=O)cc2C(F)(F)F)CCN1S(=O)(=O)c1ccc([C@@](C)(O)C(F)(F)F)s1,O=S(=O)(c1cccs1)N1CCN(c2ccccc2)CC1,35
C[C@@H]1CN(c2ccc(C(N)=O)cc2C(F)(F)F)CCN1S(=O)(=O)c1ccc([C@](C)(O)C(F)(F)F)s1,0.0,C[C@@H]1CN(c2ccc(C(N)=O)cc2C(F)(F)F)CCN1S(=O)(=O)c1ccc([C@](C)(O)C(F)(F)F)s1,O=S(=O)(c1cccs1)N1CCN(c2ccccc2)CC1,35
C[C@@H]1CN(c2ccc(F)cc2C(F)(F)F)CCN1S(=O)(=O)c1ccc(C(C)(O)C(F)(F)F)s1,0.0,C[C@@H]1CN(c2ccc(F)cc2C(F)(F)F)CCN1S(=O)(=O)c1ccc(C(C)(O)C(F)(F)F)s1,O=S(=O)(c1cccs1)N1CCN(c2ccccc2)CC1,33
C[C@@H]1CN(c2ccc(F)cc2C(F)(F)F)CCN1S(=O)(=O)c1ccc([C@@](C)(O)C(F)(F)F)s1,0.0,C[C@@H]1CN(c2ccc(F)cc2C(F)(F)F)CCN1S(=O)(=O)c1ccc([C@@](C)(O)C(F)(F)F)s1,O=S(=O)(c1cccs1)N1CCN(c2ccccc2)CC1,33
C[C@@H]1CN(c2ccc(F)cc2C(F)(F)F)CCN1S(=O)(=O)c1ccc([C@@](O)(C(N)=O)C(F)(F)F)cc1,0.0,C[C@@H]1CN(c2ccc(F)cc2C(F)(F)F)CCN1S(=O)(=O)c1ccc([C@@](O)(C(N)=O)C(F)(F)F)cc1,O=S(=O)(c1ccccc1)N1CCN(c2ccccc2)CC1,36
C[C@@H]1CN(c2ccc(F)cc2C(F)(F)F)CCN1S(=O)(=O)c1ccc([C@@](O)(C(N)=O)C(F)(F)F)s1,0.0,C[C@@H]1CN(c2ccc(F)cc2C(F)(F)F)CCN1S(=O)(=O)c1ccc([C@@](O)(C(N)=O)C(F)(F)F)s1,O=S(=O)(c1cccs1)N1CCN(c2ccccc2)CC1,35
C[C@@H]1CN(c2ccc(F)cc2C(F)(F)F)CCN1S(=O)(=O)c1ccc([C@](C)(O)C(F)(F)F)s1,0.0,C[C@@H]1CN(c2ccc(F)cc2C(F)(F)F)CCN1S(=O)(=O)c1ccc([C@](C)(O)C(F)(F)F)s1,O=S(=O)(c1cccs1)N1CCN(c2ccccc2)CC1,33
C[C@@H]1CN(c2ccc(F)cc2C(F)(F)F)CCN1S(=O)(=O)c1ccc([C@](O)(C(N)=O)C(F)(F)F)cc1,0.0,C[C@@H]1CN(c2ccc(F)cc2C(F)(F)F)CCN1S(=O)(=O)c1ccc([C@](O)(C(N)=O)C(F)(F)F)cc1,O=S(=O)(c1ccccc1)N1CCN(c2ccccc2)CC1,36
C[C@@H]1CN(c2ccc(F)cc2C(F)(F)F)CCN1S(=O)(=O)c1ccc([C@](O)(C(N)=O)C(F)(F)F)s1,0.0,C[C@@H]1CN(c2ccc(F)cc2C(F)(F)F)CCN1S(=O)(=O)c1ccc([C@](O)(C(N)=O)C(F)(F)F)s1,O=S(=O)(c1cccs1)N1CCN(c2ccccc2)CC1,35
C[C@@H]1CN(c2ccc(F)cc2C(F)(F)F)CCN1S(=O)(=O)c1cccc(-n2cncn2)c1,0.0,C[C@@H]1CN(c2ccc(F)cc2C(F)(F)F)CCN1S(=O)(=O)c1cccc(-n2cncn2)c1,O=S(=O)(c1cccc(-n2cncn2)c1)N1CCN(c2ccccc2)CC1,32
C[C@@H]1CN(c2ccc(F)cc2C(F)(F)F)CCN1S(=O)(=O)c1cccc(N2CCC(C(=O)O)C2)c1,0.0,C[C@@H]1CN(c2ccc(F)cc2C(F)(F)F)CCN1S(=O)(=O)c1cccc(N2CCC(C(=O)O)C2)c1,O=S(=O)(c1cccc(N2CCCC2)c1)N1CCN(c2ccccc2)CC1,35
C[C@@H]1CN(c2ccc(F)cc2C(F)(F)F)CCN1S(=O)(=O)c1cccc(N2CCC(O)C2)c1,0.0,C[C@@H]1CN(c2ccc(F)cc2C(F)(F)F)CCN1S(=O)(=O)c1cccc(N2CCC(O)C2)c1,O=S(=O)(c1cccc(N2CCCC2)c1)N1CCN(c2ccccc2)CC1,33
C[C@@H]1CN(c2ccc(F)cc2C(F)(F)F)CCN1S(=O)(=O)c1cccc(N2CCN(C)CC2)c1,0.0,C[C@@H]1CN(c2ccc(F)cc2C(F)(F)F)CCN1S(=O)(=O)c1cccc(N2CCN(C)CC2)c1,O=S(=O)(c1cccc(N2CCNCC2)c1)N1CCN(c2ccccc2)CC1,34
C[C@@H]1CN(c2ccc(F)cc2C(F)(F)F)CCN1S(=O)(=O)c1cccc(OC(C)(C)C(=O)O)c1,0.0,C[C@@H]1CN(c2ccc(F)cc2C(F)(F)F)CCN1S(=O)(=O)c1cccc(OC(C)(C)C(=O)O)c1,O=S(=O)(c1ccccc1)N1CCN(c2ccccc2)CC1,34
C[C@@H]1CN(c2ccc(F)cc2C(F)(F)F)CCN1S(=O)(=O)c1cccc([C@@](O)(C(N)=O)C(F)(F)F)c1,0.0,C[C@@H]1CN(c2ccc(F)cc2C(F)(F)F)CCN1S(=O)(=O)c1cccc([C@@](O)(C(N)=O)C(F)(F)F)c1,O=S(=O)(c1ccccc1)N1CCN(c2ccccc2)CC1,36
C[C@@H]1CN(c2ccc(F)cc2C(F)(F)F)CCN1S(=O)(=O)c1cccc([C@](O)(C(N)=O)C(F)(F)F)c1,0.0,C[C@@H]1CN(c2ccc(F)cc2C(F)(F)F)CCN1S(=O)(=O)c1cccc([C@](O)(C(N)=O)C(F)(F)F)c1,O=S(=O)(c1ccccc1)N1CCN(c2ccccc2)CC1,36
C[C@@H]1CN(c2ccc(F)cc2C(F)(F)F)CCN1S(=O)(=O)c1cn(C)c(C(C)(O)C(F)(F)F)n1,0.0,C[C@@H]1CN(c2ccc(F)cc2C(F)(F)F)CCN1S(=O)(=O)c1cn(C)c(C(C)(O)C(F)(F)F)n1,O=S(=O)(c1c[nH]cn1)N1CCN(c2ccccc2)CC1,34
C[C@@H]1CN(c2ccc(F)cc2C(F)(F)F)CCN1S(=O)(=O)c1nc(C(C)(O)C(F)(F)F)n(C)n1,0.0,C[C@@H]1CN(c2ccc(F)cc2C(F)(F)F)CCN1S(=O)(=O)c1nc(C(C)(O)C(F)(F)F)n(C)n1,O=S(=O)(c1nc[nH]n1)N1CCN(c2ccccc2)CC1,34
C[C@@H]1CN(c2ccc(F)cc2C(F)(F)F)CCN1S(=O)(=O)c1ncc([C@@](O)(C(N)=O)C(F)(F)F)s1,0.0,C[C@@H]1CN(c2ccc(F)cc2C(F)(F)F)CCN1S(=O)(=O)c1ncc([C@@](O)(C(N)=O)C(F)(F)F)s1,O=S(=O)(c1nccs1)N1CCN(c2ccccc2)CC1,35
C[C@@H]1CN(c2ccc(F)cc2C(F)(F)F)CCN1S(=O)(=O)c1ncc([C@](O)(C(N)=O)C(F)(F)F)s1,0.0,C[C@@H]1CN(c2ccc(F)cc2C(F)(F)F)CCN1S(=O)(=O)c1ncc([C@](O)(C(N)=O)C(F)(F)F)s1,O=S(=O)(c1nccs1)N1CCN(c2ccccc2)CC1,35
C[C@@H]1CN(c2ccccc2C(F)(F)F)CCN1S(=O)(=O)c1ccc(Cl)c(Cl)c1,0.0,C[C@@H]1CN(c2ccccc2C(F)(F)F)CCN1S(=O)(=O)c1ccc(Cl)c(Cl)c1,O=S(=O)(c1ccccc1)N1CCN(c2ccccc2)CC1,28
C[C@@H]1CN(c2ncccc2Cl)C[C@H](C)N1S(=O)(=O)c1ccc(Cl)c(Cl)c1,0.0,C[C@H]1CN(c2ncccc2Cl)C[C@@H](C)N1S(=O)(=O)c1ccc(Cl)c(Cl)c1,O=S(=O)(c1ccccc1)N1CCN(c2ccccn2)CC1,26
C[C@@H]1CN(c2ncccc2Cl)[C@@H](C)CN1S(=O)(=O)c1ccc(Cl)c(Cl)c1,0.0,C[C@H]1CN(S(=O)(=O)c2ccc(Cl)c(Cl)c2)[C@H](C)CN1c1ncccc1Cl,O=S(=O)(c1ccccc1)N1CCN(c2ccccn2)CC1,26
C[C@@H]1CN[C@@H](C2CC2)C(=O)N(C)[C@H](C)C(=O)N[C@H](Cc2ccc(F)cc2)C(=O)NCCCc2ccccc2O1,1.0,C[C@@H]1CN[C@@H](C2CC2)C(=O)N(C)[C@H](C)C(=O)N[C@H](Cc2ccc(F)cc2)C(=O)NCCCc2ccccc2O1.Cl.O,O=C1CNC(=O)C(C2CC2)NCCOc2ccccc2CCCNC(=O)C(Cc2ccccc2)N1,39
C[C@H](CO)n1ccc2c(NC(=O)Cc3ccc(Cl)c(C(F)(F)F)c3)cccc2c1=O,0.0,C[C@H](CO)n1ccc2c(NC(=O)Cc3ccc(Cl)c(C(F)(F)F)c3)cccc2c1=O,O=C(Cc1ccccc1)Nc1cccc2c(=O)[nH]ccc12,30
C[C@H](COc1ccc(-c2ccc(=O)n(C)n2)cc1)CN1CCC[C@H]1C,0.0,C[C@H](COc1ccc(-c2ccc(=O)n(C)n2)cc1)CN1CCC[C@H]1C,O=c1ccc(-c2ccc(OCCCN3CCCC3)cc2)n[nH]1,25
C[C@H](COc1ccc(-c2cn[nH]c(=O)c2)cc1)CN1CCC[C@H]1C,0.0,C[C@H](COc1ccc(-c2cn[nH]c(=O)c2)cc1)CN1CCC[C@H]1C,O=c1cc(-c2ccc(OCCCN3CCCC3)cc2)cn[nH]1,24
C[C@H](COc1ccc(C2=NNC(=O)C3CC23)cc1)CN1CCC[C@H]1C,0.0,C[C@H](COc1ccc(C2=NNC(=O)C3CC23)cc1)CN1CCC[C@H]1C,O=C1NN=C(c2ccc(OCCCN3CCCC3)cc2)C2CC12,25
C[C@H](OC(=O)N1CCC(O[C@H]2CC[C@H](Oc3cnc(S(C)(=O)=O)cn3)CC2)CC1)C(F)(F)F,0.0,C[C@H](OC(=O)N1CCC(O[C@H]2CC[C@H](Oc3cnc(S(C)(=O)=O)cn3)CC2)CC1)C(F)(F)F,c1cnc(OC2CCC(OC3CCNCC3)CC2)cn1,33
C[C@]1(F)CCC[C@H]1Nc1c(C(N)=O)cnn2cccc12,0.0,C[C@]1(F)CCC[C@H]1Nc1c(C(N)=O)cnn2cccc12,c1cc2c(NC3CCCC3)ccnn2c1,20
C[C@]12CC[C@H](NS(N)(=O)=O)C[C@@H]1CC[C@@H]1[C@@H]2CC[C@]2(C)[C@@H](C(=O)CO)CC[C@@H]12,0.0,C[C@]12CC[C@H](NS(N)(=O)=O)C[C@@H]1CC[C@@H]1[C@@H]2CC[C@]2(C)[C@@H](C(=O)CO)CC[C@@H]12,C1CCC2C(C1)CCC1C3CCCC3CCC21,28
Cc1[nH]c2ccccc2c1CC(=O)N1Cc2ccc(/C=C/C(=O)NO)cc2C1,1.0,Cc1[nH]c2ccccc2c1CC(=O)N1Cc2ccc(/C=C/C(=O)NO)cc2C1,O=C(Cc1c[nH]c2ccccc12)N1Cc2ccccc2C1,28
Cc1[nH]c2ccccc2c1CCN1Cc2ccc(/C=C/C(=O)NO)cc2C1,0.0,Cc1[nH]c2ccccc2c1CCN1Cc2ccc(/C=C/C(=O)NO)cc2C1,c1ccc2c(c1)CN(CCc1c[nH]c3ccccc13)C2,27
Cc1[nH]c2ncnc(-c3ccc(NC(=O)N(CCN(C)C)c4ccc(Cl)cc4)c(F)c3)c2c1C,0.0,Cc1[nH]c2ncnc(-c3ccc(NC(=O)N(CCN(C)C)c4ccc(Cl)cc4)c(F)c3)c2c1C,O=C(Nc1ccccc1)Nc1ccc(-c2ncnc3[nH]ccc23)cc1,34
Cc1[nH]c2ncnc(-c3ccc(NC(=O)N(CCN)c4ccc(Cl)cc4)c(F)c3)c2c1C,0.0,Cc1[nH]c2ncnc(-c3ccc(NC(=O)N(CCN)c4ccc(Cl)cc4)c(F)c3)c2c1C,O=C(Nc1ccccc1)Nc1ccc(-c2ncnc3[nH]ccc23)cc1,32
Cc1[nH]c2ncnc(-c3ccc(NC(=O)N(CCO)c4ccc(Cl)cc4)c(F)c3)c2c1C,0.0,Cc1[nH]c2ncnc(-c3ccc(NC(=O)N(CCO)c4ccc(Cl)cc4)c(F)c3)c2c1C,O=C(Nc1ccccc1)Nc1ccc(-c2ncnc3[nH]ccc23)cc1,32
Cc1[nH]c2ncnc(-c3ccc(NC(=O)Nc4cccc(C(=O)NC(C)C)c4)cc3)c2c1C,0.0,Cc1[nH]c2ncnc(-c3ccc(NC(=O)Nc4cccc(C(=O)NC(C)C)c4)cc3)c2c1C,O=C(Nc1ccccc1)Nc1ccc(-c2ncnc3[nH]ccc23)cc1,33
Cc1[nH]nc2c(CO)ccc(Oc3cc(C#N)cc(C#N)c3)c12,0.0,Cc1[nH]nc2c(CO)ccc(Oc3cc(C#N)cc(C#N)c3)c12,c1ccc(Oc2cccc3n[nH]cc23)cc1,23
Cc1[nH]nc2ccc(F)c(Oc3cc(C#N)cc(C#N)c3)c12,0.0,Cc1[nH]nc2ccc(F)c(Oc3cc(C#N)cc(C#N)c3)c12,c1ccc(Oc2cccc3n[nH]cc23)cc1,22
Cc1c(-c2ccc(OCCCN3CCCCC3)cc2)cc2ccccn12,0.0,Cc1c(-c2ccc(OCCCN3CCCCC3)cc2)cc2ccccn12,c1ccn2cc(-c3ccc(OCCCN4CCCCC4)cc3)cc2c1,26
Cc1c(C(=O)Nc2cc(Cl)ccn2)nn(C)c1-c1ccc(F)cc1,0.0,Cc1c(C(=O)Nc2cc(Cl)ccn2)nn(C)c1-c1ccc(F)cc1,O=C(Nc1ccccn1)c1cc(-c2ccccc2)[nH]n1,24
Cc1c(C(=O)Nc2ccc(Cl)cn2)nn(C)c1-c1ccc(F)cc1,1.0,Cc1c(C(=O)Nc2ccc(Cl)cn2)nn(C)c1-c1ccc(F)cc1,O=C(Nc1ccccn1)c1cc(-c2ccccc2)[nH]n1,24
Cc1c(C(=O)Nc2ccc(F)cn2)nn(C)c1-c1ccc(F)cc1,1.0,Cc1c(C(=O)Nc2ccc(F)cn2)nn(C)c1-c1ccc(F)cc1,O=C(Nc1ccccn1)c1cc(-c2ccccc2)[nH]n1,24
Cc1c(C(=O)Nc2cccc(C(F)(F)F)n2)nn(C)c1-c1ccc(F)cc1,1.0,Cc1c(C(=O)Nc2cccc(C(F)(F)F)n2)nn(C)c1-c1ccc(F)cc1,O=C(Nc1ccccn1)c1cc(-c2ccccc2)[nH]n1,27
Cc1c(C(=O)Nc2cccc(Cl)n2)nn(C)c1-c1ccc(F)cc1,0.0,Cc1c(C(=O)Nc2cccc(Cl)n2)nn(C)c1-c1ccc(F)cc1,O=C(Nc1ccccn1)c1cc(-c2ccccc2)[nH]n1,24
Cc1c(C(=O)Nc2ccnc(Cl)c2)nn(C)c1-c1ccc(F)cc1,1.0,Cc1c(C(=O)Nc2ccnc(Cl)c2)nn(C)c1-c1ccc(F)cc1,O=C(Nc1ccncc1)c1cc(-c2ccccc2)[nH]n1,24
Cc1c(C(=O)Nc2ccnc(Cl)n2)nn(C)c1-c1ccc(F)cc1,1.0,Cc1c(C(=O)Nc2ccnc(Cl)n2)nn(C)c1-c1ccc(F)cc1,O=C(Nc1ccncn1)c1cc(-c2ccccc2)[nH]n1,24
Cc1c(C(=O)Nc2ccnc(F)c2)nn(C)c1-c1ccc(F)cc1,1.0,Cc1c(C(=O)Nc2ccnc(F)c2)nn(C)c1-c1ccc(F)cc1,O=C(Nc1ccncc1)c1cc(-c2ccccc2)[nH]n1,24
Cc1c(CN(C2CCOCC2)[C@H]2CCNC2)cccc1C(F)(F)F,0.0,Cc1c(CN(C2CCOCC2)[C@H]2CCNC2)cccc1C(F)(F)F,c1ccc(CN(C2CCOCC2)C2CCNC2)cc1,24
Cc1c(Cc2cc(Cl)cc(Cl)c2)c(C(C)C)nn1CCO,0.0,Cc1c(Cc2cc(Cl)cc(Cl)c2)c(C(C)C)nn1CCO,c1ccc(Cc2cn[nH]c2)cc1,21
Cc1c(Cc2cc(Cl)cc(Cl)c2)c(C(F)(F)F)nn1CCO,0.0,Cc1c(Cc2cc(Cl)cc(Cl)c2)c(C(F)(F)F)nn1CCO,c1ccc(Cc2cn[nH]c2)cc1,22
Cc1c(Cl)cccc1CN(C1CCOCC1)[C@H]1CCNC1,0.0,Cc1c(Cl)cccc1CN(C1CCOCC1)[C@H]1CCNC1,c1ccc(CN(C2CCOCC2)C2CCNC2)cc1,21
Cc1c(NS(C)(=O)=O)cccc1N(Cc1ccc(Oc2ccc(F)c(OCC(=O)O)c2)cc1)Cc1ccc(F)cc1F,0.0,Cc1c(NS(C)(=O)=O)cccc1N(Cc1ccc(Oc2ccc(F)c(OCC(=O)O)c2)cc1)Cc1ccc(F)cc1F,c1ccc(CN(Cc2ccc(Oc3ccccc3)cc2)c2ccccc2)cc1,42
Cc1c(NS(C)(=O)=O)cccc1N(Cc1ccccc1)Cc1ccc(Oc2ccc(OCC(=O)O)cc2)cc1,1.0,Cc1c(NS(C)(=O)=O)cccc1N(Cc1ccccc1)Cc1ccc(Oc2ccc(OCC(=O)O)cc2)cc1,c1ccc(CN(Cc2ccc(Oc3ccccc3)cc2)c2ccccc2)cc1,39
Cc1c(Nc2c(C#N)cncc2-c2cc3cc(CN4CCN(C)CC4)ccc3o2)ccc2[nH]ccc12,0.0,Cc1c(Nc2c(C#N)cncc2-c2cc3cc(CN4CCN(C)CC4)ccc3o2)ccc2[nH]ccc12,c1cc(Nc2ccc3[nH]ccc3c2)c(-c2cc3cc(CN4CCNCC4)ccc3o2)cn1,36
Cc1c(Nc2c(C#N)cncc2-c2ccc(OCCN3CCN(C)CC3)cc2)ccc2[nH]ccc12,0.0,Cc1c(Nc2c(C#N)cncc2-c2ccc(OCCN3CCN(C)CC3)cc2)ccc2[nH]ccc12,c1cc(Nc2ccc3[nH]ccc3c2)c(-c2ccc(OCCN3CCNCC3)cc2)cn1,35
Cc1c(Nc2c(C#N)cncc2/C=C/CCN2CCC[C@@H](N)C2)ccc2[nH]ccc12,0.0,Cc1c(Nc2c(C#N)cncc2/C=C/CCN2CCC[C@@H](N)C2)ccc2[nH]ccc12,C(=Cc1cnccc1Nc1ccc2[nH]ccc2c1)CCN1CCCCC1,30
Cc1c(Nc2c(C#N)cncc2/C=C/c2cccc(CN3CCN(C)CC3)n2)ccc2[nH]ccc12,0.0,Cc1c(Nc2c(C#N)cncc2/C=C/c2cccc(CN3CCN(C)CC3)n2)ccc2[nH]ccc12,C(=Cc1cnccc1Nc1ccc2[nH]ccc2c1)c1cccc(CN2CCNCC2)n1,35
Cc1c(Nc2c(C#N)cncc2/C=C/c2cccc(OCCN3CCN(C)CC3)c2)ccc2[nH]ccc12,0.0,Cc1c(Nc2c(C#N)cncc2/C=C/c2cccc(OCCN3CCN(C)CC3)c2)ccc2[nH]ccc12,C(=Cc1cnccc1Nc1ccc2[nH]ccc2c1)c1cccc(OCCN2CCNCC2)c1,37
Cc1c(Nc2ccc(I)cc2F)c(C(=O)NOCCO)c2n(c1=O)CCC2,0.0,Cc1c(Nc2ccc(I)cc2F)c(C(=O)NOCCO)c2n(c1=O)CCC2,O=c1cc(Nc2ccccc2)cc2n1CCC2,27
Cc1c(Nc2ccc(I)cc2F)c2c(=O)n(CCO)cnc2n(C)c1=O,1.0,Cc1c(Nc2ccc(I)cc2F)c2c(=O)n(CCO)cnc2n(C)c1=O,O=c1cc(Nc2ccccc2)c2c(=O)[nH]cnc2[nH]1,26
Cc1c(Nc2ccc(I)cc2F)c2c(=O)n(C[C@@H](O)CO)cnc2n(C)c1=O,0.0,Cc1c(Nc2ccc(I)cc2F)c2c(=O)n(C[C@@H](O)CO)cnc2n(C)c1=O,O=c1cc(Nc2ccccc2)c2c(=O)[nH]cnc2[nH]1,28
Cc1c(Nc2ccc(I)cc2F)c2c(=O)n(C[C@H](O)CO)cnc2n(C)c1=O,1.0,Cc1c(Nc2ccc(I)cc2F)c2c(=O)n(C[C@H](O)CO)cnc2n(C)c1=O,O=c1cc(Nc2ccccc2)c2c(=O)[nH]cnc2[nH]1,28
Cc1c2c(n3c1CCCCN1CCC[C@@H]1CNc1cc-3ccc1C(N)=O)CC(C)(C)CC2=O,0.0,Cc1c2c(n3c1CCCCN1CCC[C@@H]1CNc1cc-3ccc1C(N)=O)CC(C)(C)CC2=O,O=C1CCCc2c1cc1n2-c2cccc(c2)NCC2CCCN2CCCC1,33
Cc1c2c(n3c1CCCN1CCCC[C@@H]1CNc1cc-3ccc1C(N)=O)CC(C)(C)CC2=O,0.0,Cc1c2c(n3c1CCCN1CCCC[C@@H]1CNc1cc-3ccc1C(N)=O)CC(C)(C)CC2=O,O=C1CCCc2c1cc1n2-c2cccc(c2)NCC2CCCCN2CCC1,33
Cc1c2c(n3c1CCCN1CCCC[C@@H]1[C@H](C)Nc1cc-3ccc1C(N)=O)CC(C)(C)CC2=O,0.0,Cc1c2c(n3c1CCCN1CCCC[C@@H]1[C@H](C)Nc1cc-3ccc1C(N)=O)CC(C)(C)CC2=O,O=C1CCCc2c1cc1n2-c2cccc(c2)NCC2CCCCN2CCC1,34
Cc1c2c(n3c1CCCN1CCC[C@@H](C1)Nc1cc-3ccc1C(N)=O)CC(C)(C)CC2=O,0.0,Cc1c2c(n3c1CCCN1CCC[C@@H](C1)Nc1cc-3ccc1C(N)=O)CC(C)(C)CC2=O,O=C1CCCc2c1cc1n2-c2cccc(c2)NC2CCCN(CCC1)C2,32
Cc1c2c(n3c1CCCN1CCC[C@@H]1CNc1cc-3ccc1C(N)=O)CC(C)(C)CC2=O,0.0,Cc1c2c(n3c1CCCN1CCC[C@@H]1CNc1cc-3ccc1C(N)=O)CC(C)(C)CC2=O,O=C1CCCc2c1cc1n2-c2cccc(c2)NCC2CCCN2CCC1,32
Cc1c2c(n3c1CCCN1CCNC[C@H]1CNc1cc-3ccc1C(N)=O)CC(C)(C)CC2=O,0.0,Cc1c2c(n3c1CCCN1CCNC[C@H]1CNc1cc-3ccc1C(N)=O)CC(C)(C)CC2=O,O=C1CCCc2c1cc1n2-c2cccc(c2)NCC2CNCCN2CCC1,33
Cc1c2c(n3c1CCCN1CCOC[C@@H]1CNc1cc-3ccc1C(N)=O)CC(C)(C)CC2=O,0.0,Cc1c2c(n3c1CCCN1CCOC[C@@H]1CNc1cc-3ccc1C(N)=O)CC(C)(C)CC2=O,O=C1CCCc2c1cc1n2-c2cccc(c2)NCC2COCCN2CCC1,33
Cc1c2c(n3c1CCCN1CC[C@H](CNc4cc-3ccc4C(N)=O)C1)CC(C)(C)CC2=O,0.0,Cc1c2c(n3c1CCCN1CC[C@H](CNc4cc-3ccc4C(N)=O)C1)CC(C)(C)CC2=O,O=C1CCCc2c1cc1n2-c2cccc(c2)NCC2CCN(CCC1)C2,32
Cc1c2c(n3c1CCCN1C[C@@H](F)C[C@@H]1CNc1cc-3ccc1C(N)=O)CC(C)(C)CC2=O,0.0,Cc1c2c(n3c1CCCN1C[C@@H](F)C[C@@H]1CNc1cc-3ccc1C(N)=O)CC(C)(C)CC2=O,O=C1CCCc2c1cc1n2-c2cccc(c2)NCC2CCCN2CCC1,33
Cc1c2c(n3c1CCCN1C[C@H](O)C[C@@H]1CNc1cc-3ccc1C(N)=O)CC(C)(C)CC2=O,0.0,Cc1c2c(n3c1CCCN1C[C@H](O)C[C@@H]1CNc1cc-3ccc1C(N)=O)CC(C)(C)CC2=O,O=C1CCCc2c1cc1n2-c2cccc(c2)NCC2CCCN2CCC1,33
Cc1c2c(n3c1CCCNC(=O)[C@H](C)Nc1cc-3ccc1C(N)=O)CC(C)(C)CC2=O,0.0,Cc1c2c(n3c1CCCNC(=O)[C@H](C)Nc1cc-3ccc1C(N)=O)CC(C)(C)CC2=O,O=C1CNc2cccc(c2)-n2c(cc3c2CCCC3=O)CCCN1,31
Cc1c2c(n3c1CCCNC[C@H](C)Nc1cc-3ccc1C(N)=O)CC(C)(C)CC2=O,0.0,Cc1c2c(n3c1CCCNC[C@H](C)Nc1cc-3ccc1C(N)=O)CC(C)(C)CC2=O,O=C1CCCc2c1cc1n2-c2cccc(c2)NCCNCCC1,30
Cc1c[nH]c2ncnc(-c3ccc(NC(=O)N(CCO)c4ccc(Cl)cc4)cc3)c12,0.0,Cc1c[nH]c2ncnc(-c3ccc(NC(=O)N(CCO)c4ccc(Cl)cc4)cc3)c12,O=C(Nc1ccccc1)Nc1ccc(-c2ncnc3[nH]ccc23)cc1,30
Cc1c[nH]c2ncnc(-c3ccc(NC(=O)N(CCO)c4ccc(F)cc4)cc3)c12,0.0,Cc1c[nH]c2ncnc(-c3ccc(NC(=O)N(CCO)c4ccc(F)cc4)cc3)c12,O=C(Nc1ccccc1)Nc1ccc(-c2ncnc3[nH]ccc23)cc1,30
Cc1c[nH]c2ncnc(-c3ccc(NC(=O)N(CCO)c4cccc(Cl)c4)cc3)c12,0.0,Cc1c[nH]c2ncnc(-c3ccc(NC(=O)N(CCO)c4cccc(Cl)c4)cc3)c12,O=C(Nc1ccccc1)Nc1ccc(-c2ncnc3[nH]ccc23)cc1,30
Cc1c[nH]c2ncnc(-c3ccc(NC(=O)N(CCO)c4ccccc4)cc3)c12,0.0,Cc1c[nH]c2ncnc(-c3ccc(NC(=O)N(CCO)c4ccccc4)cc3)c12,O=C(Nc1ccccc1)Nc1ccc(-c2ncnc3[nH]ccc23)cc1,29
Cc1c[nH]c2ncnc(-c3ccc(NC(=O)N(CCO)c4ccccc4Cl)cc3)c12,0.0,Cc1c[nH]c2ncnc(-c3ccc(NC(=O)N(CCO)c4ccccc4Cl)cc3)c12,O=C(Nc1ccccc1)Nc1ccc(-c2ncnc3[nH]ccc23)cc1,30
Cc1c[nH]c2ncnc(-c3ccc(NC(=O)Nc4cccc(C(=O)NC(C)C)c4)c(F)c3)c12,0.0,Cc1c[nH]c2ncnc(-c3ccc(NC(=O)Nc4cccc(C(=O)NC(C)C)c4)c(F)c3)c12,O=C(Nc1ccccc1)Nc1ccc(-c2ncnc3[nH]ccc23)cc1,33
Cc1c[nH]c2ncnc(-c3ccc(NC(=O)Nc4cccc(C(=O)NC(C)C)c4)cc3)c12,0.0,Cc1c[nH]c2ncnc(-c3ccc(NC(=O)Nc4cccc(C(=O)NC(C)C)c4)cc3)c12,O=C(Nc1ccccc1)Nc1ccc(-c2ncnc3[nH]ccc23)cc1,32
Cc1cc(-c2ccc(Cl)c(C(=O)NCC3(O)CCCCCC3)c2)[nH]n1,0.0,Cc1cc(-c2ccc(Cl)c(C(=O)NCC3(O)CCCCCC3)c2)[nH]n1,O=C(NCC1CCCCCC1)c1cccc(-c2ccn[nH]2)c1,25
Cc1cc(-c2ccc(Cl)c(C(=O)NCC3(O)CCCCCC3)c2)nn1C[C@@H](O)CN,0.0,Cc1cc(-c2ccc(Cl)c(C(=O)NCC3(O)CCCCCC3)c2)nn1C[C@@H](O)CN.Cl,O=C(NCC1CCCCCC1)c1cccc(-c2cc[nH]n2)c1,30
Cc1cc(-c2ccc(Cl)c(C(=O)NCC3(O)CCCCCC3)c2)nn1C[C@H](O)CN,0.0,Cc1cc(-c2ccc(Cl)c(C(=O)NCC3(O)CCCCCC3)c2)nn1C[C@H](O)CN.Cl,O=C(NCC1CCCCCC1)c1cccc(-c2cc[nH]n2)c1,30
Cc1cc(-c2cnc(Nc3cc(Cl)cc(Cl)c3)nc2NC2CCC(N(C)C)CC2)on1,0.0,Cc1cc(-c2cnc(Nc3cc(Cl)cc(Cl)c3)nc2NC2CCC(N(C)C)CC2)on1,c1ccc(Nc2ncc(-c3ccno3)c(NC3CCCCC3)n2)cc1,31
Cc1cc(-c2cnc(Nc3cc(Cl)cc(Cl)c3)nc2NC2CCNCC2)on1,0.0,Cc1cc(-c2cnc(Nc3cc(Cl)cc(Cl)c3)nc2NC2CCNCC2)on1,c1ccc(Nc2ncc(-c3ccno3)c(NC3CCNCC3)n2)cc1,28
Cc1cc(-c2nc(C)c([C@H](OC(C)(C)C)C(=O)O)c(-c3ccc4c(c3)CCCO4)c2C)ccc1Cl,0.0,Cc1cc(-c2nc(C)c([C@H](OC(C)(C)C)C(=O)O)c(-c3ccc4c(c3)CCCO4)c2C)ccc1Cl,c1ccc(-c2cc(-c3ccc4c(c3)CCCO4)ccn2)cc1,35
Cc1cc(=O)[nH]nc1-c1ccc(OCCCN2CCC[C@H]2C)cc1,0.0,Cc1cc(=O)[nH]nc1-c1ccc(OCCCN2CCC[C@H]2C)cc1,O=c1ccc(-c2ccc(OCCCN3CCCC3)cc2)n[nH]1,24
Cc1cc(C(=O)N[C@H](c2cn(C3(C#N)CC3)nn2)C2CCCCC2)cs1,0.0,Cc1cc(C(=O)N[C@H](c2cn(C3(C#N)CC3)nn2)C2CCCCC2)cs1,O=C(NC(c1cn(C2CC2)nn1)C1CCCCC1)c1ccsc1,26
Cc1cc(CN2C(=O)C(C3=NS(=O)(=O)c4cc(NS(C)(=O)=O)ccc4N3)=C(O)[C@H]3CCC[C@H]32)ccc1F,0.0,Cc1cc(CN2C(=O)C(C3=NS(=O)(=O)c4cc(NS(C)(=O)=O)ccc4N3)=C(O)[C@H]3CCC[C@H]32)ccc1F,O=C1C(C2=NS(=O)(=O)c3ccccc3N2)=CC2CCCC2N1Cc1ccccc1,37
Cc1cc(Cl)cc2cc(C(=O)N3CC(N4CCCC4)C3)[nH]c12,0.0,Cc1cc(Cl)cc2cc(C(=O)N3CC(N4CCCC4)C3)[nH]c12,O=C(c1cc2ccccc2[nH]1)N1CC(N2CCCC2)C1,22
Cc1cc(Cl)cc2cc(C(=O)N3CCN(C)CC3)[nH]c12,0.0,Cc1cc(Cl)cc2cc(C(=O)N3CCN(C)CC3)[nH]c12,O=C(c1cc2ccccc2[nH]1)N1CCNCC1,20
Cc1cc(Cl)cc2cc(C(=O)N3CCNCC3)[nH]c12,0.0,Cc1cc(Cl)cc2cc(C(=O)N3CCNCC3)[nH]c12,O=C(c1cc2ccccc2[nH]1)N1CCNCC1,19
Cc1cc(F)ccc1C1CCN(CCC(=O)N2c3ccccc3C[C@H]2C(=O)N(C)C)CC1,0.0,Cc1cc(F)ccc1C1CCN(CCC(=O)N2c3ccccc3C[C@H]2C(=O)N(C)C)CC1,O=C(CCN1CCC(c2ccccc2)CC1)N1CCc2ccccc21,32
Cc1cc(NC(=O)N2CC[C@@H](C)[C@@H](N(C)c3ncnc4[nH]ccc34)C2)sn1,0.0,Cc1cc(NC(=O)N2CC[C@@H](C)[C@@H](N(C)c3ncnc4[nH]ccc34)C2)sn1,O=C(Nc1ccns1)N1CCCC(Nc2ncnc3[nH]ccc23)C1,27
Cc1cc(NC(=O)c2cccc(-n3cc(NC(=O)Nc4ccccc4Cl)cn3)c2)cc(C)n1,0.0,Cc1cc(NC(=O)c2cccc(-n3cc(NC(=O)Nc4ccccc4Cl)cn3)c2)cc(C)n1,O=C(Nc1ccccc1)Nc1cnn(-c2cccc(C(=O)Nc3ccncc3)c2)c1,33
Cc1cc(NC(=O)c2cccc(-n3cc(NC(=O)Nc4ccccc4Cl)cn3)c2)ccn1,0.0,Cc1cc(NC(=O)c2cccc(-n3cc(NC(=O)Nc4ccccc4Cl)cn3)c2)ccn1,O=C(Nc1ccccc1)Nc1cnn(-c2cccc(C(=O)Nc3ccncc3)c2)c1,32
Cc1cc(NC(=O)c2nn(C)c(-c3ccc(F)cc3)c2C)ccn1,0.0,Cc1cc(NC(=O)c2nn(C)c(-c3ccc(F)cc3)c2C)ccn1,O=C(Nc1ccncc1)c1cc(-c2ccccc2)[nH]n1,24
Cc1cc(NCCCN2CCOCC2)c2ccc3c(ccc4c(NCCCN5CCOCC5)cc(C)nc43)c2n1,0.0,Cc1cc(NCCCN2CCOCC2)c2ccc3c(ccc4c(NCCCN5CCOCC5)cc(C)nc43)c2n1.Cl,c1cc(NCCCN2CCOCC2)c2ccc3c(ccc4c(NCCCN5CCOCC5)ccnc43)c2n1,40
Cc1cc(NCCN2CCOCC2)c2ccc3c(ccc4c(NCCN5CCOCC5)cc(C)nc43)c2n1,0.0,Cc1cc(NCCN2CCOCC2)c2ccc3c(ccc4c(NCCN5CCOCC5)cc(C)nc43)c2n1.Cl,c1cc(NCCN2CCOCC2)c2ccc3c(ccc4c(NCCN5CCOCC5)ccnc43)c2n1,38
Cc1cc(Oc2ccccc2NC(=O)Nc2ccc(OC(F)(F)F)cc2)n(-c2ccccc2Cl)n1,0.0,Cc1cc(Oc2ccccc2NC(=O)Nc2ccc(OC(F)(F)F)cc2)n(-c2ccccc2Cl)n1,O=C(Nc1ccccc1)Nc1ccccc1Oc1ccnn1-c1ccccc1,35
Cc1cc(S(=O)(=O)C2CC2)cc(=O)n1[C@@H](CC1CCCCO1)C(=O)Nc1ncc(Cl)s1,0.0,Cc1cc(S(=O)(=O)C2CC2)cc(=O)n1[C@@H](CC1CCCCO1)C(=O)Nc1ncc(Cl)s1,O=C(Nc1nccs1)C(CC1CCCCO1)n1ccc(S(=O)(=O)C2CC2)cc1=O,31
Cc1cc(S(=O)(=O)C2CCCC2)cc(=O)n1[C@@H](CC1CCCCC1)C(=O)Nc1nccs1,0.0,Cc1cc(S(=O)(=O)C2CCCC2)cc(=O)n1[C@@H](CC1CCCCC1)C(=O)Nc1nccs1,O=C(Nc1nccs1)C(CC1CCCCC1)n1ccc(S(=O)(=O)C2CCCC2)cc1=O,32
Cc1cc2c(C(=O)NC[C@@H]3[C@H](C)CCCN3C(=O)c3nc(C)sc3-c3ccccc3)cccc2o1,0.0,Cc1cc2c(C(=O)NC[C@@H]3[C@H](C)CCCN3C(=O)c3nc(C)sc3-c3ccccc3)cccc2o1,O=C(NCC1CCCCN1C(=O)c1ncsc1-c1ccccc1)c1cccc2occc12,35
Cc1cc2nc(CSc3nnc(-c4ccncc4)n3-c3ccccc3Cl)cc(=O)n2cc1C,0.0,Cc1cc2nc(CSc3nnc(-c4ccncc4)n3-c3ccccc3Cl)cc(=O)n2cc1C,O=c1cc(CSc2nnc(-c3ccncc3)n2-c2ccccc2)nc2ccccn12,33
Cc1ccc(-c2c(C)c(C(=O)Nc3cccc(C)n3)nn2C)cc1,0.0,Cc1ccc(-c2c(C)c(C(=O)Nc3cccc(C)n3)nn2C)cc1,O=C(Nc1ccccn1)c1cc(-c2ccccc2)[nH]n1,24
Cc1ccc(-c2c(C)nn3c(NC4CCN(C(C)C)CC4)cc(C)nc23)cc1,0.0,Cc1ccc(-c2c(C)nn3c(NC4CCN(C(C)C)CC4)cc(C)nc23)cc1,c1ccc(-c2cnn3c(NC4CCNCC4)ccnc23)cc1,28
Cc1ccc(-c2c(C)nn3c(NCCCN(C)C)cc(C)nc23)cc1,0.0,Cc1ccc(-c2c(C)nn3c(NCCCN(C)C)cc(C)nc23)cc1,c1ccc(-c2cnn3cccnc23)cc1,25
Cc1ccc(-c2c(C3CCCC3)c3ccc(C(=O)NC4(C(=O)Nc5ccc(/C=C/C(=O)O)cc5)CCC4)cc3n2C)nc1,0.0,Cc1ccc(-c2c(C3CCCC3)c3ccc(C(=O)NC4(C(=O)Nc5ccc(/C=C/C(=O)O)cc5)CCC4)cc3n2C)nc1,O=C(NC1(C(=O)Nc2ccccc2)CCC1)c1ccc2c(C3CCCC3)c(-c3ccccn3)[nH]c2c1,43
Cc1ccc(-c2ccc(CNCCCNc3ccnc4cc(Cl)ccc34)s2)cc1,0.0,Cc1ccc(-c2ccc(CNCCCNc3ccnc4cc(Cl)ccc34)s2)cc1,c1ccc(-c2ccc(CNCCCNc3ccnc4ccccc34)s2)cc1,29
Cc1ccc(-c2ccc(Cl)c(C(=O)NCC3(O)CCCCCC3)c2)nc1,0.0,Cc1ccc(-c2ccc(Cl)c(C(=O)NCC3(O)CCCCCC3)c2)nc1,O=C(NCC1CCCCCC1)c1cccc(-c2ccccn2)c1,26
Cc1ccc(-c2nc(C)c([C@H](OC(C)(C)C)C(=O)O)c(-c3ccc(Cl)cc3)c2C)cc1C,0.0,Cc1ccc(-c2nc(C)c([C@H](OC(C)(C)C)C(=O)O)c(-c3ccc(Cl)cc3)c2C)cc1C,c1ccc(-c2ccnc(-c3ccccc3)c2)cc1,32
Cc1ccc(-c2nc(C)c([C@H](OC(C)(C)C)C(=O)O)c(-c3ccc4c(c3)CCCO4)c2C)cc1,0.0,Cc1ccc(-c2nc(C)c([C@H](OC(C)(C)C)C(=O)O)c(-c3ccc4c(c3)CCCO4)c2C)cc1,c1ccc(-c2cc(-c3ccc4c(c3)CCCO4)ccn2)cc1,34
Cc1ccc(-c2nc(C)c([C@H](OC(C)(C)C)C(=O)O)c(-c3ccc4c(c3)CCCO4)c2C)cc1C,0.0,Cc1ccc(-c2nc(C)c([C@H](OC(C)(C)C)C(=O)O)c(-c3ccc4c(c3)CCCO4)c2C)cc1C,c1ccc(-c2cc(-c3ccc4c(c3)CCCO4)ccn2)cc1,35
Cc1ccc(-c2nc(C)c([C@H](OC(C)(C)C)C(=O)O)c(-c3ccc4c(c3C)CCCO4)c2C)cc1C,0.0,Cc1ccc(-c2nc(C)c([C@H](OC(C)(C)C)C(=O)O)c(-c3ccc4c(c3C)CCCO4)c2C)cc1C,c1ccc(-c2cc(-c3ccc4c(c3)CCCO4)ccn2)cc1,36
Cc1ccc(-c2nc(C)c([C@H](OC(C)(C)C)C(=O)O)c(-c3ccc4c(c3Cl)NCCO4)c2C)cc1C,0.0,Cc1ccc(-c2nc(C)c([C@H](OC(C)(C)C)C(=O)O)c(-c3ccc4c(c3Cl)NCCO4)c2C)cc1C,c1ccc(-c2cc(-c3ccc4c(c3)NCCO4)ccn2)cc1,36
Cc1ccc(-c2nc3ccccc3s2)cc1NC(=O)c1cc([N+](=O)[O-])c(N2CCN(C)CC2)cc1Cl,0.0,Cc1ccc(-c2nc3ccccc3s2)cc1NC(=O)c1cc([N+](=O)[O-])c(N2CCN(C)CC2)cc1Cl,O=C(Nc1cccc(-c2nc3ccccc3s2)c1)c1ccc(N2CCNCC2)cc1,36
Cc1ccc(-c2nc3ccccc3s2)cc1NC(=O)c1cc([N+](=O)[O-])c(N2CCNCC2)cc1Cl,1.0,Cc1ccc(-c2nc3ccccc3s2)cc1NC(=O)c1cc([N+](=O)[O-])c(N2CCNCC2)cc1Cl,O=C(Nc1cccc(-c2nc3ccccc3s2)c1)c1ccc(N2CCNCC2)cc1,35
Cc1ccc(-c2nc3ccccc3s2)cc1NC(=O)c1cc([N+](=O)[O-])ccc1Cl,1.0,Cc1ccc(-c2nc3ccccc3s2)cc1NC(=O)c1cc([N+](=O)[O-])ccc1Cl,O=C(Nc1cccc(-c2nc3ccccc3s2)c1)c1ccccc1,29
Cc1ccc(-c2nc3ccccc3s2)cc1NC(=O)c1cnccc1Cl,1.0,Cc1ccc(-c2nc3ccccc3s2)cc1NC(=O)c1cnccc1Cl,O=C(Nc1cccc(-c2nc3ccccc3s2)c1)c1cccnc1,26
Cc1ccc(-c2nn(CC3CCC3)c(=O)c(C3=NS(=O)(=O)c4cc(OCC(N)=O)ccc4N3)c2O)s1,0.0,Cc1ccc(-c2nn(CC3CCC3)c(=O)c(C3=NS(=O)(=O)c4cc(OCC(N)=O)ccc4N3)c2O)s1,O=c1c(C2=NS(=O)(=O)c3ccccc3N2)cc(-c2cccs2)nn1CC1CCC1,36
Cc1ccc(-c2nn(CCC(C)(C)C)c(=O)c(C3=NS(=O)(=O)c4cc(OCC(N)=O)ccc4N3)c2O)s1,0.0,Cc1ccc(-c2nn(CCC(C)(C)C)c(=O)c(C3=NS(=O)(=O)c4cc(OCC(N)=O)ccc4N3)c2O)s1,O=c1[nH]nc(-c2cccs2)cc1C1=NS(=O)(=O)c2ccccc2N1,37
Cc1ccc(-c2nn(CCC3CC3)c(=O)c(C3=NS(=O)(=O)c4cc(OCC(N)=O)ccc4N3)c2O)s1,0.0,Cc1ccc(-c2nn(CCC3CC3)c(=O)c(C3=NS(=O)(=O)c4cc(OCC(N)=O)ccc4N3)c2O)s1,O=c1c(C2=NS(=O)(=O)c3ccccc3N2)cc(-c2cccs2)nn1CCC1CC1,36
Cc1ccc(-c2nn(Cc3ccccc3)c(=O)c(C3=CS(=O)(=O)c4cc(N(C)S(C)(=O)=O)ccc4N3)c2O)s1,0.0,Cc1ccc(-c2nn(Cc3ccccc3)c(=O)c(C3=CS(=O)(=O)c4cc(N(C)S(C)(=O)=O)ccc4N3)c2O)s1,O=c1c(C2=CS(=O)(=O)c3ccccc3N2)cc(-c2cccs2)nn1Cc1ccccc1,39
Cc1ccc(-c2nn(Cc3ccccc3)c(=O)c(C3=CS(=O)(=O)c4cc(NS(C)(=O)=O)ccc4N3)c2O)s1,0.0,Cc1ccc(-c2nn(Cc3ccccc3)c(=O)c(C3=CS(=O)(=O)c4cc(NS(C)(=O)=O)ccc4N3)c2O)s1,O=c1c(C2=CS(=O)(=O)c3ccccc3N2)cc(-c2cccs2)nn1Cc1ccccc1,38
Cc1ccc(-c2nnc(CCc3nnc(-c4ccncc4)n3-c3ccccc3Cl)o2)cc1,0.0,Cc1ccc(-c2nnc(CCc3nnc(-c4ccncc4)n3-c3ccccc3Cl)o2)cc1,c1ccc(-c2nnc(CCc3nnc(-c4ccncc4)n3-c3ccccc3)o2)cc1,32
Cc1ccc(-n2cnnn2)c(CCC(=O)N[C@@H](Cc2ccccc2)c2nc(Cl)c(-c3ccc4[nH]c(=O)cc(O)c4c3)[nH]2)c1,0.0,Cc1ccc(-n2cnnn2)c(CCC(=O)N[C@@H](Cc2ccccc2)c2nc(Cl)c(-c3ccc4[nH]c(=O)cc(O)c4c3)[nH]2)c1,O=C(CCc1ccccc1-n1cnnn1)NC(Cc1ccccc1)c1ncc(-c2ccc3[nH]c(=O)ccc3c2)[nH]1,43
Cc1ccc(-n2cnnn2)c(CCC(=O)N[C@@H](Cc2ccccc2)c2nc(Cl)c(-c3ccc4[nH]c(=O)ccc4c3)[nH]2)c1,0.0,Cc1ccc(-n2cnnn2)c(CCC(=O)N[C@@H](Cc2ccccc2)c2nc(Cl)c(-c3ccc4[nH]c(=O)ccc4c3)[nH]2)c1,O=C(CCc1ccccc1-n1cnnn1)NC(Cc1ccccc1)c1ncc(-c2ccc3[nH]c(=O)ccc3c2)[nH]1,42
Cc1ccc(-n2nnnc2SCC(=O)Nc2ccccc2Cl)c(Cl)c1,0.0,Cc1ccc(-n2nnnc2SCC(=O)Nc2ccccc2Cl)c(Cl)c1,O=C(CSc1nnnn1-c1ccccc1)Nc1ccccc1,25
Cc1ccc(C(=O)N[C@H](c2cn(C3(C#N)CC3)nn2)C2CCCCC2)cc1,0.0,Cc1ccc(C(=O)N[C@H](c2cn(C3(C#N)CC3)nn2)C2CCCCC2)cc1,O=C(NC(c1cn(C2CC2)nn1)C1CCCCC1)c1ccccc1,27
Cc1ccc(C(C)(O)c2ncc(-n3ccc(NC(=O)c4cscn4)cc3=O)[nH]2)cc1,0.0,Cc1ccc(C(C)(O)c2ncc(-n3ccc(NC(=O)c4cscn4)cc3=O)[nH]2)cc1,O=C(Nc1ccn(-c2cnc(Cc3ccccc3)[nH]2)c(=O)c1)c1cscn1,30
Cc1ccc(C(Oc2cccc(Cl)c2Cl)C2CCNCC2)cn1,0.0,Cc1ccc(C(Oc2cccc(Cl)c2Cl)C2CCNCC2)cn1,c1ccc(OC(c2cccnc2)C2CCNCC2)cc1,23
Cc1ccc(C)c(NC(=O)NC(=O)CSc2nc3ccccc3nc2C)c1,0.0,Cc1ccc(C)c(NC(=O)NC(=O)CSc2nc3ccccc3nc2C)c1,O=C(CSc1cnc2ccccc2n1)NC(=O)Nc1ccccc1,27
Cc1ccc(CCNc2ncc(C)n(CC(=O)N(C)CCONC(=N)N)c2=O)cc1,0.0,Cc1ccc(CCNc2ncc(C)n(CC(=O)N(C)CCONC(=N)N)c2=O)cc1,O=c1[nH]ccnc1NCCc1ccccc1,30
Cc1ccc(CNC(=O)c2cccc(-n3cc(NC(=O)Nc4ccccc4Cl)cn3)c2)cn1,0.0,Cc1ccc(CNC(=O)c2cccc(-n3cc(NC(=O)Nc4ccccc4Cl)cn3)c2)cn1,O=C(Nc1ccccc1)Nc1cnn(-c2cccc(C(=O)NCc3cccnc3)c2)c1,33
Cc1ccc(CSc2nc(O)c3c(n2)CCC3)cc1,0.0,Cc1ccc(CSc2nc(O)c3c(n2)CCC3)cc1,c1ccc(CSc2ncc3c(n2)CCC3)cc1,19
Cc1ccc(Cl)cc1N1CCN(c2ccc(C(=O)N[C@H](Cc3c[nH]c4ccccc34)C(=O)Nc3ccncc3)c(F)c2)CC1,0.0,Cc1ccc(Cl)cc1N1CCN(c2ccc(C(=O)N[C@H](Cc3c[nH]c4ccccc34)C(=O)Nc3ccncc3)c(F)c2)CC1,O=C(NC(Cc1c[nH]c2ccccc12)C(=O)Nc1ccncc1)c1ccc(N2CCN(c3ccccc3)CC2)cc1,44
Cc1ccc(N(CCO)C(=O)Nc2ccc(-c3ncnc4[nH]cc(C)c34)cc2)cc1,0.0,Cc1ccc(N(CCO)C(=O)Nc2ccc(-c3ncnc4[nH]cc(C)c34)cc2)cc1,O=C(Nc1ccccc1)Nc1ccc(-c2ncnc3[nH]ccc23)cc1,30
Cc1ccc(NC(=O)NC(=O)CSc2nc3ccccc3nc2C)cc1,0.0,Cc1ccc(NC(=O)NC(=O)CSc2nc3ccccc3nc2C)cc1,O=C(CSc1cnc2ccccc2n1)NC(=O)Nc1ccccc1,26
Cc1ccc(NC(=O)c2ccc(CN3CCN(C)CC3)cc2)cc1Nc1nccc(-c2cccnc2)n1,0.0,Cc1ccc(NC(=O)c2ccc(CN3CCN(C)CC3)cc2)cc1Nc1nccc(-c2cccnc2)n1,O=C(Nc1cccc(Nc2nccc(-c3cccnc3)n2)c1)c1ccc(CN2CCNCC2)cc1,37
Cc1ccc(NC(=O)c2ccc(F)c(-n3cc(NC(=O)Nc4ccccc4Cl)cn3)c2)cn1,0.0,Cc1ccc(NC(=O)c2ccc(F)c(-n3cc(NC(=O)Nc4ccccc4Cl)cn3)c2)cn1,O=C(Nc1ccccc1)Nc1cnn(-c2cccc(C(=O)Nc3cccnc3)c2)c1,33
Cc1ccc(NC(=O)c2nn(C)c(-c3ccc(F)cc3)c2C)nc1,0.0,Cc1ccc(NC(=O)c2nn(C)c(-c3ccc(F)cc3)c2C)nc1,O=C(Nc1ccccn1)c1cc(-c2ccccc2)[nH]n1,24
Cc1ccc(S(=O)(=O)N2Cc3ccc(/C=C/C(=O)NO)cc3C2)cc1,0.0,Cc1ccc(S(=O)(=O)N2Cc3ccc(/C=C/C(=O)NO)cc3C2)cc1,O=S(=O)(c1ccccc1)N1Cc2ccccc2C1,25
Cc1ccc2[nH]c(SCc3ccccn3)nc2c1,0.0,Cc1ccc2[nH]c(SCc3ccccn3)nc2c1,c1ccc(CSc2nc3ccccc3[nH]2)nc1,18
Cc1ccc2c(-c3ccc(Cl)cc3)c([C@H](OC(C)(C)C)C(=O)O)c(C)nc2c1,1.0,Cc1ccc2c(-c3ccc(Cl)cc3)c([C@H](OC(C)(C)C)C(=O)O)c(C)nc2c1,c1ccc(-c2ccnc3ccccc23)cc1,28
Cc1ccc2c(-c3ccc4c(c3)CCCO4)c([C@H](OC(C)(C)C)C(=O)O)c(C)nc2c1,0.0,Cc1ccc2c(-c3ccc4c(c3)CCCO4)c([C@H](OC(C)(C)C)C(=O)O)c(C)nc2c1,c1ccc2c(-c3ccc4c(c3)CCCO4)ccnc2c1,31
Cc1ccc2c(-c3ccc4c(c3Cl)NCCO4)c([C@H](OC(C)(C)C)C(=O)O)c(C)nc2c1,0.0,Cc1ccc2c(-c3ccc4c(c3Cl)NCCO4)c([C@H](OC(C)(C)C)C(=O)O)c(C)nc2c1,c1ccc2c(-c3ccc4c(c3)NCCO4)ccnc2c1,32
Cc1ccc2c(-c3ccc4c5c(ccnc35)CCO4)c([C@H](OC(C)(C)C)C(=O)O)c(C)nc2c1,1.0,Cc1ccc2c(-c3ccc4c5c(ccnc35)CCO4)c([C@H](OC(C)(C)C)C(=O)O)c(C)nc2c1,c1ccc2c(-c3ccc4c5c(ccnc35)CCO4)ccnc2c1,34
Cc1ccc2c(-c3cccc4cccnc34)c([C@H](OC(C)(C)C)C(=O)O)c(C)nc2c1,1.0,Cc1ccc2c(-c3cccc4cccnc34)c([C@H](OC(C)(C)C)C(=O)O)c(C)nc2c1,c1cnc2c(-c3ccnc4ccccc34)cccc2c1,31
Cc1ccc2c(=O)n([C@H](C)CO)ccc2c1NC(=O)Cc1ccc(C(F)(F)F)c(F)c1,0.0,Cc1ccc2c(=O)n([C@H](C)CO)ccc2c1NC(=O)Cc1ccc(C(F)(F)F)c(F)c1,O=C(Cc1ccccc1)Nc1cccc2c(=O)[nH]ccc12,31
Cc1ccc2c(c1)CC(C(=O)Nc1ccc(-c3cn[nH]c3)cc1)CO2,0.0,Cc1ccc2c(c1)CC(C(=O)Nc1ccc(-c3cn[nH]c3)cc1)CO2,O=C(Nc1ccc(-c2cn[nH]c2)cc1)C1COc2ccccc2C1,25
Cc1ccc2c(c1)CC(C(=O)Nc1ccc(-c3cn[nH]c3)cc1OCCN(C)C)CO2,0.0,Cc1ccc2c(c1)CC(C(=O)Nc1ccc(-c3cn[nH]c3)cc1OCCN(C)C)CO2,O=C(Nc1ccc(-c2cn[nH]c2)cc1)C1COc2ccccc2C1,31
Cc1ccc2c(c1)CC(c1nc3ccc(-c4cn[nH]c4)cc3c(=O)[nH]1)CO2,0.0,Cc1ccc2c(c1)CC(c1nc3ccc(-c4cn[nH]c4)cc3c(=O)[nH]1)CO2,O=c1[nH]c(C2COc3ccccc3C2)nc2ccc(-c3cn[nH]c3)cc12,27
Cc1ccc2c(c1)[C@]1(C[C@H]1c1ccc3c(/C=C/c4ccc(CN5CCOCC5)cc4)[nH]nc3c1)C(=O)N2,0.0,Cc1ccc2c(c1)[C@]1(C[C@H]1c1ccc3c(/C=C/c4ccc(CN5CCOCC5)cc4)[nH]nc3c1)C(=O)N2,O=C1Nc2ccccc2C12CC2c1ccc2c(C=Cc3ccc(CN4CCOCC4)cc3)[nH]nc2c1,37
Cc1ccc2oc(N3CCN4CCC3CC4)nc2n1,0.0,Cc1ccc2oc(N3CCN4CCC3CC4)nc2n1,c1cnc2nc(N3CCN4CCC3CC4)oc2c1,19
Cc1cccc(C)c1C1CCN(CCC(=O)N2c3ccccc3C[C@H]2C(=O)N(C)C)CC1,0.0,Cc1cccc(C)c1C1CCN(CCC(=O)N2c3ccccc3C[C@H]2C(=O)N(C)C)CC1,O=C(CCN1CCC(c2ccccc2)CC1)N1CCc2ccccc21,32
Cc1cccc(C)c1NC(=O)Nc1cc2ccccc2cc1C(=O)N[C@@H](CC(=O)O)C(=O)O,0.0,Cc1cccc(C)c1NC(=O)Nc1cc2ccccc2cc1C(=O)N[C@@H](CC(=O)O)C(=O)O,O=C(Nc1ccccc1)Nc1ccc2ccccc2c1,33
Cc1cccc(CN(C2CCOCC2)[C@@H]2CCNC2)c1C,0.0,Cc1cccc(CN(C2CCOCC2)[C@@H]2CCNC2)c1C,c1ccc(CN(C2CCOCC2)C2CCNC2)cc1,21
Cc1cccc(CN(C2CCOCC2)[C@H]2CCNC2)c1C,0.0,Cc1cccc(CN(C2CCOCC2)[C@H]2CCNC2)c1C,c1ccc(CN(C2CCOCC2)C2CCNC2)cc1,21
Cc1cccc(CN(C2CCOCC2)[C@H]2CCNC2)c1Cl,0.0,Cc1cccc(CN(C2CCOCC2)[C@H]2CCNC2)c1Cl,c1ccc(CN(C2CCOCC2)C2CCNC2)cc1,21
Cc1cccc(CN(Cc2ccccn2)[C@@H]2CCNC2)c1C,0.0,Cc1cccc(CN(Cc2ccccn2)[C@@H]2CCNC2)c1C,c1ccc(CN(Cc2ccccn2)C2CCNC2)cc1,22
Cc1cccc(CN(Cc2ccccn2)[C@H]2CCNC2)c1C,0.0,Cc1cccc(CN(Cc2ccccn2)[C@H]2CCNC2)c1C,c1ccc(CN(Cc2ccccn2)C2CCNC2)cc1,22
Cc1cccc(CN2C(=O)C(C3=NS(=O)(=O)c4cc(NS(C)(=O)=O)ccc4N3)=C(O)[C@H]3CCC[C@H]32)c1,0.0,Cc1cccc(CN2C(=O)C(C3=NS(=O)(=O)c4cc(NS(C)(=O)=O)ccc4N3)=C(O)[C@H]3CCC[C@H]32)c1,O=C1C(C2=NS(=O)(=O)c3ccccc3N2)=CC2CCCC2N1Cc1ccccc1,36
Cc1cccc(CNC(=O)C2CCCN(Cc3nc(-c4ccccc4)oc3C)C2)n1,0.0,Cc1cccc(CNC(=O)C2CCCN(Cc3nc(-c4ccccc4)oc3C)C2)n1,O=C(NCc1ccccn1)C1CCCN(Cc2coc(-c3ccccc3)n2)C1,30
Cc1cccc(CNC(=O)[C@H]2C[C@H](c3nc(C)no3)CN(Cc3nc(-c4ccccc4)oc3C)C2)n1,0.0,Cc1cccc(CNC(=O)[C@H]2C[C@H](c3nc(C)no3)CN(Cc3nc(-c4ccccc4)oc3C)C2)n1,O=C(NCc1ccccn1)C1CC(c2ncno2)CN(Cc2coc(-c3ccccc3)n2)C1,36
Cc1cccc(CNC(=O)[C@H]2C[C@H](c3nnc(C)o3)CN(Cc3nc(-c4ccccc4)oc3C)C2)n1,0.0,Cc1cccc(CNC(=O)[C@H]2C[C@H](c3nnc(C)o3)CN(Cc3nc(-c4ccccc4)oc3C)C2)n1,O=C(NCc1ccccn1)C1CC(c2nnco2)CN(Cc2coc(-c3ccccc3)n2)C1,36
Cc1cccc(CNc2ncc(C(=O)NCCCN3CCCC3=O)c(NC3CCCC3)n2)c1,0.0,Cc1cccc(CNc2ncc(C(=O)NCCCN3CCCC3=O)c(NC3CCCC3)n2)c1,O=C(NCCCN1CCCC1=O)c1cnc(NCc2ccccc2)nc1NC1CCCC1,33
Cc1cccc(Cl)c1NC(=O)Nc1cc2ccccc2cc1C(=O)N[C@@H](CCCCN)C(=O)O,0.0,Cc1cccc(Cl)c1NC(=O)Nc1cc2ccccc2cc1C(=O)N[C@@H](CCCCN)C(=O)O,O=C(Nc1ccccc1)Nc1ccc2ccccc2c1,34
Cc1cccc(Cl)c1NC(=O)Nc1cc2ccccc2cc1C(=O)N[C@H](C(=O)O)C1CCCCC1,0.0,Cc1cccc(Cl)c1NC(=O)Nc1cc2ccccc2cc1C(=O)N[C@H](C(=O)O)C1CCCCC1,O=C(Nc1ccccc1)Nc1cc2ccccc2cc1C(=O)NCC1CCCCC1,35
Cc1cccc(N2CCC(C(=O)Nc3ccc4c(c3)NC(=O)CO4)CC2)c1C,0.0,Cc1cccc(N2CCC(C(=O)Nc3ccc4c(c3)NC(=O)CO4)CC2)c1C,O=C1COc2ccc(NC(=O)C3CCN(c4ccccc4)CC3)cc2N1,28
Cc1cccc(NC(=O)c2cccc(-n3ncc4cc(Nc5ccccc5F)ccc43)c2)c1,0.0,Cc1cccc(NC(=O)c2cccc(-n3ncc4cc(Nc5ccccc5F)ccc43)c2)c1,O=C(Nc1ccccc1)c1cccc(-n2ncc3cc(Nc4ccccc4)ccc32)c1,33
Cc1cccc(NC(=O)c2nc(C)n(-c3ccc(C(F)(F)F)cc3)c2C)n1,1.0,Cc1cccc(NC(=O)c2nc(C)n(-c3ccc(C(F)(F)F)cc3)c2C)n1,O=C(Nc1ccccn1)c1cn(-c2ccccc2)cn1,27
Cc1cccc(NC(=O)c2nc(C)n(-c3ccc(Cl)c(Cl)c3)c2C)n1,0.0,Cc1cccc(NC(=O)c2nc(C)n(-c3ccc(Cl)c(Cl)c3)c2C)n1,O=C(Nc1ccccn1)c1cn(-c2ccccc2)cn1,25
Cc1cccc(NC(=O)c2nc(C)n(-c3ccc(Cl)cc3)c2C)n1,0.0,Cc1cccc(NC(=O)c2nc(C)n(-c3ccc(Cl)cc3)c2C)n1,O=C(Nc1ccccn1)c1cn(-c2ccccc2)cn1,24
Cc1cccc(NC(=O)c2nc(C)n(-c3ccc(F)c(Cl)c3)c2C)n1,0.0,Cc1cccc(NC(=O)c2nc(C)n(-c3ccc(F)c(Cl)c3)c2C)n1,O=C(Nc1ccccn1)c1cn(-c2ccccc2)cn1,25
Cc1cccc(NC(=O)c2nc(C)n(-c3ccc(F)cc3)c2C)n1,0.0,Cc1cccc(NC(=O)c2nc(C)n(-c3ccc(F)cc3)c2C)n1,O=C(Nc1ccccn1)c1cn(-c2ccccc2)cn1,24
Cc1cccc(NC(=O)c2nn(C)c(-c3cc(F)cc(F)c3)c2C)n1,0.0,Cc1cccc(NC(=O)c2nn(C)c(-c3cc(F)cc(F)c3)c2C)n1,O=C(Nc1ccccn1)c1cc(-c2ccccc2)[nH]n1,25
Cc1cccc(NC(=O)c2nn(C)c(-c3ccc(C(F)(F)F)cc3)c2C)n1,1.0,Cc1cccc(NC(=O)c2nn(C)c(-c3ccc(C(F)(F)F)cc3)c2C)n1,O=C(Nc1ccccn1)c1cc(-c2ccccc2)[nH]n1,27
Cc1cccc(NC(=O)c2nn(C)c(-c3ccc(Cl)c(Cl)c3)c2C)n1,0.0,Cc1cccc(NC(=O)c2nn(C)c(-c3ccc(Cl)c(Cl)c3)c2C)n1,O=C(Nc1ccccn1)c1cc(-c2ccccc2)[nH]n1,25
Cc1cccc(NC(=O)c2nn(C)c(-c3ccc(Cl)cc3)c2C)n1,0.0,Cc1cccc(NC(=O)c2nn(C)c(-c3ccc(Cl)cc3)c2C)n1,O=C(Nc1ccccn1)c1cc(-c2ccccc2)[nH]n1,24
Cc1cccc(NC(=O)c2nn(C)c(-c3ccc(F)c(F)c3)c2C)n1,0.0,Cc1cccc(NC(=O)c2nn(C)c(-c3ccc(F)c(F)c3)c2C)n1,O=C(Nc1ccccn1)c1cc(-c2ccccc2)[nH]n1,25
Cc1cccc(NC(=O)c2nn(C)c(-c3ccc(F)cc3)c2C)n1,0.0,Cc1cccc(NC(=O)c2nn(C)c(-c3ccc(F)cc3)c2C)n1,O=C(Nc1ccccn1)c1cc(-c2ccccc2)[nH]n1,24
Cc1cccc(NC(=O)c2nn(C)c(-c3ccc(F)cc3F)c2C)n1,0.0,Cc1cccc(NC(=O)c2nn(C)c(-c3ccc(F)cc3F)c2C)n1,O=C(Nc1ccccn1)c1cc(-c2ccccc2)[nH]n1,25
Cc1cccc(NC(=O)c2nn(C)c(-c3cccc(Cl)c3)c2C)n1,0.0,Cc1cccc(NC(=O)c2nn(C)c(-c3cccc(Cl)c3)c2C)n1,O=C(Nc1ccccn1)c1cc(-c2ccccc2)[nH]n1,24
Cc1cccc(NC(=O)c2nn(C)c(-c3ccccc3)c2C)n1,0.0,Cc1cccc(NC(=O)c2nn(C)c(-c3ccccc3)c2C)n1,O=C(Nc1ccccn1)c1cc(-c2ccccc2)[nH]n1,23
Cc1cccc(NC(=O)c2nn(C)c(-c3ccncc3)c2C)n1,0.0,Cc1cccc(NC(=O)c2nn(C)c(-c3ccncc3)c2C)n1,O=C(Nc1ccccn1)c1cc(-c2ccncc2)[nH]n1,23
Cc1cccc(NC(=O)c2nn(C)c(C3CCCCC3)c2C)n1,0.0,Cc1cccc(NC(=O)c2nn(C)c(C3CCCCC3)c2C)n1,O=C(Nc1ccccn1)c1cc(C2CCCCC2)[nH]n1,23
Cc1cccc(Nc2sc(-c3ccc(C(F)(F)F)cc3)cc2C(N)=O)n1,0.0,Cc1cccc(Nc2sc(-c3ccc(C(F)(F)F)cc3)cc2C(N)=O)n1,c1ccc(-c2ccc(Nc3ccccn3)s2)cc1,26
Cc1cccc(Nc2sc(-c3ccc(F)cc3)cc2C(N)=O)n1,0.0,Cc1cccc(Nc2sc(-c3ccc(F)cc3)cc2C(N)=O)n1,c1ccc(-c2ccc(Nc3ccccn3)s2)cc1,23
Cc1cccc(Nc2sc(-c3ccc(F)cc3F)cc2C(N)=O)n1,0.0,Cc1cccc(Nc2sc(-c3ccc(F)cc3F)cc2C(N)=O)n1,c1ccc(-c2ccc(Nc3ccccn3)s2)cc1,24
Cc1cccc(Nc2sc(-c3cccc(C(F)(F)F)c3)cc2C(N)=O)n1,0.0,Cc1cccc(Nc2sc(-c3cccc(C(F)(F)F)c3)cc2C(N)=O)n1,c1ccc(-c2ccc(Nc3ccccn3)s2)cc1,26
Cc1cccc(Nc2sc(-c3cccc(Cl)c3)cc2C(N)=O)n1,0.0,Cc1cccc(Nc2sc(-c3cccc(Cl)c3)cc2C(N)=O)n1,c1ccc(-c2ccc(Nc3ccccn3)s2)cc1,23
Cc1cccc(Nc2sc(-c3cccc(F)c3)cc2C(N)=O)n1,0.0,Cc1cccc(Nc2sc(-c3cccc(F)c3)cc2C(N)=O)n1,c1ccc(-c2ccc(Nc3ccccn3)s2)cc1,23
Cc1cccc(Nc2sc(-c3cccc(F)c3F)cc2C(N)=O)n1,0.0,Cc1cccc(Nc2sc(-c3cccc(F)c3F)cc2C(N)=O)n1,c1ccc(-c2ccc(Nc3ccccn3)s2)cc1,24
Cc1cccc(Nc2sc(-c3ccccc3)cc2C(N)=O)n1,0.0,Cc1cccc(Nc2sc(-c3ccccc3)cc2C(N)=O)n1,c1ccc(-c2ccc(Nc3ccccn3)s2)cc1,22
Cc1cccc(Nc2sc(-c3ccccc3Cl)cc2C(N)=O)n1,0.0,Cc1cccc(Nc2sc(-c3ccccc3Cl)cc2C(N)=O)n1,c1ccc(-c2ccc(Nc3ccccn3)s2)cc1,23
Cc1cccc(Nc2sc(-c3ccccc3F)cc2C(N)=O)n1,0.0,Cc1cccc(Nc2sc(-c3ccccc3F)cc2C(N)=O)n1,c1ccc(-c2ccc(Nc3ccccn3)s2)cc1,23
Cc1cccc(S(=O)(=O)N2Cc3ccc(/C=C/C(=O)NO)cc3C2)c1,0.0,Cc1cccc(S(=O)(=O)N2Cc3ccc(/C=C/C(=O)NO)cc3C2)c1,O=S(=O)(c1ccccc1)N1Cc2ccccc2C1,25
Cc1ccccc1C(=O)N[C@H](c1cn(C2(C#N)CC2)nn1)C1CCCCC1,0.0,Cc1ccccc1C(=O)N[C@H](c1cn(C2(C#N)CC2)nn1)C1CCCCC1,O=C(NC(c1cn(C2CC2)nn1)C1CCCCC1)c1ccccc1,27
Cc1ccccc1C1CCN(CCC(=O)N2c3ccccc3C[C@H]2C(=O)N(C)C)CC1,0.0,Cc1ccccc1C1CCN(CCC(=O)N2c3ccccc3C[C@H]2C(=O)N(C)C)CC1,O=C(CCN1CCC(c2ccccc2)CC1)N1CCc2ccccc21,31
Cc1ccccc1CN(C1CCOCC1)[C@H]1CCNC1,0.0,Cc1ccccc1CN(C1CCOCC1)[C@H]1CCNC1,c1ccc(CN(C2CCOCC2)C2CCNC2)cc1,20
Cc1ccccc1NC(=O)NC(=O)CSc1nc2ccccc2nc1C,0.0,Cc1ccccc1NC(=O)NC(=O)CSc1nc2ccccc2nc1C,O=C(CSc1cnc2ccccc2n1)NC(=O)Nc1ccccc1,26
Cc1ccnc(NC(=O)c2nn(C)c(-c3ccc(F)cc3)c2C)c1,0.0,Cc1ccnc(NC(=O)c2nn(C)c(-c3ccc(F)cc3)c2C)c1,O=C(Nc1ccccn1)c1cc(-c2ccccc2)[nH]n1,24
Cc1cnc(-c2ccccc2C(C)C)nc1NCc1ccc(-n2ccnn2)cc1,0.0,Cc1cnc(-c2ccccc2C(C)C)nc1NCc1ccc(-n2ccnn2)cc1,c1ccc(-c2nccc(NCc3ccc(-n4ccnn4)cc3)n2)cc1,29
Cc1cnc(N)nc1OCC(C)(C)C,0.0,Cc1cnc(N)nc1OCC(C)(C)C,c1cncnc1,14
Cc1cnc(N)nc1OCC(C)(C)CO,1.0,Cc1cnc(N)nc1OCC(C)(C)CO,c1cncnc1,15
Cc1cnc(NCC(F)(F)c2ccccc2)c(=O)n1CC(=O)NCCONC(=N)N,0.0,Cc1cnc(NCC(F)(F)c2ccccc2)c(=O)n1CC(=O)NCCONC(=N)N,O=c1[nH]ccnc1NCCc1ccccc1,30
Cc1cnc(NCC(c2ccccc2)c2ccccc2)c(=O)n1CC(=O)NCCONC(=N)N,0.0,Cc1cnc(NCC(c2ccccc2)c2ccccc2)c(=O)n1CC(=O)NCCONC(=N)N,O=c1[nH]ccnc1NCC(c1ccccc1)c1ccccc1,34
Cc1cnc(NCCc2ccc(C(F)(F)F)cc2)c(=O)n1CC(=O)NCCONC(=N)N,0.0,Cc1cnc(NCCc2ccc(C(F)(F)F)cc2)c(=O)n1CC(=O)NCCONC(=N)N,O=c1[nH]ccnc1NCCc1ccccc1,32
Cc1cnc(NCCc2ccc(F)c(F)c2)c(=O)n1CC(=O)NCCONC(=N)N,0.0,Cc1cnc(NCCc2ccc(F)c(F)c2)c(=O)n1CC(=O)NCCONC(=N)N,O=c1[nH]ccnc1NCCc1ccccc1,30
Cc1cnc(NCCc2ccc(F)cc2)c(=O)n1CC(=O)NCCONC(=N)N,0.0,Cc1cnc(NCCc2ccc(F)cc2)c(=O)n1CC(=O)NCCONC(=N)N,O=c1[nH]ccnc1NCCc1ccccc1,29
Cc1cnc(NCCc2ccc(F)cc2F)c(=O)n1CC(=O)NCCONC(=N)N,0.0,Cc1cnc(NCCc2ccc(F)cc2F)c(=O)n1CC(=O)NCCONC(=N)N,O=c1[nH]ccnc1NCCc1ccccc1,30
Cc1cnc(NCCc2ccc3c(c2)CCC3)c(=O)n1CC(=O)NCCONC(=N)N,0.0,Cc1cnc(NCCc2ccc3c(c2)CCC3)c(=O)n1CC(=O)NCCONC(=N)N,O=c1[nH]ccnc1NCCc1ccc2c(c1)CCC2,31
Cc1cnc(NCCc2cccc3ccccc23)c(=O)n1CC(=O)NCCONC(=N)N,0.0,Cc1cnc(NCCc2cccc3ccccc23)c(=O)n1CC(=O)NCCONC(=N)N,O=c1[nH]ccnc1NCCc1cccc2ccccc12,32
Cc1cnc2c(C(F)(F)F)cccc2c1-c1cccc(Oc2cccc(S(C)(=O)=O)c2)c1,0.0,Cc1cnc2c(C(F)(F)F)cccc2c1-c1cccc(Oc2cccc(S(C)(=O)=O)c2)c1,c1ccc(Oc2cccc(-c3ccnc4ccccc34)c2)cc1,32
Cc1cnc2nc1-c1ccnc(c1)OCC/C=C/COCc1cc(ccc1OCCN1CCCC1)N2,0.0,Cc1cnc2nc1-c1ccnc(c1)OCC/C=C/COCc1cc(ccc1OCCN1CCCC1)N2,C1=CCOCc2cc(ccc2OCCN2CCCC2)Nc2nccc(n2)-c2ccnc(c2)OCC1,36
Cc1csc(C#Cc2cccnc2)n1,0.0,Cc1csc(C#Cc2cccnc2)n1,C(#Cc1nccs1)c1cccnc1,14
Cc1csc(NC(=O)c2nn(C)c(-c3ccc(F)cc3)c2C)n1,0.0,Cc1csc(NC(=O)c2nn(C)c(-c3ccc(F)cc3)c2C)n1,O=C(Nc1nccs1)c1cc(-c2ccccc2)[nH]n1,23
Cc1n[nH]c(=O)cc1-c1ccc(OC2CCN(C3CCC3)CC2)cc1,0.0,Cc1n[nH]c(=O)cc1-c1ccc(OC2CCN(C3CCC3)CC2)cc1,O=c1cc(-c2ccc(OC3CCN(C4CCC4)CC3)cc2)cn[nH]1,25
Cc1n[nH]c(C)c1CCn1c(C)nc2c([N+](=O)[O-])c(Cl)c(Cl)cc21,0.0,Cc1n[nH]c(C)c1CCn1c(C)nc2c([N+](=O)[O-])c(Cl)c(Cl)cc21,c1ccc2c(c1)ncn2CCc1cn[nH]c1,24
Cc1nc(-c2ccc(C(c3nnnn3Cc3ccccc3)N3CCCN(C4CCC4)CC3)cc2)cs1,0.0,Cc1nc(-c2ccc(C(c3nnnn3Cc3ccccc3)N3CCCN(C4CCC4)CC3)cc2)cs1,c1ccc(Cn2nnnc2C(c2ccc(-c3cscn3)cc2)N2CCCN(C3CCC3)CC2)cc1,36
Cc1nc(-c2ccc(F)c3c(C(=O)C(=O)N4CCN(C(=O)c5ccccc5)CC4)c[nH]c23)n[nH]1,0.0,Cc1nc(-c2ccc(F)c3c(C(=O)C(=O)N4CCN(C(=O)c5ccccc5)CC4)c[nH]c23)n[nH]1,O=C(C(=O)N1CCN(C(=O)c2ccccc2)CC1)c1c[nH]c2c(-c3nc[nH]n3)cccc12,34
Cc1nc(-c2ccccc2)c(C(=O)N2CCCCC2CNc2ccc(C(F)(F)F)cn2)s1,1.0,Cc1nc(-c2ccccc2)c(C(=O)N2CCCCC2CNc2ccc(C(F)(F)F)cn2)s1,O=C(c1scnc1-c1ccccc1)N1CCCCC1CNc1ccccn1,32
Cc1nc(-c2ccccc2)c(C)c(-c2ccc3c(c2)CCCO3)c1[C@H](OC(C)(C)C)C(=O)O,0.0,Cc1nc(-c2ccccc2)c(C)c(-c2ccc3c(c2)CCCO3)c1[C@H](OC(C)(C)C)C(=O)O,c1ccc(-c2cc(-c3ccc4c(c3)CCCO4)ccn2)cc1,33
Cc1nc(C(=O)N2CC(F)CC[C@H]2CNC(=O)c2cccc3occc23)c(-c2ccccc2)s1,0.0,Cc1nc(C(=O)N2CC(F)CC[C@H]2CNC(=O)c2cccc3occc23)c(-c2ccccc2)s1,O=C(NCC1CCCCN1C(=O)c1ncsc1-c1ccccc1)c1cccc2occc12,34
Cc1nc(C(=O)N2CC(N)CC[C@H]2CNC(=O)c2cccc3cccnc23)c(-c2ccccc2)s1,1.0,Cc1nc(C(=O)N2CC(N)CC[C@H]2CNC(=O)c2cccc3cccnc23)c(-c2ccccc2)s1,O=C(NCC1CCCCN1C(=O)c1ncsc1-c1ccccc1)c1cccc2cccnc12,35
Cc1nc(C(=O)N2CCCCC2CNC(=O)c2cccc3occc23)c(-c2ccc(F)cc2)s1,0.0,Cc1nc(C(=O)N2CCCCC2CNC(=O)c2cccc3occc23)c(-c2ccc(F)cc2)s1,O=C(NCC1CCCCN1C(=O)c1ncsc1-c1ccccc1)c1cccc2occc12,34
Cc1nc(C(=O)N2CCC[C@@H](C(F)(F)F)[C@H]2CNC(=O)c2cccc3cccnc23)c(-c2ccccc2)s1,1.0,Cc1nc(C(=O)N2CCC[C@@H](C(F)(F)F)[C@H]2CNC(=O)c2cccc3cccnc23)c(-c2ccccc2)s1,O=C(NCC1CCCCN1C(=O)c1ncsc1-c1ccccc1)c1cccc2cccnc12,38
Cc1nc(C(=O)N2CCC[C@@H](C)[C@H]2CNc2nc3ccccc3o2)c(-c2ccccc2)s1,0.0,Cc1nc(C(=O)N2CCC[C@@H](C)[C@H]2CNc2nc3ccccc3o2)c(-c2ccccc2)s1,O=C(c1ncsc1-c1ccccc1)N1CCCCC1CNc1nc2ccccc2o1,32
Cc1nc(C(=O)N2[C@H](CNC(=O)c3cccc4cccnc34)CCC[C@@H]2C)c(-c2ccc(F)cc2)s1,1.0,Cc1nc(C(=O)N2[C@@H](C)CCC[C@H]2CNC(=O)c2cccc3cccnc23)c(-c2ccc(F)cc2)s1,O=C(NCC1CCCCN1C(=O)c1ncsc1-c1ccccc1)c1cccc2cccnc12,36
Cc1nc(C(=O)N2[C@H](CNc3ccc(C(F)(F)F)cn3)CCC[C@@H]2C)c(-c2ccc(F)cc2)s1,0.0,Cc1nc(C(=O)N2[C@@H](C)CCC[C@H]2CNc2ccc(C(F)(F)F)cn2)c(-c2ccc(F)cc2)s1,O=C(c1ncsc1-c1ccccc1)N1CCCCC1CNc1ccccn1,34
Cc1nc(C(=O)N2[C@H](CNc3nc4ccccc4o3)CCC[C@@H]2C)c(-c2ccc(F)cc2)s1,0.0,Cc1nc(C(=O)N2[C@@H](C)CCC[C@H]2CNc2nc3ccccc3o2)c(-c2ccc(F)cc2)s1,O=C(c1ncsc1-c1ccccc1)N1CCCCC1CNc1nc2ccccc2o1,33
Cc1nc(C(=O)Nc2ccc(F)cn2)c(C)n1-c1ccc(F)cc1,1.0,Cc1nc(C(=O)Nc2ccc(F)cn2)c(C)n1-c1ccc(F)cc1,O=C(Nc1ccccn1)c1cn(-c2ccccc2)cn1,24
Cc1nc(C(=O)Nc2cccc(C(F)(F)F)n2)c(C)n1-c1ccc(F)cc1,1.0,Cc1nc(C(=O)Nc2cccc(C(F)(F)F)n2)c(C)n1-c1ccc(F)cc1,O=C(Nc1ccccn1)c1cn(-c2ccccc2)cn1,27
Cc1nc(C(=O)Nc2cccc(F)n2)c(C)n1-c1ccc(F)cc1,0.0,Cc1nc(C(=O)Nc2cccc(F)n2)c(C)n1-c1ccc(F)cc1,O=C(Nc1ccccn1)c1cn(-c2ccccc2)cn1,24
Cc1nc(C(=O)Nc2ccnc(Cl)c2)c(C)n1-c1ccc(F)cc1,1.0,Cc1nc(C(=O)Nc2ccnc(Cl)c2)c(C)n1-c1ccc(F)cc1,O=C(Nc1ccncc1)c1cn(-c2ccccc2)cn1,24
Cc1nc(C(=O)Nc2ccnc(Cl)n2)c(C)n1-c1ccc(F)cc1,1.0,Cc1nc(C(=O)Nc2ccnc(Cl)n2)c(C)n1-c1ccc(F)cc1,O=C(Nc1ccncn1)c1cn(-c2ccccc2)cn1,24
Cc1nc(N2CCC[C@@H](N)C2)n(Cc2ccccc2C#N)c(=O)c1Br,1.0,Cc1nc(N2CCC[C@@H](N)C2)n(Cc2ccccc2C#N)c(=O)c1Br,O=c1ccnc(N2CCCCC2)n1Cc1ccccc1,25
Cc1nc(N2CCC[C@@H](N)C2)n(Cc2ccccc2C#N)c(=O)c1C,1.0,Cc1nc(N2CCC[C@@H](N)C2)n(Cc2ccccc2C#N)c(=O)c1C,O=c1ccnc(N2CCCCC2)n1Cc1ccccc1,25
Cc1nc(NC(=O)c2nc(C)n(-c3ccc(F)cc3)c2C)ccc1F,0.0,Cc1nc(NC(=O)c2nc(C)n(-c3ccc(F)cc3)c2C)ccc1F,O=C(Nc1ccccn1)c1cn(-c2ccccc2)cn1,25
Cc1nc(NC(=O)c2nn(C)c(-c3ccc(F)cc3)c2C)ccc1F,1.0,Cc1nc(NC(=O)c2nn(C)c(-c3ccc(F)cc3)c2C)ccc1F,O=C(Nc1ccccn1)c1cc(-c2ccccc2)[nH]n1,25
Cc1nc2c(C(F)(F)F)cccc2n1-c1cccc(Oc2cc(F)cc(S(C)(=O)=O)c2)c1,0.0,Cc1nc2c(C(F)(F)F)cccc2n1-c1cccc(Oc2cc(F)cc(S(C)(=O)=O)c2)c1,c1ccc(Oc2cccc(-n3cnc4ccccc43)c2)cc1,32
Cc1nc2c(C(F)(F)F)cccc2n1-c1cccc(Oc2cccc(S(=O)(=O)C(C)C)c2)c1,0.0,Cc1nc2c(C(F)(F)F)cccc2n1-c1cccc(Oc2cccc(S(=O)(=O)C(C)C)c2)c1,c1ccc(Oc2cccc(-n3cnc4ccccc43)c2)cc1,33
Cc1nc2c(C(F)(F)F)cccc2n1-c1cccc(Oc2cccc(S(=O)(=O)CCCO)c2)c1,0.0,Cc1nc2c(C(F)(F)F)cccc2n1-c1cccc(Oc2cccc(S(=O)(=O)CCCO)c2)c1,c1ccc(Oc2cccc(-n3cnc4ccccc43)c2)cc1,34
Cc1nc2c(C(F)(F)F)cccc2n1-c1cccc(Oc2cccc(S(C)(=O)=O)c2)c1,0.0,Cc1nc2c(C(F)(F)F)cccc2n1-c1cccc(Oc2cccc(S(C)(=O)=O)c2)c1,c1ccc(Oc2cccc(-n3cnc4ccccc43)c2)cc1,31
Cc1nc2c(C(F)(F)F)cccn2c1-c1cccc(Oc2cccc(S(C)(=O)=O)c2)c1,0.0,Cc1nc2c(C(F)(F)F)cccn2c1-c1cccc(Oc2cccc(S(C)(=O)=O)c2)c1,c1ccc(Oc2cccc(-c3cnc4ccccn34)c2)cc1,31
Cc1nc2c(Cl)cccc2n1-c1cc(Oc2cc(F)cc(S(C)(=O)=O)c2)ccc1Cl,0.0,Cc1nc2c(Cl)cccc2n1-c1cc(Oc2cc(F)cc(S(C)(=O)=O)c2)ccc1Cl,c1ccc(Oc2cccc(-n3cnc4ccccc43)c2)cc1,30
Cc1nc2c(Cl)cccc2n1-c1cc(Oc2cccc(S(=O)(=O)C(C)C)c2)ccc1Cl,0.0,Cc1nc2c(Cl)cccc2n1-c1cc(Oc2cccc(S(=O)(=O)C(C)C)c2)ccc1Cl,c1ccc(Oc2cccc(-n3cnc4ccccc43)c2)cc1,31
Cc1nc2c(Cl)cccc2n1-c1cc(Oc2cccc(S(=O)(=O)C(F)(F)F)c2)ccc1Cl,0.0,Cc1nc2c(Cl)cccc2n1-c1cc(Oc2cccc(S(=O)(=O)C(F)(F)F)c2)ccc1Cl,c1ccc(Oc2cccc(-n3cnc4ccccc43)c2)cc1,32
Cc1nc2c(Cl)cccc2n1-c1cc(Oc2cccc(S(C)(=O)=O)c2)ccc1Cl,0.0,Cc1nc2c(Cl)cccc2n1-c1cc(Oc2cccc(S(C)(=O)=O)c2)ccc1Cl,c1ccc(Oc2cccc(-n3cnc4ccccc43)c2)cc1,29
Cc1nc2c(Cl)cccc2n1-c1cccc(Oc2cccc(S(=O)(=O)C(C)C)c2)c1,0.0,Cc1nc2c(Cl)cccc2n1-c1cccc(Oc2cccc(S(=O)(=O)C(C)C)c2)c1,c1ccc(Oc2cccc(-n3cnc4ccccc43)c2)cc1,30
Cc1nc2c(Cl)cccc2n1-c1cccc(Oc2cccc(S(=O)(=O)C(F)(F)F)c2)c1,0.0,Cc1nc2c(Cl)cccc2n1-c1cccc(Oc2cccc(S(=O)(=O)C(F)(F)F)c2)c1,c1ccc(Oc2cccc(-n3cnc4ccccc43)c2)cc1,31
Cc1nc2c(Cl)cccc2n1-c1cccc(Oc2cccc(S(C)(=O)=O)c2)c1,0.0,Cc1nc2c(Cl)cccc2n1-c1cccc(Oc2cccc(S(C)(=O)=O)c2)c1,c1ccc(Oc2cccc(-n3cnc4ccccc43)c2)cc1,28
Cc1nc2c([N+](=O)[O-])c(Cl)c(Cl)cc2n1Cc1ccc(-n2cccn2)cc1,0.0,Cc1nc2c([N+](=O)[O-])c(Cl)c(Cl)cc2n1Cc1ccc(-n2cccn2)cc1,c1ccc2c(c1)ncn2Cc1ccc(-n2cccn2)cc1,27
Cc1nc2c([N+](=O)[O-])c(Cl)c(Cl)cc2n1Cc1ccc(B(O)O)cc1,0.0,Cc1nc2c([N+](=O)[O-])c(Cl)c(Cl)cc2n1Cc1ccc(B(O)O)cc1,c1ccc(Cn2cnc3ccccc32)cc1,25
Cc1nc2c([N+](=O)[O-])c(Cl)c(Cl)cc2n1Cc1ccc(B2OC(=O)CN(C)CC(=O)O2)cc1,0.0,Cc1nc2c([N+](=O)[O-])c(Cl)c(Cl)cc2n1Cc1ccc(B2OC(=O)CN(C)CC(=O)O2)cc1,O=C1CNCC(=O)OB(c2ccc(Cn3cnc4ccccc43)cc2)O1,33
Cc1nc2ccc(Cl)cn2c1C(=O)NCc1ccc(-c2ccccc2)cc1,0.0,Cc1nc2ccc(Cl)cn2c1C(=O)NCc1ccc(-c2ccccc2)cc1,O=C(NCc1ccc(-c2ccccc2)cc1)c1cnc2ccccn12,27
Cc1nc2ccccc2c(-c2ccc3c4c(ccnc24)CCO3)c1[C@H](OC(C)(C)C)C(=O)O,1.0,Cc1nc2ccccc2c(-c2ccc3c4c(ccnc24)CCO3)c1[C@H](OC(C)(C)C)C(=O)O,c1ccc2c(-c3ccc4c5c(ccnc35)CCO4)ccnc2c1,33
Cc1nc2ccccc2n1-c1ccc(C(=O)N(C)[C@@H]2CCN(C(C)C)C2)cc1,0.0,Cc1nc2ccccc2n1-c1ccc(C(=O)N(C)[C@@H]2CCN(C(C)C)C2)cc1,O=C(NC1CCNC1)c1ccc(-n2cnc3ccccc32)cc1,28
Cc1nc2ccccc2n1-c1ccc(C(=O)N(C)[C@@H]2CCN(C3CCC3)C2)cc1,0.0,Cc1nc2ccccc2n1-c1ccc(C(=O)N(C)[C@@H]2CCN(C3CCC3)C2)cc1,O=C(NC1CCN(C2CCC2)C1)c1ccc(-n2cnc3ccccc32)cc1,29
Cc1nc2ccccc2n1-c1ccc(C(=O)N(C)[C@@H]2CCN(C3CCCC3)C2)cc1,0.0,Cc1nc2ccccc2n1-c1ccc(C(=O)N(C)[C@@H]2CCN(C3CCCC3)C2)cc1,O=C(NC1CCN(C2CCCC2)C1)c1ccc(-n2cnc3ccccc32)cc1,30
Cc1nc2ccccc2n1-c1ccc(C(=O)N(C)[C@@H]2CCN(C3CCCCC3)C2)cc1,0.0,Cc1nc2ccccc2n1-c1ccc(C(=O)N(C)[C@@H]2CCN(C3CCCCC3)C2)cc1,O=C(NC1CCN(C2CCCCC2)C1)c1ccc(-n2cnc3ccccc32)cc1,31
Cc1nc2ccccc2n1Cc1ccc(C(=O)N(C)[C@@H]2CCN(C(C)C)C2)cc1,0.0,Cc1nc2ccccc2n1Cc1ccc(C(=O)N(C)[C@@H]2CCN(C(C)C)C2)cc1,O=C(NC1CCNC1)c1ccc(Cn2cnc3ccccc32)cc1,29
Cc1nc2ccccc2n1Cc1ccc(C(=O)N(C)[C@@H]2CCN(C3CCC3)C2)cc1,0.0,Cc1nc2ccccc2n1Cc1ccc(C(=O)N(C)[C@@H]2CCN(C3CCC3)C2)cc1,O=C(NC1CCN(C2CCC2)C1)c1ccc(Cn2cnc3ccccc32)cc1,30
Cc1nc2ccccc2nc1SCC(=O)NC(=O)Nc1cccc(F)c1C,0.0,Cc1nc2ccccc2nc1SCC(=O)NC(=O)Nc1cccc(F)c1C,O=C(CSc1cnc2ccccc2n1)NC(=O)Nc1ccccc1,27
Cc1nc2ccccc2nc1SCC(=O)NC(=O)Nc1ccccc1,0.0,Cc1nc2ccccc2nc1SCC(=O)NC(=O)Nc1ccccc1,O=C(CSc1cnc2ccccc2n1)NC(=O)Nc1ccccc1,25
Cc1nc2ccccc2nc1SCC(=O)NC(=O)Nc1ccccc1Cl,0.0,Cc1nc2ccccc2nc1SCC(=O)NC(=O)Nc1ccccc1Cl,O=C(CSc1cnc2ccccc2n1)NC(=O)Nc1ccccc1,26
Cc1ncc(C#N)c(Nc2ccc3[nH]ccc3c2C)c1/C=C/c1cccc(S(=O)(=O)N2CCN(C)CC2)c1,0.0,Cc1ncc(C#N)c(Nc2ccc3[nH]ccc3c2C)c1/C=C/c1cccc(S(=O)(=O)N2CCN(C)CC2)c1,O=S(=O)(c1cccc(C=Cc2cnccc2Nc2ccc3[nH]ccc3c2)c1)N1CCNCC1,38
Cc1nccn1-c1ccc(C(c2nnnn2Cc2ccccc2)N2CCCN(C3CCC3)CC2)cc1,0.0,Cc1nccn1-c1ccc(C(c2nnnn2Cc2ccccc2)N2CCCN(C3CCC3)CC2)cc1,c1ccc(Cn2nnnc2C(c2ccc(-n3ccnc3)cc2)N2CCCN(C3CCC3)CC2)cc1,36
Cc1nn(-c2ccccn2)c(=O)cc1-c1ccc(OC2CCN(C3CCC3)CC2)cc1,0.0,Cc1nn(-c2ccccn2)c(=O)cc1-c1ccc(OC2CCN(C3CCC3)CC2)cc1,O=c1cc(-c2ccc(OC3CCN(C4CCC4)CC3)cc2)cnn1-c1ccccn1,31
Cc1nn(C)c(=O)cc1-c1ccc(OC2CCN(C3CCC3)CC2)cc1,0.0,Cc1nn(C)c(=O)cc1-c1ccc(OC2CCN(C3CCC3)CC2)cc1,O=c1cc(-c2ccc(OC3CCN(C4CCC4)CC3)cc2)cn[nH]1,26
Cc1nn(CCO)c(C(C)C)c1Cc1cc(Cl)cc(Cl)c1,0.0,Cc1nn(CCO)c(C(C)C)c1Cc1cc(Cl)cc(Cl)c1,c1ccc(Cc2cn[nH]c2)cc1,21
Cc1nn(CCO)c(C)c1Cc1cc(Cl)cc(Cl)c1,0.0,Cc1nn(CCO)c(C)c1Cc1cc(Cl)cc(Cl)c1,c1ccc(Cc2cn[nH]c2)cc1,19
Cc1nn(CCO)c(C)c1Oc1cc(Cl)cc(Cl)c1,0.0,Cc1nn(CCO)c(C)c1Oc1cc(Cl)cc(Cl)c1,c1ccc(Oc2cn[nH]c2)cc1,19
Cc1nn(CCOCC(F)(F)F)c2c(Nc3ccncn3)nc(N3CCN[C@H](C)C3)nc12,0.0,Cc1nn(CCOCC(F)(F)F)c2c(Nc3ccncn3)nc(N3CCN[C@H](C)C3)nc12,c1cc(Nc2nc(N3CCNCC3)nc3cn[nH]c23)ncn1,32
Cc1nnc(S(=O)(=O)CC(=O)C23CC4CC(CC(C4)C2)C3)s1,0.0,Cc1nnc(S(=O)(=O)CC(=O)C23CC4CC(CC(C4)C2)C3)s1,O=C(CS(=O)(=O)c1nncs1)C12CC3CC(CC(C3)C1)C2,22
Cc1nnsc1C1=NNC(=O)/C1=C\c1cn(C)c2cccc(OCc3ccccc3)c12,0.0,Cc1nnsc1C1=NNC(=O)/C1=C\c1cn(C)c2cccc(OCc3ccccc3)c12,O=C1NN=C(c2cnns2)C1=Cc1c[nH]c2cccc(OCc3ccccc3)c12,31
Cc1noc(-c2ccccc2)c1CCN1Cc2ccc(/C=C/C(=O)NO)cc2C1,0.0,Cc1noc(-c2ccccc2)c1CCN1Cc2ccc(/C=C/C(=O)NO)cc2C1,c1ccc(-c2oncc2CCN2Cc3ccccc3C2)cc1,29
Cc1noc(C)c1-c1ccc(-c2nc(C)c([C@H](OC(C)(C)C)C(=O)O)c(-c3ccc(Cl)cc3)c2C)cc1,1.0,Cc1noc(C)c1-c1ccc(-c2nc(C)c([C@H](OC(C)(C)C)C(=O)O)c(-c3ccc(Cl)cc3)c2C)cc1,c1ccc(-c2ccnc(-c3ccc(-c4cnoc4)cc3)c2)cc1,37
Cc1noc(C)c1-c1ccc(-c2nc(C)c([C@H](OC(C)(C)C)C(=O)O)c(-c3ccc4c(c3)CCCO4)c2C)c(F)c1,0.0,Cc1noc(C)c1-c1ccc(-c2nc(C)c([C@H](OC(C)(C)C)C(=O)O)c(-c3ccc4c(c3)CCCO4)c2C)c(F)c1,c1cc(-c2ccc3c(c2)CCCO3)cc(-c2ccc(-c3cnoc3)cc2)n1,41
Cc1noc([C@@H]2C[C@@H](C(=O)NC[C@@H]3CCCO3)CN(Cc3nc(-c4ccccc4)oc3C)C2)n1,0.0,Cc1noc([C@@H]2C[C@@H](C(=O)NC[C@@H]3CCCO3)CN(Cc3nc(-c4ccccc4)oc3C)C2)n1,O=C(NCC1CCCO1)C1CC(c2ncno2)CN(Cc2coc(-c3ccccc3)n2)C1,34
Cc1oc(-c2ccccc2)nc1CN1CCCC(C(=O)NCC2CCOCC2)C1,0.0,Cc1oc(-c2ccccc2)nc1CN1CCCC(C(=O)NCC2CCOCC2)C1,O=C(NCC1CCOCC1)C1CCCN(Cc2coc(-c3ccccc3)n2)C1,29
Cc1oc(-c2ccccc2)nc1CN1CCC[C@@H](C(=O)NC[C@@H]2CCCO2)C1,0.0,Cc1oc(-c2ccccc2)nc1CN1CCC[C@@H](C(=O)NC[C@@H]2CCCO2)C1,O=C(NCC1CCCO1)C1CCCN(Cc2coc(-c3ccccc3)n2)C1,28
Cc1oc(-c2ccccc2)nc1CN1CCC[C@@H](C(=O)NC[C@H]2CCCO2)C1,0.0,Cc1oc(-c2ccccc2)nc1CN1CCC[C@@H](C(=O)NC[C@H]2CCCO2)C1,O=C(NCC1CCCO1)C1CCCN(Cc2coc(-c3ccccc3)n2)C1,28
Cc1oc(-c2ccccc2)nc1CN1CCC[C@@H](C(=O)NCc2cccc(N)n2)C1,0.0,Cc1oc(-c2ccccc2)nc1CN1CCC[C@@H](C(=O)NCc2cccc(N)n2)C1,O=C(NCc1ccccn1)C1CCCN(Cc2coc(-c3ccccc3)n2)C1,30
Clc1ccc(-c2[nH]nc(C3CCN(C4CCOC4)CC3)c2-c2ccncn2)cc1,0.0,Clc1ccc(-c2[nH]nc(C3CCN(C4CCOC4)CC3)c2-c2ccncn2)cc1,c1ccc(-c2[nH]nc(C3CCN(C4CCOC4)CC3)c2-c2ccncn2)cc1,29
Clc1ccc(-c2ccc(C#Cc3ccc(OCCN4CCCC4)cc3)nc2)cc1,0.0,Clc1ccc(-c2ccc(C#Cc3ccc(OCCN4CCCC4)cc3)nc2)cc1,C(#Cc1ccc(-c2ccccc2)cn1)c1ccc(OCCN2CCCC2)cc1,29
Clc1ccc(C(c2nnnn2Cc2ccccc2)N2CCCN(C3CCC3)CC2)cc1,0.0,Clc1ccc(C(c2nnnn2Cc2ccccc2)N2CCCN(C3CCC3)CC2)cc1,c1ccc(Cn2nnnc2C(c2ccccc2)N2CCCN(C3CCC3)CC2)cc1,31
Clc1ccc(C2(CNC3CC3)CCCCC2)cc1Cl,0.0,Clc1ccc(C2(CNC3CC3)CCCCC2)cc1Cl,c1ccc(C2(CNC3CC3)CCCCC2)cc1,19
Clc1ccc(C2=Nn3c(nnc3-c3[nH]nc4c3CCC4)SC2)cc1Cl,0.0,Clc1ccc(C2=Nn3c(nnc3-c3[nH]nc4c3CCC4)SC2)cc1Cl,c1ccc(C2=Nn3c(nnc3-c3[nH]nc4c3CCC4)SC2)cc1,25
Clc1ccc2c(NCCCNCc3ccc(-c4ccccc4)o3)ccnc2c1,0.0,Clc1ccc2c(NCCCNCc3ccc(-c4ccccc4)o3)ccnc2c1,c1ccc(-c2ccc(CNCCCNc3ccnc4ccccc34)o2)cc1,28
Clc1ccc2c(NCCCNCc3ccc(-c4ccccc4)s3)ccnc2c1,0.0,Clc1ccc2c(NCCCNCc3ccc(-c4ccccc4)s3)ccnc2c1,c1ccc(-c2ccc(CNCCCNc3ccnc4ccccc34)s2)cc1,28
Clc1ccc2c(NCCCNCc3ccc(-c4cccnc4)s3)ccnc2c1,0.0,Clc1ccc2c(NCCCNCc3ccc(-c4cccnc4)s3)ccnc2c1,c1cncc(-c2ccc(CNCCCNc3ccnc4ccccc34)s2)c1,28
Clc1ccc2c(NCCNCc3ccc(-c4ccccc4)o3)ccnc2c1,0.0,Clc1ccc2c(NCCNCc3ccc(-c4ccccc4)o3)ccnc2c1,c1ccc(-c2ccc(CNCCNc3ccnc4ccccc34)o2)cc1,27
Clc1ccc2c(NCCNCc3ccc(-c4ccccc4)s3)ccnc2c1,0.0,Clc1ccc2c(NCCNCc3ccc(-c4ccccc4)s3)ccnc2c1,c1ccc(-c2ccc(CNCCNc3ccnc4ccccc34)s2)cc1,27
Clc1ccc2c(NCCNCc3ccc(-c4cccnc4)s3)ccnc2c1,0.0,Clc1ccc2c(NCCNCc3ccc(-c4cccnc4)s3)ccnc2c1,c1cncc(-c2ccc(CNCCNc3ccnc4ccccc34)s2)c1,27
Clc1ccc2c(NCCNCc3ccc(-c4ccnc(Cl)n4)s3)ccnc2c1,0.0,Clc1ccc2c(NCCNCc3ccc(-c4ccnc(Cl)n4)s3)ccnc2c1,c1ccc2c(NCCNCc3ccc(-c4ccncn4)s3)ccnc2c1,28
Clc1cccc(CN(CC2CC2)[C@@H]2CCNC2)c1Cl,0.0,Clc1cccc(CN(CC2CC2)[C@@H]2CCNC2)c1Cl,c1ccc(CN(CC2CC2)C2CCNC2)cc1,19
Clc1cccc(CN(CC2CC2)[C@H]2CCNC2)c1Cl,0.0,Clc1cccc(CN(CC2CC2)[C@H]2CCNC2)c1Cl,c1ccc(CN(CC2CC2)C2CCNC2)cc1,19
Clc1cccc(CN(Cc2ccccn2)[C@H]2CCNC2)c1Cl,0.0,Clc1cccc(CN(Cc2ccccn2)[C@H]2CCNC2)c1Cl,c1ccc(CN(Cc2ccccn2)C2CCNC2)cc1,22
Clc1cccc(OC(c2ccccc2)C2CCNCC2)c1Cl,0.0,Clc1cccc(OC(c2ccccc2)C2CCNCC2)c1Cl,c1ccc(OC(c2ccccc2)C2CCNCC2)cc1,22
Clc1cccc(OC(c2ccccn2)[C@H]2CCNC2)c1Cl,0.0,Clc1cccc(OC(c2ccccn2)[C@H]2CCNC2)c1Cl,c1ccc(OC(c2ccccn2)C2CCNC2)cc1,21
Clc1cccc(OC(c2cccnc2)C2CCNCC2)c1Cl,0.0,Clc1cccc(OC(c2cccnc2)C2CCNCC2)c1Cl,c1ccc(OC(c2cccnc2)C2CCNCC2)cc1,22
Clc1ccccc1CC(c1ccccc1)N1CCNCC1,0.0,Cl.Clc1ccccc1CC(c1ccccc1)N1CCNCC1,c1ccc(CC(c2ccccc2)N2CCNCC2)cc1,21
Cn1c(-c2ccc(Cl)cc2)c(C2CCCC2)c2ccc(C(=O)NC3(C(=O)Nc4ccc(/C=C/C(=O)O)cc4)CCC3)cc21,1.0,Cn1c(-c2ccc(Cl)cc2)c(C2CCCC2)c2ccc(C(=O)NC3(C(=O)Nc4ccc(/C=C/C(=O)O)cc4)CCC3)cc21,O=C(NC1(C(=O)Nc2ccccc2)CCC1)c1ccc2c(C3CCCC3)c(-c3ccccc3)[nH]c2c1,43
Cn1c(-c2ccc(Cl)cn2)c(C2CCCC2)c2ccc(C(=O)NC(C)(C)C(=O)Nc3ccc(/C=C/C(=O)O)cc3)cc21,1.0,Cn1c(-c2ccc(Cl)cn2)c(C2CCCC2)c2ccc(C(=O)NC(C)(C)C(=O)Nc3ccc(/C=C/C(=O)O)cc3)cc21,O=C(CNC(=O)c1ccc2c(C3CCCC3)c(-c3ccccn3)[nH]c2c1)Nc1ccccc1,42
Cn1c(-c2ccc(Cl)cn2)c(C2CCCC2)c2ccc(C(=O)NC3(C(=O)Nc4ccc(/C=C/C(=O)O)cc4)CCC3)cc21,1.0,Cn1c(-c2ccc(Cl)cn2)c(C2CCCC2)c2ccc(C(=O)NC3(C(=O)Nc4ccc(/C=C/C(=O)O)cc4)CCC3)cc21,O=C(NC1(C(=O)Nc2ccccc2)CCC1)c1ccc2c(C3CCCC3)c(-c3ccccn3)[nH]c2c1,43
Cn1c(-c2ccc(Cl)cn2)c(C2CCCC2)c2ccc(C(=O)NC3(C(=O)Nc4ccc(/C=C/C(=O)O)cc4)CCCC3)cc21,1.0,Cn1c(-c2ccc(Cl)cn2)c(C2CCCC2)c2ccc(C(=O)NC3(C(=O)Nc4ccc(/C=C/C(=O)O)cc4)CCCC3)cc21,O=C(NC1(C(=O)Nc2ccccc2)CCCC1)c1ccc2c(C3CCCC3)c(-c3ccccn3)[nH]c2c1,44
Cn1c(-c2ccc(F)cn2)c(C2CCCC2)c2ccc(C(=O)NC3(C(=O)Nc4ccc(/C=C/C(=O)O)cc4)CCC3)cc21,1.0,Cn1c(-c2ccc(F)cn2)c(C2CCCC2)c2ccc(C(=O)NC3(C(=O)Nc4ccc(/C=C/C(=O)O)cc4)CCC3)cc21,O=C(NC1(C(=O)Nc2ccccc2)CCC1)c1ccc2c(C3CCCC3)c(-c3ccccn3)[nH]c2c1,43
Cn1c(-c2cccc(N)n2)c(C2CCCC2)c2ccc(C(=O)NC3(C(=O)Nc4ccc(/C=C/C(=O)O)cc4)CCC3)cc21,1.0,Cn1c(-c2cccc(N)n2)c(C2CCCC2)c2ccc(C(=O)NC3(C(=O)Nc4ccc(/C=C/C(=O)O)cc4)CCC3)cc21,O=C(NC1(C(=O)Nc2ccccc2)CCC1)c1ccc2c(C3CCCC3)c(-c3ccccn3)[nH]c2c1,43
Cn1c(-c2ccccn2)c(C2CCCC2)c2ccc(C(=O)NC(C)(C)C(=O)Nc3ccc(/C=C/C(=O)O)cc3)cc21,1.0,Cn1c(-c2ccccn2)c(C2CCCC2)c2ccc(C(=O)NC(C)(C)C(=O)Nc3ccc(/C=C/C(=O)O)cc3)cc21,O=C(CNC(=O)c1ccc2c(C3CCCC3)c(-c3ccccn3)[nH]c2c1)Nc1ccccc1,41
Cn1c(-c2ccccn2)c(C2CCCC2)c2ccc(C(=O)NC3(C(=O)Nc4ccc(/C=C/C(=O)O)c(OC5CCC5)c4)CCC3)cc21,0.0,Cn1c(-c2ccccn2)c(C2CCCC2)c2ccc(C(=O)NC3(C(=O)Nc4ccc(/C=C/C(=O)O)c(OC5CCC5)c4)CCC3)cc21,O=C(NC1(C(=O)Nc2cccc(OC3CCC3)c2)CCC1)c1ccc2c(C3CCCC3)c(-c3ccccn3)[nH]c2c1,47
Cn1c(-c2ccccn2)c(C2CCCC2)c2ccc(C(=O)NC3(C(=O)Nc4ccc(/C=C/C(=O)O)c(OCC5CC5)c4)CCC3)cc21,1.0,Cn1c(-c2ccccn2)c(C2CCCC2)c2ccc(C(=O)NC3(C(=O)Nc4ccc(/C=C/C(=O)O)c(OCC5CC5)c4)CCC3)cc21,O=C(NC1(C(=O)Nc2cccc(OCC3CC3)c2)CCC1)c1ccc2c(C3CCCC3)c(-c3ccccn3)[nH]c2c1,47
Cn1c(-c2ccccn2)c(C2CCCC2)c2ccc(C(=O)NC3(C(=O)Nc4ccc(/C=C/C(=O)O)cc4)CCC3)cc21,0.0,Cn1c(-c2ccccn2)c(C2CCCC2)c2ccc(C(=O)NC3(C(=O)Nc4ccc(/C=C/C(=O)O)cc4)CCC3)cc21,O=C(NC1(C(=O)Nc2ccccc2)CCC1)c1ccc2c(C3CCCC3)c(-c3ccccn3)[nH]c2c1,42
Cn1c(-c2ccccn2)c(C2CCCC2)c2ccc(C(=O)NC3(C(=O)Nc4ccc(/C=C/C(=O)O)cc4)CCCC3)cc21,0.0,Cn1c(-c2ccccn2)c(C2CCCC2)c2ccc(C(=O)NC3(C(=O)Nc4ccc(/C=C/C(=O)O)cc4)CCCC3)cc21,O=C(NC1(C(=O)Nc2ccccc2)CCCC1)c1ccc2c(C3CCCC3)c(-c3ccccn3)[nH]c2c1,43
Cn1c(-c2ccncc2)c(C2CCCC2)c2ccc(C(=O)NC3(C(=O)Nc4ccc(/C=C/C(=O)O)cc4)CCC3)cc21,0.0,Cn1c(-c2ccncc2)c(C2CCCC2)c2ccc(C(=O)NC3(C(=O)Nc4ccc(/C=C/C(=O)O)cc4)CCC3)cc21,O=C(NC1(C(=O)Nc2ccccc2)CCC1)c1ccc2c(C3CCCC3)c(-c3ccncc3)[nH]c2c1,42
Cn1c(-c2ccncc2)c(C2CCCC2)c2ccc(C(=O)NC3(C(=O)Nc4ccc(/C=C/C(=O)O)cc4)CCCC3)cc21,0.0,Cn1c(-c2ccncc2)c(C2CCCC2)c2ccc(C(=O)NC3(C(=O)Nc4ccc(/C=C/C(=O)O)cc4)CCCC3)cc21,O=C(NC1(C(=O)Nc2ccccc2)CCCC1)c1ccc2c(C3CCCC3)c(-c3ccncc3)[nH]c2c1,43
Cn1c(-c2ccoc2)c(C2CCCC2)c2ccc(C(=O)NC3(C(=O)Nc4ccc(/C=C/C(=O)O)cc4)CCC3)cc21,1.0,Cn1c(-c2ccoc2)c(C2CCCC2)c2ccc(C(=O)NC3(C(=O)Nc4ccc(/C=C/C(=O)O)cc4)CCC3)cc21,O=C(NC1(C(=O)Nc2ccccc2)CCC1)c1ccc2c(C3CCCC3)c(-c3ccoc3)[nH]c2c1,41
Cn1c(-c2cnccn2)c(C2CCCC2)c2ccc(C(=O)NC3(C(=O)Nc4ccc(/C=C/C(=O)O)cc4)CCC3)cc21,0.0,Cn1c(-c2cnccn2)c(C2CCCC2)c2ccc(C(=O)NC3(C(=O)Nc4ccc(/C=C/C(=O)O)cc4)CCC3)cc21,O=C(NC1(C(=O)Nc2ccccc2)CCC1)c1ccc2c(C3CCCC3)c(-c3cnccn3)[nH]c2c1,42
Cn1c(=O)c(Cl)c(N2CCC[C@@H](N)C2)n(Cc2ccccc2C#N)c1=O,1.0,Cn1c(=O)c(Cl)c(N2CCC[C@@H](N)C2)n(Cc2ccccc2C#N)c1=O,O=c1cc(N2CCCCC2)n(Cc2ccccc2)c(=O)[nH]1,26
Cn1c(=O)c(Cl)c(Nc2ccc(I)cc2F)c2c(=O)n(C[C@@H](O)CO)cnc21,0.0,Cn1c(=O)c(Cl)c(Nc2ccc(I)cc2F)c2c(=O)n(C[C@@H](O)CO)cnc21,O=c1cc(Nc2ccccc2)c2c(=O)[nH]cnc2[nH]1,28
Cn1c(=O)c(F)c(Nc2ccc(Br)cc2F)c2c(=O)n(C[C@@H](O)CO)cnc21,1.0,Cn1c(=O)c(F)c(Nc2ccc(Br)cc2F)c2c(=O)n(C[C@@H](O)CO)cnc21,O=c1cc(Nc2ccccc2)c2c(=O)[nH]cnc2[nH]1,28
Cn1c(=O)c(F)c(Nc2ccc(I)cc2F)c2c(=O)n(C(CO)CO)cnc21,0.0,Cn1c(=O)c(F)c(Nc2ccc(I)cc2F)c2c(=O)n(C(CO)CO)cnc21,O=c1cc(Nc2ccccc2)c2c(=O)[nH]cnc2[nH]1,28
Cn1c(=O)c(F)c(Nc2ccc(I)cc2F)c2c(=O)n(CCO)cnc21,0.0,Cn1c(=O)c(F)c(Nc2ccc(I)cc2F)c2c(=O)n(CCO)cnc21,O=c1cc(Nc2ccccc2)c2c(=O)[nH]cnc2[nH]1,26
Cn1c(=O)c(F)c(Nc2ccc(I)cc2F)c2c(=O)n(C[C@@H](O)CO)cnc21,1.0,Cn1c(=O)c(F)c(Nc2ccc(I)cc2F)c2c(=O)n(C[C@@H](O)CO)cnc21,O=c1cc(Nc2ccccc2)c2c(=O)[nH]cnc2[nH]1,28
Cn1c(=O)c(F)c(Nc2ccc(I)cc2F)c2c(=O)n(C[C@H](O)CO)cnc21,1.0,Cn1c(=O)c(F)c(Nc2ccc(I)cc2F)c2c(=O)n(C[C@H](O)CO)cnc21,O=c1cc(Nc2ccccc2)c2c(=O)[nH]cnc2[nH]1,28
Cn1c(=O)c(F)c(Nc2ccc(I)cc2F)c2c(=O)n(OC[C@H](O)CO)cnc21,0.0,Cn1c(=O)c(F)c(Nc2ccc(I)cc2F)c2c(=O)n(OC[C@H](O)CO)cnc21,O=c1cc(Nc2ccccc2)c2c(=O)[nH]cnc2[nH]1,29
Cn1c(=O)cc(N2CCC[C@@H](N)C2)n(Cc2cc(Cl)ccc2Cl)c1=O,1.0,Cn1c(=O)cc(N2CCC[C@@H](N)C2)n(Cc2cc(Cl)ccc2Cl)c1=O,O=c1cc(N2CCCCC2)n(Cc2ccccc2)c(=O)[nH]1,25
Cn1c(=O)cc(N2CCC[C@@H](N)C2)n(Cc2cc(F)ccc2Br)c1=O,0.0,Cn1c(=O)cc(N2CCC[C@@H](N)C2)n(Cc2cc(F)ccc2Br)c1=O,O=c1cc(N2CCCCC2)n(Cc2ccccc2)c(=O)[nH]1,25
Cn1c(=O)cc(N2CCC[C@@H](N)C2)n(Cc2cc(F)ccc2C#N)c1=O,1.0,Cn1c(=O)cc(N2CCC[C@@H](N)C2)n(Cc2cc(F)ccc2C#N)c1=O,O=c1cc(N2CCCCC2)n(Cc2ccccc2)c(=O)[nH]1,26
Cn1c(=O)cc(N2CCC[C@@H](N)C2)n(Cc2cc(F)ccc2Cl)c1=O,1.0,Cn1c(=O)cc(N2CCC[C@@H](N)C2)n(Cc2cc(F)ccc2Cl)c1=O,O=c1cc(N2CCCCC2)n(Cc2ccccc2)c(=O)[nH]1,25
Cn1c(=O)cc(N2CCC[C@@H](N)C2)n(Cc2ccc(F)cc2Cl)c1=O,1.0,Cn1c(=O)cc(N2CCC[C@@H](N)C2)n(Cc2ccc(F)cc2Cl)c1=O,O=c1cc(N2CCCCC2)n(Cc2ccccc2)c(=O)[nH]1,25
Cn1c(=O)cc(N2CCC[C@@H](N)C2)n(Cc2ccccc2Br)c1=O,1.0,Cn1c(=O)cc(N2CCC[C@@H](N)C2)n(Cc2ccccc2Br)c1=O,O=c1cc(N2CCCCC2)n(Cc2ccccc2)c(=O)[nH]1,24
Cn1c(=O)cc(N2CCC[C@@H](N)C2)n(Cc2ccccc2C#N)c1=O,0.0,Cn1c(=O)cc(N2CCC[C@@H](N)C2)n(Cc2ccccc2C#N)c1=O,O=c1cc(N2CCCCC2)n(Cc2ccccc2)c(=O)[nH]1,25
Cn1c(=O)cc(N2CCC[C@@](C)(N)C2)n(Cc2cc(F)ccc2C#N)c1=O,1.0,Cn1c(=O)cc(N2CCC[C@@](C)(N)C2)n(Cc2cc(F)ccc2C#N)c1=O,O=c1cc(N2CCCCC2)n(Cc2ccccc2)c(=O)[nH]1,27
Cn1c(=O)cc(Nc2ccc(I)cc2F)c2c(=O)n(CCCO)cnc21,1.0,Cn1c(=O)cc(Nc2ccc(I)cc2F)c2c(=O)n(CCCO)cnc21,O=c1cc(Nc2ccccc2)c2c(=O)[nH]cnc2[nH]1,26
Cn1c(=O)cc(Nc2ccc(I)cc2F)c2c(=O)n(CCO)cnc21,0.0,Cn1c(=O)cc(Nc2ccc(I)cc2F)c2c(=O)n(CCO)cnc21,O=c1cc(Nc2ccccc2)c2c(=O)[nH]cnc2[nH]1,25
Cn1c(=O)cc(Nc2ccc(I)cc2F)c2c(=O)n(C[C@@H](O)CCO)cnc21,1.0,Cn1c(=O)cc(Nc2ccc(I)cc2F)c2c(=O)n(C[C@@H](O)CCO)cnc21,O=c1cc(Nc2ccccc2)c2c(=O)[nH]cnc2[nH]1,28
Cn1c(=O)cc(Nc2ccc(I)cc2F)c2c(=O)n(C[C@@H](O)CO)cnc21,0.0,Cn1c(=O)cc(Nc2ccc(I)cc2F)c2c(=O)n(C[C@@H](O)CO)cnc21,O=c1cc(Nc2ccccc2)c2c(=O)[nH]cnc2[nH]1,27
Cn1c(=O)cc(Nc2ccc(I)cc2F)c2c(=O)n(C[C@H](O)CO)cnc21,1.0,Cn1c(=O)cc(Nc2ccc(I)cc2F)c2c(=O)n(C[C@H](O)CO)cnc21,O=c1cc(Nc2ccccc2)c2c(=O)[nH]cnc2[nH]1,27
Cn1c(C(=O)c2ccc(Cl)cc2)cnc1CCCCN1CCCCC1,1.0,Cn1c(C(=O)c2ccc(Cl)cc2)cnc1CCCCN1CCCCC1,O=C(c1ccccc1)c1cnc(CCCCN2CCCCC2)[nH]1,25
Cn1c(C(=O)c2ccc(Cl)cc2)cnc1NCCCN1CCCCC1,1.0,Cn1c(C(=O)c2ccc(Cl)cc2)cnc1NCCCN1CCCCC1,O=C(c1ccccc1)c1cnc(NCCCN2CCCCC2)[nH]1,25
Cn1c(C(=O)c2ccc(Cl)cc2)cnc1OCCCN1CCCCC1,1.0,Cn1c(C(=O)c2ccc(Cl)cc2)cnc1OCCCN1CCCCC1,O=C(c1ccccc1)c1cnc(OCCCN2CCCCC2)[nH]1,25
Cn1c(C(=O)c2ccc(Cl)cc2)cnc1SCCCN1CCCCC1,1.0,Cn1c(C(=O)c2ccc(Cl)cc2)cnc1SCCCN1CCCCC1,O=C(c1ccccc1)c1cnc(SCCCN2CCCCC2)[nH]1,25
Cn1c(CCc2ccccc2)nc2cc(/C=C/C(=O)NO)ccc21,0.0,Cl.Cn1c(CCc2ccccc2)nc2cc(/C=C/C(=O)NO)ccc21,c1ccc(CCc2nc3ccccc3[nH]2)cc1,24
Cn1c(Nc2ccc(Br)cc2F)c(C(=O)NOCCO)c2c1C(=O)CCC2,0.0,Cn1c(Nc2ccc(Br)cc2F)c(C(=O)NOCCO)c2c1C(=O)CCC2,O=C1CCCc2cc(Nc3ccccc3)[nH]c21,27
Cn1c(Nc2ccc(Br)cc2F)c(C(=O)NOC[C@@H](O)CO)c2c1C(=O)CCC2,0.0,Cn1c(Nc2ccc(Br)cc2F)c(C(=O)NOC[C@@H](O)CO)c2c1C(=O)CCC2,O=C1CCCc2cc(Nc3ccccc3)[nH]c21,29
Cn1c(Nc2ccc(Br)cc2F)c(C(=O)NOC[C@H](O)CO)c2c1C(=O)CCC2,0.0,Cn1c(Nc2ccc(Br)cc2F)c(C(=O)NOC[C@H](O)CO)c2c1C(=O)CCC2,O=C1CCCc2cc(Nc3ccccc3)[nH]c21,29
Cn1c(Nc2ccc(I)cc2F)c(C(=O)NOCCO)c2c1C(=O)CC2,0.0,Cn1c(Nc2ccc(I)cc2F)c(C(=O)NOCCO)c2c1C(=O)CC2,O=C1CCc2cc(Nc3ccccc3)[nH]c21,26
Cn1c(Nc2ccc(I)cc2F)c(C(=O)NOCCO)c2c1C(=O)CCC2,0.0,Cn1c(Nc2ccc(I)cc2F)c(C(=O)NOCCO)c2c1C(=O)CCC2,O=C1CCCc2cc(Nc3ccccc3)[nH]c21,27
Cn1c(Nc2ccc(I)cc2F)c(C(=O)NOC[C@@H](O)CO)c2c1C(=O)CC2,0.0,Cn1c(Nc2ccc(I)cc2F)c(C(=O)NOC[C@@H](O)CO)c2c1C(=O)CC2,O=C1CCc2cc(Nc3ccccc3)[nH]c21,28
Cn1c(Nc2ccc(I)cc2F)c(C(=O)NOC[C@@H](O)CO)c2c1C(=O)CCC2,0.0,Cn1c(Nc2ccc(I)cc2F)c(C(=O)NOC[C@@H](O)CO)c2c1C(=O)CCC2,O=C1CCCc2cc(Nc3ccccc3)[nH]c21,29
Cn1c(Nc2ccc(I)cc2F)c(C(=O)NOC[C@H](O)CO)c2c1C(=O)CC2,0.0,Cn1c(Nc2ccc(I)cc2F)c(C(=O)NOC[C@H](O)CO)c2c1C(=O)CC2,O=C1CCc2cc(Nc3ccccc3)[nH]c21,28
Cn1c(Nc2ccc(I)cc2F)c(C(=O)NOC[C@H](O)CO)c2c1C(=O)CCC2,0.0,Cn1c(Nc2ccc(I)cc2F)c(C(=O)NOC[C@H](O)CO)c2c1C(=O)CCC2,O=C1CCCc2cc(Nc3ccccc3)[nH]c21,29
Cn1cc(/C=C2\C(=O)NN=C2c2nccs2)c2c(OCc3c(F)cccc3F)cccc21,0.0,Cn1cc(/C=C2\C(=O)NN=C2c2nccs2)c2c(OCc3c(F)cccc3F)cccc21,O=C1NN=C(c2nccs2)C1=Cc1c[nH]c2cccc(OCc3ccccc3)c12,32
Cn1cc(/C=C2\C(=O)NN=C2c2nccs2)c2c(OCc3cccc(F)c3)cccc21,0.0,Cn1cc(/C=C2\C(=O)NN=C2c2nccs2)c2c(OCc3cccc(F)c3)cccc21,O=C1NN=C(c2nccs2)C1=Cc1c[nH]c2cccc(OCc3ccccc3)c12,31
Cn1cc(/C=C2\C(=O)NN=C2c2nccs2)c2c(OCc3cccc(F)c3F)cccc21,0.0,Cn1cc(/C=C2\C(=O)NN=C2c2nccs2)c2c(OCc3cccc(F)c3F)cccc21,O=C1NN=C(c2nccs2)C1=Cc1c[nH]c2cccc(OCc3ccccc3)c12,32
Cn1cc(/C=C2\C(=O)NN=C2c2nccs2)c2c(OCc3ccccc3)cccc21,0.0,Cn1cc(/C=C2\C(=O)NN=C2c2nccs2)c2c(OCc3ccccc3)cccc21,O=C1NN=C(c2nccs2)C1=Cc1c[nH]c2cccc(OCc3ccccc3)c12,30
Cn1cc(CN2CCN(c3cc(C(=O)Nc4ccc5c(c4)-c4c(c(C(N)=O)nn4-c4ccc(F)cc4)CC5)c(Cl)cn3)CC2)cn1,0.0,Cn1cc(CN2CCN(c3cc(C(=O)Nc4ccc5c(c4)-c4c(c(C(N)=O)nn4-c4ccc(F)cc4)CC5)c(Cl)cn3)CC2)cn1,O=C(Nc1ccc2c(c1)-c1c(cnn1-c1ccccc1)CC2)c1ccnc(N2CCN(Cc3cn[nH]c3)CC2)c1,46
Cn1cc(CN2CCN(c3cc(C(=O)Nc4ccc5c(c4)-c4c(c(C(N)=O)nn4-c4cccc(F)c4)CC5)c(Cl)cn3)CC2)cn1,0.0,Cn1cc(CN2CCN(c3cc(C(=O)Nc4ccc5c(c4)-c4c(c(C(N)=O)nn4-c4cccc(F)c4)CC5)c(Cl)cn3)CC2)cn1,O=C(Nc1ccc2c(c1)-c1c(cnn1-c1ccccc1)CC2)c1ccnc(N2CCN(Cc3cn[nH]c3)CC2)c1,46
Cn1ccc(-c2ccc(Cl)c(C(=O)NCC3(O)CCCCCC3)c2)n1,0.0,Cn1ccc(-c2ccc(Cl)c(C(=O)NCC3(O)CCCCCC3)c2)n1,O=C(NCC1CCCCCC1)c1cccc(-c2cc[nH]n2)c1,25
Cn1ccc2cc(C(c3nnnn3Cc3ccccc3)N3CCCN(C4CCC4)CC3)ccc21,0.0,Cn1ccc2cc(C(c3nnnn3Cc3ccccc3)N3CCCN(C4CCC4)CC3)ccc21,c1ccc(Cn2nnnc2C(c2ccc3[nH]ccc3c2)N2CCCN(C3CCC3)CC2)cc1,34
Cn1cnc2c(c(Nc3ccc(I)cc3F)cc(=O)n2C)c1=O,1.0,Cn1cnc2c(c(Nc3ccc(I)cc3F)cc(=O)n2C)c1=O,O=c1cc(Nc2ccccc2)c2c(=O)[nH]cnc2[nH]1,23
Cn1nc(-c2ccc(C(=O)N3CCC[C@H]3CN3CCCC3)cc2)ccc1=O,0.0,Cn1nc(-c2ccc(C(=O)N3CCC[C@H]3CN3CCCC3)cc2)ccc1=O,O=C(c1ccc(-c2ccc(=O)[nH]n2)cc1)N1CCCC1CN1CCCC1,27
Cn1nc(-c2ccc(OC(F)(F)F)cc2)nc2c(=O)n(C)c(=O)nc1-2,1.0,Cn1nc(-c2ccc(OC(F)(F)F)cc2)nc2c(=O)n(C)c(=O)nc1-2,O=c1nc2[nH]nc(-c3ccccc3)nc-2c(=O)[nH]1,25
Cn1nc(-c2ccc(OCCCN3CCCCC3)cc2)c2ccccc2c1=O,0.0,Cn1nc(-c2ccc(OCCCN3CCCCC3)cc2)c2ccccc2c1=O,O=c1[nH]nc(-c2ccc(OCCCN3CCCCC3)cc2)c2ccccc12,28
Cn1nccc1C(=O)N[C@H](c1cn(C2(C#N)CC2)nn1)C1CCCCC1,0.0,Cn1nccc1C(=O)N[C@H](c1cn(C2(C#N)CC2)nn1)C1CCCCC1,O=C(NC(c1cn(C2CC2)nn1)C1CCCCC1)c1ccn[nH]1,26
Cn1nnc2cc(C(c3nnnn3Cc3ccccc3)N3CCCN(C4CCC4)CC3)ccc21,0.0,Cn1nnc2cc(C(c3nnnn3Cc3ccccc3)N3CCCN(C4CCC4)CC3)ccc21,c1ccc(Cn2nnnc2C(c2ccc3[nH]nnc3c2)N2CCCN(C3CCC3)CC2)cc1,34
FC(F)(F)Oc1ccc(C(c2nnnn2Cc2ccccc2)N2CCCN(C3CCC3)CC2)cc1,0.0,FC(F)(F)Oc1ccc(C(c2nnnn2Cc2ccccc2)N2CCCN(C3CCC3)CC2)cc1,c1ccc(Cn2nnnc2C(c2ccccc2)N2CCCN(C3CCC3)CC2)cc1,35
FC(F)(F)Oc1ccccc1CC(c1ccccc1)N1CCNCC1,0.0,FC(F)(F)Oc1ccccc1CC(c1ccccc1)N1CCNCC1,c1ccc(CC(c2ccccc2)N2CCNCC2)cc1,25
FC(F)(F)c1ccccc1CN(C1CCOCC1)[C@H]1CCNC1,0.0,FC(F)(F)c1ccccc1CN(C1CCOCC1)[C@H]1CCNC1,c1ccc(CN(C2CCOCC2)C2CCNC2)cc1,23
FC(F)Oc1ccc(C(c2nnnn2Cc2ccccc2)N2CCCN(C3CCC3)CC2)cc1,0.0,FC(F)Oc1ccc(C(c2nnnn2Cc2ccccc2)N2CCCN(C3CCC3)CC2)cc1,c1ccc(Cn2nnnc2C(c2ccccc2)N2CCCN(C3CCC3)CC2)cc1,34
FC(F)Oc1ccc2[nH]c(SCc3ccccn3)nc2c1,0.0,FC(F)Oc1ccc2[nH]c(SCc3ccccn3)nc2c1,c1ccc(CSc2nc3ccccc3[nH]2)nc1,21
FC(F)Oc1cccc(C(c2nnnn2Cc2ccccc2)N2CCCN(C3CCC3)CC2)c1,0.0,FC(F)Oc1cccc(C(c2nnnn2Cc2ccccc2)N2CCCN(C3CCC3)CC2)c1,c1ccc(Cn2nnnc2C(c2ccccc2)N2CCCN(C3CCC3)CC2)cc1,34
FC(F)Oc1ccccc1CC(c1ccccc1)N1CCNCC1,0.0,FC(F)Oc1ccccc1CC(c1ccccc1)N1CCNCC1,c1ccc(CC(c2ccccc2)N2CCNCC2)cc1,24
F[C@@H]1CNCC[C@H]1N1NNC2CNC3NCCC3C21,1.0,F[C@@H]1CNCC[C@H]1N1NNC2CNC3NCCC3C21,C1CC(N2NNC3CNC4NCCC4C32)CCN1,19
Fc1cc(I)ccc1Nc1c(-c2nnc(NCCCN3CCOCC3)o2)ccc(F)c1F,0.0,Fc1cc(I)ccc1Nc1c(-c2nnc(NCCCN3CCOCC3)o2)ccc(F)c1F,c1ccc(Nc2ccccc2-c2nnc(NCCCN3CCOCC3)o2)cc1,32
Fc1cc(I)ccc1Nc1c(-c2nnc(NCCN3CCOCC3)o2)ccc(F)c1F,0.0,Fc1cc(I)ccc1Nc1c(-c2nnc(NCCN3CCOCC3)o2)ccc(F)c1F,c1ccc(Nc2ccccc2-c2nnc(NCCN3CCOCC3)o2)cc1,31
Fc1cc(N2C[C@@H]3C[C@H]2CN3C2CCC2)cc(F)c1-c1ccnc2c(-c3cccc4[nH]ncc34)c(-c3ccncc3)nn12,0.0,Fc1cc(N2C[C@@H]3C[C@H]2CN3C2CCC2)cc(F)c1-c1ccnc2c(-c3cccc4[nH]ncc34)c(-c3ccncc3)nn12,c1cc(-c2c(-c3ccncc3)nn3c(-c4ccc(N5CC6CC5CN6C5CCC5)cc4)ccnc23)c2cn[nH]c2c1,43
Fc1ccc(-c2ccc(CNCCCNc3ccnc4cc(Cl)ccc34)s2)cc1,0.0,Fc1ccc(-c2ccc(CNCCCNc3ccnc4cc(Cl)ccc34)s2)cc1,c1ccc(-c2ccc(CNCCCNc3ccnc4ccccc34)s2)cc1,29
Fc1ccc(-c2ccc(CNCCNc3ccnc4cc(Cl)ccc34)s2)cc1,0.0,Fc1ccc(-c2ccc(CNCCNc3ccnc4cc(Cl)ccc34)s2)cc1,c1ccc(-c2ccc(CNCCNc3ccnc4ccccc34)s2)cc1,28
Fc1ccc(C(Cc2ccccc2OC(F)(F)F)N2CCNCC2)cc1,0.0,Fc1ccc(C(Cc2ccccc2OC(F)(F)F)N2CCNCC2)cc1,c1ccc(CC(c2ccccc2)N2CCNCC2)cc1,26
Fc1ccc(C(Cc2ccccc2OC(F)F)N2CCNCC2)cc1,0.0,Fc1ccc(C(Cc2ccccc2OC(F)F)N2CCNCC2)cc1,c1ccc(CC(c2ccccc2)N2CCNCC2)cc1,25
Fc1ccc(C(c2nnnn2Cc2ccccc2)N2CCC(N3CCCC3)CC2)cc1,0.0,Fc1ccc(C(c2nnnn2Cc2ccccc2)N2CCC(N3CCCC3)CC2)cc1,c1ccc(Cn2nnnc2C(c2ccccc2)N2CCC(N3CCCC3)CC2)cc1,31
Fc1ccc(C(c2nnnn2Cc2ccccc2)N2CCCN(C3CCC3)CC2)cc1,0.0,Fc1ccc(C(c2nnnn2Cc2ccccc2)N2CCCN(C3CCC3)CC2)cc1,c1ccc(Cn2nnnc2C(c2ccccc2)N2CCCN(C3CCC3)CC2)cc1,31
Fc1ccc(C(c2nnnn2Cc2ccccc2)N2CCN(C3CCC3)CC2)cc1,0.0,Fc1ccc(C(c2nnnn2Cc2ccccc2)N2CCN(C3CCC3)CC2)cc1,c1ccc(Cn2nnnc2C(c2ccccc2)N2CCN(C3CCC3)CC2)cc1,30
Fc1ccc(C(c2nnnn2Cc2ccccc2)N2CCN(CC3CCCO3)CC2)cc1,0.0,Fc1ccc(C(c2nnnn2Cc2ccccc2)N2CCN(CC3CCCO3)CC2)cc1,c1ccc(Cn2nnnc2C(c2ccccc2)N2CCN(CC3CCCO3)CC2)cc1,32
Fc1ccc(C(c2nnnn2Cc2ccccc2)N2C[C@@H]3C[C@H]2CN3C2CCC2)cc1,0.0,Fc1ccc(C(c2nnnn2Cc2ccccc2)N2C[C@@H]3C[C@H]2CN3C2CCC2)cc1,c1ccc(Cn2nnnc2C(c2ccccc2)N2CC3CC2CN3C2CCC2)cc1,31
Fc1ccc(C(c2nnnn2Cc2ccccc2)N2C[C@H]3CC[C@@H](C2)N3C2CCC2)cc1,0.0,Fc1ccc(C(c2nnnn2Cc2ccccc2)N2C[C@@H]3CC[C@H](C2)N3C2CCC2)cc1,c1ccc(Cn2nnnc2C(c2ccccc2)N2CC3CCC(C2)N3C2CCC2)cc1,32
Fc1ccc(CN2CCN(c3ccc(-c4nc5ccccc5o4)cc3)CC2)cn1,0.0,Fc1ccc(CN2CCN(c3ccc(-c4nc5ccccc5o4)cc3)CC2)cn1,c1cncc(CN2CCN(c3ccc(-c4nc5ccccc5o4)cc3)CC2)c1,29
Fc1ccc(Nc2ncnc3nc(Nc4ccc(CCN5CCOCC5)cc4)sc23)cc1Cl,0.0,Fc1ccc(Nc2ncnc3nc(Nc4ccc(CCN5CCOCC5)cc4)sc23)cc1Cl,c1ccc(Nc2ncnc3nc(Nc4ccc(CCN5CCOCC5)cc4)sc23)cc1,33
Fc1ccc(Nc2ncnc3nc(Nc4ccc(CN5CCOCC5)cc4)sc23)cc1Cl,0.0,Fc1ccc(Nc2ncnc3nc(Nc4ccc(CN5CCOCC5)cc4)sc23)cc1Cl,c1ccc(Nc2ncnc3nc(Nc4ccc(CN5CCOCC5)cc4)sc23)cc1,32
Fc1ccc(OC[C@@H]2CC[C@H]3CN(c4ncc(F)cn4)CCN3C2)cc1,0.0,Fc1ccc(OC[C@@H]2CC[C@H]3CN(c4ncc(F)cn4)CCN3C2)cc1,c1ccc(OCC2CCC3CN(c4ncccn4)CCN3C2)cc1,26
Fc1ccc(OC[C@@H]2CC[C@H]3CN(c4ncccn4)CCN3C2)cc1,0.0,Fc1ccc(OC[C@@H]2CC[C@H]3CN(c4ncccn4)CCN3C2)cc1,c1ccc(OCC2CCC3CN(c4ncccn4)CCN3C2)cc1,25
Fc1cccc(C(Cc2ccccc2OC(F)(F)F)N2CCNCC2)c1,0.0,Fc1cccc(C(Cc2ccccc2OC(F)(F)F)N2CCNCC2)c1,c1ccc(CC(c2ccccc2)N2CCNCC2)cc1,26
Fc1cccc(C(Cc2ccccc2OC(F)F)N2CCNCC2)c1,0.0,Fc1cccc(C(Cc2ccccc2OC(F)F)N2CCNCC2)c1,c1ccc(CC(c2ccccc2)N2CCNCC2)cc1,25
Fc1cccc(CN(C2CCOCC2)[C@H]2CCNC2)c1C(F)(F)F,0.0,Fc1cccc(CN(C2CCOCC2)[C@H]2CCNC2)c1C(F)(F)F,c1ccc(CN(C2CCOCC2)C2CCNC2)cc1,24
Fc1ccccc1-c1nc(COc2ccc3c(c2)C(N2CCN(C4CCCC4)CC2)CC3)no1,0.0,Fc1ccccc1-c1nc(COc2ccc3c(c2)C(N2CCN(C4CCCC4)CC2)CC3)no1,c1ccc(-c2nc(COc3ccc4c(c3)C(N3CCN(C5CCCC5)CC3)CC4)no2)cc1,34
Fc1ccccc1C(Cc1ccccc1OC(F)(F)F)N1CCNCC1,0.0,Fc1ccccc1C(Cc1ccccc1OC(F)(F)F)N1CCNCC1,c1ccc(CC(c2ccccc2)N2CCNCC2)cc1,26
Fc1ccccc1C(Cc1ccccc1OC(F)F)N1CCNCC1,0.0,Fc1ccccc1C(Cc1ccccc1OC(F)F)N1CCNCC1,c1ccc(CC(c2ccccc2)N2CCNCC2)cc1,25
N#CC1(n2cc([C@@H](NC(=O)C3CCCC3)C3CCCCC3)nn2)CC1,0.0,N#CC1(n2cc([C@@H](NC(=O)C3CCCC3)C3CCCCC3)nn2)CC1,O=C(NC(c1cn(C2CC2)nn1)C1CCCCC1)C1CCCC1,25
N#CC1(n2cc([C@@H](NC(=O)C3CCOCC3)C3CCCCC3)nn2)CC1,0.0,N#CC1(n2cc([C@@H](NC(=O)C3CCOCC3)C3CCCCC3)nn2)CC1,O=C(NC(c1cn(C2CC2)nn1)C1CCCCC1)C1CCOCC1,26
N#CC1(n2cc([C@@H](NC(=O)N3CCCCC3)C3CCCCC3)nn2)CC1,0.0,N#CC1(n2cc([C@@H](NC(=O)N3CCCCC3)C3CCCCC3)nn2)CC1,O=C(NC(c1cn(C2CC2)nn1)C1CCCCC1)N1CCCCC1,26
N#CC1(n2cc([C@@H](NC(=O)N3CCOCC3)C3CCCCC3)nn2)CC1,0.0,N#CC1(n2cc([C@@H](NC(=O)N3CCOCC3)C3CCCCC3)nn2)CC1,O=C(NC(c1cn(C2CC2)nn1)C1CCCCC1)N1CCOCC1,26
N#CC1(n2cc([C@@H](NC(=O)N3CCS(=O)(=O)CC3)C3CCCCC3)nn2)CC1,0.0,N#CC1(n2cc([C@@H](NC(=O)N3CCS(=O)(=O)CC3)C3CCCCC3)nn2)CC1,O=C(NC(c1cn(C2CC2)nn1)C1CCCCC1)N1CCS(=O)(=O)CC1,28
N#CC1(n2cc([C@@H](NC(=O)c3cc4ccccc4o3)C3CCCCC3)nn2)CC1,0.0,N#CC1(n2cc([C@@H](NC(=O)c3cc4ccccc4o3)C3CCCCC3)nn2)CC1,O=C(NC(c1cn(C2CC2)nn1)C1CCCCC1)c1cc2ccccc2o1,29
N#CC1(n2cc([C@@H](NC(=O)c3ccc(=O)[nH]c3)C3CCCCC3)nn2)CC1,0.0,N#CC1(n2cc([C@@H](NC(=O)c3ccc(=O)[nH]c3)C3CCCCC3)nn2)CC1,O=C(NC(c1cn(C2CC2)nn1)C1CCCCC1)c1ccc(=O)[nH]c1,27
N#CC1(n2cc([C@@H](NC(=O)c3ccc(C(F)(F)F)cc3)C3CCCCC3)nn2)CC1,0.0,N#CC1(n2cc([C@@H](NC(=O)c3ccc(C(F)(F)F)cc3)C3CCCCC3)nn2)CC1,O=C(NC(c1cn(C2CC2)nn1)C1CCCCC1)c1ccccc1,30
N#CC1(n2cc([C@@H](NC(=O)c3ccc(C(N)=O)cc3)C3CCCCC3)nn2)CC1,0.0,N#CC1(n2cc([C@@H](NC(=O)c3ccc(C(N)=O)cc3)C3CCCCC3)nn2)CC1,O=C(NC(c1cn(C2CC2)nn1)C1CCCCC1)c1ccccc1,29
N#CC1(n2cc([C@@H](NC(=O)c3ccc(F)cc3)C3CCCCC3)nn2)CC1,0.0,N#CC1(n2cc([C@@H](NC(=O)c3ccc(F)cc3)C3CCCCC3)nn2)CC1,O=C(NC(c1cn(C2CC2)nn1)C1CCCCC1)c1ccccc1,27
N#CC1(n2cc([C@@H](NC(=O)c3ccc(NC(=O)C4CC4)cc3)C3CCCCC3)nn2)CC1,0.0,N#CC1(n2cc([C@@H](NC(=O)c3ccc(NC(=O)C4CC4)cc3)C3CCCCC3)nn2)CC1,O=C(NC(c1cn(C2CC2)nn1)C1CCCCC1)c1ccc(NC(=O)C2CC2)cc1,32
N#CC1(n2cc([C@@H](NC(=O)c3ccc(S(N)(=O)=O)cc3)C3CCCCC3)nn2)CC1,0.0,N#CC1(n2cc([C@@H](NC(=O)c3ccc(S(N)(=O)=O)cc3)C3CCCCC3)nn2)CC1,O=C(NC(c1cn(C2CC2)nn1)C1CCCCC1)c1ccccc1,30
N#CC1(n2cc([C@@H](NC(=O)c3cccc(Cl)c3)C3CCCCC3)nn2)CC1,0.0,N#CC1(n2cc([C@@H](NC(=O)c3cccc(Cl)c3)C3CCCCC3)nn2)CC1,O=C(NC(c1cn(C2CC2)nn1)C1CCCCC1)c1ccccc1,27
N#CC1(n2cc([C@@H](NC(=O)c3ccccc3)C3CCCCC3)nn2)CC1,0.0,N#CC1(n2cc([C@@H](NC(=O)c3ccccc3)C3CCCCC3)nn2)CC1,O=C(NC(c1cn(C2CC2)nn1)C1CCCCC1)c1ccccc1,26
N#CC1(n2cc([C@@H](NC(=O)c3ccccc3F)C3CCCCC3)nn2)CC1,0.0,N#CC1(n2cc([C@@H](NC(=O)c3ccccc3F)C3CCCCC3)nn2)CC1,O=C(NC(c1cn(C2CC2)nn1)C1CCCCC1)c1ccccc1,27
N#CC1(n2cc([C@@H](NC(=O)c3cccnc3)C3CCCCC3)nn2)CC1,0.0,N#CC1(n2cc([C@@H](NC(=O)c3cccnc3)C3CCCCC3)nn2)CC1,O=C(NC(c1cn(C2CC2)nn1)C1CCCCC1)c1cccnc1,26
N#CC1(n2cc([C@@H](NC(=O)c3ccco3)C3CCCCC3)nn2)CC1,0.0,N#CC1(n2cc([C@@H](NC(=O)c3ccco3)C3CCCCC3)nn2)CC1,O=C(NC(c1cn(C2CC2)nn1)C1CCCCC1)c1ccco1,25
N#CC1(n2cc([C@@H](NC(=O)c3cccs3)C3CCCCC3)nn2)CC1,0.0,N#CC1(n2cc([C@@H](NC(=O)c3cccs3)C3CCCCC3)nn2)CC1,O=C(NC(c1cn(C2CC2)nn1)C1CCCCC1)c1cccs1,25
N#CC1(n2cc([C@@H](NC(=O)c3ccncc3)C3CCCCC3)nn2)CC1,0.0,N#CC1(n2cc([C@@H](NC(=O)c3ccncc3)C3CCCCC3)nn2)CC1,O=C(NC(c1cn(C2CC2)nn1)C1CCCCC1)c1ccncc1,26
N#CC1(n2cc([C@@H](NC(=O)c3ccno3)C3CCCCC3)nn2)CC1,0.0,N#CC1(n2cc([C@@H](NC(=O)c3ccno3)C3CCCCC3)nn2)CC1,O=C(NC(c1cn(C2CC2)nn1)C1CCCCC1)c1ccno1,25
N#CC1(n2cc([C@@H](NC(=O)c3ccns3)C3CCCCC3)nn2)CC1,0.0,N#CC1(n2cc([C@@H](NC(=O)c3ccns3)C3CCCCC3)nn2)CC1,O=C(NC(c1cn(C2CC2)nn1)C1CCCCC1)c1ccns1,25
N#CC1(n2cc([C@@H](NC(=O)c3ccoc3)C3CCCCC3)nn2)CC1,0.0,N#CC1(n2cc([C@@H](NC(=O)c3ccoc3)C3CCCCC3)nn2)CC1,O=C(NC(c1cn(C2CC2)nn1)C1CCCCC1)c1ccoc1,25
N#CC1(n2cc([C@@H](NC(=O)c3ccon3)C3CCCCC3)nn2)CC1,0.0,N#CC1(n2cc([C@@H](NC(=O)c3ccon3)C3CCCCC3)nn2)CC1,O=C(NC(c1cn(C2CC2)nn1)C1CCCCC1)c1ccon1,25
N#CC1(n2cc([C@@H](NC(=O)c3ccsc3)C3CCC(F)(F)CC3)nn2)CC1,0.0,N#CC1(n2cc([C@@H](NC(=O)c3ccsc3)C3CCC(F)(F)CC3)nn2)CC1,O=C(NC(c1cn(C2CC2)nn1)C1CCCCC1)c1ccsc1,27
N#CC1(n2cc([C@@H](NC(=O)c3ccsc3)C3CCCC3)nn2)CC1,0.0,N#CC1(n2cc([C@@H](NC(=O)c3ccsc3)C3CCCC3)nn2)CC1,O=C(NC(c1cn(C2CC2)nn1)C1CCCC1)c1ccsc1,24
N#CC1(n2cc([C@@H](NC(=O)c3ccsc3)C3CCCCC3)nn2)CC1,0.0,N#CC1(n2cc([C@@H](NC(=O)c3ccsc3)C3CCCCC3)nn2)CC1,O=C(NC(c1cn(C2CC2)nn1)C1CCCCC1)c1ccsc1,25
N#CC1(n2cc([C@@H](NC(=O)c3ccsc3)C3CCCCO3)nn2)CC1,0.0,N#CC1(n2cc([C@@H](NC(=O)c3ccsc3)C3CCCCO3)nn2)CC1,O=C(NC(c1cn(C2CC2)nn1)C1CCCCO1)c1ccsc1,25
N#CC1(n2cc([C@@H](NC(=O)c3ccsc3)C3CCCOC3)nn2)CC1,0.0,N#CC1(n2cc([C@@H](NC(=O)c3ccsc3)C3CCCOC3)nn2)CC1,O=C(NC(c1cn(C2CC2)nn1)C1CCCOC1)c1ccsc1,25
N#CC1(n2cc([C@@H](NC(=O)c3ccsc3)C3CCOCC3)nn2)CC1,0.0,N#CC1(n2cc([C@@H](NC(=O)c3ccsc3)C3CCOCC3)nn2)CC1,O=C(NC(c1cn(C2CC2)nn1)C1CCOCC1)c1ccsc1,25
N#CC1(n2cc([C@@H](NC(=O)c3ccsc3)C3CCS(=O)(=O)CC3)nn2)CC1,0.0,N#CC1(n2cc([C@@H](NC(=O)c3ccsc3)C3CCS(=O)(=O)CC3)nn2)CC1,O=C(NC(c1cn(C2CC2)nn1)C1CCS(=O)(=O)CC1)c1ccsc1,27
N#CC1(n2cc([C@@H](NC(=O)c3ccsc3)c3ccc(Cl)cc3)nn2)CC1,0.0,N#CC1(n2cc([C@@H](NC(=O)c3ccsc3)c3ccc(Cl)cc3)nn2)CC1,O=C(NC(c1ccccc1)c1cn(C2CC2)nn1)c1ccsc1,26
N#CC1(n2cc([C@@H](NC(=O)c3ccsc3)c3ccccc3)nn2)CC1,0.0,N#CC1(n2cc([C@@H](NC(=O)c3ccsc3)c3ccccc3)nn2)CC1,O=C(NC(c1ccccc1)c1cn(C2CC2)nn1)c1ccsc1,25
N#CC1(n2cc([C@@H](NC(=O)c3cn4ccccc4n3)C3CCCCC3)nn2)CC1,0.0,N#CC1(n2cc([C@@H](NC(=O)c3cn4ccccc4n3)C3CCCCC3)nn2)CC1,O=C(NC(c1cn(C2CC2)nn1)C1CCCCC1)c1cn2ccccc2n1,29
N#CC1(n2cc([C@@H](NC(=O)c3cn4ccsc4n3)C3CCCCC3)nn2)CC1,0.0,N#CC1(n2cc([C@@H](NC(=O)c3cn4ccsc4n3)C3CCCCC3)nn2)CC1,O=C(NC(c1cn(C2CC2)nn1)C1CCCCC1)c1cn2ccsc2n1,28
N#CC1(n2cc([C@@H](NC(=O)c3cn[nH]c3)C3CCCCC3)nn2)CC1,0.0,N#CC1(n2cc([C@@H](NC(=O)c3cn[nH]c3)C3CCCCC3)nn2)CC1,O=C(NC(c1cn(C2CC2)nn1)C1CCCCC1)c1cn[nH]c1,25
N#CC1(n2cc([C@@H](NC(=O)c3cnco3)C3CCCCC3)nn2)CC1,0.0,N#CC1(n2cc([C@@H](NC(=O)c3cnco3)C3CCCCC3)nn2)CC1,O=C(NC(c1cn(C2CC2)nn1)C1CCCCC1)c1cnco1,25
N#CC1(n2cc([C@@H](NC(=O)c3cnoc3)C3CCCCC3)nn2)CC1,0.0,N#CC1(n2cc([C@@H](NC(=O)c3cnoc3)C3CCCCC3)nn2)CC1,O=C(NC(c1cn(C2CC2)nn1)C1CCCCC1)c1cnoc1,25
N#CC1(n2cc([C@@H](NC(=O)c3cocn3)C3CCCCC3)nn2)CC1,0.0,N#CC1(n2cc([C@@H](NC(=O)c3cocn3)C3CCCCC3)nn2)CC1,O=C(NC(c1cn(C2CC2)nn1)C1CCCCC1)c1cocn1,25
N#CC1(n2cc([C@@H](NC(=O)c3csc(-c4ccccc4)c3)C3CCCCC3)nn2)CC1,0.0,N#CC1(n2cc([C@@H](NC(=O)c3csc(-c4ccccc4)c3)C3CCCCC3)nn2)CC1,O=C(NC(c1cn(C2CC2)nn1)C1CCCCC1)c1csc(-c2ccccc2)c1,31
N#CC1(n2cc([C@@H](NC(=O)c3cscn3)C3CCCCC3)nn2)CC1,0.0,N#CC1(n2cc([C@@H](NC(=O)c3cscn3)C3CCCCC3)nn2)CC1,O=C(NC(c1cn(C2CC2)nn1)C1CCCCC1)c1cscn1,25
N#CC1(n2cc([C@@H](NC(=O)c3ncco3)C3CCCCC3)nn2)CC1,0.0,N#CC1(n2cc([C@@H](NC(=O)c3ncco3)C3CCCCC3)nn2)CC1,O=C(NC(c1cn(C2CC2)nn1)C1CCCCC1)c1ncco1,25
N#CC1(n2cc([C@@H](NC(=O)c3nccs3)C3CCCCC3)nn2)CC1,0.0,N#CC1(n2cc([C@@H](NC(=O)c3nccs3)C3CCCCC3)nn2)CC1,O=C(NC(c1cn(C2CC2)nn1)C1CCCCC1)c1nccs1,25
N#CC1(n2cc([C@H](CC3CCCCC3)NC(=O)c3ccsc3)nn2)CC1,0.0,N#CC1(n2cc([C@H](CC3CCCCC3)NC(=O)c3ccsc3)nn2)CC1,O=C(NC(CC1CCCCC1)c1cn(C2CC2)nn1)c1ccsc1,26
N#CC1(n2cc([C@H](CCc3ccccc3)NC(=O)c3ccsc3)nn2)CC1,0.0,N#CC1(n2cc([C@H](CCc3ccccc3)NC(=O)c3ccsc3)nn2)CC1,O=C(NC(CCc1ccccc1)c1cn(C2CC2)nn1)c1ccsc1,27
N#CCCCn1c(Cn2c(=O)n(C3CC3)c3ccncc32)nc2ccccc21,0.0,N#CCCCn1c(Cn2c(=O)n(C3CC3)c3ccncc32)nc2ccccc21,O=c1n(Cc2nc3ccccc3[nH]2)c2cnccc2n1C1CC1,28
N#CCCCn1c(Cn2c(=O)n(C3CCC3)c3ccncc32)nc2ccccc21,0.0,N#CCCCn1c(Cn2c(=O)n(C3CCC3)c3ccncc32)nc2ccccc21,O=c1n(Cc2nc3ccccc3[nH]2)c2cnccc2n1C1CCC1,29
N#CCCN1CCC(N2NNC3CNC4NCCC4C32)CC1,0.0,N#CCCN1CCC(N2NNC3CNC4NCCC4C32)CC1,C1CC(N2NNC3CNC4NCCC4C32)CCN1,22
N#CCCN[C@H]1CC[C@H](N2NNC3CNC4NCCC4C32)CC1,0.0,N#CCCN[C@H]1CC[C@H](N2NNC3CNC4NCCC4C32)CC1,C1CCC(N2NNC3CNC4NCCC4C32)CC1,23
N#CCCO[C@H]1CC[C@H](N2NNC3CNC4NCCC4C32)CC1,1.0,N#CCCO[C@H]1CC[C@H](N2NNC3CNC4NCCC4C32)CC1,C1CCC(N2NNC3CNC4NCCC4C32)CC1,23
N#CCCn1cc(CN2CCN(c3cc(C(=O)Nc4ccc5c(c4)-c4c(c(C(N)=O)nn4-c4ccc(F)cc4)CC5)c(Cl)cn3)CC2)cn1,0.0,N#CCCn1cc(CN2CCN(c3cc(C(=O)Nc4ccc5c(c4)-c4c(c(C(N)=O)nn4-c4ccc(F)cc4)CC5)c(Cl)cn3)CC2)cn1,O=C(Nc1ccc2c(c1)-c1c(cnn1-c1ccccc1)CC2)c1ccnc(N2CCN(Cc3cn[nH]c3)CC2)c1,49
N#Cc1cc(OC(F)(F)F)cc(-c2nc(-c3ccc4c(c3)CCN4C(=O)CCC(=O)O)no2)c1,0.0,N#Cc1cc(OC(F)(F)F)cc(-c2nc(-c3ccc4c(c3)CCN4C(=O)CCC(=O)O)no2)c1,c1ccc(-c2nc(-c3ccc4c(c3)CCN4)no2)cc1,34
N#Cc1ccc(-c2ccc(CNCCCNc3ccnc4cc(Cl)ccc34)s2)cc1,0.0,N#Cc1ccc(-c2ccc(CNCCCNc3ccnc4cc(Cl)ccc34)s2)cc1,c1ccc(-c2ccc(CNCCCNc3ccnc4ccccc34)s2)cc1,30
N#Cc1ccc(-c2nnc(CSc3nnc(-c4ccncc4)n3-c3ccccc3Cl)o2)cc1,0.0,N#Cc1ccc(-c2nnc(CSc3nnc(-c4ccncc4)n3-c3ccccc3Cl)o2)cc1,c1ccc(-c2nnc(CSc3nnc(-c4ccncc4)n3-c3ccccc3)o2)cc1,33
N#Cc1ccc(C(=O)N[C@H](c2cn(C3(C#N)CC3)nn2)C2CCCCC2)cc1,0.0,N#Cc1ccc(C(=O)N[C@H](c2cn(C3(C#N)CC3)nn2)C2CCCCC2)cc1,O=C(NC(c1cn(C2CC2)nn1)C1CCCCC1)c1ccccc1,28
N#Cc1ccc(CNC(=O)c2ccc(OCCC(F)(F)F)nc2)c(Cl)c1,1.0,N#Cc1ccc(CNC(=O)c2ccc(OCCC(F)(F)F)nc2)c(Cl)c1,O=C(NCc1ccccc1)c1cccnc1,26
N#Cc1ccc(F)cc1Cn1c(N2CCC[C@@H](N)C2)ncc(Br)c1=O,1.0,N#Cc1ccc(F)cc1Cn1c(N2CCC[C@@H](N)C2)ncc(Br)c1=O,O=c1ccnc(N2CCCCC2)n1Cc1ccccc1,25
N#Cc1ccc(F)cc1Cn1c(N2CCC[C@@H](N)C2)ncc(Cl)c1=O,1.0,N#Cc1ccc(F)cc1Cn1c(N2CCC[C@@H](N)C2)ncc(Cl)c1=O,O=c1ccnc(N2CCCCC2)n1Cc1ccccc1,25
N#Cc1ccc(F)cc1Cn1c(N2CCC[C@@H](N)C2)ncc(F)c1=O,1.0,N#Cc1ccc(F)cc1Cn1c(N2CCC[C@@H](N)C2)ncc(F)c1=O,O=c1ccnc(N2CCCCC2)n1Cc1ccccc1,25
N#Cc1ccc(NC(=O)NCc2cccc(C(=O)Nc3ccc4c(c3)CNCC4)c2)cc1,1.0,N#Cc1ccc(NC(=O)NCc2cccc(C(=O)Nc3ccc4c(c3)CNCC4)c2)cc1,O=C(NCc1cccc(C(=O)Nc2ccc3c(c2)CNCC3)c1)Nc1ccccc1,32
N#Cc1ccc(NC(=O)[C@H](Cc2ccccc2)NC(=O)/C=C/c2cc(Cl)ccc2-n2cnnn2)cc1,0.0,N#Cc1ccc(NC(=O)[C@H](Cc2ccccc2)NC(=O)/C=C/c2cc(Cl)ccc2-n2cnnn2)cc1,O=C(C=Cc1ccccc1-n1cnnn1)NC(Cc1ccccc1)C(=O)Nc1ccccc1,36
N#Cc1ccccc1Cn1c(N2CCC[C@@H](N)C2)cc(=O)[nH]c1=O,0.0,N#Cc1ccccc1Cn1c(N2CCC[C@@H](N)C2)cc(=O)[nH]c1=O,O=c1cc(N2CCCCC2)n(Cc2ccccc2)c(=O)[nH]1,24
N#Cc1ccccc1Cn1c(N2CCC[C@@H](N)C2)nc(-c2ccccc2)cc1=O,0.0,N#Cc1ccccc1Cn1c(N2CCC[C@@H](N)C2)nc(-c2ccccc2)cc1=O,O=c1cc(-c2ccccc2)nc(N2CCCCC2)n1Cc1ccccc1,29
N#Cc1ccccc1Cn1c(N2CCC[C@@H](N)C2)nc2c(c1=O)CCCC2,0.0,N#Cc1ccccc1Cn1c(N2CCC[C@@H](N)C2)nc2c(c1=O)CCCC2,O=c1c2c(nc(N3CCCCC3)n1Cc1ccccc1)CCCC2,27
N#Cc1ccccc1Cn1c(N2CCC[C@@H](N)C2)ncc(-c2cc[nH]c2)c1=O,0.0,N#Cc1ccccc1Cn1c(N2CCC[C@@H](N)C2)ncc(-c2cc[nH]c2)c1=O,O=c1c(-c2cc[nH]c2)cnc(N2CCCCC2)n1Cc1ccccc1,28
N#Cc1ccccc1Cn1c(N2CCC[C@@H](N)C2)ncc(-c2ccccc2)c1=O,0.0,N#Cc1ccccc1Cn1c(N2CCC[C@@H](N)C2)ncc(-c2ccccc2)c1=O,O=c1c(-c2ccccc2)cnc(N2CCCCC2)n1Cc1ccccc1,29
N#Cc1ccccc1Cn1c(N2CCC[C@@H](N)C2)ncc(-c2ccoc2)c1=O,0.0,N#Cc1ccccc1Cn1c(N2CCC[C@@H](N)C2)ncc(-c2ccoc2)c1=O,O=c1c(-c2ccoc2)cnc(N2CCCCC2)n1Cc1ccccc1,28
N#Cc1ccccc1Cn1c(N2CCC[C@@H](N)C2)ncc(/C=C/c2ccc(F)cc2)c1=O,1.0,N#Cc1ccccc1Cn1c(N2CCC[C@@H](N)C2)ncc(/C=C/c2ccc(F)cc2)c1=O,O=c1c(C=Cc2ccccc2)cnc(N2CCCCC2)n1Cc1ccccc1,32
N#Cc1ccccc1Cn1c(N2CCC[C@@H](N)C2)ncc(/C=C/c2ccccc2)c1=O,1.0,N#Cc1ccccc1Cn1c(N2CCC[C@@H](N)C2)ncc(/C=C/c2ccccc2)c1=O,O=c1c(C=Cc2ccccc2)cnc(N2CCCCC2)n1Cc1ccccc1,31
N#Cc1ccccc1Cn1c(N2CCC[C@@H](N)C2)ncc(/C=C/c2cccnc2)c1=O,1.0,N#Cc1ccccc1Cn1c(N2CCC[C@@H](N)C2)ncc(/C=C/c2cccnc2)c1=O,O=c1c(C=Cc2cccnc2)cnc(N2CCCCC2)n1Cc1ccccc1,31
N#Cc1ccccc1Cn1c(N2CCC[C@@H](N)C2)ncc(Br)c1=O,1.0,N#Cc1ccccc1Cn1c(N2CCC[C@@H](N)C2)ncc(Br)c1=O,O=c1ccnc(N2CCCCC2)n1Cc1ccccc1,24
N#Cc1ccccc1Cn1c(N2CCC[C@@H](N)C2)ncc(C#CCO)c1=O,1.0,N#Cc1ccccc1Cn1c(N2CCC[C@@H](N)C2)ncc(C#CCO)c1=O,O=c1ccnc(N2CCCCC2)n1Cc1ccccc1,27
N#Cc1ccccc1Cn1c(N2CCC[C@@H](N)C2)ncc(Cl)c1=O,1.0,N#Cc1ccccc1Cn1c(N2CCC[C@@H](N)C2)ncc(Cl)c1=O,O=c1ccnc(N2CCCCC2)n1Cc1ccccc1,24
N#Cc1ccccc1Cn1c(N2CCC[C@@H](N)C2)ncc(F)c1=O,1.0,N#Cc1ccccc1Cn1c(N2CCC[C@@H](N)C2)ncc(F)c1=O,O=c1ccnc(N2CCCCC2)n1Cc1ccccc1,24
N#Cc1ccccc1Cn1c(N2CCC[C@@H](N)C2)ncc(I)c1=O,1.0,N#Cc1ccccc1Cn1c(N2CCC[C@@H](N)C2)ncc(I)c1=O,O=c1ccnc(N2CCCCC2)n1Cc1ccccc1,24
N#Cc1ccccc1Cn1c(N2CCC[C@@H](N)C2)nccc1=O,1.0,N#Cc1ccccc1Cn1c(N2CCC[C@@H](N)C2)nccc1=O,O=c1ccnc(N2CCCCC2)n1Cc1ccccc1,23
N#Cc1ccsc1Cn1c(N2CCC[C@@H](N)C2)ncc(Br)c1=O,1.0,N#Cc1ccsc1Cn1c(N2CCC[C@@H](N)C2)ncc(Br)c1=O,O=c1ccnc(N2CCCCC2)n1Cc1cccs1,23
N#Cc1cnc(NCC(F)(F)c2ccccc2)c(=O)n1CC(=O)NCCONC(=N)N,0.0,N#Cc1cnc(NCC(F)(F)c2ccccc2)c(=O)n1CC(=O)NCCONC(=N)N,O=c1[nH]ccnc1NCCc1ccccc1,31
N#Cc1cnc2nc(Nc3ccc(CN4CCOCC4)cc3)sc2c1Nc1ccc(F)c(Cl)c1,0.0,N#Cc1cnc2nc(Nc3ccc(CN4CCOCC4)cc3)sc2c1Nc1ccc(F)c(Cl)c1,c1ccc(Nc2ccnc3nc(Nc4ccc(CN5CCOCC5)cc4)sc23)cc1,34
N=C(N)NOCCNC(=O)Cn1c(Cl)cnc(NCC(F)(F)c2ccccc2)c1=O,0.0,N=C(N)NOCCNC(=O)Cn1c(Cl)cnc(NCC(F)(F)c2ccccc2)c1=O,O=c1[nH]ccnc1NCCc1ccccc1,30
N=C(N/N=C(\CO)c1ccc(Cl)cc1)N/N=C(\CO)c1ccc(Cl)cc1,1.0,N=C(N/N=C(\CO)c1ccc(Cl)cc1)N/N=C(\CO)c1ccc(Cl)cc1,N=C(NN=Cc1ccccc1)NN=Cc1ccccc1,26
N=C(N/N=C/c1ccc(Cl)cc1)N/N=C/c1ccc(Cl)cc1,1.0,N=C(N/N=C/c1ccc(Cl)cc1)N/N=C/c1ccc(Cl)cc1,N=C(NN=Cc1ccccc1)NN=Cc1ccccc1,22
NC(=O)C1CCN(CCOc2ccc(C#Cc3ccc(-c4ccc(Cl)cc4)cn3)cc2)CC1,0.0,NC(=O)C1CCN(CCOc2ccc(C#Cc3ccc(-c4ccc(Cl)cc4)cn3)cc2)CC1,C(#Cc1ccc(-c2ccccc2)cn1)c1ccc(OCCN2CCCCC2)cc1,33
NC(=O)COc1ccc2c(c1)S(=O)(=O)N=C(c1c(O)c(-c3cccs3)nn(CC3CCC3)c1=O)N2,0.0,NC(=O)COc1ccc2c(c1)S(=O)(=O)N=C(c1c(O)c(-c3cccs3)nn(CC3CCC3)c1=O)N2,O=c1c(C2=NS(=O)(=O)c3ccccc3N2)cc(-c2cccs2)nn1CC1CCC1,35
NC(=O)COc1ccc2c(c1)S(=O)(=O)N=C(c1c(O)c(-c3cccs3)nn(CC3CCCC3)c1=O)N2,0.0,NC(=O)COc1ccc2c(c1)S(=O)(=O)N=C(c1c(O)c(-c3cccs3)nn(CC3CCCC3)c1=O)N2,O=c1c(C2=NS(=O)(=O)c3ccccc3N2)cc(-c2cccs2)nn1CC1CCCC1,36
NC(=O)COc1ccc2c(c1)S(=O)(=O)N=C(c1c(O)c(-c3cccs3)nn(CC3CCCCC3)c1=O)N2,0.0,NC(=O)COc1ccc2c(c1)S(=O)(=O)N=C(c1c(O)c(-c3cccs3)nn(CC3CCCCC3)c1=O)N2,O=c1c(C2=NS(=O)(=O)c3ccccc3N2)cc(-c2cccs2)nn1CC1CCCCC1,37
NC(=O)COc1ccc2c(c1)S(=O)(=O)N=C(c1c(O)c(-c3cccs3)nn(CCC3CC3)c1=O)N2,0.0,NC(=O)COc1ccc2c(c1)S(=O)(=O)N=C(c1c(O)c(-c3cccs3)nn(CCC3CC3)c1=O)N2,O=c1c(C2=NS(=O)(=O)c3ccccc3N2)cc(-c2cccs2)nn1CCC1CC1,35
NC(=O)COc1ccc2c(c1)S(=O)(=O)N=C(c1c(O)c(-c3cccs3)nn(Cc3ccccc3)c1=O)N2,0.0,NC(=O)COc1ccc2c(c1)S(=O)(=O)N=C(c1c(O)c(-c3cccs3)nn(Cc3ccccc3)c1=O)N2,O=c1c(C2=NS(=O)(=O)c3ccccc3N2)cc(-c2cccs2)nn1Cc1ccccc1,37
NC(=O)COc1ccc2c(c1)S(=O)(=O)N=C(c1c(O)c(-c3ccsc3)nn(CCC3CC3)c1=O)N2,0.0,NC(=O)COc1ccc2c(c1)S(=O)(=O)N=C(c1c(O)c(-c3ccsc3)nn(CCC3CC3)c1=O)N2,O=c1c(C2=NS(=O)(=O)c3ccccc3N2)cc(-c2ccsc2)nn1CCC1CC1,35
NC(=O)COc1ccc2c(c1)S(=O)(=O)N=C(c1c(O)c(-c3cncs3)nn(CCC3CC3)c1=O)N2,0.0,NC(=O)COc1ccc2c(c1)S(=O)(=O)N=C(c1c(O)c(-c3cncs3)nn(CCC3CC3)c1=O)N2,O=c1c(C2=NS(=O)(=O)c3ccccc3N2)cc(-c2cncs2)nn1CCC1CC1,35
NC(=O)COc1ccc2c(c1)S(=O)(=O)N=C(c1c(O)c(-c3nccs3)nn(CC3CCC3)c1=O)N2,0.0,NC(=O)COc1ccc2c(c1)S(=O)(=O)N=C(c1c(O)c(-c3nccs3)nn(CC3CCC3)c1=O)N2,O=c1c(C2=NS(=O)(=O)c3ccccc3N2)cc(-c2nccs2)nn1CC1CCC1,35
NC(=O)Cn1cc(CN2CCN(c3cc(C(=O)Nc4ccc5c(c4)-c4c(c(C(N)=O)nn4-c4ccc(F)cc4)CC5)c(Cl)cn3)CC2)cn1,0.0,NC(=O)Cn1cc(CN2CCN(c3cc(C(=O)Nc4ccc5c(c4)-c4c(c(C(N)=O)nn4-c4ccc(F)cc4)CC5)c(Cl)cn3)CC2)cn1,O=C(Nc1ccc2c(c1)-c1c(cnn1-c1ccccc1)CC2)c1ccnc(N2CCN(Cc3cn[nH]c3)CC2)c1,49
NC(=O)OC(CCN1CCN(c2ccc(O)cc2)CC1)c1ccc(F)cc1,1.0,NC(=O)OC(CCN1CCN(c2ccc(O)cc2)CC1)c1ccc(F)cc1,c1ccc(CCCN2CCN(c3ccccc3)CC2)cc1,27
NC(=O)OC(CCN1CCN(c2ccccc2)CC1)c1ccc(Cl)cc1,0.0,NC(=O)OC(CCN1CCN(c2ccccc2)CC1)c1ccc(Cl)cc1,c1ccc(CCCN2CCN(c3ccccc3)CC2)cc1,26
NC(=O)OC(CCN1CCN(c2ccccc2)CC1)c1ccc(F)cc1,0.0,NC(=O)OC(CCN1CCN(c2ccccc2)CC1)c1ccc(F)cc1,c1ccc(CCCN2CCN(c3ccccc3)CC2)cc1,26
NC(=O)OC(CCN1CCN(c2ccccc2)CC1)c1ccccc1,0.0,NC(=O)OC(CCN1CCN(c2ccccc2)CC1)c1ccccc1,c1ccc(CCCN2CCN(c3ccccc3)CC2)cc1,25
NC(=O)O[C@H](CCN1CCN(c2ccccc2)CC1)c1ccccc1,0.0,NC(=O)O[C@H](CCN1CCN(c2ccccc2)CC1)c1ccccc1,c1ccc(CCCN2CCN(c3ccccc3)CC2)cc1,25
NC(=O)c1ccc(F)c2c(C(=O)C(=O)N3CCN(C(=O)c4ccccc4)CC3)c[nH]c12,1.0,NC(=O)c1ccc(F)c2c(C(=O)C(=O)N3CCN(C(=O)c4ccccc4)CC3)c[nH]c12,O=C(C(=O)N1CCN(C(=O)c2ccccc2)CC1)c1c[nH]c2ccccc12,31
NC(=O)c1ccc(NC(=O)[C@H](Cc2ccccc2)NC(=O)/C=C/c2cc(Cl)ccc2-n2cnnn2)cc1,0.0,NC(=O)c1ccc(NC(=O)[C@H](Cc2ccccc2)NC(=O)/C=C/c2cc(Cl)ccc2-n2cnnn2)cc1,O=C(C=Cc1ccccc1-n1cnnn1)NC(Cc1ccccc1)C(=O)Nc1ccccc1,37
NC(=O)c1nc(-c2cccs2)nc(O)c1O,0.0,NC(=O)c1nc(-c2cccs2)nc(O)c1O,c1cnc(-c2cccs2)nc1,16
NC(=O)c1nn(-c2ccc(F)cc2)c2c1CCc1ccc(NC(=O)c3cc(N4CCN(Cc5cn[nH]c5)CC4)ncc3Cl)cc1-2,0.0,NC(=O)c1nn(-c2ccc(F)cc2)c2c1CCc1ccc(NC(=O)c3cc(N4CCN(Cc5cn[nH]c5)CC4)ncc3Cl)cc1-2,O=C(Nc1ccc2c(c1)-c1c(cnn1-c1ccccc1)CC2)c1ccnc(N2CCN(Cc3cn[nH]c3)CC2)c1,45
NC(=O)c1nn(-c2ccc(F)cc2)c2c1CCc1ccc(NC(=O)c3cc(N4CCN(Cc5cnn(CC(=O)NCCO)c5)CC4)ncc3Cl)cc1-2,0.0,NC(=O)c1nn(-c2ccc(F)cc2)c2c1CCc1ccc(NC(=O)c3cc(N4CCN(Cc5cnn(CC(=O)NCCO)c5)CC4)ncc3Cl)cc1-2,O=C(Nc1ccc2c(c1)-c1c(cnn1-c1ccccc1)CC2)c1ccnc(N2CCN(Cc3cn[nH]c3)CC2)c1,52
NC(=O)c1nn(-c2ccc(F)cc2)c2c1CCc1ccc(NC(=O)c3cc(N4CCN(Cc5cnn(CC(=O)O)c5)CC4)ncc3Cl)cc1-2,0.0,NC(=O)c1nn(-c2ccc(F)cc2)c2c1CCc1ccc(NC(=O)c3cc(N4CCN(Cc5cnn(CC(=O)O)c5)CC4)ncc3Cl)cc1-2,O=C(Nc1ccc2c(c1)-c1c(cnn1-c1ccccc1)CC2)c1ccnc(N2CCN(Cc3cn[nH]c3)CC2)c1,49
NC(=O)c1nn(-c2ccc(F)cc2)c2c1CCc1ccc(NC(=O)c3cc(N4CCN(Cc5cnn(CCCO)c5)CC4)ncc3Cl)cc1-2,0.0,NC(=O)c1nn(-c2ccc(F)cc2)c2c1CCc1ccc(NC(=O)c3cc(N4CCN(Cc5cnn(CCCO)c5)CC4)ncc3Cl)cc1-2,O=C(Nc1ccc2c(c1)-c1c(cnn1-c1ccccc1)CC2)c1ccnc(N2CCN(Cc3cn[nH]c3)CC2)c1,49
NC(=O)c1noc([C@H](CCCC2CCCCC2)CC(=O)NO)n1,0.0,NC(=O)c1noc([C@H](CCCC2CCCCC2)CC(=O)NO)n1,c1noc(CCCCC2CCCCC2)n1,23
NC(c1cccc(Cl)c1)c1nc2ccc(-c3cn[nH]c3)cc2c(=O)[nH]1,0.0,NC(c1cccc(Cl)c1)c1nc2ccc(-c3cn[nH]c3)cc2c(=O)[nH]1,O=c1[nH]c(Cc2ccccc2)nc2ccc(-c3cn[nH]c3)cc12,25
NC1Cc2cc(Oc3ccccc3)ccc2-n2cnnc21,0.0,NC1Cc2cc(Oc3ccccc3)ccc2-n2cnnc21,c1ccc(Oc2ccc3c(c2)CCc2nncn2-3)cc1,21
NCC(=O)N1C[C@H](NC(=O)c2ccccc2)C[C@H]1C(=O)NC1CC1,0.0,NCC(=O)N1C[C@H](NC(=O)c2ccccc2)C[C@H]1C(=O)NC1CC1,O=C(NC1CNC(C(=O)NC2CC2)C1)c1ccccc1,24
NCC1(c2ccc(-c3ccccc3)cc2)CCCCC1,0.0,NCC1(c2ccc(-c3ccccc3)cc2)CCCCC1,c1ccc(-c2ccc(C3CCCCC3)cc2)cc1,20
NCC1(c2ccc(Cl)c(Cl)c2)CCCCC1,1.0,NCC1(c2ccc(Cl)c(Cl)c2)CCCCC1,c1ccc(C2CCCCC2)cc1,16
NCC1(c2ccc(Cl)c(Cl)c2)CCCCCC1,0.0,NCC1(c2ccc(Cl)c(Cl)c2)CCCCCC1,c1ccc(C2CCCCCC2)cc1,17
NCC1(c2ccc3ccccc3c2)CCCCC1,1.0,NCC1(c2ccc3ccccc3c2)CCCCC1,c1ccc2cc(C3CCCCC3)ccc2c1,18
NCC1(c2cccs2)CCCCC1,1.0,NCC1(c2cccs2)CCCCC1,c1csc(C2CCCCC2)c1,13
NCCCNc1nnc(-c2ccc(F)c(F)c2Nc2ccc(I)cc2F)o1,0.0,NCCCNc1nnc(-c2ccc(F)c(F)c2Nc2ccc(I)cc2F)o1,c1ccc(Nc2ccccc2-c2nnco2)cc1,27
NCCNc1nnc(-c2ccc(F)c(F)c2Nc2ccc(I)cc2F)o1,0.0,NCCNc1nnc(-c2ccc(F)c(F)c2Nc2ccc(I)cc2F)o1,c1ccc(Nc2ccccc2-c2nnco2)cc1,26
NCc1ccc(C(=O)NC(c2ccc(Cl)cc2)c2nc3ccc(-c4cn[nH]c4)cc3c(=O)[nH]2)cc1,1.0,NCc1ccc(C(=O)NC(c2ccc(Cl)cc2)c2nc3ccc(-c4cn[nH]c4)cc3c(=O)[nH]2)cc1,O=C(NC(c1ccccc1)c1nc2ccc(-c3cn[nH]c3)cc2c(=O)[nH]1)c1ccccc1,35
NCc1ccc2c(c1)C1(CCN(C(=O)c3ccc(C#Cc4ccccc4)o3)CC1)CO2,0.0,NCc1ccc2c(c1)C1(CCN(C(=O)c3ccc(C#Cc4ccccc4)o3)CC1)CO2,O=C(c1ccc(C#Cc2ccccc2)o1)N1CCC2(CC1)COc1ccccc12,31
NS(=O)(=O)NC[C@H]1COc2cc(Cl)ccc2O1,0.0,NS(=O)(=O)NC[C@H]1COc2cc(Cl)ccc2O1,c1ccc2c(c1)OCCO2,17
NS(=O)(=O)c1ccc(Nc2nc3ncnc(Nc4cccc(Cl)c4)c3s2)cc1,0.0,NS(=O)(=O)c1ccc(Nc2nc3ncnc(Nc4cccc(Cl)c4)c3s2)cc1,c1ccc(Nc2nc3ncnc(Nc4ccccc4)c3s2)cc1,28
N[C@@H](Cc1ccc(Cl)cc1)c1nc2ccc(-c3cn[nH]c3)cc2c(=O)[nH]1,0.0,N[C@@H](Cc1ccc(Cl)cc1)c1nc2ccc(-c3cn[nH]c3)cc2c(=O)[nH]1,O=c1[nH]c(CCc2ccccc2)nc2ccc(-c3cn[nH]c3)cc12,26
N[C@@H](Cc1ccc(F)cc1)c1nc2ccc(-c3cn[nH]c3)cc2c(=O)[nH]1,0.0,N[C@@H](Cc1ccc(F)cc1)c1nc2ccc(-c3cn[nH]c3)cc2c(=O)[nH]1,O=c1[nH]c(CCc2ccccc2)nc2ccc(-c3cn[nH]c3)cc12,26
N[C@@H]1CCCN(c2cc(=O)[nH]c(=O)n2Cc2ccccc2Br)C1,1.0,N[C@@H]1CCCN(c2cc(=O)[nH]c(=O)n2Cc2ccccc2Br)C1,O=c1cc(N2CCCCC2)n(Cc2ccccc2)c(=O)[nH]1,23
N[C@@H]1c2cccnc2[C@H](OC(=O)N2CCC(n3c(=O)[nH]c4ncccc43)CC2)CC[C@H]1c1cccc(F)c1F,0.0,N[C@@H]1c2cccnc2[C@H](OC(=O)N2CCC(n3c(=O)[nH]c4ncccc43)CC2)CC[C@H]1c1cccc(F)c1F,O=C(OC1CCC(c2ccccc2)Cc2cccnc21)N1CCC(n2c(=O)[nH]c3ncccc32)CC1,39
N[C@H](Cc1ccc(F)cc1)c1nc2ccc(-c3cn[nH]c3)cc2c(=O)[nH]1,0.0,N[C@H](Cc1ccc(F)cc1)c1nc2ccc(-c3cn[nH]c3)cc2c(=O)[nH]1,O=c1[nH]c(CCc2ccccc2)nc2ccc(-c3cn[nH]c3)cc12,26
N[C@H]1CC[C@H](N2NNC3CNC4NCCC4C32)CC1,0.0,N[C@H]1CC[C@H](N2NNC3CNC4NCCC4C32)CC1,C1CCC(N2NNC3CNC4NCCC4C32)CC1,19
Nc1[nH]nc2cc(-c3[nH]c([C@H](Cc4ccccc4)NC(=O)NCc4cc(Cl)ccc4-n4cccn4)nc3Cl)ccc12,0.0,Nc1[nH]nc2cc(-c3[nH]c([C@H](Cc4ccccc4)NC(=O)NCc4cc(Cl)ccc4-n4cccn4)nc3Cl)ccc12,O=C(NCc1ccccc1-n1cccn1)NC(Cc1ccccc1)c1ncc(-c2ccc3c[nH]nc3c2)[nH]1,41
Nc1[nH]nc2cc(-c3[nH]c([C@H](Cc4ccccc4)NC(=O)NCc4cc(Cl)ccc4-n4cncn4)nc3Cl)ccc12,0.0,Nc1[nH]nc2cc(-c3[nH]c([C@H](Cc4ccccc4)NC(=O)NCc4cc(Cl)ccc4-n4cncn4)nc3Cl)ccc12,O=C(NCc1ccccc1-n1cncn1)NC(Cc1ccccc1)c1ncc(-c2ccc3c[nH]nc3c2)[nH]1,41
Nc1[nH]nc2cc(-c3[nH]c([C@H](Cc4ccccc4)NC(=O)NCc4cc(Cl)ccc4-n4cnnn4)nc3Cl)ccc12,0.0,Nc1[nH]nc2cc(-c3[nH]c([C@H](Cc4ccccc4)NC(=O)NCc4cc(Cl)ccc4-n4cnnn4)nc3Cl)ccc12,O=C(NCc1ccccc1-n1cnnn1)NC(Cc1ccccc1)c1ncc(-c2ccc3c[nH]nc3c2)[nH]1,41
Nc1[nH]nc2cc(NC(=O)[C@H](Cc3ccccc3)NC(=O)/C=C/c3cc(Cl)ccc3-n3cnnn3)ccc12,0.0,Nc1[nH]nc2cc(NC(=O)[C@H](Cc3ccccc3)NC(=O)/C=C/c3cc(Cl)ccc3-n3cnnn3)ccc12,O=C(C=Cc1ccccc1-n1cnnn1)NC(Cc1ccccc1)C(=O)Nc1ccc2c[nH]nc2c1,38
Nc1[nH]ncc1C(=O)NC[C@H]1CC[C@@H](CCOc2ccccc2)CC1,0.0,Nc1[nH]ncc1C(=O)NC[C@H]1CC[C@@H](CCOc2ccccc2)CC1,O=C(NCC1CCC(CCOc2ccccc2)CC1)c1cn[nH]c1,25
Nc1ccc(-c2ccc(CNCCNc3ccnc4cc(Cl)ccc34)s2)cc1,0.0,Cl.Nc1ccc(-c2ccc(CNCCNc3ccnc4cc(Cl)ccc34)s2)cc1,c1ccc(-c2ccc(CNCCNc3ccnc4ccccc34)s2)cc1,28
Nc1ccc(C(=O)NCCC(c2ccccc2)c2ccccc2)cn1,0.0,Nc1ccc(C(=O)NCCC(c2ccccc2)c2ccccc2)cn1,O=C(NCCC(c1ccccc1)c1ccccc1)c1cccnc1,25
Nc1ccc(C(=O)NCc2ccc(Cl)cc2Cl)cn1,0.0,Nc1ccc(C(=O)NCc2ccc(Cl)cc2Cl)cn1,O=C(NCc1ccccc1)c1cccnc1,19
Nc1ccc2[nH]c(SCc3ccccn3)nc2c1,0.0,Nc1ccc2[nH]c(SCc3ccccn3)nc2c1,c1ccc(CSc2nc3ccccc3[nH]2)nc1,18
Nc1ccccc1NC(=O)c1ccc(CNC(=O)OCc2cccnc2)cc1,1.0,Nc1ccccc1NC(=O)c1ccc(CNC(=O)OCc2cccnc2)cc1,O=C(NCc1ccc(C(=O)Nc2ccccc2)cc1)OCc1cccnc1,28
Nc1ccccc1NC(=O)c1ccc(CNc2nccc(-c3cccnc3)n2)cc1,0.0,Nc1ccccc1NC(=O)c1ccc(CNc2nccc(-c3cccnc3)n2)cc1,O=C(Nc1ccccc1)c1ccc(CNc2nccc(-c3cccnc3)n2)cc1,30
Nc1nc(-c2ccc(F)c3c(C(=O)C(=O)N4CCN(C(=O)c5ccccc5)CC4)c[nH]c23)no1,0.0,Nc1nc(-c2ccc(F)c3c(C(=O)C(=O)N4CCN(C(=O)c5ccccc5)CC4)c[nH]c23)no1,O=C(C(=O)N1CCN(C(=O)c2ccccc2)CC1)c1c[nH]c2c(-c3ncon3)cccc12,34
Nc1ncc(-c2ccc(C(=O)N3CCOCC3)cc2)nc1-c1ccc(C(F)(F)F)cc1,1.0,Nc1ncc(-c2ccc(C(=O)N3CCOCC3)cc2)nc1-c1ccc(C(F)(F)F)cc1,O=C(c1ccc(-c2cncc(-c3ccccc3)n2)cc1)N1CCOCC1,31
Nc1ncc(-c2ccc(C(=O)N3CCOCC3)cc2)nc1-c1ccc(C(F)(F)F)nc1,1.0,Nc1ncc(-c2ccc(C(=O)N3CCOCC3)cc2)nc1-c1ccc(C(F)(F)F)nc1,O=C(c1ccc(-c2cncc(-c3cccnc3)n2)cc1)N1CCOCC1,31
Nc1ncc(-c2nc(N3CCOCC3)nc3c2CCN3c2cccnc2)cn1,0.0,Nc1ncc(-c2nc(N3CCOCC3)nc3c2CCN3c2cccnc2)cn1,c1cncc(N2CCc3c(-c4cncnc4)nc(N4CCOCC4)nc32)c1,28
Nc1nccc(-c2ccc3[nH]c(C4COc5c(cccc5C(=O)NC5CC5)C4)nc3c2)n1,0.0,Nc1nccc(-c2ccc3[nH]c(C4COc5c(cccc5C(=O)NC5CC5)C4)nc3c2)n1,O=C(NC1CC1)c1cccc2c1OCC(c1nc3cc(-c4ccncn4)ccc3[nH]1)C2,32
Nc1nccc(-c2ccc3[nH]c(C4COc5ccc(C(=O)CCN6CCOCC6)cc5C4)nc3c2)n1,0.0,Nc1nccc(-c2ccc3[nH]c(C4COc5ccc(C(=O)CCN6CCOCC6)cc5C4)nc3c2)n1,O=C(CCN1CCOCC1)c1ccc2c(c1)CC(c1nc3cc(-c4ccncn4)ccc3[nH]1)CO2,36
Nc1nccc(-c2ccc3[nH]c(C4COc5ccc(C(=O)NCCc6cccnc6)cc5C4)nc3c2)n1,0.0,Nc1nccc(-c2ccc3[nH]c(C4COc5ccc(C(=O)NCCc6cccnc6)cc5C4)nc3c2)n1,O=C(NCCc1cccnc1)c1ccc2c(c1)CC(c1nc3cc(-c4ccncn4)ccc3[nH]1)CO2,37
Nc1nccc(-c2ccc3nc(C4COc5ccccc5C4)sc3c2)n1,0.0,Nc1nccc(-c2ccc3nc(C4COc5ccccc5C4)sc3c2)n1,c1ccc2c(c1)CC(c1nc3ccc(-c4ccncn4)cc3s1)CO2,26
Nc1nccc(NCCNc2cc(-c3cccc(Cl)c3)nc(N)n2)n1,0.0,Nc1nccc(NCCNc2cc(-c3cccc(Cl)c3)nc(N)n2)n1,c1ccc(-c2cc(NCCNc3ccncn3)ncn2)cc1,25
Nc1nnc(-c2ccc(F)c(F)c2Nc2ccc(I)cc2F)o1,1.0,Nc1nnc(-c2ccc(F)c(F)c2Nc2ccc(I)cc2F)o1,c1ccc(Nc2ccccc2-c2nnco2)cc1,23
Nc1noc2ccc(-n3nc(C(F)(F)F)c4c3C(=O)N(c3ccc(-c5ccccc5CN5CC[C@@H](O)C5)cc3)CC4)cc12,0.0,Nc1noc2ccc(-n3nc(C(F)(F)F)c4c3C(=O)N(c3ccc(-c5ccccc5CN5CC[C@@H](O)C5)cc3)CC4)cc12,O=C1c2c(cnn2-c2ccc3oncc3c2)CCN1c1ccc(-c2ccccc2CN2CCCC2)cc1,43
O=C(/C=C/c1c(-n2cnnn2)ccc(Cl)c1F)N[C@@H](Cc1ccccc1)C(=O)Nc1ccc(C(=O)O)cc1,0.0,O=C(/C=C/c1c(-n2cnnn2)ccc(Cl)c1F)N[C@@H](Cc1ccccc1)C(=O)Nc1ccc(C(=O)O)cc1,O=C(C=Cc1ccccc1-n1cnnn1)NC(Cc1ccccc1)C(=O)Nc1ccccc1,38
O=C(/C=C/c1cc(Cl)ccc1-n1cnnn1)N[C@@H](Cc1ccc(-c2ccccc2)cc1)C(=O)Nc1ccc(C(=O)O)cc1,0.0,O=C(/C=C/c1cc(Cl)ccc1-n1cnnn1)N[C@@H](Cc1ccc(-c2ccccc2)cc1)C(=O)Nc1ccc(C(=O)O)cc1,O=C(C=Cc1ccccc1-n1cnnn1)NC(Cc1ccc(-c2ccccc2)cc1)C(=O)Nc1ccccc1,43
O=C(/C=C/c1cc(Cl)ccc1-n1cnnn1)N[C@@H](Cc1ccccc1)C(=O)Nc1ccc(-c2n[nH]c(=O)o2)cc1,0.0,O=C(/C=C/c1cc(Cl)ccc1-n1cnnn1)N[C@@H](Cc1ccccc1)C(=O)Nc1ccc(-c2n[nH]c(=O)o2)cc1,O=C(C=Cc1ccccc1-n1cnnn1)NC(Cc1ccccc1)C(=O)Nc1ccc(-c2n[nH]c(=O)o2)cc1,40
O=C(/C=C/c1cc(Cl)ccc1-n1cnnn1)N[C@@H](Cc1ccccc1)C(=O)Nc1ccc(-c2nc(=O)o[nH]2)cc1,0.0,O=C(/C=C/c1cc(Cl)ccc1-n1cnnn1)N[C@@H](Cc1ccccc1)C(=O)Nc1ccc(-c2nc(=O)o[nH]2)cc1,O=C(C=Cc1ccccc1-n1cnnn1)NC(Cc1ccccc1)C(=O)Nc1ccc(-c2nc(=O)o[nH]2)cc1,40
O=C(/C=C/c1cc(Cl)ccc1-n1cnnn1)N[C@@H](Cc1ccccc1)C(=O)Nc1ccc(-c2ncc[nH]2)cc1,0.0,O=C(/C=C/c1cc(Cl)ccc1-n1cnnn1)N[C@@H](Cc1ccccc1)C(=O)Nc1ccc(-c2ncc[nH]2)cc1,O=C(C=Cc1ccccc1-n1cnnn1)NC(Cc1ccccc1)C(=O)Nc1ccc(-c2ncc[nH]2)cc1,39
O=C(/C=C/c1cc(Cl)ccc1-n1cnnn1)N[C@@H](Cc1ccccc1)C(=O)Nc1ccc(-c2nnc[nH]2)cc1,0.0,O=C(/C=C/c1cc(Cl)ccc1-n1cnnn1)N[C@@H](Cc1ccccc1)C(=O)Nc1ccc(-c2nnc[nH]2)cc1,O=C(C=Cc1ccccc1-n1cnnn1)NC(Cc1ccccc1)C(=O)Nc1ccc(-c2nnc[nH]2)cc1,39
O=C(/C=C/c1cc(Cl)ccc1-n1cnnn1)N[C@@H](Cc1ccccc1)C(=O)Nc1ccc(-c2nnn[nH]2)cc1,0.0,O=C(/C=C/c1cc(Cl)ccc1-n1cnnn1)N[C@@H](Cc1ccccc1)C(=O)Nc1ccc(-c2nnn[nH]2)cc1,O=C(C=Cc1ccccc1-n1cnnn1)NC(Cc1ccccc1)C(=O)Nc1ccc(-c2nnn[nH]2)cc1,39
O=C(/C=C/c1cc(Cl)ccc1-n1cnnn1)N[C@@H](Cc1ccccc1)C(=O)Nc1ccc(-n2cnnn2)cc1,0.0,O=C(/C=C/c1cc(Cl)ccc1-n1cnnn1)N[C@@H](Cc1ccccc1)C(=O)Nc1ccc(-n2cnnn2)cc1,O=C(C=Cc1ccccc1-n1cnnn1)NC(Cc1ccccc1)C(=O)Nc1ccc(-n2cnnn2)cc1,39
O=C(/C=C/c1cc(Cl)ccc1-n1cnnn1)N[C@@H](Cc1ccccc1)C(=O)Nc1ccc(C(=O)O)cc1,0.0,O=C(/C=C/c1cc(Cl)ccc1-n1cnnn1)N[C@@H](Cc1ccccc1)C(=O)Nc1ccc(C(=O)O)cc1,O=C(C=Cc1ccccc1-n1cnnn1)NC(Cc1ccccc1)C(=O)Nc1ccccc1,37
O=C(/C=C/c1cc(Cl)ccc1-n1cnnn1)N[C@@H](Cc1ccccc1)C(=O)Nc1ccc2[nH]c(=O)cc(O)c2c1,0.0,O=C(/C=C/c1cc(Cl)ccc1-n1cnnn1)N[C@@H](Cc1ccccc1)C(=O)Nc1ccc2[nH]c(=O)cc(O)c2c1,O=C(C=Cc1ccccc1-n1cnnn1)NC(Cc1ccccc1)C(=O)Nc1ccc2[nH]c(=O)ccc2c1,40
O=C(/C=C/c1cc(Cl)ccc1-n1cnnn1)N[C@@H](Cc1ccccc1)C(=O)Nc1cccc(C(=O)O)c1,0.0,O=C(/C=C/c1cc(Cl)ccc1-n1cnnn1)N[C@@H](Cc1ccccc1)C(=O)Nc1cccc(C(=O)O)c1,O=C(C=Cc1ccccc1-n1cnnn1)NC(Cc1ccccc1)C(=O)Nc1ccccc1,37
O=C(/C=C/c1cc(Cl)ccc1-n1cnnn1)N[C@@H](Cc1ccccc1)c1nc(Cl)c(-c2ccc3[nH]c(=O)cc(O)c3c2)[nH]1,0.0,O=C(/C=C/c1cc(Cl)ccc1-n1cnnn1)N[C@@H](Cc1ccccc1)c1nc(Cl)c(-c2ccc3[nH]c(=O)cc(O)c3c2)[nH]1,O=C(C=Cc1ccccc1-n1cnnn1)NC(Cc1ccccc1)c1ncc(-c2ccc3[nH]c(=O)ccc3c2)[nH]1,43
O=C(/C=C/c1cc(Cl)ccc1-n1cnnn1)N[C@@H](Cc1ccccc1)c1nc(Cl)c(-c2ccc3c(c2)CCC(=O)N3)[nH]1,0.0,O=C(/C=C/c1cc(Cl)ccc1-n1cnnn1)N[C@@H](Cc1ccccc1)c1nc(Cl)c(-c2ccc3c(c2)CCC(=O)N3)[nH]1,O=C(C=Cc1ccccc1-n1cnnn1)NC(Cc1ccccc1)c1ncc(-c2ccc3c(c2)CCC(=O)N3)[nH]1,42
O=C(/C=C/c1ccc(CN(CCO)CCc2c[nH]c3ccccc23)cc1)NO,0.0,O=C(/C=C/c1ccc(CN(CCO)CCc2c[nH]c3ccccc23)cc1)NO,c1ccc(CNCCc2c[nH]c3ccccc23)cc1,28
O=C(/C=C/c1ccc(Cl)c(Cl)c1)N1CCC(CN2CCC(c3ccc(Cl)cc3)CC2)CC1,0.0,O=C(/C=C/c1ccc(Cl)c(Cl)c1)N1CCC(CN2CCC(c3ccc(Cl)cc3)CC2)CC1,O=C(C=Cc1ccccc1)N1CCC(CN2CCC(c3ccccc3)CC2)CC1,32
O=C(/C=C/c1ccc2c(c1)CN(CCc1cnn3ccccc13)C2)NO,0.0,O=C(/C=C/c1ccc2c(c1)CN(CCc1cnn3ccccc13)C2)NO,c1ccc2c(c1)CN(CCc1cnn3ccccc13)C2,26
O=C(/C=C/c1ccc2c(c1)CN(Cc1ccccc1)C2)NO,0.0,O=C(/C=C/c1ccc2c(c1)CN(Cc1ccccc1)C2)NO,c1ccc(CN2Cc3ccccc3C2)cc1,22
O=C(/C=C/c1ccc2c(c1)nc(CCc1ccccc1)n2CCN1CCCC1)NO,0.0,Cl.O=C(/C=C/c1ccc2c(c1)nc(CCc1ccccc1)n2CCN1CCCC1)NO,c1ccc(CCc2nc3ccccc3n2CCN2CCCC2)cc1,30
O=C(/C=C/c1ccc2c(c1)nc(CCc1ccccc1)n2CCN1CCCCC1)NO,0.0,O=C(/C=C/c1ccc2c(c1)nc(CCc1ccccc1)n2CCN1CCCCC1)NO,c1ccc(CCc2nc3ccccc3n2CCN2CCCCC2)cc1,31
O=C(/C=C/c1cccc(S(=O)(=O)Nc2ccccc2)c1)NO,1.0,O=C(/C=C/c1cccc(S(=O)(=O)Nc2ccccc2)c1)NO,O=S(=O)(Nc1ccccc1)c1ccccc1,22
O=C(C(=O)N1CCN(C(=O)c2ccccc2)CC1)c1c[nH]c2c(-c3c[nH]cn3)ccc(F)c12,0.0,O=C(C(=O)N1CCN(C(=O)c2ccccc2)CC1)c1c[nH]c2c(-c3c[nH]cn3)ccc(F)c12,O=C(C(=O)N1CCN(C(=O)c2ccccc2)CC1)c1c[nH]c2c(-c3c[nH]cn3)cccc12,33
O=C(C(=O)N1CCN(C(=O)c2ccccc2)CC1)c1c[nH]c2c(-c3cnco3)ccc(F)c12,0.0,O=C(C(=O)N1CCN(C(=O)c2ccccc2)CC1)c1c[nH]c2c(-c3cnco3)ccc(F)c12,O=C(C(=O)N1CCN(C(=O)c2ccccc2)CC1)c1c[nH]c2c(-c3cnco3)cccc12,33
O=C(C(=O)N1CCN(C(=O)c2ccccc2)CC1)c1c[nH]c2c(-c3ncn[nH]3)ccc(F)c12,0.0,O=C(C(=O)N1CCN(C(=O)c2ccccc2)CC1)c1c[nH]c2c(-c3ncn[nH]3)ccc(F)c12,O=C(C(=O)N1CCN(C(=O)c2ccccc2)CC1)c1c[nH]c2c(-c3ncn[nH]3)cccc12,33
O=C(C(=O)N1CCN(C(=O)c2ccccc2)CC1)c1c[nH]c2c(-c3ncon3)ccc(F)c12,0.0,O=C(C(=O)N1CCN(C(=O)c2ccccc2)CC1)c1c[nH]c2c(-c3ncon3)ccc(F)c12,O=C(C(=O)N1CCN(C(=O)c2ccccc2)CC1)c1c[nH]c2c(-c3ncon3)cccc12,33
O=C(C(=O)N1CCN(C(=O)c2ccccc2)CC1)c1c[nH]c2c(-c3nnco3)ccc(F)c12,0.0,O=C(C(=O)N1CCN(C(=O)c2ccccc2)CC1)c1c[nH]c2c(-c3nnco3)ccc(F)c12,O=C(C(=O)N1CCN(C(=O)c2ccccc2)CC1)c1c[nH]c2c(-c3nnco3)cccc12,33
O=C(C(=O)N1CCN(C(=O)c2ccccc2)CC1)c1c[nH]c2c(-c3nnn[nH]3)ccc(F)c12,1.0,O=C(C(=O)N1CCN(C(=O)c2ccccc2)CC1)c1c[nH]c2c(-c3nnn[nH]3)ccc(F)c12,O=C(C(=O)N1CCN(C(=O)c2ccccc2)CC1)c1c[nH]c2c(-c3nnn[nH]3)cccc12,33
O=C(C1CC1)N1CCC(Oc2ccc3c(c2)CCC2(CCN(C4CCC4)CC2)O3)CC1,0.0,O=C(C1CC1)N1CCC(Oc2ccc3c(c2)CCC2(CCN(C4CCC4)CC2)O3)CC1,O=C(C1CC1)N1CCC(Oc2ccc3c(c2)CCC2(CCN(C4CCC4)CC2)O3)CC1,31
O=C(CCCN1CCC(O)(c2ccc(Cl)cc2)CC1)c1ccc(F)cc1,0.0,O=C(CCCN1CCC(O)(c2ccc(Cl)cc2)CC1)c1ccc(F)cc1,O=C(CCCN1CCC(c2ccccc2)CC1)c1ccccc1,26
O=C(CCCN1CC[Si](O)(c2ccc(Cl)cc2)CC1)c1ccc(F)cc1,0.0,O=C(CCCN1CC[Si](O)(c2ccc(Cl)cc2)CC1)c1ccc(F)cc1,O=C(CCCN1CC[SiH](c2ccccc2)CC1)c1ccccc1,26
O=C(CCc1cc(Cl)ccc1-n1cnnn1)N[C@@H](Cc1ccccc1)c1nc(Cl)c(-c2ccc3[nH]c(=O)cc(O)c3c2)[nH]1,0.0,O=C(CCc1cc(Cl)ccc1-n1cnnn1)N[C@@H](Cc1ccccc1)c1nc(Cl)c(-c2ccc3[nH]c(=O)cc(O)c3c2)[nH]1,O=C(CCc1ccccc1-n1cnnn1)NC(Cc1ccccc1)c1ncc(-c2ccc3[nH]c(=O)ccc3c2)[nH]1,43
O=C(CCc1ccccc1)N[C@H]1CC[C@](O)(c2ccc(O)cn2)CC1,0.0,O=C(CCc1ccccc1)N[C@H]1CC[C@](O)(c2ccc(O)cn2)CC1,O=C(CCc1ccccc1)NC1CCC(c2ccccn2)CC1,25
O=C(CCc1nnnn1-c1cccc2ccccc12)Nc1ccccc1[N+](=O)[O-],0.0,O=C(CCc1nnnn1-c1cccc2ccccc12)Nc1ccccc1[N+](=O)[O-],O=C(CCc1nnnn1-c1cccc2ccccc12)Nc1ccccc1,29
O=C(CN1C(C(=O)c2ccccc2)=C(O)c2ccccc2S1(=O)=O)c1ccccc1,0.0,O=C(CN1C(C(=O)c2ccccc2)=C(O)c2ccccc2S1(=O)=O)c1ccccc1,O=C(CN1C(C(=O)c2ccccc2)=Cc2ccccc2S1(=O)=O)c1ccccc1,30
O=C(CO)N1CCC(c2[nH]nc(-c3ccc(Cl)cc3)c2-c2ccncc2)CC1,0.0,O=C(CO)N1CCC(c2[nH]nc(-c3ccc(Cl)cc3)c2-c2ccncc2)CC1,c1ccc(-c2n[nH]c(C3CCNCC3)c2-c2ccncc2)cc1,28
O=C(CO)N1CCC(c2[nH]nc(-c3ccc(Cl)cc3)c2-c2ccncn2)CC1,0.0,O=C(CO)N1CCC(c2[nH]nc(-c3ccc(Cl)cc3)c2-c2ccncn2)CC1,c1ccc(-c2n[nH]c(C3CCNCC3)c2-c2ccncn2)cc1,28
O=C(COc1nnnn1-c1cccc2ccccc12)Nc1ccccc1[N+](=O)[O-],0.0,O=C(COc1nnnn1-c1cccc2ccccc12)Nc1ccccc1[N+](=O)[O-],O=C(COc1nnnn1-c1cccc2ccccc12)Nc1ccccc1,29
O=C(CSc1nc2ccccc2nc1C(F)(F)F)NC(=O)Nc1ccccc1Cl,0.0,O=C(CSc1nc2ccccc2nc1C(F)(F)F)NC(=O)Nc1ccccc1Cl,O=C(CSc1cnc2ccccc2n1)NC(=O)Nc1ccccc1,29
O=C(CSc1nnnn1-c1cccc2ccccc12)Nc1ccccc1Cl,0.0,O=C(CSc1nnnn1-c1cccc2ccccc12)Nc1ccccc1Cl,O=C(CSc1nnnn1-c1cccc2ccccc12)Nc1ccccc1,27
O=C(CSc1nnnn1-c1cccc2ccccc12)Nc1ccccc1[N+](=O)[O-],0.0,O=C(CSc1nnnn1-c1cccc2ccccc12)Nc1ccccc1[N+](=O)[O-],O=C(CSc1nnnn1-c1cccc2ccccc12)Nc1ccccc1,29
O=C(Cc1cc(C(F)(F)F)cc(C(F)(F)F)c1)Nc1ccc(NC(=O)c2cscn2)cc1,0.0,O=C(Cc1cc(C(F)(F)F)cc(C(F)(F)F)c1)Nc1ccc(NC(=O)c2cscn2)cc1,O=C(Cc1ccccc1)Nc1ccc(NC(=O)c2cscn2)cc1,32
O=C(Cc1ccc(C(F)(F)F)c(F)c1)Nc1c(Cl)ccc2c(=O)n(CCO)ccc12,1.0,O=C(Cc1ccc(C(F)(F)F)c(F)c1)Nc1c(Cl)ccc2c(=O)n(CCO)ccc12,O=C(Cc1ccccc1)Nc1cccc2c(=O)[nH]ccc12,30
O=C(Cc1ccc(Cl)c(Cl)c1)Nc1ccc(S(=O)(=O)Nc2ccon2)cc1,1.0,O=C(Cc1ccc(Cl)c(Cl)c1)Nc1ccc(S(=O)(=O)Nc2ccon2)cc1,O=C(Cc1ccccc1)Nc1ccc(S(=O)(=O)Nc2ccon2)cc1,27
O=C(Cc1ccc(Cl)cc1Cl)NCc1ccc(O)c(O)c1,0.0,O=C(Cc1ccc(Cl)cc1Cl)NCc1ccc(O)c(O)c1,O=C(Cc1ccccc1)NCc1ccccc1,21
O=C(N1CCCC1)n1cnc(S(=O)(=O)[C@@H]2C[C@H]3CC[C@@H]2C3)n1,0.0,O=C(N1CCCC1)n1cnc(S(=O)(=O)[C@@H]2C[C@H]3CC[C@@H]2C3)n1,O=C(N1CCCC1)n1cnc(S(=O)(=O)C2CC3CCC2C3)n1,22
O=C(N1CCCC1)n1cnc(S[C@@H]2C[C@H]3CC[C@@H]2C3)n1,0.0,O=C(N1CCCC1)n1cnc(S[C@@H]2C[C@H]3CC[C@@H]2C3)n1,O=C(N1CCCC1)n1cnc(SC2CC3CCC2C3)n1,20
O=C(NC1(c2ccccc2)CC1)c1nn(-c2ccc(F)cc2F)c2c1C[C@H]1C[C@@H]21,0.0,O=C(NC1(c2ccccc2)CC1)c1nn(-c2ccc(F)cc2F)c2c1C[C@H]1C[C@@H]21,O=C(NC1(c2ccccc2)CC1)c1nn(-c2ccccc2)c2c1CC1CC21,29
O=C(NC1CC1)c1ccc2c(c1)CC(c1nc3ccc(-c4cn[nH]c4)cc3c(=O)[nH]1)CO2,0.0,O=C(NC1CC1)c1ccc2c(c1)CC(c1nc3ccc(-c4cn[nH]c4)cc3c(=O)[nH]1)CO2,O=C(NC1CC1)c1ccc2c(c1)CC(c1nc3ccc(-c4cn[nH]c4)cc3c(=O)[nH]1)CO2,32
O=C(NC1CCOCC1)C1CCN(C(=O)NCc2ccc(Cl)cc2Cl)CC1,1.0,O=C(NC1CCOCC1)C1CCN(C(=O)NCc2ccc(Cl)cc2Cl)CC1,O=C(NC1CCOCC1)C1CCN(C(=O)NCc2ccccc2)CC1,27
O=C(NC1CCOCC1)C1CCN(C(=O)NCc2ccccc2)CC1,1.0,O=C(NC1CCOCC1)C1CCN(C(=O)NCc2ccccc2)CC1,O=C(NC1CCOCC1)C1CCN(C(=O)NCc2ccccc2)CC1,25
O=C(NC1CCOCC1)c1nn(-c2ccc(F)cc2F)c2c1C[C@H]1C[C@@H]21,0.0,O=C(NC1CCOCC1)c1nn(-c2ccc(F)cc2F)c2c1C[C@H]1C[C@@H]21,O=C(NC1CCOCC1)c1nn(-c2ccccc2)c2c1CC1CC21,26
O=C(NCC(=O)N1CC[C@H](N[C@H]2CC[C@@](O)(c3ccc(-c4ncccn4)cn3)CC2)C1)c1cccc(C(F)(F)F)c1,0.0,O=C(NCC(=O)N1CC[C@H](N[C@H]2CC[C@@](O)(c3ccc(-c4ncccn4)cn3)CC2)C1)c1cccc(C(F)(F)F)c1,O=C(NCC(=O)N1CCC(NC2CCC(c3ccc(-c4ncccn4)cn3)CC2)C1)c1ccccc1,41
O=C(NCC1(O)CCCCCC1)c1cc(-c2c[nH]cn2)ccc1Cl,0.0,O=C(NCC1(O)CCCCCC1)c1cc(-c2c[nH]cn2)ccc1Cl,O=C(NCC1CCCCCC1)c1cccc(-c2c[nH]cn2)c1,24
O=C(NCC1(O)CCCCCC1)c1cc(-c2cc[nH]n2)ccc1Cl,0.0,O=C(NCC1(O)CCCCCC1)c1cc(-c2cc[nH]n2)ccc1Cl,O=C(NCC1CCCCCC1)c1cccc(-c2cc[nH]n2)c1,24
O=C(NCC1(O)CCCCCC1)c1cc(-c2cnoc2)ccc1Cl,0.0,O=C(NCC1(O)CCCCCC1)c1cc(-c2cnoc2)ccc1Cl,O=C(NCC1CCCCCC1)c1cccc(-c2cnoc2)c1,24
O=C(NCC1CCOCC1)c1nn(-c2ccc(F)cc2F)c2c1C[C@H]1C[C@@H]21,0.0,O=C(NCC1CCOCC1)c1nn(-c2ccc(F)cc2F)c2c1C[C@H]1C[C@@H]21,O=C(NCC1CCOCC1)c1nn(-c2ccccc2)c2c1CC1CC21,27
O=C(NCCC(c1ccc(F)cc1)c1ccc(F)cc1)c1ccc(OCC(F)(F)F)nc1,1.0,O=C(NCCC(c1ccc(F)cc1)c1ccc(F)cc1)c1ccc(OCC(F)(F)F)nc1,O=C(NCCC(c1ccccc1)c1ccccc1)c1cccnc1,32
O=C(NCCC(c1ccccc1)c1ccccc1)c1ccc(=O)[nH]c1,0.0,O=C(NCCC(c1ccccc1)c1ccccc1)c1ccc(=O)[nH]c1,O=C(NCCC(c1ccccc1)c1ccccc1)c1ccc(=O)[nH]c1,25
O=C(NCCC(c1ccccc1)c1ccccc1)c1ccc(CCN2CCCC2)nc1,0.0,O=C(NCCC(c1ccccc1)c1ccccc1)c1ccc(CCN2CCCC2)nc1,O=C(NCCC(c1ccccc1)c1ccccc1)c1ccc(CCN2CCCC2)nc1,31
O=C(NCCC(c1ccccc1)c1ccccc1)c1ccc(OCC(F)(F)F)nc1,0.0,O=C(NCCC(c1ccccc1)c1ccccc1)c1ccc(OCC(F)(F)F)nc1,O=C(NCCC(c1ccccc1)c1ccccc1)c1cccnc1,30
O=C(NCCC(c1ccccc1)c1ccccc1)c1cccnc1,0.0,O=C(NCCC(c1ccccc1)c1ccccc1)c1cccnc1,O=C(NCCC(c1ccccc1)c1ccccc1)c1cccnc1,24
O=C(NCCCN1CCCC1=O)c1cnc(NCc2cc(Cl)ccc2Cl)nc1NC1CCCC1,0.0,O=C(NCCCN1CCCC1=O)c1cnc(NCc2cc(Cl)ccc2Cl)nc1NC1CCCC1,O=C(NCCCN1CCCC1=O)c1cnc(NCc2ccccc2)nc1NC1CCCC1,34
O=C(NCCCN1CCCC1=O)c1cnc(NCc2cccc(Cl)c2)nc1NC1CCCC1,0.0,O=C(NCCCN1CCCC1=O)c1cnc(NCc2cccc(Cl)c2)nc1NC1CCCC1,O=C(NCCCN1CCCC1=O)c1cnc(NCc2ccccc2)nc1NC1CCCC1,33
O=C(NCCCN1CCCC1=O)c1cnc(NCc2ccccc2)nc1NC1CCCC1,0.0,O=C(NCCCN1CCCC1=O)c1cnc(NCc2ccccc2)nc1NC1CCCC1,O=C(NCCCN1CCCC1=O)c1cnc(NCc2ccccc2)nc1NC1CCCC1,32
O=C(NCCCN1CCCC1=O)c1cnc(NCc2ccccc2Cl)nc1NC1CCCC1,0.0,O=C(NCCCN1CCCC1=O)c1cnc(NCc2ccccc2Cl)nc1NC1CCCC1,O=C(NCCCN1CCCC1=O)c1cnc(NCc2ccccc2)nc1NC1CCCC1,33
O=C(NCCCN1CCOC1=O)c1cnc(NCc2cc(Cl)ccc2Cl)nc1NC1CCCC1,0.0,O=C(NCCCN1CCOC1=O)c1cnc(NCc2cc(Cl)ccc2Cl)nc1NC1CCCC1,O=C(NCCCN1CCOC1=O)c1cnc(NCc2ccccc2)nc1NC1CCCC1,34
O=C(NCCCN1CCOCC1)c1cccc(-n2ncc3cc(Nc4ccccc4Cl)ccc32)c1,0.0,O=C(NCCCN1CCOCC1)c1cccc(-n2ncc3cc(Nc4ccccc4Cl)ccc32)c1,O=C(NCCCN1CCOCC1)c1cccc(-n2ncc3cc(Nc4ccccc4)ccc32)c1,35
O=C(NCCN1CCOCC1)c1ccc(-c2nccc3ccccc23)cc1,0.0,O=C(NCCN1CCOCC1)c1ccc(-c2nccc3ccccc23)cc1,O=C(NCCN1CCOCC1)c1ccc(-c2nccc3ccccc23)cc1,27
O=C(NCCN1CCOCC1)c1ccc2c(c1)CC(c1nc3ccc(-c4cn[nH]c4)cc3c(=O)[nH]1)CO2,0.0,O=C(NCCN1CCOCC1)c1ccc2c(c1)CC(c1nc3ccc(-c4cn[nH]c4)cc3c(=O)[nH]1)CO2,O=C(NCCN1CCOCC1)c1ccc2c(c1)CC(c1nc3ccc(-c4cn[nH]c4)cc3c(=O)[nH]1)CO2,37
O=C(NCCNc1ccnc2cc(Cl)ccc12)C1CCC2(CC1)OOC1(CCCCC1)OO2,0.0,O=C(NCCNc1ccnc2cc(Cl)ccc12)C1CCC2(CC1)OOC1(CCCCC1)OO2,O=C(NCCNc1ccnc2ccccc12)C1CCC2(CC1)OOC1(CCCCC1)OO2,33
O=C(NCCc1ccccn1)c1ccc2c(c1)CC(c1nc3ccc(-c4cn[nH]c4)cc3c(=O)[nH]1)CO2,0.0,O=C(NCCc1ccccn1)c1ccc2c(c1)CC(c1nc3ccc(-c4cn[nH]c4)cc3c(=O)[nH]1)CO2,O=C(NCCc1ccccn1)c1ccc2c(c1)CC(c1nc3ccc(-c4cn[nH]c4)cc3c(=O)[nH]1)CO2,37
O=C(NC[C@H]1CC[C@@H](CCOc2ccccc2)CC1)c1cc(F)c(O)c(F)c1,0.0,O=C(NC[C@H]1CC[C@@H](CCOc2ccccc2)CC1)c1cc(F)c(O)c(F)c1,O=C(NCC1CCC(CCOc2ccccc2)CC1)c1ccccc1,28
O=C(NC[C@H]1CC[C@@H](CCOc2ccccc2)CC1)c1cc[nH]c1,0.0,O=C(NC[C@H]1CC[C@@H](CCOc2ccccc2)CC1)c1cc[nH]c1,O=C(NCC1CCC(CCOc2ccccc2)CC1)c1cc[nH]c1,24
O=C(NC[C@H]1CC[C@@H](CCOc2ccccc2)CC1)c1cc[nH]n1,0.0,O=C(NC[C@H]1CC[C@@H](CCOc2ccccc2)CC1)c1cc[nH]n1,O=C(NCC1CCC(CCOc2ccccc2)CC1)c1cc[nH]n1,24
O=C(NC[C@H]1CC[C@@H](CCOc2ccccc2)CC1)c1ccc(O)nn1,0.0,O=C(NC[C@H]1CC[C@@H](CCOc2ccccc2)CC1)c1ccc(O)nn1,O=C(NCC1CCC(CCOc2ccccc2)CC1)c1cccnn1,26
O=C(NC[C@H]1CC[C@@H](CCOc2ccccc2)CC1)c1ccc2[nH]ncc2c1,0.0,O=C(NC[C@H]1CC[C@@H](CCOc2ccccc2)CC1)c1ccc2[nH]ncc2c1,O=C(NCC1CCC(CCOc2ccccc2)CC1)c1ccc2[nH]ncc2c1,28
O=C(NC[C@H]1CC[C@@H](CCOc2ccccc2)CC1)c1cn[nH]c1,0.0,O=C(NC[C@H]1CC[C@@H](CCOc2ccccc2)CC1)c1cn[nH]c1,O=C(NCC1CCC(CCOc2ccccc2)CC1)c1cn[nH]c1,24
O=C(NC[C@H]1CC[C@@H](COc2ccccc2)CC1)c1cc(F)c(O)c(F)c1,0.0,O=C(NC[C@H]1CC[C@@H](COc2ccccc2)CC1)c1cc(F)c(O)c(F)c1,O=C(NCC1CCC(COc2ccccc2)CC1)c1ccccc1,27
O=C(NC[C@H]1CC[C@@H](COc2ccccc2)CC1)c1ccc(O)cc1,0.0,O=C(NC[C@H]1CC[C@@H](COc2ccccc2)CC1)c1ccc(O)cc1,O=C(NCC1CCC(COc2ccccc2)CC1)c1ccccc1,25
O=C(NC[C@H]1CC[C@@H](COc2ccccc2)CC1)c1cn[nH]c1,0.0,O=C(NC[C@H]1CC[C@@H](COc2ccccc2)CC1)c1cn[nH]c1,O=C(NCC1CCC(COc2ccccc2)CC1)c1cn[nH]c1,23
O=C(NCc1ccc(-n2cnnn2)cc1Cl)c1ccc(OCCC(F)(F)F)nc1,1.0,O=C(NCc1ccc(-n2cnnn2)cc1Cl)c1ccc(OCCC(F)(F)F)nc1,O=C(NCc1ccc(-n2cnnn2)cc1)c1cccnc1,29
O=C(NCc1ccc(Br)cc1OC(F)(F)F)c1ccc(OCCC(F)(F)F)nc1,1.0,O=C(NCc1ccc(Br)cc1OC(F)(F)F)c1ccc(OCCC(F)(F)F)nc1,O=C(NCc1ccccc1)c1cccnc1,29
O=C(NCc1ccc(Cl)cc1Cl)N1CCC(Oc2ccccc2)CC1,0.0,O=C(NCc1ccc(Cl)cc1Cl)N1CCC(Oc2ccccc2)CC1,O=C(NCc1ccccc1)N1CCC(Oc2ccccc2)CC1,25
O=C(NCc1ccc(Cl)cc1Cl)N1CCC(Oc2ncccn2)CC1,0.0,O=C(NCc1ccc(Cl)cc1Cl)N1CCC(Oc2ncccn2)CC1,O=C(NCc1ccccc1)N1CCC(Oc2ncccn2)CC1,25
O=C(NCc1ccc(Cl)cc1Cl)c1ccc(=O)[nH]c1,0.0,O=C(NCc1ccc(Cl)cc1Cl)c1ccc(=O)[nH]c1,O=C(NCc1ccccc1)c1ccc(=O)[nH]c1,19
O=C(NCc1ccc(Cl)cc1Cl)c1ccc(OCC(F)(F)F)nc1,1.0,O=C(NCc1ccc(Cl)cc1Cl)c1ccc(OCC(F)(F)F)nc1,O=C(NCc1ccccc1)c1cccnc1,24
O=C(NCc1ccccc1OC(F)(F)F)N1CCC(c2ccncc2)C1,0.0,O=C(NCc1ccccc1OC(F)(F)F)N1CCC(c2ccncc2)C1,O=C(NCc1ccccc1)N1CCC(c2ccncc2)C1,26
O=C(NCc1ccccc1OC(F)(F)F)c1ccc(OCCC(F)(F)F)nc1,0.0,O=C(NCc1ccccc1OC(F)(F)F)c1ccc(OCCC(F)(F)F)nc1,O=C(NCc1ccccc1)c1cccnc1,28
O=C(NOCC1CC1)c1ccc(F)c(F)c1Nc1ccc(I)cc1Cl,0.0,O=C(NOCC1CC1)c1ccc(F)c(F)c1Nc1ccc(I)cc1Cl,O=C(NOCC1CC1)c1ccccc1Nc1ccccc1,25
O=C(NOCCO)c1c(Nc2ccc(I)cc2F)c(Cl)c(=O)n2c1CCC2,0.0,O=C(NOCCO)c1c(Nc2ccc(I)cc2F)c(Cl)c(=O)n2c1CCC2,O=c1cc(Nc2ccccc2)cc2n1CCC2,27
O=C(NOCCO)c1c(Nc2ccc(I)cc2F)c(F)c(=O)n2c1CCC2,1.0,O=C(NOCCO)c1c(Nc2ccc(I)cc2F)c(F)c(=O)n2c1CCC2,O=c1cc(Nc2ccccc2)cc2n1CCC2,27
O=C(NOCCO)c1c(Nc2ccc(I)cc2F)c(F)c(=O)n2c1CCCC2,0.0,O=C(NOCCO)c1c(Nc2ccc(I)cc2F)c(F)c(=O)n2c1CCCC2,O=c1cc(Nc2ccccc2)cc2n1CCCC2,28
O=C(NOCCO)c1c(Nc2ccc(I)cc2F)cc(=O)n2c1CCC2,0.0,O=C(NOCCO)c1c(Nc2ccc(I)cc2F)cc(=O)n2c1CCC2,O=c1cc(Nc2ccccc2)cc2n1CCC2,26
O=C(NOC[C@@H](O)CO)c1c(Nc2ccc(I)cc2F)c(F)c(=O)n2c1CCC2,1.0,O=C(NOC[C@@H](O)CO)c1c(Nc2ccc(I)cc2F)c(F)c(=O)n2c1CCC2,O=c1cc(Nc2ccccc2)cc2n1CCC2,29
O=C(NOC[C@H](O)CO)c1c(Nc2ccc(I)cc2F)c(F)c(=O)n2c1CCC2,1.0,O=C(NOC[C@H](O)CO)c1c(Nc2ccc(I)cc2F)c(F)c(=O)n2c1CCC2,O=c1cc(Nc2ccccc2)cc2n1CCC2,29
O=C(NS(=O)(=O)c1ccccc1)c1ccc(F)c2c(C(=O)C(=O)N3CCN(C(=O)c4ccccc4)CC3)c[nH]c12,1.0,O=C(NS(=O)(=O)c1ccccc1)c1ccc(F)c2c(C(=O)C(=O)N3CCN(C(=O)c4ccccc4)CC3)c[nH]c12,O=C(C(=O)N1CCN(C(=O)c2ccccc2)CC1)c1c[nH]c2c(C(=O)NS(=O)(=O)c3ccccc3)cccc12,40
O=C(N[C@@H](CO)c1ccccc1)c1nn(-c2ccc(F)cc2F)c2c1C[C@H]1C[C@@H]21,0.0,O=C(N[C@@H](CO)c1ccccc1)c1nn(-c2ccc(F)cc2F)c2c1C[C@H]1C[C@@H]21,O=C(NCc1ccccc1)c1nn(-c2ccccc2)c2c1CC1CC21,29
O=C(N[C@@H](Cc1ccccc1)C(=O)NCCc1cc(Cl)ccc1-n1cnnn1)c1ccc(-c2nnn[nH]2)cc1,0.0,O=C(N[C@@H](Cc1ccccc1)C(=O)NCCc1cc(Cl)ccc1-n1cnnn1)c1ccc(-c2nnn[nH]2)cc1,O=C(NC(Cc1ccccc1)C(=O)NCCc1ccccc1-n1cnnn1)c1ccc(-c2nnn[nH]2)cc1,39
O=C(N[C@@H](Cc1ccccc1)C(=O)NCCc1cc(Cl)ccc1-n1cnnn1)c1ccc2[nH]c(=O)cc(O)c2c1,0.0,O=C(N[C@@H](Cc1ccccc1)C(=O)NCCc1cc(Cl)ccc1-n1cnnn1)c1ccc2[nH]c(=O)cc(O)c2c1,O=C(NC(Cc1ccccc1)C(=O)NCCc1ccccc1-n1cnnn1)c1ccc2[nH]c(=O)ccc2c1,40
O=C(N[C@@H]1CC[C@@]2(O)[C@H]3Cc4ccc(O)c5c4[C@@]2(CCN3CC2CC2)[C@H]1O5)c1ccc(Cl)c(Cl)c1,1.0,O=C(N[C@@H]1CC[C@@]2(O)[C@H]3Cc4ccc(O)c5c4[C@@]2(CCN3CC2CC2)[C@H]1O5)c1ccc(Cl)c(Cl)c1.O=C(O)C(=O)O,O=C(NC1CCC2C3Cc4cccc5c4C2(CCN3CC2CC2)C1O5)c1ccccc1,35
O=C(N[C@@H]1CC[C@@]2(O)[C@H]3Cc4ccc(O)c5c4[C@@]2(CCN3CC2CC2)[C@H]1O5)c1ccc(I)cc1,0.0,O=C(N[C@@H]1CC[C@@]2(O)[C@H]3Cc4ccc(O)c5c4[C@@]2(CCN3CC2CC2)[C@H]1O5)c1ccc(I)cc1.O=C(O)C(=O)O,O=C(NC1CCC2C3Cc4cccc5c4C2(CCN3CC2CC2)C1O5)c1ccccc1,34
O=C(N[C@@H]1C[C@H]2CCN(C2)C1)c1cc2ccoc2cn1,0.0,O=C(N[C@@H]1C[C@H]2CCN(C2)C1)c1cc2ccoc2cn1,O=C(NC1CC2CCN(C2)C1)c1cc2ccoc2cn1,20
O=C(N[C@H](CO)c1ccccc1)c1nn(-c2ccc(F)cc2F)c2c1C[C@H]1C[C@@H]21,0.0,O=C(N[C@H](CO)c1ccccc1)c1nn(-c2ccc(F)cc2F)c2c1C[C@H]1C[C@@H]21,O=C(NCc1ccccc1)c1nn(-c2ccccc2)c2c1CC1CC21,29
O=C(N[C@H](Cc1c[nH]c2ccccc12)C(=O)Nc1ccncc1)c1ccc(-c2cc(C(F)(F)F)ccc2F)cc1F,0.0,O=C(N[C@H](Cc1c[nH]c2ccccc12)C(=O)Nc1ccncc1)c1ccc(-c2cc(C(F)(F)F)ccc2F)cc1F,O=C(NC(Cc1c[nH]c2ccccc12)C(=O)Nc1ccncc1)c1ccc(-c2ccccc2)cc1,41
O=C(N[C@H](Cc1c[nH]c2ccccc12)C(=O)Nc1ccncc1)c1ccc(-c2cc(F)ccc2F)cc1F,0.0,O=C(N[C@H](Cc1c[nH]c2ccccc12)C(=O)Nc1ccncc1)c1ccc(-c2cc(F)ccc2F)cc1F,O=C(NC(Cc1c[nH]c2ccccc12)C(=O)Nc1ccncc1)c1ccc(-c2ccccc2)cc1,38
O=C(N[C@H](Cc1c[nH]c2ccccc12)C(=O)Nc1ccncc1)c1ccc(-c2ccc(F)c(C(F)(F)F)c2)cc1F,0.0,O=C(N[C@H](Cc1c[nH]c2ccccc12)C(=O)Nc1ccncc1)c1ccc(-c2ccc(F)c(C(F)(F)F)c2)cc1F,O=C(NC(Cc1c[nH]c2ccccc12)C(=O)Nc1ccncc1)c1ccc(-c2ccccc2)cc1,41
O=C(N[C@H](Cc1c[nH]c2ccccc12)C(=O)Nc1ccncc1)c1ccc(-c2ccc(F)c(Cl)c2)cc1F,0.0,O=C(N[C@H](Cc1c[nH]c2ccccc12)C(=O)Nc1ccncc1)c1ccc(-c2ccc(F)c(Cl)c2)cc1F,O=C(NC(Cc1c[nH]c2ccccc12)C(=O)Nc1ccncc1)c1ccc(-c2ccccc2)cc1,38
O=C(N[C@H](Cc1c[nH]c2ccccc12)C(=O)Nc1ccncc1)c1ccc(-c2ccc(F)c(F)c2)cc1F,0.0,O=C(N[C@H](Cc1c[nH]c2ccccc12)C(=O)Nc1ccncc1)c1ccc(-c2ccc(F)c(F)c2)cc1F,O=C(NC(Cc1c[nH]c2ccccc12)C(=O)Nc1ccncc1)c1ccc(-c2ccccc2)cc1,38
O=C(N[C@H](Cc1c[nH]c2ccccc12)C(=O)Nc1ccncc1)c1ccc(-c2ccc(OCc3ccc(F)cc3)c(F)c2)cc1F,0.0,O=C(N[C@H](Cc1c[nH]c2ccccc12)C(=O)Nc1ccncc1)c1ccc(-c2ccc(OCc3ccc(F)cc3)c(F)c2)cc1F,O=C(NC(Cc1c[nH]c2ccccc12)C(=O)Nc1ccncc1)c1ccc(-c2ccc(OCc3ccccc3)cc2)cc1,46
O=C(N[C@H](Cc1c[nH]c2ccccc12)C(=O)Nc1ccncc1)c1ccc(-c2cccc(C(F)(F)F)c2)cc1F,0.0,O=C(N[C@H](Cc1c[nH]c2ccccc12)C(=O)Nc1ccncc1)c1ccc(-c2cccc(C(F)(F)F)c2)cc1F,O=C(NC(Cc1c[nH]c2ccccc12)C(=O)Nc1ccncc1)c1ccc(-c2ccccc2)cc1,40
O=C(N[C@H](Cc1c[nH]c2ccccc12)C(=O)Nc1ccncc1)c1ccc(-c2cccc(F)c2)cc1F,0.0,O=C(N[C@H](Cc1c[nH]c2ccccc12)C(=O)Nc1ccncc1)c1ccc(-c2cccc(F)c2)cc1F,O=C(NC(Cc1c[nH]c2ccccc12)C(=O)Nc1ccncc1)c1ccc(-c2ccccc2)cc1,37
O=C(N[C@H](Cc1c[nH]c2ccccc12)C(=O)Nc1ccncc1)c1ccc(N2CCN(c3cc(Cl)cc(Cl)c3)CC2)cc1F,0.0,O=C(N[C@H](Cc1c[nH]c2ccccc12)C(=O)Nc1ccncc1)c1ccc(N2CCN(c3cc(Cl)cc(Cl)c3)CC2)cc1F,O=C(NC(Cc1c[nH]c2ccccc12)C(=O)Nc1ccncc1)c1ccc(N2CCN(c3ccccc3)CC2)cc1,44
O=C(N[C@H](Cc1c[nH]c2ccccc12)C(=O)Nc1ccncc1)c1ccc(N2CCN(c3ccc(C(F)(F)F)cc3)CC2)cc1F,0.0,O=C(N[C@H](Cc1c[nH]c2ccccc12)C(=O)Nc1ccncc1)c1ccc(N2CCN(c3ccc(C(F)(F)F)cc3)CC2)cc1F,O=C(NC(Cc1c[nH]c2ccccc12)C(=O)Nc1ccncc1)c1ccc(N2CCN(c3ccccc3)CC2)cc1,46
O=C(N[C@H](Cc1c[nH]c2ccccc12)C(=O)Nc1ccncc1)c1ccc(N2CCN(c3ccc(C(F)(F)F)cn3)CC2)cc1F,0.0,O=C(N[C@H](Cc1c[nH]c2ccccc12)C(=O)Nc1ccncc1)c1ccc(N2CCN(c3ccc(C(F)(F)F)cn3)CC2)cc1F,O=C(NC(Cc1c[nH]c2ccccc12)C(=O)Nc1ccncc1)c1ccc(N2CCN(c3ccccn3)CC2)cc1,46
O=C(N[C@H](Cc1c[nH]c2ccccc12)C(=O)Nc1ccncc1)c1ccc(N2CCN(c3ccc(Cl)c(Cl)c3)CC2)cc1F,0.0,O=C(N[C@H](Cc1c[nH]c2ccccc12)C(=O)Nc1ccncc1)c1ccc(N2CCN(c3ccc(Cl)c(Cl)c3)CC2)cc1F,O=C(NC(Cc1c[nH]c2ccccc12)C(=O)Nc1ccncc1)c1ccc(N2CCN(c3ccccc3)CC2)cc1,44
O=C(N[C@H](Cc1c[nH]c2ccccc12)C(=O)Nc1ccncc1)c1ccc(N2CCN(c3ccc(Cl)cc3)CC2)cc1F,0.0,O=C(N[C@H](Cc1c[nH]c2ccccc12)C(=O)Nc1ccncc1)c1ccc(N2CCN(c3ccc(Cl)cc3)CC2)cc1F,O=C(NC(Cc1c[nH]c2ccccc12)C(=O)Nc1ccncc1)c1ccc(N2CCN(c3ccccc3)CC2)cc1,43
O=C(N[C@H](Cc1c[nH]c2ccccc12)C(=O)Nc1ccncc1)c1ccc(N2CCN(c3ccc(Cl)cc3Cl)CC2)cc1F,0.0,O=C(N[C@H](Cc1c[nH]c2ccccc12)C(=O)Nc1ccncc1)c1ccc(N2CCN(c3ccc(Cl)cc3Cl)CC2)cc1F,O=C(NC(Cc1c[nH]c2ccccc12)C(=O)Nc1ccncc1)c1ccc(N2CCN(c3ccccc3)CC2)cc1,44
O=C(N[C@H](Cc1c[nH]c2ccccc12)C(=O)Nc1ccncc1)c1ccc(N2CCN(c3ccc(F)c(Cl)c3)CC2)cc1F,0.0,O=C(N[C@H](Cc1c[nH]c2ccccc12)C(=O)Nc1ccncc1)c1ccc(N2CCN(c3ccc(F)c(Cl)c3)CC2)cc1F,O=C(NC(Cc1c[nH]c2ccccc12)C(=O)Nc1ccncc1)c1ccc(N2CCN(c3ccccc3)CC2)cc1,44
O=C(N[C@H](Cc1c[nH]c2ccccc12)C(=O)Nc1ccncc1)c1ccc(N2CCN(c3ccc(F)c(F)c3)CC2)cc1F,0.0,O=C(N[C@H](Cc1c[nH]c2ccccc12)C(=O)Nc1ccncc1)c1ccc(N2CCN(c3ccc(F)c(F)c3)CC2)cc1F,O=C(NC(Cc1c[nH]c2ccccc12)C(=O)Nc1ccncc1)c1ccc(N2CCN(c3ccccc3)CC2)cc1,44
O=C(N[C@H](Cc1c[nH]c2ccccc12)C(=O)Nc1ccncc1)c1ccc(N2CCN(c3ccc(F)cc3F)CC2)cc1F,0.0,O=C(N[C@H](Cc1c[nH]c2ccccc12)C(=O)Nc1ccncc1)c1ccc(N2CCN(c3ccc(F)cc3F)CC2)cc1F,O=C(NC(Cc1c[nH]c2ccccc12)C(=O)Nc1ccncc1)c1ccc(N2CCN(c3ccccc3)CC2)cc1,44
O=C(N[C@H](Cc1c[nH]c2ccccc12)C(=O)Nc1ccncc1)c1ccc(N2CCN(c3cccc(Cl)c3)CC2)cc1F,0.0,O=C(N[C@H](Cc1c[nH]c2ccccc12)C(=O)Nc1ccncc1)c1ccc(N2CCN(c3cccc(Cl)c3)CC2)cc1F,O=C(NC(Cc1c[nH]c2ccccc12)C(=O)Nc1ccncc1)c1ccc(N2CCN(c3ccccc3)CC2)cc1,43
O=C(N[C@H](Cc1c[nH]c2ccccc12)C(=O)Nc1ccncc1)c1ccc(N2CCN(c3cccc(Cl)c3Cl)CC2)cc1F,0.0,O=C(N[C@H](Cc1c[nH]c2ccccc12)C(=O)Nc1ccncc1)c1ccc(N2CCN(c3cccc(Cl)c3Cl)CC2)cc1F,O=C(NC(Cc1c[nH]c2ccccc12)C(=O)Nc1ccncc1)c1ccc(N2CCN(c3ccccc3)CC2)cc1,44
O=C(N[C@H](Cc1c[nH]c2ccccc12)C(=O)Nc1ccncc1)c1ccc(N2CCN(c3cccc(F)c3)CC2)cc1F,0.0,O=C(N[C@H](Cc1c[nH]c2ccccc12)C(=O)Nc1ccncc1)c1ccc(N2CCN(c3cccc(F)c3)CC2)cc1F,O=C(NC(Cc1c[nH]c2ccccc12)C(=O)Nc1ccncc1)c1ccc(N2CCN(c3ccccc3)CC2)cc1,43
O=C(N[C@H](Cc1c[nH]c2ccccc12)C(=O)Nc1ccncc1)c1ccc(N2CCN(c3ccccc3Cl)CC2)cc1F,0.0,O=C(N[C@H](Cc1c[nH]c2ccccc12)C(=O)Nc1ccncc1)c1ccc(N2CCN(c3ccccc3Cl)CC2)cc1F,O=C(NC(Cc1c[nH]c2ccccc12)C(=O)Nc1ccncc1)c1ccc(N2CCN(c3ccccc3)CC2)cc1,43
O=C(N[C@H]1CCC[C@@H]1OCc1ccccc1)C1CCN(c2nc3cc(Cl)ccc3o2)CC1,0.0,O=C(N[C@H]1CCC[C@@H]1OCc1ccccc1)C1CCN(c2nc3cc(Cl)ccc3o2)CC1,O=C(NC1CCCC1OCc1ccccc1)C1CCN(c2nc3ccccc3o2)CC1,32
O=C(N[C@H]1CN2CCC1CC2)c1cc2ccoc2cn1,0.0,O=C(N[C@H]1CN2CCC1CC2)c1cc2ccoc2cn1,O=C(NC1CN2CCC1CC2)c1cc2ccoc2cn1,20
O=C(Nc1cc(F)c(-c2cn[nH]c2)c(F)c1)C1COc2ccccc2C1,0.0,O=C(Nc1cc(F)c(-c2cn[nH]c2)c(F)c1)C1COc2ccccc2C1,O=C(Nc1ccc(-c2cn[nH]c2)cc1)C1COc2ccccc2C1,26
O=C(Nc1cc2ccccc2cc1C(=O)N[C@H](C(=O)O)C1CCCCC1)Nc1c(Cl)cccc1Cl,0.0,O=C(Nc1cc2ccccc2cc1C(=O)N[C@H](C(=O)O)C1CCCCC1)Nc1c(Cl)cccc1Cl,O=C(Nc1ccccc1)Nc1cc2ccccc2cc1C(=O)NCC1CCCCC1,35
O=C(Nc1ccc(-c2cn[nH]c2)cc1)C1COc2ccc(Cl)cc2C1,0.0,O=C(Nc1ccc(-c2cn[nH]c2)cc1)C1COc2ccc(Cl)cc2C1,O=C(Nc1ccc(-c2cn[nH]c2)cc1)C1COc2ccccc2C1,25
O=C(Nc1ccc(-c2cn[nH]c2)cc1)C1COc2ccc(F)cc2C1,0.0,O=C(Nc1ccc(-c2cn[nH]c2)cc1)C1COc2ccc(F)cc2C1,O=C(Nc1ccc(-c2cn[nH]c2)cc1)C1COc2ccccc2C1,25
O=C(Nc1ccc(-c2cn[nH]c2)cc1)C1COc2ccccc2C1,0.0,O=C(Nc1ccc(-c2cn[nH]c2)cc1)C1COc2ccccc2C1,O=C(Nc1ccc(-c2cn[nH]c2)cc1)C1COc2ccccc2C1,24
O=C(Nc1ccc(-c2cn[nH]c2)cc1)C1COc2ccccc2O1,0.0,O=C(Nc1ccc(-c2cn[nH]c2)cc1)C1COc2ccccc2O1,O=C(Nc1ccc(-c2cn[nH]c2)cc1)C1COc2ccccc2O1,24
O=C(Nc1ccc(-c2cn[nH]c2)cc1)N(CCO)Cc1ccccc1,0.0,O=C(Nc1ccc(-c2cn[nH]c2)cc1)N(CCO)Cc1ccccc1,O=C(NCc1ccccc1)Nc1ccc(-c2cn[nH]c2)cc1,25
O=C(Nc1ccc(-c2cn[nH]c2)cc1)NC(CCO)c1cccc(F)c1,0.0,O=C(Nc1ccc(-c2cn[nH]c2)cc1)NC(CCO)c1cccc(F)c1,O=C(NCc1ccccc1)Nc1ccc(-c2cn[nH]c2)cc1,26
O=C(Nc1ccc(-c2cn[nH]c2)cc1)NC(CCO)c1ccccc1,0.0,O=C(Nc1ccc(-c2cn[nH]c2)cc1)NC(CCO)c1ccccc1,O=C(NCc1ccccc1)Nc1ccc(-c2cn[nH]c2)cc1,25
O=C(Nc1ccc(-c2cn[nH]c2)cc1)NC(CO)c1ccccc1,0.0,O=C(Nc1ccc(-c2cn[nH]c2)cc1)NC(CO)c1ccccc1,O=C(NCc1ccccc1)Nc1ccc(-c2cn[nH]c2)cc1,24
O=C(Nc1ccc(-c2cn[nH]c2)cc1F)C1COc2ccccc2C1,0.0,O=C(Nc1ccc(-c2cn[nH]c2)cc1F)C1COc2ccccc2C1,O=C(Nc1ccc(-c2cn[nH]c2)cc1)C1COc2ccccc2C1,25
O=C(Nc1ccc(-c2cn[nH]c2)cc1F)N(CCO)Cc1ccccc1,0.0,O=C(Nc1ccc(-c2cn[nH]c2)cc1F)N(CCO)Cc1ccccc1,O=C(NCc1ccccc1)Nc1ccc(-c2cn[nH]c2)cc1,26
O=C(Nc1ccc(/N=C(\S)Nc2cc(C(F)(F)F)cc(C(F)(F)F)c2)cc1)c1csnn1,0.0,O=C(Nc1ccc(/N=C(\S)Nc2cc(C(F)(F)F)cc(C(F)(F)F)c2)cc1)c1csnn1,O=C(Nc1ccc(N=CNc2ccccc2)cc1)c1csnn1,32
O=C(Nc1ccc(Cl)c(-c2nc3ncccc3o2)c1)c1ccco1,0.0,O=C(Nc1ccc(Cl)c(-c2nc3ncccc3o2)c1)c1ccco1,O=C(Nc1cccc(-c2nc3ncccc3o2)c1)c1ccco1,24
O=C(Nc1ccc(F)c(-c2nc3ccccc3s2)c1)c1cc([N+](=O)[O-])c(N2CCNCC2)cc1Cl,1.0,O=C(Nc1ccc(F)c(-c2nc3ccccc3s2)c1)c1cc([N+](=O)[O-])c(N2CCNCC2)cc1Cl,O=C(Nc1cccc(-c2nc3ccccc3s2)c1)c1ccc(N2CCNCC2)cc1,35
O=C(Nc1ccc(F)c(-c2nc3ccccc3s2)c1)c1cnccc1Cl,1.0,O=C(Nc1ccc(F)c(-c2nc3ccccc3s2)c1)c1cnccc1Cl,O=C(Nc1cccc(-c2nc3ccccc3s2)c1)c1cccnc1,26
O=C(Nc1ccc(F)c(-c2nc3ncc(-c4ccccc4)cc3[nH]2)c1)N1CCCC1,0.0,O=C(Nc1ccc(F)c(-c2nc3ncc(-c4ccccc4)cc3[nH]2)c1)N1CCCC1,O=C(Nc1cccc(-c2nc3ncc(-c4ccccc4)cc3[nH]2)c1)N1CCCC1,30
O=C(Nc1ccc(F)cc1F)N1CCC(N(CCc2ccc(Cl)cc2)C(=O)c2csc3ccccc23)CC1,0.0,O=C(Nc1ccc(F)cc1F)N1CCC(N(CCc2ccc(Cl)cc2)C(=O)c2csc3ccccc23)CC1,O=C(Nc1ccccc1)N1CCC(N(CCc2ccccc2)C(=O)c2csc3ccccc23)CC1,38
O=C(Nc1ccc(NC(=O)c2ccco2)cc1)c1ccc(Cl)c(C(F)(F)F)c1,0.0,O=C(Nc1ccc(NC(=O)c2ccco2)cc1)c1ccc(Cl)c(C(F)(F)F)c1,O=C(Nc1ccc(NC(=O)c2ccco2)cc1)c1ccccc1,28
O=C(Nc1ccc(NC(=O)c2ccco2)cc1)c1cccc(Cl)c1,0.0,O=C(Nc1ccc(NC(=O)c2ccco2)cc1)c1cccc(Cl)c1,O=C(Nc1ccc(NC(=O)c2ccco2)cc1)c1ccccc1,24
O=C(Nc1ccc2c(c1)NC(=O)C(CCO)O2)C1CCN(c2cc(F)c(F)c(F)c2)CC1,0.0,O=C(Nc1ccc2c(c1)NC(=O)C(CCO)O2)C1CCN(c2cc(F)c(F)c(F)c2)CC1,O=C1COc2ccc(NC(=O)C3CCN(c4ccccc4)CC3)cc2N1,32
O=C(Nc1cccc(-c2nc3ccccc3s2)c1)c1cc([N+](=O)[O-])ccc1Cl,0.0,O=C(Nc1cccc(-c2nc3ccccc3s2)c1)c1cc([N+](=O)[O-])ccc1Cl,O=C(Nc1cccc(-c2nc3ccccc3s2)c1)c1ccccc1,28
O=C(Nc1ccn(-c2cn(Cc3cccc(C(F)(F)F)c3)cn2)c(=O)c1)c1cscn1,0.0,O=C(Nc1ccn(-c2cn(Cc3cccc(C(F)(F)F)c3)cn2)c(=O)c1)c1cscn1,O=C(Nc1ccn(-c2cn(Cc3ccccc3)cn2)c(=O)c1)c1cscn1,31
O=C(Nc1ccn(-c2cnc(C(O)c3cccc(C(F)(F)F)c3)[nH]2)c(=O)c1)c1cscn1,0.0,O=C(Nc1ccn(-c2cnc(C(O)c3cccc(C(F)(F)F)c3)[nH]2)c(=O)c1)c1cscn1,O=C(Nc1ccn(-c2cnc(Cc3ccccc3)[nH]2)c(=O)c1)c1cscn1,32
O=C(Nc1cnn(-c2cccc(C(=O)NCC3CCNCC3)c2)c1)Nc1ccccc1Cl,1.0,O=C(Nc1cnn(-c2cccc(C(=O)NCC3CCNCC3)c2)c1)Nc1ccccc1Cl,O=C(Nc1ccccc1)Nc1cnn(-c2cccc(C(=O)NCC3CCNCC3)c2)c1,32
O=C(Nc1cnn(-c2cccc(C(=O)Nc3cnn(C4CCNC4)c3)c2)c1)Nc1ccccc1Cl,0.0,O=C(Nc1cnn(-c2cccc(C(=O)Nc3cnn(C4CCNC4)c3)c2)c1)Nc1ccccc1Cl,O=C(Nc1ccccc1)Nc1cnn(-c2cccc(C(=O)Nc3cnn(C4CCNC4)c3)c2)c1,35
O=C(Nc1cnn(-c2cccc(C(=O)Nc3cnn(C4CCNCC4)c3)c2)c1)Nc1ccccc1Cl,1.0,O=C(Nc1cnn(-c2cccc(C(=O)Nc3cnn(C4CCNCC4)c3)c2)c1)Nc1ccccc1Cl,O=C(Nc1ccccc1)Nc1cnn(-c2cccc(C(=O)Nc3cnn(C4CCNCC4)c3)c2)c1,36
O=C(Nc1nc(-c2ccccn2)cs1)c1cccc(Cl)c1,0.0,O=C(Nc1nc(-c2ccccn2)cs1)c1cccc(Cl)c1,O=C(Nc1nc(-c2ccccn2)cs1)c1ccccc1,21
O=C(Nc1nccs1)[C@H](CC1CCCCC1)N1CCN(S(=O)(=O)C2CCCC2)CC1=O,0.0,O=C(Nc1nccs1)[C@H](CC1CCCCC1)N1CCN(S(=O)(=O)C2CCCC2)CC1=O,O=C(Nc1nccs1)C(CC1CCCCC1)N1CCN(S(=O)(=O)C2CCCC2)CC1=O,31
O=C(Nc1nccs1)c1ccc(F)c2c(C(=O)C(=O)N3CCN(C(=O)c4ccccc4)CC3)c[nH]c12,1.0,O=C(Nc1nccs1)c1ccc(F)c2c(C(=O)C(=O)N3CCN(C(=O)c4ccccc4)CC3)c[nH]c12,O=C(C(=O)N1CCN(C(=O)c2ccccc2)CC1)c1c[nH]c2c(C(=O)Nc3nccs3)cccc12,36
O=C(Nc1nnn[nH]1)c1ccc(F)c2c(C(=O)C(=O)N3CCN(C(=O)c4ccccc4)CC3)c[nH]c12,1.0,O=C(Nc1nnn[nH]1)c1ccc(F)c2c(C(=O)C(=O)N3CCN(C(=O)c4ccccc4)CC3)c[nH]c12,O=C(C(=O)N1CCN(C(=O)c2ccccc2)CC1)c1c[nH]c2c(C(=O)Nc3nnn[nH]3)cccc12,36
O=C(Nc1sc2c(c1C(=O)N1CC(F)(F)C1)CCOC2)c1c(F)cccc1C(F)(F)F,0.0,O=C(Nc1sc2c(c1C(=O)N1CC(F)(F)C1)CCOC2)c1c(F)cccc1C(F)(F)F,O=C(Nc1sc2c(c1C(=O)N1CCC1)CCOC2)c1ccccc1,31
O=C(O)C1(Sc2ccnc3ccc(Br)cc23)CCC1,1.0,O=C(O)C1(Sc2ccnc3ccc(Br)cc23)CCC1,c1ccc2c(SC3CCC3)ccnc2c1,19
O=C(O)C1(Sc2ccnc3ccc(C(F)(F)F)cc23)CCC1,1.0,O=C(O)C1(Sc2ccnc3ccc(C(F)(F)F)cc23)CCC1,c1ccc2c(SC3CCC3)ccnc2c1,22
O=C(O)C1(Sc2ccnc3ccccc23)CCC1,1.0,O=C(O)C1(Sc2ccnc3ccccc23)CCC1,c1ccc2c(SC3CCC3)ccnc2c1,18
O=C(O)C1CN(Cc2ccc(-c3cc4cc(Cc5ccccc5)ccc4o3)c(F)c2)C1,0.0,O=C(O)C1CN(Cc2ccc(-c3cc4cc(Cc5ccccc5)ccc4o3)c(F)c2)C1,c1ccc(Cc2ccc3oc(-c4ccc(CN5CCC5)cc4)cc3c2)cc1,31
O=C(O)CC1CC2(CCN(C(=O)NC3C4CC5CC(C4)CC3C5)CC2)c2c(Br)cccc21,0.0,O=C(O)CC1CC2(CCN(C(=O)NC3C4CC5CC(C4)CC3C5)CC2)c2c(Br)cccc21,O=C(NC1C2CC3CC(C2)CC1C3)N1CCC2(CCc3ccccc32)CC1,32
O=C(O)CC1NCCc2c1[nH]c1ccc(OCc3ccc(C4CCCC4)c(C(F)(F)F)c3)cc21,0.0,O=C(O)CC1NCCc2c1[nH]c1ccc(OCc3ccc(C4CCCC4)c(C(F)(F)F)c3)cc21,c1cc(C2CCCC2)ccc1COc1ccc2[nH]c3c(c2c1)CCNC3,34
O=C(O)CCC(=O)N1CCc2cc(-c3noc(-c4cc(C(F)(F)F)cc(C(F)(F)F)c4)n3)ccc21,0.0,O=C(O)CCC(=O)N1CCc2cc(-c3noc(-c4cc(C(F)(F)F)cc(C(F)(F)F)c4)n3)ccc21,c1ccc(-c2nc(-c3ccc4c(c3)CCN4)no2)cc1,35
O=C(O)C[C@H](NC(=O)c1cc2ccccc2cc1NC(=O)Nc1c(Cl)cccc1Cl)C(=O)O,0.0,O=C(O)C[C@H](NC(=O)c1cc2ccccc2cc1NC(=O)Nc1c(Cl)cccc1Cl)C(=O)O,O=C(Nc1ccccc1)Nc1ccc2ccccc2c1,33
O=C(O)C[C@H]1CCc2c1[nH]c1ccc(OCc3ccc(C4CCCC4)c(C(F)(F)F)c3)cc21,0.0,O=C(O)C[C@H]1CCc2c1[nH]c1ccc(OCc3ccc(C4CCCC4)c(C(F)(F)F)c3)cc21,c1cc(C2CCCC2)ccc1COc1ccc2[nH]c3c(c2c1)CCC3,33
O=C(O)Cc1ccc(COc2cccc(-c3c(Cc4ccccc4)cnc4c(C(F)(F)F)cccc34)c2)cc1,0.0,O=C(O)Cc1ccc(COc2cccc(-c3c(Cc4ccccc4)cnc4c(C(F)(F)F)cccc34)c2)cc1,c1ccc(COc2cccc(-c3c(Cc4ccccc4)cnc4ccccc34)c2)cc1,39
O=C(O)Cc1ccc(NC(=O)[C@H](Cc2ccccc2)NC(=O)/C=C/c2cc(Cl)ccc2-n2cnnn2)cc1,0.0,O=C(O)Cc1ccc(NC(=O)[C@H](Cc2ccccc2)NC(=O)/C=C/c2cc(Cl)ccc2-n2cnnn2)cc1,O=C(C=Cc1ccccc1-n1cnnn1)NC(Cc1ccccc1)C(=O)Nc1ccccc1,38
O=C(O)c1c(O)c(C2(c3ccc(Cl)cc3)CC2)nc2c(C(F)(F)F)cccc12,0.0,O=C(O)c1c(O)c(C2(c3ccc(Cl)cc3)CC2)nc2c(C(F)(F)F)cccc12,c1ccc(C2(c3ccc4ccccc4n3)CC2)cc1,28
O=C(O)c1c(O)c(Cc2ccc(Cl)cc2)nc2c3c(ccc12)CCCC3,0.0,O=C(O)c1c(O)c(Cc2ccc(Cl)cc2)nc2c3c(ccc12)CCCC3,c1ccc(Cc2ccc3ccc4c(c3n2)CCCC4)cc1,26
O=C(O)c1ccc(C(=O)N[C@@H](Cc2ccccc2)C(=O)NCCc2cc(Cl)ccc2-n2cnnn2)cc1,0.0,O=C(O)c1ccc(C(=O)N[C@@H](Cc2ccccc2)C(=O)NCCc2cc(Cl)ccc2-n2cnnn2)cc1,O=C(NC(Cc1ccccc1)C(=O)NCCc1ccccc1-n1cnnn1)c1ccccc1,37
O=C(O)c1ccc(OC2CCN(C(=O)NCc3ccc(Cl)cc3Cl)CC2)cc1,1.0,O=C(O)c1ccc(OC2CCN(C(=O)NCc3ccc(Cl)cc3Cl)CC2)cc1,O=C(NCc1ccccc1)N1CCC(Oc2ccccc2)CC1,28
O=C(O[C@@H]1CC[C@@H](c2cccc(F)c2F)[C@H](O)c2cccnc21)N1CCC(n2c(=O)[nH]c3ncccc32)CC1,0.0,O=C(O[C@@H]1CC[C@@H](c2cccc(F)c2F)[C@H](O)c2cccnc21)N1CCC(n2c(=O)[nH]c3ncccc32)CC1,O=C(OC1CCC(c2ccccc2)Cc2cccnc21)N1CCC(n2c(=O)[nH]c3ncccc32)CC1,39
O=C(c1cc(-c2ccccc2)[nH]n1)N1CCN(c2ccccc2)CC1,0.0,O=C(c1cc(-c2ccccc2)[nH]n1)N1CCN(c2ccccc2)CC1,O=C(c1cc(-c2ccccc2)[nH]n1)N1CCN(c2ccccc2)CC1,25
O=C(c1cc2cc(Cl)ccc2[nH]1)N1C[C@]2(CCN(C3CCNC3)C2)c2ccccc21,0.0,O=C(c1cc2cc(Cl)ccc2[nH]1)N1C[C@]2(CCN(C3CCNC3)C2)c2ccccc21,O=C(c1cc2ccccc2[nH]1)N1CC2(CCN(C3CCNC3)C2)c2ccccc21,30
O=C(c1cc2ccc(F)cc2[nH]1)N1C[C@]2(CCN(C3CCNC3)C2)c2ccccc21,0.0,O=C(c1cc2ccc(F)cc2[nH]1)N1C[C@]2(CCN(C3CCNC3)C2)c2ccccc21,O=C(c1cc2ccccc2[nH]1)N1CC2(CCN(C3CCNC3)C2)c2ccccc21,30
O=C(c1ccc(-c2ccc(=O)n(-c3ccc(F)cc3)n2)cc1)N1CCC[C@H]1CN1CCCC1,0.0,O=C(c1ccc(-c2ccc(=O)n(-c3ccc(F)cc3)n2)cc1)N1CCC[C@H]1CN1CCCC1,O=C(c1ccc(-c2ccc(=O)n(-c3ccccc3)n2)cc1)N1CCCC1CN1CCCC1,33
O=C(c1ccc(F)cc1)N1CCn2c(nnc2-c2ccccn2)C1,1.0,O=C(c1ccc(F)cc1)N1CCn2c(nnc2-c2ccccn2)C1,O=C(c1ccccc1)N1CCn2c(nnc2-c2ccccn2)C1,24
O=C(c1ccc2c(c1)CC(c1nc3ccc(-c4cn[nH]c4)cc3c(=O)[nH]1)CO2)C1CC1,1.0,O=C(c1ccc2c(c1)CC(c1nc3ccc(-c4cn[nH]c4)cc3c(=O)[nH]1)CO2)C1CC1,O=C(c1ccc2c(c1)CC(c1nc3ccc(-c4cn[nH]c4)cc3c(=O)[nH]1)CO2)C1CC1,31
O=C(c1cccc2ccccc12)N(CCc1ccc(Cl)cc1)[C@H]1CC[C@H](O)CC1,0.0,O=C(c1cccc2ccccc12)N(CCc1ccc(Cl)cc1)[C@H]1CC[C@H](O)CC1,O=C(c1cccc2ccccc12)N(CCc1ccccc1)C1CCCCC1,29
O=C(c1cccc2cnccc12)N(CCc1ccc(Cl)cc1)C1CCC2(CC1)OCCO2,0.0,O=C(c1cccc2cnccc12)N(CCc1ccc(Cl)cc1)C1CCC2(CC1)OCCO2,O=C(c1cccc2cnccc12)N(CCc1ccccc1)C1CCC2(CC1)OCCO2,32
O=C(c1csc2ccccc12)N(CCc1ccc(Cl)cc1)[C@H]1CC[C@H](O)CC1,0.0,O=C(c1csc2ccccc12)N(CCc1ccc(Cl)cc1)[C@H]1CC[C@H](O)CC1,O=C(c1csc2ccccc12)N(CCc1ccccc1)C1CCCCC1,28
O=C(c1ncc(-c2ccccn2)o1)C1CCc2cc(OCc3ccccc3)ccc2C1,0.0,O=C(c1ncc(-c2ccccn2)o1)C1CCc2cc(OCc3ccccc3)ccc2C1,O=C(c1ncc(-c2ccccn2)o1)C1CCc2cc(OCc3ccccc3)ccc2C1,31
O=C1C(c2ccc(Cl)cc2)=[N+]([O-])c2cc3c(cc21)OCO3,0.0,O=C1C(c2ccc(Cl)cc2)=[N+]([O-])c2cc3c(cc21)OCO3,O=C1C(c2ccccc2)=[NH+]c2cc3c(cc21)OCO3,21
O=C1C=CC(C(=O)NC[C@H]2CC[C@@H](CCOc3ccccc3)CC2)NN1,0.0,O=C1C=CC(C(=O)NC[C@H]2CC[C@@H](CCOc3ccccc3)CC2)NN1,O=C1C=CC(C(=O)NCC2CCC(CCOc3ccccc3)CC2)NN1,26
O=C1CC(=O)N(CCCCc2ccccc2)C(=O)N1CCCCc1ccccc1,0.0,O=C1CC(=O)N(CCCCc2ccccc2)C(=O)N1CCCCc1ccccc1,O=C1CC(=O)N(CCCCc2ccccc2)C(=O)N1CCCCc1ccccc1,29
O=C1CC(=O)N(CCc2cccc(F)c2)C(=O)N1CCc1cccc(F)c1,0.0,O=C1CC(=O)N(CCc2cccc(F)c2)C(=O)N1CCc1cccc(F)c1,O=C1CC(=O)N(CCc2ccccc2)C(=O)N1CCc1ccccc1,27
O=C1CC(=O)N(CCc2ccccc2)C(=O)N1CCc1ccccc1,0.0,O=C1CC(=O)N(CCc2ccccc2)C(=O)N1CCc1ccccc1,O=C1CC(=O)N(CCc2ccccc2)C(=O)N1CCc1ccccc1,25
O=C1CC2(CCCC2)CC(=O)N1CCCCN1CCN(c2ncccn2)CC1,0.0,O=C1CC2(CCCC2)CC(=O)N1CCCCN1CCN(c2ncccn2)CC1,O=C1CC2(CCCC2)CC(=O)N1CCCCN1CCN(c2ncccn2)CC1,28
O=C1CCCN1c1ccc(C(c2nnnn2Cc2ccccc2)N2CCCN(C3CCC3)CC2)cc1,0.0,O=C1CCCN1c1ccc(C(c2nnnn2Cc2ccccc2)N2CCCN(C3CCC3)CC2)cc1,O=C1CCCN1c1ccc(C(c2nnnn2Cc2ccccc2)N2CCCN(C3CCC3)CC2)cc1,36
O=C1CCc2cc(C(=O)NC[C@H]3CC[C@@H](CCOc4ccccc4)CC3)ccc2N1,0.0,O=C1CCc2cc(C(=O)NC[C@H]3CC[C@@H](CCOc4ccccc4)CC3)ccc2N1,O=C1CCc2cc(C(=O)NCC3CCC(CCOc4ccccc4)CC3)ccc2N1,30
O=C1CCc2cc(C(=O)NC[C@H]3CC[C@@H](COc4ccccc4)CC3)ccc2N1,0.0,O=C1CCc2cc(C(=O)NC[C@H]3CC[C@@H](COc4ccccc4)CC3)ccc2N1,O=C1CCc2cc(C(=O)NCC3CCC(COc4ccccc4)CC3)ccc2N1,29
O=C1CN(S(=O)(=O)c2ccc(Cl)c(Cl)c2)CCN1c1ncccc1C(F)(F)F,0.0,O=C1CN(S(=O)(=O)c2ccc(Cl)c(Cl)c2)CCN1c1ncccc1C(F)(F)F,O=C1CN(S(=O)(=O)c2ccccc2)CCN1c1ccccn1,28
O=C1CN(c2ncccc2C(F)(F)F)CCN1S(=O)(=O)c1ccc(Cl)c(Cl)c1,0.0,O=C1CN(c2ncccc2C(F)(F)F)CCN1S(=O)(=O)c1ccc(Cl)c(Cl)c1,O=C1CN(c2ccccn2)CCN1S(=O)(=O)c1ccccc1,28
O=C1COCCN1c1ccc(C2CC(c3ccc([N+](=O)[O-])o3)=NO2)cc1,1.0,O=C1COCCN1c1ccc(C2CC(c3ccc([N+](=O)[O-])o3)=NO2)cc1,O=C1COCCN1c1ccc(C2CC(c3ccco3)=NO2)cc1,26
O=C1COCCN1c1ccc(C2CC(c3ccc([N+](=O)[O-])o3)=NO2)cc1F,1.0,O=C1COCCN1c1ccc(C2CC(c3ccc([N+](=O)[O-])o3)=NO2)cc1F,O=C1COCCN1c1ccc(C2CC(c3ccco3)=NO2)cc1,27
O=C1COCCN1c1ccc(C2CC(c3ccc([N+](=O)[O-])o3)=NO2)cn1,0.0,O=C1COCCN1c1ccc(C2CC(c3ccc([N+](=O)[O-])o3)=NO2)cn1,O=C1COCCN1c1ccc(C2CC(c3ccco3)=NO2)cn1,26
O=C1COc2ccc(NC(=O)C3CCN(c4cc(F)c(F)c(F)c4)CC3)cc2N1,0.0,O=C1COc2ccc(NC(=O)C3CCN(c4cc(F)c(F)c(F)c4)CC3)cc2N1,O=C1COc2ccc(NC(=O)C3CCN(c4ccccc4)CC3)cc2N1,29
O=C1COc2ccc(NC(=O)C3CCN(c4cc(F)cc(F)c4)CC3)cc2N1,0.0,O=C1COc2ccc(NC(=O)C3CCN(c4cc(F)cc(F)c4)CC3)cc2N1,O=C1COc2ccc(NC(=O)C3CCN(c4ccccc4)CC3)cc2N1,28
O=C1COc2ccc(NC(=O)C3CCN(c4ccc(F)c(F)c4)CC3)cc2N1,0.0,O=C1COc2ccc(NC(=O)C3CCN(c4ccc(F)c(F)c4)CC3)cc2N1,O=C1COc2ccc(NC(=O)C3CCN(c4ccccc4)CC3)cc2N1,28
O=C1COc2ccc(NC(=O)C3CCN(c4cccc(C(F)(F)F)c4)CC3)cc2N1,0.0,O=C1COc2ccc(NC(=O)C3CCN(c4cccc(C(F)(F)F)c4)CC3)cc2N1,O=C1COc2ccc(NC(=O)C3CCN(c4ccccc4)CC3)cc2N1,30
O=C1COc2ccc(NC(=O)C3CCN(c4cccc(Cl)c4)CC3)cc2N1,0.0,O=C1COc2ccc(NC(=O)C3CCN(c4cccc(Cl)c4)CC3)cc2N1,O=C1COc2ccc(NC(=O)C3CCN(c4ccccc4)CC3)cc2N1,27
O=C1COc2ccc(NC(=O)C3CCN(c4cccc(F)c4Br)CC3)cc2N1,0.0,O=C1COc2ccc(NC(=O)C3CCN(c4cccc(F)c4Br)CC3)cc2N1,O=C1COc2ccc(NC(=O)C3CCN(c4ccccc4)CC3)cc2N1,28
O=C1NCC2(CCCNC2)c2[nH]c(-c3ccnc(-c4cc5ccccc5o4)n3)cc21,0.0,O=C1NCC2(CCCNC2)c2[nH]c(-c3ccnc(-c4cc5ccccc5o4)n3)cc21,O=C1NCC2(CCCNC2)c2[nH]c(-c3ccnc(-c4cc5ccccc5o4)n3)cc21,30
O=C1NCC2(CCCNC2)c2[nH]c(-c3ccnc(-c4ccc5c(c4)OCO5)n3)cc21,0.0,O=C1NCC2(CCCNC2)c2[nH]c(-c3ccnc(-c4ccc5c(c4)OCO5)n3)cc21,O=C1NCC2(CCCNC2)c2[nH]c(-c3ccnc(-c4ccc5c(c4)OCO5)n3)cc21,30
O=C1NCC2(CCNCC2)c2[nH]c(-c3ccnc(-c4cc5ccccc5o4)n3)cc21,0.0,O=C1NCC2(CCNCC2)c2[nH]c(-c3ccnc(-c4cc5ccccc5o4)n3)cc21,O=C1NCC2(CCNCC2)c2[nH]c(-c3ccnc(-c4cc5ccccc5o4)n3)cc21,30
O=C1NCC2(CCNCC2)c2[nH]c(-c3ccnc(-c4ccc5c(c4)OCO5)n3)cc21,0.0,O=C1NCC2(CCNCC2)c2[nH]c(-c3ccnc(-c4ccc5c(c4)OCO5)n3)cc21,O=C1NCC2(CCNCC2)c2[nH]c(-c3ccnc(-c4ccc5c(c4)OCO5)n3)cc21,30
O=C1NCCc2[nH]c(-c3ccnc(-c4cnc5ccccc5c4)c3)cc21,0.0,O=C1NCCc2[nH]c(-c3ccnc(-c4cnc5ccccc5c4)c3)cc21,O=C1NCCc2[nH]c(-c3ccnc(-c4cnc5ccccc5c4)c3)cc21,26
O=C1NN=C(c2ccc(OC3CCN(C4CCC4)CC3)cc2)[C@@H]2C[C@H]12,0.0,O=C1NN=C(c2ccc(OC3CCN(C4CCC4)CC3)cc2)[C@@H]2C[C@H]12,O=C1NN=C(c2ccc(OC3CCN(C4CCC4)CC3)cc2)C2CC12,25
O=C1NN=C(c2ccc(OC3CCN(C4CCC4)CC3)cc2)[C@H]2C[C@@H]12,0.0,O=C1NN=C(c2ccc(OC3CCN(C4CCC4)CC3)cc2)[C@H]2C[C@@H]12,O=C1NN=C(c2ccc(OC3CCN(C4CCC4)CC3)cc2)C2CC12,25
O=C1Nc2ccccc2[C@]12C[C@H]2c1ccc2c(/C=C/c3ccc(CN4CCOCC4)cc3)[nH]nc2c1,0.0,O=C1Nc2ccccc2[C@]12C[C@H]2c1ccc2c(/C=C/c3ccc(CN4CCOCC4)cc3)[nH]nc2c1,O=C1Nc2ccccc2C12CC2c1ccc2c(C=Cc3ccc(CN4CCOCC4)cc3)[nH]nc2c1,36
O=C1Nc2ccccc2[C@]12C[C@H]2c1ccc2c(/C=C/c3ccc(CN4CC[C@@H](F)C4)cc3)[nH]nc2c1,0.0,O=C1Nc2ccccc2[C@]12C[C@H]2c1ccc2c(/C=C/c3ccc(CN4CC[C@@H](F)C4)cc3)[nH]nc2c1,O=C1Nc2ccccc2C12CC2c1ccc2c(C=Cc3ccc(CN4CCCC4)cc3)[nH]nc2c1,36
O=C1Nc2ccccc2[C@]12C[C@H]2c1ccc2c(/C=C/c3ccc(N4CCNCC4)cc3)[nH]nc2c1,0.0,O=C1Nc2ccccc2[C@]12C[C@H]2c1ccc2c(/C=C/c3ccc(N4CCNCC4)cc3)[nH]nc2c1,O=C1Nc2ccccc2C12CC2c1ccc2c(C=Cc3ccc(N4CCNCC4)cc3)[nH]nc2c1,35
O=CNCC(=O)N1C[C@H](NC(=O)c2ccccc2)C[C@H]1C(=O)O,0.0,O=CNCC(=O)N1C[C@H](NC(=O)c2ccccc2)C[C@H]1C(=O)O,O=C(NC1CCNC1)c1ccccc1,23
O=S(=O)(C1CC1)N1CCC(Oc2ccc3c(c2)CCC2(CCN(C4CCC4)CC2)O3)CC1,0.0,O=S(=O)(C1CC1)N1CCC(Oc2ccc3c(c2)CCC2(CCN(C4CCC4)CC2)O3)CC1,O=S(=O)(C1CC1)N1CCC(Oc2ccc3c(c2)CCC2(CCN(C4CCC4)CC2)O3)CC1,32
O=S(=O)(c1ccc(Cl)c(Cl)c1)N1CCN(c2ccc(F)cc2C(F)(F)F)CC1,0.0,O=S(=O)(c1ccc(Cl)c(Cl)c1)N1CCN(c2ccc(F)cc2C(F)(F)F)CC1,O=S(=O)(c1ccccc1)N1CCN(c2ccccc2)CC1,28
O=S(=O)(c1ccc(Cl)c(Cl)c1)N1CCN(c2ccccc2C(F)(F)F)CC1,0.0,O=S(=O)(c1ccc(Cl)c(Cl)c1)N1CCN(c2ccccc2C(F)(F)F)CC1,O=S(=O)(c1ccccc1)N1CCN(c2ccccc2)CC1,27
O=S(=O)(c1ccc(Cl)c(Cl)c1)N1CCN(c2ncccc2C(F)(F)F)CC1,0.0,O=S(=O)(c1ccc(Cl)c(Cl)c1)N1CCN(c2ncccc2C(F)(F)F)CC1,O=S(=O)(c1ccccc1)N1CCN(c2ccccn2)CC1,27
O=S(=O)(c1cccc(F)c1)c1ccc2c3c(oc2c1)C1(CCCOC1)NCC3,0.0,O=S(=O)(c1cccc(F)c1)c1ccc2c3c(oc2c1)C1(CCCOC1)NCC3,O=S(=O)(c1ccccc1)c1ccc2c3c(oc2c1)C1(CCCOC1)NCC3,28
O=S(=O)(c1cccc(F)c1)c1ccc2c3c(oc2c1)C1(CCOCC1)NCC3,0.0,O=S(=O)(c1cccc(F)c1)c1ccc2c3c(oc2c1)C1(CCOCC1)NCC3,O=S(=O)(c1ccccc1)c1ccc2c3c(oc2c1)C1(CCOCC1)NCC3,28
O=S(=O)(c1ccccc1)N(CC(F)(F)F)c1ccc(C(O)(C(F)(F)F)C(F)(F)F)cc1,0.0,O=S(=O)(c1ccccc1)N(CC(F)(F)F)c1ccc(C(O)(C(F)(F)F)C(F)(F)F)cc1,O=S(=O)(Nc1ccccc1)c1ccccc1,31
O=S(=O)(c1ccccc1)c1ccc2c(c1)O[C@H]1CNCC[C@@H]21,0.0,Cl.O=S(=O)(c1ccccc1)c1ccc2c(c1)O[C@H]1CNCC[C@@H]21,O=S(=O)(c1ccccc1)c1ccc2c(c1)OC1CNCCC21,22
O=S(=O)(c1ccccc1)c1ccc2c3c(oc2c1)CNCC3,0.0,Cl.O=S(=O)(c1ccccc1)c1ccc2c3c(oc2c1)CNCC3,O=S(=O)(c1ccccc1)c1ccc2c3c(oc2c1)CNCC3,22
O=S1(=O)CCC(COc2ccc3c(c2)CCC2(CCN(C4CCC4)CC2)O3)CC1,0.0,O=S1(=O)CCC(COc2ccc3c(c2)CCC2(CCN(C4CCC4)CC2)O3)CC1,O=S1(=O)CCC(COc2ccc3c(c2)CCC2(CCN(C4CCC4)CC2)O3)CC1,29
O=S1(=O)CCC(Oc2ccc3c(c2)CCC2(CCN(C4CCC4)CC2)O3)CC1,0.0,O=S1(=O)CCC(Oc2ccc3c(c2)CCC2(CCN(C4CCC4)CC2)O3)CC1,O=S1(=O)CCC(Oc2ccc3c(c2)CCC2(CCN(C4CCC4)CC2)O3)CC1,28
O=[N+]([O-])c1c(Cl)c(Cl)cc2c1nc(C1CC1)n2Cc1ccc(B(O)O)cc1,1.0,O=[N+]([O-])c1c(Cl)c(Cl)cc2c1nc(C1CC1)n2Cc1ccc(B(O)O)cc1,c1ccc(Cn2c(C3CC3)nc3ccccc32)cc1,27
O=[N+]([O-])c1ccc(C2=NOC(c3ccc(N4CCCCC4)cc3)C2)o1,0.0,O=[N+]([O-])c1ccc(C2=NOC(c3ccc(N4CCCCC4)cc3)C2)o1,c1coc(C2=NOC(c3ccc(N4CCCCC4)cc3)C2)c1,25
O=[N+]([O-])c1ccc(C2=NOC(c3ccc(N4CCOCC4)c(F)c3)C2)o1,0.0,O=[N+]([O-])c1ccc(C2=NOC(c3ccc(N4CCOCC4)c(F)c3)C2)o1,c1coc(C2=NOC(c3ccc(N4CCOCC4)cc3)C2)c1,26
O=[N+]([O-])c1ccc(C2=NOC(c3ccc(N4CCOCC4)cc3)C2)o1,1.0,O=[N+]([O-])c1ccc(C2=NOC(c3ccc(N4CCOCC4)cc3)C2)o1,c1coc(C2=NOC(c3ccc(N4CCOCC4)cc3)C2)c1,25
O=[N+]([O-])c1ccc(C2=NOC(c3ccc(N4CCOCC4)nc3)C2)o1,1.0,O=[N+]([O-])c1ccc(C2=NOC(c3ccc(N4CCOCC4)nc3)C2)o1,c1coc(C2=NOC(c3ccc(N4CCOCC4)nc3)C2)c1,25
O=[N+]([O-])c1ccc(C2=NOC(c3ccc(N4CCSCC4)cc3)C2)o1,0.0,O=[N+]([O-])c1ccc(C2=NOC(c3ccc(N4CCSCC4)cc3)C2)o1,c1coc(C2=NOC(c3ccc(N4CCSCC4)cc3)C2)c1,25
O=[N+]([O-])c1ccc(C2=NOC(c3ccc(N4CC[S+]([O-])CC4)cc3)C2)o1,1.0,O=[N+]([O-])c1ccc(C2=NOC(c3ccc(N4CC[S+]([O-])CC4)cc3)C2)o1,c1coc(C2=NOC(c3ccc(N4CC[SH+]CC4)cc3)C2)c1,26
O=c1[nH]c(C2=Cc3ccccc3OC2)nc2ccc(-c3cn[nH]c3)cc12,1.0,O=c1[nH]c(C2=Cc3ccccc3OC2)nc2ccc(-c3cn[nH]c3)cc12,O=c1[nH]c(C2=Cc3ccccc3OC2)nc2ccc(-c3cn[nH]c3)cc12,26
O=c1[nH]c(C2CC2)nc2ccc(-c3cn[nH]c3)cc12,1.0,O=c1[nH]c(C2CC2)nc2ccc(-c3cn[nH]c3)cc12,O=c1[nH]c(C2CC2)nc2ccc(-c3cn[nH]c3)cc12,19
O=c1[nH]c(C2CCc3ccccc3O2)nc2ccc(-c3cn[nH]c3)cc12,0.0,O=c1[nH]c(C2CCc3ccccc3O2)nc2ccc(-c3cn[nH]c3)cc12,O=c1[nH]c(C2CCc3ccccc3O2)nc2ccc(-c3cn[nH]c3)cc12,26
O=c1[nH]c(C2COc3ccc(F)cc3C2)nc2ccc(-c3cn[nH]c3)cc12,1.0,O=c1[nH]c(C2COc3ccc(F)cc3C2)nc2ccc(-c3cn[nH]c3)cc12,O=c1[nH]c(C2COc3ccccc3C2)nc2ccc(-c3cn[nH]c3)cc12,27
O=c1[nH]c(C2COc3ccccc3C2)nc2ccc(-c3cn[nH]c3)cc12,0.0,O=c1[nH]c(C2COc3ccccc3C2)nc2ccc(-c3cn[nH]c3)cc12,O=c1[nH]c(C2COc3ccccc3C2)nc2ccc(-c3cn[nH]c3)cc12,26
O=c1[nH]c([C@@H]2CNC[C@H]2c2ccc(Cl)cc2)nc2ccc(-c3cn[nH]c3)cc12,0.0,O=c1[nH]c([C@@H]2CNC[C@H]2c2ccc(Cl)cc2)nc2ccc(-c3cn[nH]c3)cc12,O=c1[nH]c(C2CNCC2c2ccccc2)nc2ccc(-c3cn[nH]c3)cc12,28
O=c1[nH]c([C@@H]2CNC[C@H]2c2ccccc2)nc2ccc(-c3cn[nH]c3)cc12,0.0,O=c1[nH]c([C@@H]2CNC[C@H]2c2ccccc2)nc2ccc(-c3cn[nH]c3)cc12,O=c1[nH]c(C2CNCC2c2ccccc2)nc2ccc(-c3cn[nH]c3)cc12,27
O=c1[nH]cc(-c2ccc(F)cc2)cc1O,1.0,O=c1[nH]cc(-c2ccc(F)cc2)cc1O,O=c1ccc(-c2ccccc2)c[nH]1,15
O=c1cc(-c2ccc(C(F)(F)F)cc2)ccn1-c1ccc2c(cnn2CCN2CCCC2)c1,0.0,O=c1cc(-c2ccc(C(F)(F)F)cc2)ccn1-c1ccc2c(cnn2CCN2CCCC2)c1,O=c1cc(-c2ccccc2)ccn1-c1ccc2c(cnn2CCN2CCCC2)c1,33
O=c1cc(-c2ccc(Cl)cc2Cl)ccn1-c1ccc2c(cnn2CCN2CCCC2)c1,0.0,O=c1cc(-c2ccc(Cl)cc2Cl)ccn1-c1ccc2c(cnn2CCN2CCCC2)c1,O=c1cc(-c2ccccc2)ccn1-c1ccc2c(cnn2CCN2CCCC2)c1,31
O=c1cc(OCc2ccccc2)ccn1-c1ccc2c(cnn2CC2=NCCN2)c1,1.0,O=c1cc(OCc2ccccc2)ccn1-c1ccc2c(cnn2CC2=NCCN2)c1,O=c1cc(OCc2ccccc2)ccn1-c1ccc2c(cnn2CC2=NCCN2)c1,30
O=c1cc(OCc2ccccc2)ccn1-c1ccc2c(cnn2CCN2CCCC2)c1,1.0,O=c1cc(OCc2ccccc2)ccn1-c1ccc2c(cnn2CCN2CCCC2)c1,O=c1cc(OCc2ccccc2)ccn1-c1ccc2c(cnn2CCN2CCCC2)c1,31
O=c1cc(OCc2ccccc2)ccn1-c1ccc2c(cnn2CCN2CC[C@H](O)C2)c1,1.0,O=c1cc(OCc2ccccc2)ccn1-c1ccc2c(cnn2CCN2CC[C@H](O)C2)c1,O=c1cc(OCc2ccccc2)ccn1-c1ccc2c(cnn2CCN2CCCC2)c1,32
O=c1ccc(-c2ccc(OC3CCN(C4CCC4)CC3)cc2)n[nH]1,0.0,O=c1ccc(-c2ccc(OC3CCN(C4CCC4)CC3)cc2)n[nH]1,O=c1ccc(-c2ccc(OC3CCN(C4CCC4)CC3)cc2)n[nH]1,24
OCC1(N2CCN(C3CCc4ccc(OCc5noc(-c6ccc(Cl)cc6)n5)cc43)CC2)CCCC1,0.0,OCC1(N2CCN(C3CCc4ccc(OCc5noc(-c6ccc(Cl)cc6)n5)cc43)CC2)CCCC1,c1ccc(-c2nc(COc3ccc4c(c3)C(N3CCN(C5CCCC5)CC3)CC4)no2)cc1,36
OCC1(N2CCN(C3CCc4ccc(OCc5noc(-c6ccccc6F)n5)cc43)CC2)CCCC1,0.0,OCC1(N2CCN(C3CCc4ccc(OCc5noc(-c6ccccc6F)n5)cc43)CC2)CCCC1,c1ccc(-c2nc(COc3ccc4c(c3)C(N3CCN(C5CCCC5)CC3)CC4)no2)cc1,36
OCC1(NCCCC2CCc3ccc(OCc4noc(-c5ccc(Cl)cc5)n4)cc32)CCCC1,0.0,OCC1(NCCCC2CCc3ccc(OCc4noc(-c5ccc(Cl)cc5)n4)cc32)CCCC1,c1ccc(-c2nc(COc3ccc4c(c3)C(CCCNC3CCCC3)CC4)no2)cc1,34
OCC1CCCN(CCCC2CCCc3ccc(OCc4ccc(-c5ccccc5F)cn4)cc32)C1,0.0,OCC1CCCN(CCCC2CCCc3ccc(OCc4ccc(-c5ccccc5F)cn4)cc32)C1,c1ccc(-c2ccc(COc3ccc4c(c3)C(CCCN3CCCCC3)CCC4)nc2)cc1,36
OCC1CCCN(CCCC2CCCc3ccc(OCc4noc(-c5ccc(Cl)cc5)n4)cc32)C1,0.0,OCC1CCCN(CCCC2CCCc3ccc(OCc4noc(-c5ccc(Cl)cc5)n4)cc32)C1,c1ccc(-c2nc(COc3ccc4c(c3)C(CCCN3CCCCC3)CCC4)no2)cc1,35
OCC1CCCN(CCCC2CCCc3ccc(OCc4noc(-c5ccccc5F)n4)cc32)C1,0.0,OCC1CCCN(CCCC2CCCc3ccc(OCc4noc(-c5ccccc5F)n4)cc32)C1,c1ccc(-c2nc(COc3ccc4c(c3)C(CCCN3CCCCC3)CCC4)no2)cc1,35
OCCCCCNc1nnc(-c2ccc(F)c(F)c2Nc2ccc(I)cc2F)o1,0.0,OCCCCCNc1nnc(-c2ccc(F)c(F)c2Nc2ccc(I)cc2F)o1,c1ccc(Nc2ccccc2-c2nnco2)cc1,29
OCCCCNc1nnc(-c2ccc(F)c(F)c2Nc2ccc(I)cc2F)o1,0.0,OCCCCNc1nnc(-c2ccc(F)c(F)c2Nc2ccc(I)cc2F)o1,c1ccc(Nc2ccccc2-c2nnco2)cc1,28
OCCCNc1nnc(-c2ccc(F)c(F)c2Nc2ccc(I)cc2F)o1,0.0,OCCCNc1nnc(-c2ccc(F)c(F)c2Nc2ccc(I)cc2F)o1,c1ccc(Nc2ccccc2-c2nnco2)cc1,27
OCCN1CCC(c2[nH]nc(-c3ccc(Cl)cc3)c2-c2ccncc2)CC1,0.0,OCCN1CCC(c2[nH]nc(-c3ccc(Cl)cc3)c2-c2ccncc2)CC1,c1ccc(-c2n[nH]c(C3CCNCC3)c2-c2ccncc2)cc1,27
OCCN1CCC(c2[nH]nc(-c3ccc(Cl)cc3)c2-c2ccncn2)CC1,0.0,OCCN1CCC(c2[nH]nc(-c3ccc(Cl)cc3)c2-c2ccncn2)CC1,c1ccc(-c2n[nH]c(C3CCNCC3)c2-c2ccncn2)cc1,27
OCCNc1nnc(-c2ccc(F)c(F)c2Nc2ccc(I)cc2F)o1,0.0,OCCNc1nnc(-c2ccc(F)c(F)c2Nc2ccc(I)cc2F)o1,c1ccc(Nc2ccccc2-c2nnco2)cc1,26
OC[C@@H]1CCCN1Cc1ccc(Nc2nc3ncnc(Nc4ccc(F)c(Cl)c4)c3s2)cc1,0.0,OC[C@@H]1CCCN1Cc1ccc(Nc2nc3ncnc(Nc4ccc(F)c(Cl)c4)c3s2)cc1,c1ccc(Nc2ncnc3nc(Nc4ccc(CN5CCCC5)cc4)sc23)cc1,33
OC[C@H]1CCCN1CCOc1ccc(C#Cc2ccc(-c3ccc(Cl)cc3)cn2)cc1,0.0,OC[C@H]1CCCN1CCOc1ccc(C#Cc2ccc(-c3ccc(Cl)cc3)cn2)cc1,C(#Cc1ccc(-c2ccccc2)cn1)c1ccc(OCCN2CCCC2)cc1,31
O[C@@H](CN1c2cccc(-c3cccc(OC(F)(F)F)c3)c2CC[C@@H]1c1cccc(OC(F)(F)C(F)F)c1)C(F)(F)F,0.0,O[C@@H](CN1c2cccc(-c3cccc(OC(F)(F)F)c3)c2CC[C@@H]1c1cccc(OC(F)(F)C(F)F)c1)C(F)(F)F,c1ccc(-c2cccc3c2CCC(c2ccccc2)N3)cc1,41
O[C@@H](CN1c2cccc(-c3cccc(OC(F)(F)F)c3)c2CC[C@@H]1c1cccc(OC(F)(F)F)c1)C(F)(F)F,0.0,O[C@@H](CN1c2cccc(-c3cccc(OC(F)(F)F)c3)c2CC[C@@H]1c1cccc(OC(F)(F)F)c1)C(F)(F)F,c1ccc(-c2cccc3c2CCC(c2ccccc2)N3)cc1,39
O[C@@H](CN1c2cccc(-c3cccc(OC(F)(F)F)c3)c2OC[C@@H]1c1cccc(OC(F)(F)C(F)F)c1)C(F)(F)F,0.0,O[C@@H](CN1c2cccc(-c3cccc(OC(F)(F)F)c3)c2OC[C@@H]1c1cccc(OC(F)(F)C(F)F)c1)C(F)(F)F,c1ccc(-c2cccc3c2OCC(c2ccccc2)N3)cc1,41
O[C@@H]1COC[C@H]1Nc1nc(Nc2cc(Cl)cc(Cl)c2)ncc1-c1ccc(F)cc1,0.0,O[C@@H]1COC[C@H]1Nc1nc(Nc2cc(Cl)cc(Cl)c2)ncc1-c1ccc(F)cc1,c1ccc(Nc2ncc(-c3ccccc3)c(NC3CCOC3)n2)cc1,29
O[C@@H]1COC[C@H]1Nc1nc(Nc2cc(Cl)cc(Cl)c2)ncc1-c1cccnc1,0.0,O[C@@H]1COC[C@H]1Nc1nc(Nc2cc(Cl)cc(Cl)c2)ncc1-c1cccnc1,c1ccc(Nc2ncc(-c3cccnc3)c(NC3CCOC3)n2)cc1,28
O[C@@H]1COC[C@H]1Nc1nc(Nc2cc(Cl)cc(Cl)c2)ncc1Br,0.0,O[C@@H]1COC[C@H]1Nc1nc(Nc2cc(Cl)cc(Cl)c2)ncc1Br,c1ccc(Nc2nccc(NC3CCOC3)n2)cc1,23
O[C@H](CF)CN1c2cccc(-c3cccc(OC(F)(F)F)c3)c2OC[C@@H]1c1cccc(OC(F)(F)C(F)F)c1,0.0,O[C@H](CF)CN1c2cccc(-c3cccc(OC(F)(F)F)c3)c2OC[C@@H]1c1cccc(OC(F)(F)C(F)F)c1,c1ccc(-c2cccc3c2OCC(c2ccccc2)N3)cc1,39
O[C@H]1CC[C@H](N2NNC3CNC4NCCC4C32)CC1,0.0,O[C@H]1CC[C@H](N2NNC3CNC4NCCC4C32)CC1,C1CCC(N2NNC3CNC4NCCC4C32)CC1,19
Oc1cc(-c2nnc(/C=C/c3nnc(-c4ccc(F)cc4)n3-c3ccccc3Cl)o2)ccn1,0.0,Oc1cc(-c2nnc(/C=C/c3nnc(-c4ccc(F)cc4)n3-c3ccccc3Cl)o2)ccn1,C(=Cc1nnc(-c2ccccc2)n1-c1ccccc1)c1nnc(-c2ccncc2)o1,33
Oc1ccc2c(c1)CCN(CCCCc1ccccc1)CC2O,0.0,Oc1ccc2c(c1)CCN(CCCCc1ccccc1)CC2O,c1ccc(CCCCN2CCc3ccccc3CC2)cc1,23
Oc1cccc(-c2nc(N3CCOCC3)nc3c2CCN3c2ccncc2)c1,0.0,Oc1cccc(-c2nc(N3CCOCC3)nc3c2CCN3c2ccncc2)c1,c1ccc(-c2nc(N3CCOCC3)nc3c2CCN3c2ccncc2)cc1,28
Oc1nc(SCc2ccc(Cl)cc2)nc2c1CCC2,0.0,Oc1nc(SCc2ccc(Cl)cc2)nc2c1CCC2,c1ccc(CSc2ncc3c(n2)CCC3)cc1,19
[2H]C([2H])([2H])N1CCN(Cc2ccc(C(=O)Nc3ccc(C)c(Nc4nccc(-c5cccnc5)n4)c3)cc2)CC1,0.0,[2H]C([2H])([2H])N1CCN(Cc2ccc(C(=O)Nc3ccc(C)c(Nc4nccc(-c5cccnc5)n4)c3)cc2)CC1,O=C(Nc1cccc(Nc2nccc(-c3cccnc3)n2)c1)c1ccc(CN2CCNCC2)cc1,37
c1cc([C@H]2C[C@@H](CN3CCOCC3)C2)ccc1CN1CCCC1,0.0,c1cc([C@H]2C[C@@H](CN3CCOCC3)C2)ccc1CN1CCCC1,c1cc(C2CC(CN3CCOCC3)C2)ccc1CN1CCCC1,23
c1cc2c3c(cccc3c1)C(N1CCC(c3c[nH]c4ncccc34)CC1)C2,0.0,c1cc2c3c(cccc3c1)C(N1CCC(c3c[nH]c4ncccc34)CC1)C2,c1cc2c3c(cccc3c1)C(N1CCC(c3c[nH]c4ncccc34)CC1)C2,27
c1ccc(-c2ccccc2CN(C2CCOCC2)[C@H]2CCNC2)cc1,0.0,c1ccc(-c2ccccc2CN(C2CCOCC2)[C@H]2CCNC2)cc1,c1ccc(-c2ccccc2CN(C2CCOCC2)C2CCNC2)cc1,25
c1ccc(C(Cc2ccccc2OCC2CC2)N2CCNCC2)cc1,0.0,c1ccc(C(Cc2ccccc2OCC2CC2)N2CCNCC2)cc1,c1ccc(C(Cc2ccccc2OCC2CC2)N2CCNCC2)cc1,25
c1ccc(CN2CCC(N3NNC4CNC5NCCC5C43)CC2)cc1,0.0,c1ccc(CN2CCC(N3NNC4CNC5NCCC5C43)CC2)cc1,c1ccc(CN2CCC(N3NNC4CNC5NCCC5C43)CC2)cc1,25
c1ccc(CN2CCC[C@@H](N3NNC4CNC5NCCC5C43)C2)cc1,0.0,c1ccc(CN2CCC[C@@H](N3NNC4CNC5NCCC5C43)C2)cc1,c1ccc(CN2CCCC(N3NNC4CNC5NCCC5C43)C2)cc1,25
c1ccc(CNCC2CCC3(CC2)OOC2(CCCCC2)OO3)cc1,0.0,c1ccc(CNCC2CCC3(CC2)OOC2(CCCCC2)OO3)cc1,c1ccc(CNCC2CCC3(CC2)OOC2(CCCCC2)OO3)cc1,25
c1ccc(CSc2nc3ccccc3[nH]2)nc1,0.0,c1ccc(CSc2nc3ccccc3[nH]2)nc1,c1ccc(CSc2nc3ccccc3[nH]2)nc1,17
c1ccc(Cn2nnnc2C(c2ccc(-c3ccccn3)cc2)N2CCCN(C3CCC3)CC2)cc1,0.0,c1ccc(Cn2nnnc2C(c2ccc(-c3ccccn3)cc2)N2CCCN(C3CCC3)CC2)cc1,c1ccc(Cn2nnnc2C(c2ccc(-c3ccccn3)cc2)N2CCCN(C3CCC3)CC2)cc1,36
c1ccc(Cn2nnnc2C(c2ccc(-c3csnn3)cc2)N2CCCN(C3CCC3)CC2)cc1,0.0,c1ccc(Cn2nnnc2C(c2ccc(-c3csnn3)cc2)N2CCCN(C3CCC3)CC2)cc1,c1ccc(Cn2nnnc2C(c2ccc(-c3csnn3)cc2)N2CCCN(C3CCC3)CC2)cc1,35
c1ccc(Cn2nnnc2C(c2ccc(-n3cccc3)cc2)N2CCCN(C3CCC3)CC2)cc1,0.0,c1ccc(Cn2nnnc2C(c2ccc(-n3cccc3)cc2)N2CCCN(C3CCC3)CC2)cc1,c1ccc(Cn2nnnc2C(c2ccc(-n3cccc3)cc2)N2CCCN(C3CCC3)CC2)cc1,35
c1ccc(Cn2nnnc2C(c2ccc(-n3cccn3)cc2)N2CCCN(C3CCC3)CC2)cc1,0.0,c1ccc(Cn2nnnc2C(c2ccc(-n3cccn3)cc2)N2CCCN(C3CCC3)CC2)cc1,c1ccc(Cn2nnnc2C(c2ccc(-n3cccn3)cc2)N2CCCN(C3CCC3)CC2)cc1,35
c1ccc(Cn2nnnc2C(c2ccc(-n3cncn3)cc2)N2CCCN(C3CCC3)CC2)cc1,0.0,c1ccc(Cn2nnnc2C(c2ccc(-n3cncn3)cc2)N2CCCN(C3CCC3)CC2)cc1,c1ccc(Cn2nnnc2C(c2ccc(-n3cncn3)cc2)N2CCCN(C3CCC3)CC2)cc1,35
c1ccc(Cn2nnnc2C(c2ccc(CN3CCOCC3)cc2)N2CCCN(C3CCC3)CC2)cc1,0.0,c1ccc(Cn2nnnc2C(c2ccc(CN3CCOCC3)cc2)N2CCCN(C3CCC3)CC2)cc1,c1ccc(Cn2nnnc2C(c2ccc(CN3CCOCC3)cc2)N2CCCN(C3CCC3)CC2)cc1,37
c1ccc(Cn2nnnc2C(c2ccc(Cn3cccn3)cc2)N2CCCN(C3CCC3)CC2)cc1,0.0,c1ccc(Cn2nnnc2C(c2ccc(Cn3cccn3)cc2)N2CCCN(C3CCC3)CC2)cc1,c1ccc(Cn2nnnc2C(c2ccc(Cn3cccn3)cc2)N2CCCN(C3CCC3)CC2)cc1,36
c1ccc(Cn2nnnc2C(c2ccc(Cn3cncn3)cc2)N2CCCN(C3CCC3)CC2)cc1,0.0,c1ccc(Cn2nnnc2C(c2ccc(Cn3cncn3)cc2)N2CCCN(C3CCC3)CC2)cc1,c1ccc(Cn2nnnc2C(c2ccc(Cn3cncn3)cc2)N2CCCN(C3CCC3)CC2)cc1,36
c1ccc(Cn2nnnc2C(c2ccc(Oc3ncccn3)cc2)N2CCCN(C3CCC3)CC2)cc1,0.0,c1ccc(Cn2nnnc2C(c2ccc(Oc3ncccn3)cc2)N2CCCN(C3CCC3)CC2)cc1,c1ccc(Cn2nnnc2C(c2ccc(Oc3ncccn3)cc2)N2CCCN(C3CCC3)CC2)cc1,37
c1ccc(Cn2nnnc2C(c2ccc3c(c2)CCO3)N2CCCN(C3CCC3)CC2)cc1,0.0,c1ccc(Cn2nnnc2C(c2ccc3c(c2)CCO3)N2CCCN(C3CCC3)CC2)cc1,c1ccc(Cn2nnnc2C(c2ccc3c(c2)CCO3)N2CCCN(C3CCC3)CC2)cc1,33
c1ccc(Cn2nnnc2C(c2ccc3cc[nH]c3c2)N2CCCN(C3CCC3)CC2)cc1,0.0,c1ccc(Cn2nnnc2C(c2ccc3cc[nH]c3c2)N2CCCN(C3CCC3)CC2)cc1,c1ccc(Cn2nnnc2C(c2ccc3cc[nH]c3c2)N2CCCN(C3CCC3)CC2)cc1,33
c1ccc(Cn2nnnc2C(c2ccc3occc3c2)N2CCCN(C3CCC3)CC2)cc1,0.0,c1ccc(Cn2nnnc2C(c2ccc3occc3c2)N2CCCN(C3CCC3)CC2)cc1,c1ccc(Cn2nnnc2C(c2ccc3occc3c2)N2CCCN(C3CCC3)CC2)cc1,33
c1ccc(OC[C@@H]2CC[C@H]3CN(c4ncccn4)CCN3C2)cc1,0.0,c1ccc(OC[C@@H]2CC[C@H]3CN(c4ncccn4)CCN3C2)cc1,c1ccc(OCC2CCC3CN(c4ncccn4)CCN3C2)cc1,24
c1ccc2c(c1)C1CCCCC1N2c1ncnc2[nH]ccc12,0.0,c1ccc2c(c1)C1CCCCC1N2c1ncnc2[nH]ccc12,c1ccc2c(c1)C1CCCCC1N2c1ncnc2[nH]ccc12,22
c1ccn2cc(-c3ccc(OCCCN4CCCCC4)cc3)cc2c1,0.0,c1ccn2cc(-c3ccc(OCCCN4CCCCC4)cc3)cc2c1,c1ccn2cc(-c3ccc(OCCCN4CCCCC4)cc3)cc2c1,25
c1cnc(OC[C@H]2C[C@H](c3ccc(CN4CCCC4)cc3)C2)nc1,0.0,c1cnc(OC[C@H]2C[C@H](c3ccc(CN4CCCC4)cc3)C2)nc1,c1cnc(OCC2CC(c3ccc(CN4CCCC4)cc3)C2)nc1,24
c1cncc(CN2CCC(N3NNC4CNC5NCCC5C43)CC2)c1,0.0,c1cncc(CN2CCC(N3NNC4CNC5NCCC5C43)CC2)c1,c1cncc(CN2CCC(N3NNC4CNC5NCCC5C43)CC2)c1,25
c1cncc(CN2CCN(c3ccc(-c4nc5ccccc5o4)cc3)CC2)c1,0.0,c1cncc(CN2CCN(c3ccc(-c4nc5ccccc5o4)cc3)CC2)c1,c1cncc(CN2CCN(c3ccc(-c4nc5ccccc5o4)cc3)CC2)c1,28
c1cncc(CN2CCN(c3ccc(-c4nc5ccccc5s4)cc3)CC2)c1,0.0,c1cncc(CN2CCN(c3ccc(-c4nc5ccccc5s4)cc3)CC2)c1,c1cncc(CN2CCN(c3ccc(-c4nc5ccccc5s4)cc3)CC2)c1,28
c1nc(N2CCC3CCCCC32)c2cc[nH]c2n1,0.0,c1nc(N2CCC3CCCCC32)c2cc[nH]c2n1,c1nc(N2CCC3CCCCC32)c2cc[nH]c2n1,18
c1nc(N2CCCCC2)c2cc[nH]c2n1,0.0,c1nc(N2CCCCC2)c2cc[nH]c2n1,c1nc(N2CCCCC2)c2cc[nH]c2n1,15
